[0.000000] (-) TimerEvent: {}
[0.000250] (erro_package) JobQueued: {'identifier': 'erro_package', 'dependencies': OrderedDict()}
[0.000280] (humanoid_visualization) JobQueued: {'identifier': 'humanoid_visualization', 'dependencies': OrderedDict()}
[0.000308] (kinematic_functions) JobQueued: {'identifier': 'kinematic_functions', 'dependencies': OrderedDict()}
[0.000326] (movement_utils) JobQueued: {'identifier': 'movement_utils', 'dependencies': OrderedDict()}
[0.000342] (tahara_pages) JobQueued: {'identifier': 'tahara_pages', 'dependencies': OrderedDict()}
[0.000359] (urdf_example) JobQueued: {'identifier': 'urdf_example', 'dependencies': OrderedDict()}
[0.000376] (urdf_robox) JobQueued: {'identifier': 'urdf_robox', 'dependencies': OrderedDict()}
[0.000391] (humanoid_definition) JobQueued: {'identifier': 'humanoid_definition', 'dependencies': OrderedDict([('kinematic_functions', '/home/edrom-mini/edromufu/src/movement/Ros2_change/install/kinematic_functions')])}
[0.000411] (movement_functions) JobQueued: {'identifier': 'movement_functions', 'dependencies': OrderedDict([('kinematic_functions', '/home/edrom-mini/edromufu/src/movement/Ros2_change/install/kinematic_functions')])}
[0.000429] (movement_pages) JobQueued: {'identifier': 'movement_pages', 'dependencies': OrderedDict([('movement_utils', '/home/edrom-mini/edromufu/src/movement/Ros2_change/install/movement_utils')])}
[0.000446] (u2d2_comm) JobQueued: {'identifier': 'u2d2_comm', 'dependencies': OrderedDict([('movement_utils', '/home/edrom-mini/edromufu/src/movement/Ros2_change/install/movement_utils')])}
[0.000464] (movement_core) JobQueued: {'identifier': 'movement_core', 'dependencies': OrderedDict([('kinematic_functions', '/home/edrom-mini/edromufu/src/movement/Ros2_change/install/kinematic_functions'), ('movement_utils', '/home/edrom-mini/edromufu/src/movement/Ros2_change/install/movement_utils'), ('humanoid_definition', '/home/edrom-mini/edromufu/src/movement/Ros2_change/install/humanoid_definition'), ('movement_functions', '/home/edrom-mini/edromufu/src/movement/Ros2_change/install/movement_functions'), ('movement_pages', '/home/edrom-mini/edromufu/src/movement/Ros2_change/install/movement_pages')])}
[0.000755] (kinematic_functions) JobStarted: {'identifier': 'kinematic_functions'}
[0.011507] (movement_utils) JobStarted: {'identifier': 'movement_utils'}
[0.014099] (erro_package) JobStarted: {'identifier': 'erro_package'}
[0.018188] (humanoid_visualization) JobStarted: {'identifier': 'humanoid_visualization'}
[0.099813] (-) TimerEvent: {}
[0.200079] (-) TimerEvent: {}
[0.268904] (movement_utils) JobProgress: {'identifier': 'movement_utils', 'progress': 'cmake'}
[0.269310] (movement_utils) Command: {'cmd': ['/home/edrom-mini/.local/bin/cmake', '/home/edrom-mini/edromufu/src/movement/Ros2_change/src/movement_utils', '-DCMAKE_INSTALL_PREFIX=/home/edrom-mini/edromufu/src/movement/Ros2_change/install/movement_utils'], 'cwd': '/home/edrom-mini/edromufu/src/movement/Ros2_change/build/movement_utils', 'env': OrderedDict([('GJS_DEBUG_TOPICS', 'JS ERROR;JS LOG'), ('LESSOPEN', '| /usr/bin/lesspipe %s'), ('USER', 'edrom-mini'), ('LC_TIME', 'pt_BR.UTF-8'), ('XDG_SESSION_TYPE', 'wayland'), ('SHLVL', '1'), ('LD_LIBRARY_PATH', '/opt/ros/humble/opt/rviz_ogre_vendor/lib:/opt/ros/humble/lib/x86_64-linux-gnu:/opt/ros/humble/lib'), ('HOME', '/home/edrom-mini'), ('OLDPWD', '/home/edrom-mini/edromufu/src/movement'), ('DESKTOP_SESSION', 'ubuntu'), ('GIO_LAUNCHED_DESKTOP_FILE', '/usr/share/applications/terminator.desktop'), ('ROS_PYTHON_VERSION', '3'), ('GNOME_SHELL_SESSION_MODE', 'ubuntu'), ('GTK_MODULES', 'gail:atk-bridge'), ('LC_MONETARY', 'pt_BR.UTF-8'), ('MANAGERPID', '1246'), ('LC_CTYPE', 'pt_BR.UTF-8'), ('SYSTEMD_EXEC_PID', '1423'), ('DBUS_SESSION_BUS_ADDRESS', 'unix:path=/run/user/1000/bus'), ('COLORTERM', 'truecolor'), ('TERMINATOR_DBUS_NAME', 'net.tenshu.Terminator25ef4b219e3b005583550f2b0f9f990c3'), ('GIO_LAUNCHED_DESKTOP_FILE_PID', '2907'), ('IM_CONFIG_PHASE', '1'), ('WAYLAND_DISPLAY', 'wayland-0'), ('ROS_DISTRO', 'humble'), ('LOGNAME', 'edrom-mini'), ('JOURNAL_STREAM', '8:12684'), ('_', '/usr/bin/colcon'), ('ROS_VERSION', '2'), ('XDG_SESSION_CLASS', 'user'), ('USERNAME', 'edrom-mini'), ('TERM', 'xterm-256color'), ('GNOME_DESKTOP_SESSION_ID', 'this-is-deprecated'), ('ROS_LOCALHOST_ONLY', '0'), ('PATH', '/opt/ros/humble/bin:/home/edrom-mini/.local/bin:/usr/local/sbin:/usr/local/bin:/usr/sbin:/usr/bin:/sbin:/bin:/usr/games:/usr/local/games:/snap/bin:/snap/bin'), ('SESSION_MANAGER', 'local/edrom-mini:@/tmp/.ICE-unix/1393,unix/edrom-mini:/tmp/.ICE-unix/1393'), ('INVOCATION_ID', '73c2e16a4b174a38958529bc365ecfb9'), ('XDG_MENU_PREFIX', 'gnome-'), ('LC_ADDRESS', 'pt_BR.UTF-8'), ('GNOME_SETUP_DISPLAY', ':1'), ('XDG_RUNTIME_DIR', '/run/user/1000'), ('DISPLAY', ':0'), ('TERMINATOR_DBUS_PATH', '/net/tenshu/Terminator2'), ('LANG', 'en_US.UTF-8'), ('XDG_CURRENT_DESKTOP', 'ubuntu:GNOME'), ('IBUS_DISABLE_SNOOPER', '1'), ('LC_TELEPHONE', 'pt_BR.UTF-8'), ('XMODIFIERS', '@im=ibus'), ('XDG_SESSION_DESKTOP', 'ubuntu'), ('XAUTHORITY', '/run/user/1000/.mutter-Xwaylandauth.APHAX2'), ('LS_COLORS', 'rs=0:di=01;34:ln=01;36:mh=00:pi=40;33:so=01;35:do=01;35:bd=40;33;01:cd=40;33;01:or=40;31;01:mi=00:su=37;41:sg=30;43:ca=30;41:tw=30;42:ow=34;42:st=37;44:ex=01;32:*.tar=01;31:*.tgz=01;31:*.arc=01;31:*.arj=01;31:*.taz=01;31:*.lha=01;31:*.lz4=01;31:*.lzh=01;31:*.lzma=01;31:*.tlz=01;31:*.txz=01;31:*.tzo=01;31:*.t7z=01;31:*.zip=01;31:*.z=01;31:*.dz=01;31:*.gz=01;31:*.lrz=01;31:*.lz=01;31:*.lzo=01;31:*.xz=01;31:*.zst=01;31:*.tzst=01;31:*.bz2=01;31:*.bz=01;31:*.tbz=01;31:*.tbz2=01;31:*.tz=01;31:*.deb=01;31:*.rpm=01;31:*.jar=01;31:*.war=01;31:*.ear=01;31:*.sar=01;31:*.rar=01;31:*.alz=01;31:*.ace=01;31:*.zoo=01;31:*.cpio=01;31:*.7z=01;31:*.rz=01;31:*.cab=01;31:*.wim=01;31:*.swm=01;31:*.dwm=01;31:*.esd=01;31:*.jpg=01;35:*.jpeg=01;35:*.mjpg=01;35:*.mjpeg=01;35:*.gif=01;35:*.bmp=01;35:*.pbm=01;35:*.pgm=01;35:*.ppm=01;35:*.tga=01;35:*.xbm=01;35:*.xpm=01;35:*.tif=01;35:*.tiff=01;35:*.png=01;35:*.svg=01;35:*.svgz=01;35:*.mng=01;35:*.pcx=01;35:*.mov=01;35:*.mpg=01;35:*.mpeg=01;35:*.m2v=01;35:*.mkv=01;35:*.webm=01;35:*.webp=01;35:*.ogm=01;35:*.mp4=01;35:*.m4v=01;35:*.mp4v=01;35:*.vob=01;35:*.qt=01;35:*.nuv=01;35:*.wmv=01;35:*.asf=01;35:*.rm=01;35:*.rmvb=01;35:*.flc=01;35:*.avi=01;35:*.fli=01;35:*.flv=01;35:*.gl=01;35:*.dl=01;35:*.xcf=01;35:*.xwd=01;35:*.yuv=01;35:*.cgm=01;35:*.emf=01;35:*.ogv=01;35:*.ogx=01;35:*.aac=00;36:*.au=00;36:*.flac=00;36:*.m4a=00;36:*.mid=00;36:*.midi=00;36:*.mka=00;36:*.mp3=00;36:*.mpc=00;36:*.ogg=00;36:*.ra=00;36:*.wav=00;36:*.oga=00;36:*.opus=00;36:*.spx=00;36:*.xspf=00;36:'), ('SSH_AGENT_LAUNCHER', 'gnome-keyring'), ('SSH_AUTH_SOCK', '/run/user/1000/keyring/ssh'), ('AMENT_PREFIX_PATH', '/opt/ros/humble'), ('SHELL', '/bin/bash'), ('LC_NAME', 'pt_BR.UTF-8'), ('TERMINATOR_UUID', 'urn:uuid:882e3c09-8619-434b-bb98-1f19910f819c'), ('QT_ACCESSIBILITY', '1'), ('GDMSESSION', 'ubuntu'), ('LESSCLOSE', '/usr/bin/lesspipe %s %s'), ('LC_MEASUREMENT', 'pt_BR.UTF-8'), ('GJS_DEBUG_OUTPUT', 'stderr'), ('LC_IDENTIFICATION', 'pt_BR.UTF-8'), ('QT_IM_MODULE', 'ibus'), ('PWD', '/home/edrom-mini/edromufu/src/movement/Ros2_change/build/movement_utils'), ('LC_ALL', 'en_US.UTF-8'), ('XDG_CONFIG_DIRS', '/etc/xdg/xdg-ubuntu:/etc/xdg'), ('XDG_DATA_DIRS', '/usr/share/ubuntu:/usr/local/share/:/usr/share/:/var/lib/snapd/desktop'), ('PYTHONPATH', '/opt/ros/humble/lib/python3.10/site-packages:/opt/ros/humble/local/lib/python3.10/dist-packages'), ('LC_NUMERIC', 'pt_BR.UTF-8'), ('LC_PAPER', 'pt_BR.UTF-8'), ('COLCON', '1'), ('VTE_VERSION', '6800'), ('CMAKE_PREFIX_PATH', '/opt/ros/humble')]), 'shell': False}
[0.300181] (-) TimerEvent: {}
[0.400470] (-) TimerEvent: {}
[0.500762] (-) TimerEvent: {}
[0.543825] (movement_utils) StdoutLine: {'line': b'-- The C compiler identification is GNU 11.4.0\n'}
[0.544916] (humanoid_visualization) JobProgress: {'identifier': 'humanoid_visualization', 'progress': 'cmake'}
[0.545269] (humanoid_visualization) Command: {'cmd': ['/home/edrom-mini/.local/bin/cmake', '/home/edrom-mini/edromufu/src/movement/Ros2_change/src/humanoid_visualization', '-DCMAKE_INSTALL_PREFIX=/home/edrom-mini/edromufu/src/movement/Ros2_change/install/humanoid_visualization'], 'cwd': '/home/edrom-mini/edromufu/src/movement/Ros2_change/build/humanoid_visualization', 'env': OrderedDict([('GJS_DEBUG_TOPICS', 'JS ERROR;JS LOG'), ('LESSOPEN', '| /usr/bin/lesspipe %s'), ('USER', 'edrom-mini'), ('LC_TIME', 'pt_BR.UTF-8'), ('XDG_SESSION_TYPE', 'wayland'), ('SHLVL', '1'), ('LD_LIBRARY_PATH', '/opt/ros/humble/opt/rviz_ogre_vendor/lib:/opt/ros/humble/lib/x86_64-linux-gnu:/opt/ros/humble/lib'), ('HOME', '/home/edrom-mini'), ('OLDPWD', '/home/edrom-mini/edromufu/src/movement'), ('DESKTOP_SESSION', 'ubuntu'), ('GIO_LAUNCHED_DESKTOP_FILE', '/usr/share/applications/terminator.desktop'), ('ROS_PYTHON_VERSION', '3'), ('GNOME_SHELL_SESSION_MODE', 'ubuntu'), ('GTK_MODULES', 'gail:atk-bridge'), ('LC_MONETARY', 'pt_BR.UTF-8'), ('MANAGERPID', '1246'), ('LC_CTYPE', 'pt_BR.UTF-8'), ('SYSTEMD_EXEC_PID', '1423'), ('DBUS_SESSION_BUS_ADDRESS', 'unix:path=/run/user/1000/bus'), ('COLORTERM', 'truecolor'), ('TERMINATOR_DBUS_NAME', 'net.tenshu.Terminator25ef4b219e3b005583550f2b0f9f990c3'), ('GIO_LAUNCHED_DESKTOP_FILE_PID', '2907'), ('IM_CONFIG_PHASE', '1'), ('WAYLAND_DISPLAY', 'wayland-0'), ('ROS_DISTRO', 'humble'), ('LOGNAME', 'edrom-mini'), ('JOURNAL_STREAM', '8:12684'), ('_', '/usr/bin/colcon'), ('ROS_VERSION', '2'), ('XDG_SESSION_CLASS', 'user'), ('USERNAME', 'edrom-mini'), ('TERM', 'xterm-256color'), ('GNOME_DESKTOP_SESSION_ID', 'this-is-deprecated'), ('ROS_LOCALHOST_ONLY', '0'), ('PATH', '/opt/ros/humble/bin:/home/edrom-mini/.local/bin:/usr/local/sbin:/usr/local/bin:/usr/sbin:/usr/bin:/sbin:/bin:/usr/games:/usr/local/games:/snap/bin:/snap/bin'), ('SESSION_MANAGER', 'local/edrom-mini:@/tmp/.ICE-unix/1393,unix/edrom-mini:/tmp/.ICE-unix/1393'), ('INVOCATION_ID', '73c2e16a4b174a38958529bc365ecfb9'), ('XDG_MENU_PREFIX', 'gnome-'), ('LC_ADDRESS', 'pt_BR.UTF-8'), ('GNOME_SETUP_DISPLAY', ':1'), ('XDG_RUNTIME_DIR', '/run/user/1000'), ('DISPLAY', ':0'), ('TERMINATOR_DBUS_PATH', '/net/tenshu/Terminator2'), ('LANG', 'en_US.UTF-8'), ('XDG_CURRENT_DESKTOP', 'ubuntu:GNOME'), ('IBUS_DISABLE_SNOOPER', '1'), ('LC_TELEPHONE', 'pt_BR.UTF-8'), ('XMODIFIERS', '@im=ibus'), ('XDG_SESSION_DESKTOP', 'ubuntu'), ('XAUTHORITY', '/run/user/1000/.mutter-Xwaylandauth.APHAX2'), ('LS_COLORS', 'rs=0:di=01;34:ln=01;36:mh=00:pi=40;33:so=01;35:do=01;35:bd=40;33;01:cd=40;33;01:or=40;31;01:mi=00:su=37;41:sg=30;43:ca=30;41:tw=30;42:ow=34;42:st=37;44:ex=01;32:*.tar=01;31:*.tgz=01;31:*.arc=01;31:*.arj=01;31:*.taz=01;31:*.lha=01;31:*.lz4=01;31:*.lzh=01;31:*.lzma=01;31:*.tlz=01;31:*.txz=01;31:*.tzo=01;31:*.t7z=01;31:*.zip=01;31:*.z=01;31:*.dz=01;31:*.gz=01;31:*.lrz=01;31:*.lz=01;31:*.lzo=01;31:*.xz=01;31:*.zst=01;31:*.tzst=01;31:*.bz2=01;31:*.bz=01;31:*.tbz=01;31:*.tbz2=01;31:*.tz=01;31:*.deb=01;31:*.rpm=01;31:*.jar=01;31:*.war=01;31:*.ear=01;31:*.sar=01;31:*.rar=01;31:*.alz=01;31:*.ace=01;31:*.zoo=01;31:*.cpio=01;31:*.7z=01;31:*.rz=01;31:*.cab=01;31:*.wim=01;31:*.swm=01;31:*.dwm=01;31:*.esd=01;31:*.jpg=01;35:*.jpeg=01;35:*.mjpg=01;35:*.mjpeg=01;35:*.gif=01;35:*.bmp=01;35:*.pbm=01;35:*.pgm=01;35:*.ppm=01;35:*.tga=01;35:*.xbm=01;35:*.xpm=01;35:*.tif=01;35:*.tiff=01;35:*.png=01;35:*.svg=01;35:*.svgz=01;35:*.mng=01;35:*.pcx=01;35:*.mov=01;35:*.mpg=01;35:*.mpeg=01;35:*.m2v=01;35:*.mkv=01;35:*.webm=01;35:*.webp=01;35:*.ogm=01;35:*.mp4=01;35:*.m4v=01;35:*.mp4v=01;35:*.vob=01;35:*.qt=01;35:*.nuv=01;35:*.wmv=01;35:*.asf=01;35:*.rm=01;35:*.rmvb=01;35:*.flc=01;35:*.avi=01;35:*.fli=01;35:*.flv=01;35:*.gl=01;35:*.dl=01;35:*.xcf=01;35:*.xwd=01;35:*.yuv=01;35:*.cgm=01;35:*.emf=01;35:*.ogv=01;35:*.ogx=01;35:*.aac=00;36:*.au=00;36:*.flac=00;36:*.m4a=00;36:*.mid=00;36:*.midi=00;36:*.mka=00;36:*.mp3=00;36:*.mpc=00;36:*.ogg=00;36:*.ra=00;36:*.wav=00;36:*.oga=00;36:*.opus=00;36:*.spx=00;36:*.xspf=00;36:'), ('SSH_AGENT_LAUNCHER', 'gnome-keyring'), ('SSH_AUTH_SOCK', '/run/user/1000/keyring/ssh'), ('AMENT_PREFIX_PATH', '/opt/ros/humble'), ('SHELL', '/bin/bash'), ('LC_NAME', 'pt_BR.UTF-8'), ('TERMINATOR_UUID', 'urn:uuid:882e3c09-8619-434b-bb98-1f19910f819c'), ('QT_ACCESSIBILITY', '1'), ('GDMSESSION', 'ubuntu'), ('LESSCLOSE', '/usr/bin/lesspipe %s %s'), ('LC_MEASUREMENT', 'pt_BR.UTF-8'), ('GJS_DEBUG_OUTPUT', 'stderr'), ('LC_IDENTIFICATION', 'pt_BR.UTF-8'), ('QT_IM_MODULE', 'ibus'), ('PWD', '/home/edrom-mini/edromufu/src/movement/Ros2_change/build/humanoid_visualization'), ('LC_ALL', 'en_US.UTF-8'), ('XDG_CONFIG_DIRS', '/etc/xdg/xdg-ubuntu:/etc/xdg'), ('XDG_DATA_DIRS', '/usr/share/ubuntu:/usr/local/share/:/usr/share/:/var/lib/snapd/desktop'), ('PYTHONPATH', '/opt/ros/humble/lib/python3.10/site-packages:/opt/ros/humble/local/lib/python3.10/dist-packages'), ('LC_NUMERIC', 'pt_BR.UTF-8'), ('LC_PAPER', 'pt_BR.UTF-8'), ('COLCON', '1'), ('VTE_VERSION', '6800'), ('CMAKE_PREFIX_PATH', '/opt/ros/humble')]), 'shell': False}
[0.602688] (-) TimerEvent: {}
[0.632118] (movement_utils) StdoutLine: {'line': b'-- The CXX compiler identification is GNU 11.4.0\n'}
[0.656503] (movement_utils) StdoutLine: {'line': b'-- Detecting C compiler ABI info\n'}
[0.697680] (humanoid_visualization) StdoutLine: {'line': b'-- The C compiler identification is GNU 11.4.0\n'}
[0.702782] (-) TimerEvent: {}
[0.741952] (movement_utils) StdoutLine: {'line': b'-- Detecting C compiler ABI info - done\n'}
[0.767161] (humanoid_visualization) StdoutLine: {'line': b'-- The CXX compiler identification is GNU 11.4.0\n'}
[0.769219] (movement_utils) StdoutLine: {'line': b'-- Check for working C compiler: /usr/bin/cc - skipped\n'}
[0.769874] (movement_utils) StdoutLine: {'line': b'-- Detecting C compile features\n'}
[0.771655] (movement_utils) StdoutLine: {'line': b'-- Detecting C compile features - done\n'}
[0.777282] (movement_utils) StdoutLine: {'line': b'-- Detecting CXX compiler ABI info\n'}
[0.780639] (humanoid_visualization) StdoutLine: {'line': b'-- Detecting C compiler ABI info\n'}
[0.802891] (-) TimerEvent: {}
[0.861719] (humanoid_visualization) StdoutLine: {'line': b'-- Detecting C compiler ABI info - done\n'}
[0.879735] (movement_utils) StdoutLine: {'line': b'-- Detecting CXX compiler ABI info - done\n'}
[0.889135] (humanoid_visualization) StdoutLine: {'line': b'-- Check for working C compiler: /usr/bin/cc - skipped\n'}
[0.889575] (humanoid_visualization) StdoutLine: {'line': b'-- Detecting C compile features\n'}
[0.890216] (humanoid_visualization) StdoutLine: {'line': b'-- Detecting C compile features - done\n'}
[0.895763] (humanoid_visualization) StdoutLine: {'line': b'-- Detecting CXX compiler ABI info\n'}
[0.902997] (-) TimerEvent: {}
[0.905298] (movement_utils) StdoutLine: {'line': b'-- Check for working CXX compiler: /usr/bin/c++ - skipped\n'}
[0.906332] (movement_utils) StdoutLine: {'line': b'-- Detecting CXX compile features\n'}
[0.907147] (movement_utils) StdoutLine: {'line': b'-- Detecting CXX compile features - done\n'}
[0.916341] (movement_utils) StdoutLine: {'line': b'-- Found ament_cmake: 1.3.8 (/opt/ros/humble/share/ament_cmake/cmake)\n'}
[0.999698] (humanoid_visualization) StdoutLine: {'line': b'-- Detecting CXX compiler ABI info - done\n'}
[1.003116] (-) TimerEvent: {}
[1.026771] (humanoid_visualization) StdoutLine: {'line': b'-- Check for working CXX compiler: /usr/bin/c++ - skipped\n'}
[1.027421] (humanoid_visualization) StdoutLine: {'line': b'-- Detecting CXX compile features\n'}
[1.028901] (humanoid_visualization) StdoutLine: {'line': b'-- Detecting CXX compile features - done\n'}
[1.034041] (humanoid_visualization) StdoutLine: {'line': b'-- Found ament_cmake: 1.3.8 (/opt/ros/humble/share/ament_cmake/cmake)\n'}
[1.038915] (erro_package) Command: {'cmd': ['/usr/bin/python3', '-W', 'ignore:setup.py install is deprecated', 'setup.py', 'egg_info', '--egg-base', '../../build/erro_package', 'build', '--build-base', '/home/edrom-mini/edromufu/src/movement/Ros2_change/build/erro_package/build', 'install', '--record', '/home/edrom-mini/edromufu/src/movement/Ros2_change/build/erro_package/install.log', '--single-version-externally-managed', 'install_data'], 'cwd': '/home/edrom-mini/edromufu/src/movement/Ros2_change/src/erro_package', 'env': {'GJS_DEBUG_TOPICS': 'JS ERROR;JS LOG', 'LESSOPEN': '| /usr/bin/lesspipe %s', 'USER': 'edrom-mini', 'LC_TIME': 'pt_BR.UTF-8', 'XDG_SESSION_TYPE': 'wayland', 'SHLVL': '1', 'LD_LIBRARY_PATH': '/opt/ros/humble/opt/rviz_ogre_vendor/lib:/opt/ros/humble/lib/x86_64-linux-gnu:/opt/ros/humble/lib', 'HOME': '/home/edrom-mini', 'OLDPWD': '/home/edrom-mini/edromufu/src/movement', 'DESKTOP_SESSION': 'ubuntu', 'GIO_LAUNCHED_DESKTOP_FILE': '/usr/share/applications/terminator.desktop', 'ROS_PYTHON_VERSION': '3', 'GNOME_SHELL_SESSION_MODE': 'ubuntu', 'GTK_MODULES': 'gail:atk-bridge', 'LC_MONETARY': 'pt_BR.UTF-8', 'MANAGERPID': '1246', 'LC_CTYPE': 'pt_BR.UTF-8', 'SYSTEMD_EXEC_PID': '1423', 'DBUS_SESSION_BUS_ADDRESS': 'unix:path=/run/user/1000/bus', 'COLORTERM': 'truecolor', 'TERMINATOR_DBUS_NAME': 'net.tenshu.Terminator25ef4b219e3b005583550f2b0f9f990c3', 'GIO_LAUNCHED_DESKTOP_FILE_PID': '2907', 'IM_CONFIG_PHASE': '1', 'WAYLAND_DISPLAY': 'wayland-0', 'ROS_DISTRO': 'humble', 'LOGNAME': 'edrom-mini', 'JOURNAL_STREAM': '8:12684', '_': '/usr/bin/colcon', 'ROS_VERSION': '2', 'XDG_SESSION_CLASS': 'user', 'USERNAME': 'edrom-mini', 'TERM': 'xterm-256color', 'GNOME_DESKTOP_SESSION_ID': 'this-is-deprecated', 'ROS_LOCALHOST_ONLY': '0', 'PATH': '/opt/ros/humble/bin:/home/edrom-mini/.local/bin:/usr/local/sbin:/usr/local/bin:/usr/sbin:/usr/bin:/sbin:/bin:/usr/games:/usr/local/games:/snap/bin:/snap/bin', 'SESSION_MANAGER': 'local/edrom-mini:@/tmp/.ICE-unix/1393,unix/edrom-mini:/tmp/.ICE-unix/1393', 'INVOCATION_ID': '73c2e16a4b174a38958529bc365ecfb9', 'XDG_MENU_PREFIX': 'gnome-', 'LC_ADDRESS': 'pt_BR.UTF-8', 'GNOME_SETUP_DISPLAY': ':1', 'XDG_RUNTIME_DIR': '/run/user/1000', 'DISPLAY': ':0', 'TERMINATOR_DBUS_PATH': '/net/tenshu/Terminator2', 'LANG': 'en_US.UTF-8', 'XDG_CURRENT_DESKTOP': 'ubuntu:GNOME', 'IBUS_DISABLE_SNOOPER': '1', 'LC_TELEPHONE': 'pt_BR.UTF-8', 'XMODIFIERS': '@im=ibus', 'XDG_SESSION_DESKTOP': 'ubuntu', 'XAUTHORITY': '/run/user/1000/.mutter-Xwaylandauth.APHAX2', 'LS_COLORS': 'rs=0:di=01;34:ln=01;36:mh=00:pi=40;33:so=01;35:do=01;35:bd=40;33;01:cd=40;33;01:or=40;31;01:mi=00:su=37;41:sg=30;43:ca=30;41:tw=30;42:ow=34;42:st=37;44:ex=01;32:*.tar=01;31:*.tgz=01;31:*.arc=01;31:*.arj=01;31:*.taz=01;31:*.lha=01;31:*.lz4=01;31:*.lzh=01;31:*.lzma=01;31:*.tlz=01;31:*.txz=01;31:*.tzo=01;31:*.t7z=01;31:*.zip=01;31:*.z=01;31:*.dz=01;31:*.gz=01;31:*.lrz=01;31:*.lz=01;31:*.lzo=01;31:*.xz=01;31:*.zst=01;31:*.tzst=01;31:*.bz2=01;31:*.bz=01;31:*.tbz=01;31:*.tbz2=01;31:*.tz=01;31:*.deb=01;31:*.rpm=01;31:*.jar=01;31:*.war=01;31:*.ear=01;31:*.sar=01;31:*.rar=01;31:*.alz=01;31:*.ace=01;31:*.zoo=01;31:*.cpio=01;31:*.7z=01;31:*.rz=01;31:*.cab=01;31:*.wim=01;31:*.swm=01;31:*.dwm=01;31:*.esd=01;31:*.jpg=01;35:*.jpeg=01;35:*.mjpg=01;35:*.mjpeg=01;35:*.gif=01;35:*.bmp=01;35:*.pbm=01;35:*.pgm=01;35:*.ppm=01;35:*.tga=01;35:*.xbm=01;35:*.xpm=01;35:*.tif=01;35:*.tiff=01;35:*.png=01;35:*.svg=01;35:*.svgz=01;35:*.mng=01;35:*.pcx=01;35:*.mov=01;35:*.mpg=01;35:*.mpeg=01;35:*.m2v=01;35:*.mkv=01;35:*.webm=01;35:*.webp=01;35:*.ogm=01;35:*.mp4=01;35:*.m4v=01;35:*.mp4v=01;35:*.vob=01;35:*.qt=01;35:*.nuv=01;35:*.wmv=01;35:*.asf=01;35:*.rm=01;35:*.rmvb=01;35:*.flc=01;35:*.avi=01;35:*.fli=01;35:*.flv=01;35:*.gl=01;35:*.dl=01;35:*.xcf=01;35:*.xwd=01;35:*.yuv=01;35:*.cgm=01;35:*.emf=01;35:*.ogv=01;35:*.ogx=01;35:*.aac=00;36:*.au=00;36:*.flac=00;36:*.m4a=00;36:*.mid=00;36:*.midi=00;36:*.mka=00;36:*.mp3=00;36:*.mpc=00;36:*.ogg=00;36:*.ra=00;36:*.wav=00;36:*.oga=00;36:*.opus=00;36:*.spx=00;36:*.xspf=00;36:', 'SSH_AGENT_LAUNCHER': 'gnome-keyring', 'SSH_AUTH_SOCK': '/run/user/1000/keyring/ssh', 'AMENT_PREFIX_PATH': '/opt/ros/humble', 'SHELL': '/bin/bash', 'LC_NAME': 'pt_BR.UTF-8', 'TERMINATOR_UUID': 'urn:uuid:882e3c09-8619-434b-bb98-1f19910f819c', 'QT_ACCESSIBILITY': '1', 'GDMSESSION': 'ubuntu', 'LESSCLOSE': '/usr/bin/lesspipe %s %s', 'LC_MEASUREMENT': 'pt_BR.UTF-8', 'GJS_DEBUG_OUTPUT': 'stderr', 'LC_IDENTIFICATION': 'pt_BR.UTF-8', 'QT_IM_MODULE': 'ibus', 'PWD': '/home/edrom-mini/edromufu/src/movement/Ros2_change/build/erro_package', 'LC_ALL': 'en_US.UTF-8', 'XDG_CONFIG_DIRS': '/etc/xdg/xdg-ubuntu:/etc/xdg', 'XDG_DATA_DIRS': '/usr/share/ubuntu:/usr/local/share/:/usr/share/:/var/lib/snapd/desktop', 'PYTHONPATH': '/home/edrom-mini/edromufu/src/movement/Ros2_change/build/erro_package/prefix_override:/home/edrom-mini/edromufu/src/movement/Ros2_change/install/erro_package/lib/python3.10/site-packages:/opt/ros/humble/lib/python3.10/site-packages:/opt/ros/humble/local/lib/python3.10/dist-packages', 'LC_NUMERIC': 'pt_BR.UTF-8', 'LC_PAPER': 'pt_BR.UTF-8', 'COLCON': '1', 'VTE_VERSION': '6800'}, 'shell': False}
[1.047050] (kinematic_functions) Command: {'cmd': ['/usr/bin/python3', '-W', 'ignore:setup.py install is deprecated', 'setup.py', 'egg_info', '--egg-base', '../../build/kinematic_functions', 'build', '--build-base', '/home/edrom-mini/edromufu/src/movement/Ros2_change/build/kinematic_functions/build', 'install', '--record', '/home/edrom-mini/edromufu/src/movement/Ros2_change/build/kinematic_functions/install.log', '--single-version-externally-managed', 'install_data'], 'cwd': '/home/edrom-mini/edromufu/src/movement/Ros2_change/src/kinematic_functions', 'env': {'GJS_DEBUG_TOPICS': 'JS ERROR;JS LOG', 'LESSOPEN': '| /usr/bin/lesspipe %s', 'USER': 'edrom-mini', 'LC_TIME': 'pt_BR.UTF-8', 'XDG_SESSION_TYPE': 'wayland', 'SHLVL': '1', 'LD_LIBRARY_PATH': '/opt/ros/humble/opt/rviz_ogre_vendor/lib:/opt/ros/humble/lib/x86_64-linux-gnu:/opt/ros/humble/lib', 'HOME': '/home/edrom-mini', 'OLDPWD': '/home/edrom-mini/edromufu/src/movement', 'DESKTOP_SESSION': 'ubuntu', 'GIO_LAUNCHED_DESKTOP_FILE': '/usr/share/applications/terminator.desktop', 'ROS_PYTHON_VERSION': '3', 'GNOME_SHELL_SESSION_MODE': 'ubuntu', 'GTK_MODULES': 'gail:atk-bridge', 'LC_MONETARY': 'pt_BR.UTF-8', 'MANAGERPID': '1246', 'LC_CTYPE': 'pt_BR.UTF-8', 'SYSTEMD_EXEC_PID': '1423', 'DBUS_SESSION_BUS_ADDRESS': 'unix:path=/run/user/1000/bus', 'COLORTERM': 'truecolor', 'TERMINATOR_DBUS_NAME': 'net.tenshu.Terminator25ef4b219e3b005583550f2b0f9f990c3', 'GIO_LAUNCHED_DESKTOP_FILE_PID': '2907', 'IM_CONFIG_PHASE': '1', 'WAYLAND_DISPLAY': 'wayland-0', 'ROS_DISTRO': 'humble', 'LOGNAME': 'edrom-mini', 'JOURNAL_STREAM': '8:12684', '_': '/usr/bin/colcon', 'ROS_VERSION': '2', 'XDG_SESSION_CLASS': 'user', 'USERNAME': 'edrom-mini', 'TERM': 'xterm-256color', 'GNOME_DESKTOP_SESSION_ID': 'this-is-deprecated', 'ROS_LOCALHOST_ONLY': '0', 'PATH': '/opt/ros/humble/bin:/home/edrom-mini/.local/bin:/usr/local/sbin:/usr/local/bin:/usr/sbin:/usr/bin:/sbin:/bin:/usr/games:/usr/local/games:/snap/bin:/snap/bin', 'SESSION_MANAGER': 'local/edrom-mini:@/tmp/.ICE-unix/1393,unix/edrom-mini:/tmp/.ICE-unix/1393', 'INVOCATION_ID': '73c2e16a4b174a38958529bc365ecfb9', 'XDG_MENU_PREFIX': 'gnome-', 'LC_ADDRESS': 'pt_BR.UTF-8', 'GNOME_SETUP_DISPLAY': ':1', 'XDG_RUNTIME_DIR': '/run/user/1000', 'DISPLAY': ':0', 'TERMINATOR_DBUS_PATH': '/net/tenshu/Terminator2', 'LANG': 'en_US.UTF-8', 'XDG_CURRENT_DESKTOP': 'ubuntu:GNOME', 'IBUS_DISABLE_SNOOPER': '1', 'LC_TELEPHONE': 'pt_BR.UTF-8', 'XMODIFIERS': '@im=ibus', 'XDG_SESSION_DESKTOP': 'ubuntu', 'XAUTHORITY': '/run/user/1000/.mutter-Xwaylandauth.APHAX2', 'LS_COLORS': 'rs=0:di=01;34:ln=01;36:mh=00:pi=40;33:so=01;35:do=01;35:bd=40;33;01:cd=40;33;01:or=40;31;01:mi=00:su=37;41:sg=30;43:ca=30;41:tw=30;42:ow=34;42:st=37;44:ex=01;32:*.tar=01;31:*.tgz=01;31:*.arc=01;31:*.arj=01;31:*.taz=01;31:*.lha=01;31:*.lz4=01;31:*.lzh=01;31:*.lzma=01;31:*.tlz=01;31:*.txz=01;31:*.tzo=01;31:*.t7z=01;31:*.zip=01;31:*.z=01;31:*.dz=01;31:*.gz=01;31:*.lrz=01;31:*.lz=01;31:*.lzo=01;31:*.xz=01;31:*.zst=01;31:*.tzst=01;31:*.bz2=01;31:*.bz=01;31:*.tbz=01;31:*.tbz2=01;31:*.tz=01;31:*.deb=01;31:*.rpm=01;31:*.jar=01;31:*.war=01;31:*.ear=01;31:*.sar=01;31:*.rar=01;31:*.alz=01;31:*.ace=01;31:*.zoo=01;31:*.cpio=01;31:*.7z=01;31:*.rz=01;31:*.cab=01;31:*.wim=01;31:*.swm=01;31:*.dwm=01;31:*.esd=01;31:*.jpg=01;35:*.jpeg=01;35:*.mjpg=01;35:*.mjpeg=01;35:*.gif=01;35:*.bmp=01;35:*.pbm=01;35:*.pgm=01;35:*.ppm=01;35:*.tga=01;35:*.xbm=01;35:*.xpm=01;35:*.tif=01;35:*.tiff=01;35:*.png=01;35:*.svg=01;35:*.svgz=01;35:*.mng=01;35:*.pcx=01;35:*.mov=01;35:*.mpg=01;35:*.mpeg=01;35:*.m2v=01;35:*.mkv=01;35:*.webm=01;35:*.webp=01;35:*.ogm=01;35:*.mp4=01;35:*.m4v=01;35:*.mp4v=01;35:*.vob=01;35:*.qt=01;35:*.nuv=01;35:*.wmv=01;35:*.asf=01;35:*.rm=01;35:*.rmvb=01;35:*.flc=01;35:*.avi=01;35:*.fli=01;35:*.flv=01;35:*.gl=01;35:*.dl=01;35:*.xcf=01;35:*.xwd=01;35:*.yuv=01;35:*.cgm=01;35:*.emf=01;35:*.ogv=01;35:*.ogx=01;35:*.aac=00;36:*.au=00;36:*.flac=00;36:*.m4a=00;36:*.mid=00;36:*.midi=00;36:*.mka=00;36:*.mp3=00;36:*.mpc=00;36:*.ogg=00;36:*.ra=00;36:*.wav=00;36:*.oga=00;36:*.opus=00;36:*.spx=00;36:*.xspf=00;36:', 'SSH_AGENT_LAUNCHER': 'gnome-keyring', 'SSH_AUTH_SOCK': '/run/user/1000/keyring/ssh', 'AMENT_PREFIX_PATH': '/opt/ros/humble', 'SHELL': '/bin/bash', 'LC_NAME': 'pt_BR.UTF-8', 'TERMINATOR_UUID': 'urn:uuid:882e3c09-8619-434b-bb98-1f19910f819c', 'QT_ACCESSIBILITY': '1', 'GDMSESSION': 'ubuntu', 'LESSCLOSE': '/usr/bin/lesspipe %s %s', 'LC_MEASUREMENT': 'pt_BR.UTF-8', 'GJS_DEBUG_OUTPUT': 'stderr', 'LC_IDENTIFICATION': 'pt_BR.UTF-8', 'QT_IM_MODULE': 'ibus', 'PWD': '/home/edrom-mini/edromufu/src/movement/Ros2_change/build/kinematic_functions', 'LC_ALL': 'en_US.UTF-8', 'XDG_CONFIG_DIRS': '/etc/xdg/xdg-ubuntu:/etc/xdg', 'XDG_DATA_DIRS': '/usr/share/ubuntu:/usr/local/share/:/usr/share/:/var/lib/snapd/desktop', 'PYTHONPATH': '/home/edrom-mini/edromufu/src/movement/Ros2_change/build/kinematic_functions/prefix_override:/home/edrom-mini/edromufu/src/movement/Ros2_change/install/kinematic_functions/lib/python3.10/site-packages:/opt/ros/humble/lib/python3.10/site-packages:/opt/ros/humble/local/lib/python3.10/dist-packages', 'LC_NUMERIC': 'pt_BR.UTF-8', 'LC_PAPER': 'pt_BR.UTF-8', 'COLCON': '1', 'VTE_VERSION': '6800'}, 'shell': False}
[1.103240] (-) TimerEvent: {}
[1.122363] (movement_utils) StdoutLine: {'line': b'-- Found Python3: /usr/bin/python3 (found version "3.10.12") found components: Interpreter\n'}
[1.203361] (-) TimerEvent: {}
[1.236511] (humanoid_visualization) StdoutLine: {'line': b'-- Found Python3: /usr/bin/python3 (found version "3.10.12") found components: Interpreter\n'}
[1.268031] (movement_utils) StdoutLine: {'line': b'-- Found rosidl_default_generators: 1.2.0 (/opt/ros/humble/share/rosidl_default_generators/cmake)\n'}
[1.273797] (movement_utils) StdoutLine: {'line': b'-- Using all available rosidl_typesupport_c: rosidl_typesupport_fastrtps_c;rosidl_typesupport_introspection_c\n'}
[1.288665] (movement_utils) StdoutLine: {'line': b'-- Found rosidl_adapter: 3.1.5 (/opt/ros/humble/share/rosidl_adapter/cmake)\n'}
[1.303506] (-) TimerEvent: {}
[1.360625] (humanoid_visualization) StdoutLine: {'line': b'-- Found ament_lint_auto: 0.12.10 (/opt/ros/humble/share/ament_lint_auto/cmake)\n'}
[1.368919] (movement_utils) StdoutLine: {'line': b'-- Using all available rosidl_typesupport_cpp: rosidl_typesupport_fastrtps_cpp;rosidl_typesupport_introspection_cpp\n'}
[1.403433] (erro_package) StdoutLine: {'line': b'running egg_info\n'}
[1.403689] (-) TimerEvent: {}
[1.403876] (erro_package) StdoutLine: {'line': b'creating ../../build/erro_package/erro_package.egg-info\n'}
[1.404076] (erro_package) StdoutLine: {'line': b'writing ../../build/erro_package/erro_package.egg-info/PKG-INFO\n'}
[1.404249] (erro_package) StdoutLine: {'line': b'writing dependency_links to ../../build/erro_package/erro_package.egg-info/dependency_links.txt\n'}
[1.404421] (erro_package) StdoutLine: {'line': b'writing entry points to ../../build/erro_package/erro_package.egg-info/entry_points.txt\n'}
[1.404588] (erro_package) StdoutLine: {'line': b'writing requirements to ../../build/erro_package/erro_package.egg-info/requires.txt\n'}
[1.404722] (erro_package) StdoutLine: {'line': b'writing top-level names to ../../build/erro_package/erro_package.egg-info/top_level.txt\n'}
[1.404896] (erro_package) StdoutLine: {'line': b"writing manifest file '../../build/erro_package/erro_package.egg-info/SOURCES.txt'\n"}
[1.405284] (kinematic_functions) StdoutLine: {'line': b'running egg_info\n'}
[1.408700] (kinematic_functions) StdoutLine: {'line': b'creating ../../build/kinematic_functions/kinematic_functions.egg-info\n'}
[1.409032] (erro_package) StdoutLine: {'line': b"reading manifest file '../../build/erro_package/erro_package.egg-info/SOURCES.txt'\n"}
[1.409193] (erro_package) StdoutLine: {'line': b"writing manifest file '../../build/erro_package/erro_package.egg-info/SOURCES.txt'\n"}
[1.409397] (erro_package) StdoutLine: {'line': b'running build\n'}
[1.409507] (erro_package) StdoutLine: {'line': b'running build_py\n'}
[1.409620] (erro_package) StdoutLine: {'line': b'creating /home/edrom-mini/edromufu/src/movement/Ros2_change/build/erro_package/build\n'}
[1.409776] (erro_package) StdoutLine: {'line': b'creating /home/edrom-mini/edromufu/src/movement/Ros2_change/build/erro_package/build/lib\n'}
[1.409870] (erro_package) StdoutLine: {'line': b'creating /home/edrom-mini/edromufu/src/movement/Ros2_change/build/erro_package/build/lib/erro_package\n'}
[1.410001] (erro_package) StdoutLine: {'line': b'copying erro_package/__init__.py -> /home/edrom-mini/edromufu/src/movement/Ros2_change/build/erro_package/build/lib/erro_package\n'}
[1.410092] (kinematic_functions) StdoutLine: {'line': b'writing ../../build/kinematic_functions/kinematic_functions.egg-info/PKG-INFO\n'}
[1.410187] (kinematic_functions) StdoutLine: {'line': b'writing dependency_links to ../../build/kinematic_functions/kinematic_functions.egg-info/dependency_links.txt\n'}
[1.410272] (kinematic_functions) StdoutLine: {'line': b'writing entry points to ../../build/kinematic_functions/kinematic_functions.egg-info/entry_points.txt\n'}
[1.410354] (kinematic_functions) StdoutLine: {'line': b'writing requirements to ../../build/kinematic_functions/kinematic_functions.egg-info/requires.txt\n'}
[1.410438] (kinematic_functions) StdoutLine: {'line': b'writing top-level names to ../../build/kinematic_functions/kinematic_functions.egg-info/top_level.txt\n'}
[1.410521] (kinematic_functions) StdoutLine: {'line': b"writing manifest file '../../build/kinematic_functions/kinematic_functions.egg-info/SOURCES.txt'\n"}
[1.410683] (erro_package) StdoutLine: {'line': b'copying erro_package/erro_publisher.py -> /home/edrom-mini/edromufu/src/movement/Ros2_change/build/erro_package/build/lib/erro_package\n'}
[1.410792] (kinematic_functions) StdoutLine: {'line': b"reading manifest file '../../build/kinematic_functions/kinematic_functions.egg-info/SOURCES.txt'\n"}
[1.410885] (erro_package) StdoutLine: {'line': b'running install\n'}
[1.410979] (erro_package) StdoutLine: {'line': b'running install_lib\n'}
[1.412779] (kinematic_functions) StdoutLine: {'line': b"writing manifest file '../../build/kinematic_functions/kinematic_functions.egg-info/SOURCES.txt'\n"}
[1.413013] (kinematic_functions) StdoutLine: {'line': b'running build\n'}
[1.413110] (kinematic_functions) StdoutLine: {'line': b'running build_py\n'}
[1.413201] (kinematic_functions) StdoutLine: {'line': b'creating /home/edrom-mini/edromufu/src/movement/Ros2_change/build/kinematic_functions/build\n'}
[1.413305] (kinematic_functions) StdoutLine: {'line': b'creating /home/edrom-mini/edromufu/src/movement/Ros2_change/build/kinematic_functions/build/lib\n'}
[1.413405] (kinematic_functions) StdoutLine: {'line': b'creating /home/edrom-mini/edromufu/src/movement/Ros2_change/build/kinematic_functions/build/lib/kinematic_functions\n'}
[1.413504] (kinematic_functions) StdoutLine: {'line': b'copying kinematic_functions/__init__.py -> /home/edrom-mini/edromufu/src/movement/Ros2_change/build/kinematic_functions/build/lib/kinematic_functions\n'}
[1.413616] (kinematic_functions) StdoutLine: {'line': b'copying kinematic_functions/direct_kinematics.py -> /home/edrom-mini/edromufu/src/movement/Ros2_change/build/kinematic_functions/build/lib/kinematic_functions\n'}
[1.413769] (kinematic_functions) StdoutLine: {'line': b'copying kinematic_functions/ik_numerical.py -> /home/edrom-mini/edromufu/src/movement/Ros2_change/build/kinematic_functions/build/lib/kinematic_functions\n'}
[1.413858] (kinematic_functions) StdoutLine: {'line': b'running install\n'}
[1.413940] (kinematic_functions) StdoutLine: {'line': b'running install_lib\n'}
[1.414023] (erro_package) StdoutLine: {'line': b'byte-compiling /home/edrom-mini/edromufu/src/movement/Ros2_change/install/erro_package/lib/python3.10/site-packages/erro_package/__init__.py to __init__.cpython-310.pyc\n'}
[1.414118] (erro_package) StdoutLine: {'line': b'byte-compiling /home/edrom-mini/edromufu/src/movement/Ros2_change/install/erro_package/lib/python3.10/site-packages/erro_package/erro_publisher.py to erro_publisher.cpython-310.pyc\n'}
[1.414420] (kinematic_functions) StdoutLine: {'line': b'copying /home/edrom-mini/edromufu/src/movement/Ros2_change/build/kinematic_functions/build/lib/kinematic_functions/__init__.py -> /home/edrom-mini/edromufu/src/movement/Ros2_change/install/kinematic_functions/lib/python3.10/site-packages/kinematic_functions\n'}
[1.414648] (kinematic_functions) StdoutLine: {'line': b'copying /home/edrom-mini/edromufu/src/movement/Ros2_change/build/kinematic_functions/build/lib/kinematic_functions/direct_kinematics.py -> /home/edrom-mini/edromufu/src/movement/Ros2_change/install/kinematic_functions/lib/python3.10/site-packages/kinematic_functions\n'}
[1.417655] (kinematic_functions) StdoutLine: {'line': b'copying /home/edrom-mini/edromufu/src/movement/Ros2_change/build/kinematic_functions/build/lib/kinematic_functions/ik_numerical.py -> /home/edrom-mini/edromufu/src/movement/Ros2_change/install/kinematic_functions/lib/python3.10/site-packages/kinematic_functions\n'}
[1.417872] (erro_package) StdoutLine: {'line': b'running install_data\n'}
[1.417996] (erro_package) StdoutLine: {'line': b'running install_egg_info\n'}
[1.418101] (kinematic_functions) StdoutLine: {'line': b'byte-compiling /home/edrom-mini/edromufu/src/movement/Ros2_change/install/kinematic_functions/lib/python3.10/site-packages/kinematic_functions/__init__.py to __init__.cpython-310.pyc\n'}
[1.418208] (kinematic_functions) StdoutLine: {'line': b'byte-compiling /home/edrom-mini/edromufu/src/movement/Ros2_change/install/kinematic_functions/lib/python3.10/site-packages/kinematic_functions/direct_kinematics.py to direct_kinematics.cpython-310.pyc\n'}
[1.418310] (kinematic_functions) StdoutLine: {'line': b'byte-compiling /home/edrom-mini/edromufu/src/movement/Ros2_change/install/kinematic_functions/lib/python3.10/site-packages/kinematic_functions/ik_numerical.py to ik_numerical.cpython-310.pyc\n'}
[1.418494] (kinematic_functions) StdoutLine: {'line': b'running install_data\n'}
[1.418683] (kinematic_functions) StdoutLine: {'line': b'copying resource/kinematic_functions -> /home/edrom-mini/edromufu/src/movement/Ros2_change/install/kinematic_functions/share/ament_index/resource_index/packages\n'}
[1.418889] (kinematic_functions) StdoutLine: {'line': b'copying package.xml -> /home/edrom-mini/edromufu/src/movement/Ros2_change/install/kinematic_functions/share/kinematic_functions\n'}
[1.419038] (kinematic_functions) StdoutLine: {'line': b'running install_egg_info\n'}
[1.419794] (erro_package) StdoutLine: {'line': b"removing '/home/edrom-mini/edromufu/src/movement/Ros2_change/install/erro_package/lib/python3.10/site-packages/erro_package-0.0.0-py3.10.egg-info' (and everything under it)\n"}
[1.421671] (erro_package) StdoutLine: {'line': b'Copying ../../build/erro_package/erro_package.egg-info to /home/edrom-mini/edromufu/src/movement/Ros2_change/install/erro_package/lib/python3.10/site-packages/erro_package-0.0.0-py3.10.egg-info\n'}
[1.421924] (erro_package) StdoutLine: {'line': b'running install_scripts\n'}
[1.422838] (kinematic_functions) StdoutLine: {'line': b"removing '/home/edrom-mini/edromufu/src/movement/Ros2_change/install/kinematic_functions/lib/python3.10/site-packages/kinematic_functions-0.0.0-py3.10.egg-info' (and everything under it)\n"}
[1.423232] (kinematic_functions) StdoutLine: {'line': b'Copying ../../build/kinematic_functions/kinematic_functions.egg-info to /home/edrom-mini/edromufu/src/movement/Ros2_change/install/kinematic_functions/lib/python3.10/site-packages/kinematic_functions-0.0.0-py3.10.egg-info\n'}
[1.424566] (kinematic_functions) StdoutLine: {'line': b'running install_scripts\n'}
[1.453491] (erro_package) StdoutLine: {'line': b'Installing erro_publisher script to /home/edrom-mini/edromufu/src/movement/Ros2_change/install/erro_package/lib/erro_package\n'}
[1.455338] (erro_package) StdoutLine: {'line': b"writing list of installed files to '/home/edrom-mini/edromufu/src/movement/Ros2_change/build/erro_package/install.log'\n"}
[1.456495] (kinematic_functions) StdoutLine: {'line': b"writing list of installed files to '/home/edrom-mini/edromufu/src/movement/Ros2_change/build/kinematic_functions/install.log'\n"}
[1.463187] (movement_utils) StdoutLine: {'line': b'-- Found std_msgs: 4.2.3 (/opt/ros/humble/share/std_msgs/cmake)\n'}
[1.485525] (humanoid_visualization) StdoutLine: {'line': b"-- Added test 'flake8' to check Python code syntax and style conventions\n"}
[1.487686] (humanoid_visualization) StdoutLine: {'line': b"-- Added test 'lint_cmake' to check CMake code style\n"}
[1.488360] (humanoid_visualization) StdoutLine: {'line': b"-- Added test 'pep257' to check Python code against some of the docstring style conventions in PEP 257\n"}
[1.491666] (humanoid_visualization) StdoutLine: {'line': b"-- Added test 'xmllint' to check XML markup files\n"}
[1.494698] (humanoid_visualization) StdoutLine: {'line': b'-- Configuring done (0.9s)\n'}
[1.498883] (humanoid_visualization) StdoutLine: {'line': b'-- Generating done (0.0s)\n'}
[1.500259] (erro_package) CommandEnded: {'returncode': 0}
[1.501072] (humanoid_visualization) StdoutLine: {'line': b'-- Build files have been written to: /home/edrom-mini/edromufu/src/movement/Ros2_change/build/humanoid_visualization\n'}
[1.503782] (-) TimerEvent: {}
[1.521685] (erro_package) JobEnded: {'identifier': 'erro_package', 'rc': 0}
[1.523008] (tahara_pages) JobStarted: {'identifier': 'tahara_pages'}
[1.528733] (kinematic_functions) CommandEnded: {'returncode': 0}
[1.536715] (kinematic_functions) JobEnded: {'identifier': 'kinematic_functions', 'rc': 0}
[1.538278] (humanoid_definition) JobStarted: {'identifier': 'humanoid_definition'}
[1.543771] (humanoid_visualization) CommandEnded: {'returncode': 0}
[1.544305] (humanoid_visualization) JobProgress: {'identifier': 'humanoid_visualization', 'progress': 'build'}
[1.544344] (humanoid_visualization) Command: {'cmd': ['/home/edrom-mini/.local/bin/cmake', '--build', '/home/edrom-mini/edromufu/src/movement/Ros2_change/build/humanoid_visualization', '--', '-j4', '-l4'], 'cwd': '/home/edrom-mini/edromufu/src/movement/Ros2_change/build/humanoid_visualization', 'env': OrderedDict([('GJS_DEBUG_TOPICS', 'JS ERROR;JS LOG'), ('LESSOPEN', '| /usr/bin/lesspipe %s'), ('USER', 'edrom-mini'), ('LC_TIME', 'pt_BR.UTF-8'), ('XDG_SESSION_TYPE', 'wayland'), ('SHLVL', '1'), ('LD_LIBRARY_PATH', '/opt/ros/humble/opt/rviz_ogre_vendor/lib:/opt/ros/humble/lib/x86_64-linux-gnu:/opt/ros/humble/lib'), ('HOME', '/home/edrom-mini'), ('OLDPWD', '/home/edrom-mini/edromufu/src/movement'), ('DESKTOP_SESSION', 'ubuntu'), ('GIO_LAUNCHED_DESKTOP_FILE', '/usr/share/applications/terminator.desktop'), ('ROS_PYTHON_VERSION', '3'), ('GNOME_SHELL_SESSION_MODE', 'ubuntu'), ('GTK_MODULES', 'gail:atk-bridge'), ('LC_MONETARY', 'pt_BR.UTF-8'), ('MANAGERPID', '1246'), ('LC_CTYPE', 'pt_BR.UTF-8'), ('SYSTEMD_EXEC_PID', '1423'), ('DBUS_SESSION_BUS_ADDRESS', 'unix:path=/run/user/1000/bus'), ('COLORTERM', 'truecolor'), ('TERMINATOR_DBUS_NAME', 'net.tenshu.Terminator25ef4b219e3b005583550f2b0f9f990c3'), ('GIO_LAUNCHED_DESKTOP_FILE_PID', '2907'), ('IM_CONFIG_PHASE', '1'), ('WAYLAND_DISPLAY', 'wayland-0'), ('ROS_DISTRO', 'humble'), ('LOGNAME', 'edrom-mini'), ('JOURNAL_STREAM', '8:12684'), ('_', '/usr/bin/colcon'), ('ROS_VERSION', '2'), ('XDG_SESSION_CLASS', 'user'), ('USERNAME', 'edrom-mini'), ('TERM', 'xterm-256color'), ('GNOME_DESKTOP_SESSION_ID', 'this-is-deprecated'), ('ROS_LOCALHOST_ONLY', '0'), ('PATH', '/opt/ros/humble/bin:/home/edrom-mini/.local/bin:/usr/local/sbin:/usr/local/bin:/usr/sbin:/usr/bin:/sbin:/bin:/usr/games:/usr/local/games:/snap/bin:/snap/bin'), ('SESSION_MANAGER', 'local/edrom-mini:@/tmp/.ICE-unix/1393,unix/edrom-mini:/tmp/.ICE-unix/1393'), ('INVOCATION_ID', '73c2e16a4b174a38958529bc365ecfb9'), ('XDG_MENU_PREFIX', 'gnome-'), ('LC_ADDRESS', 'pt_BR.UTF-8'), ('GNOME_SETUP_DISPLAY', ':1'), ('XDG_RUNTIME_DIR', '/run/user/1000'), ('DISPLAY', ':0'), ('TERMINATOR_DBUS_PATH', '/net/tenshu/Terminator2'), ('LANG', 'en_US.UTF-8'), ('XDG_CURRENT_DESKTOP', 'ubuntu:GNOME'), ('IBUS_DISABLE_SNOOPER', '1'), ('LC_TELEPHONE', 'pt_BR.UTF-8'), ('XMODIFIERS', '@im=ibus'), ('XDG_SESSION_DESKTOP', 'ubuntu'), ('XAUTHORITY', '/run/user/1000/.mutter-Xwaylandauth.APHAX2'), ('LS_COLORS', 'rs=0:di=01;34:ln=01;36:mh=00:pi=40;33:so=01;35:do=01;35:bd=40;33;01:cd=40;33;01:or=40;31;01:mi=00:su=37;41:sg=30;43:ca=30;41:tw=30;42:ow=34;42:st=37;44:ex=01;32:*.tar=01;31:*.tgz=01;31:*.arc=01;31:*.arj=01;31:*.taz=01;31:*.lha=01;31:*.lz4=01;31:*.lzh=01;31:*.lzma=01;31:*.tlz=01;31:*.txz=01;31:*.tzo=01;31:*.t7z=01;31:*.zip=01;31:*.z=01;31:*.dz=01;31:*.gz=01;31:*.lrz=01;31:*.lz=01;31:*.lzo=01;31:*.xz=01;31:*.zst=01;31:*.tzst=01;31:*.bz2=01;31:*.bz=01;31:*.tbz=01;31:*.tbz2=01;31:*.tz=01;31:*.deb=01;31:*.rpm=01;31:*.jar=01;31:*.war=01;31:*.ear=01;31:*.sar=01;31:*.rar=01;31:*.alz=01;31:*.ace=01;31:*.zoo=01;31:*.cpio=01;31:*.7z=01;31:*.rz=01;31:*.cab=01;31:*.wim=01;31:*.swm=01;31:*.dwm=01;31:*.esd=01;31:*.jpg=01;35:*.jpeg=01;35:*.mjpg=01;35:*.mjpeg=01;35:*.gif=01;35:*.bmp=01;35:*.pbm=01;35:*.pgm=01;35:*.ppm=01;35:*.tga=01;35:*.xbm=01;35:*.xpm=01;35:*.tif=01;35:*.tiff=01;35:*.png=01;35:*.svg=01;35:*.svgz=01;35:*.mng=01;35:*.pcx=01;35:*.mov=01;35:*.mpg=01;35:*.mpeg=01;35:*.m2v=01;35:*.mkv=01;35:*.webm=01;35:*.webp=01;35:*.ogm=01;35:*.mp4=01;35:*.m4v=01;35:*.mp4v=01;35:*.vob=01;35:*.qt=01;35:*.nuv=01;35:*.wmv=01;35:*.asf=01;35:*.rm=01;35:*.rmvb=01;35:*.flc=01;35:*.avi=01;35:*.fli=01;35:*.flv=01;35:*.gl=01;35:*.dl=01;35:*.xcf=01;35:*.xwd=01;35:*.yuv=01;35:*.cgm=01;35:*.emf=01;35:*.ogv=01;35:*.ogx=01;35:*.aac=00;36:*.au=00;36:*.flac=00;36:*.m4a=00;36:*.mid=00;36:*.midi=00;36:*.mka=00;36:*.mp3=00;36:*.mpc=00;36:*.ogg=00;36:*.ra=00;36:*.wav=00;36:*.oga=00;36:*.opus=00;36:*.spx=00;36:*.xspf=00;36:'), ('SSH_AGENT_LAUNCHER', 'gnome-keyring'), ('SSH_AUTH_SOCK', '/run/user/1000/keyring/ssh'), ('AMENT_PREFIX_PATH', '/opt/ros/humble'), ('SHELL', '/bin/bash'), ('LC_NAME', 'pt_BR.UTF-8'), ('TERMINATOR_UUID', 'urn:uuid:882e3c09-8619-434b-bb98-1f19910f819c'), ('QT_ACCESSIBILITY', '1'), ('GDMSESSION', 'ubuntu'), ('LESSCLOSE', '/usr/bin/lesspipe %s %s'), ('LC_MEASUREMENT', 'pt_BR.UTF-8'), ('GJS_DEBUG_OUTPUT', 'stderr'), ('LC_IDENTIFICATION', 'pt_BR.UTF-8'), ('QT_IM_MODULE', 'ibus'), ('PWD', '/home/edrom-mini/edromufu/src/movement/Ros2_change/build/humanoid_visualization'), ('LC_ALL', 'en_US.UTF-8'), ('XDG_CONFIG_DIRS', '/etc/xdg/xdg-ubuntu:/etc/xdg'), ('XDG_DATA_DIRS', '/usr/share/ubuntu:/usr/local/share/:/usr/share/:/var/lib/snapd/desktop'), ('PYTHONPATH', '/opt/ros/humble/lib/python3.10/site-packages:/opt/ros/humble/local/lib/python3.10/dist-packages'), ('LC_NUMERIC', 'pt_BR.UTF-8'), ('LC_PAPER', 'pt_BR.UTF-8'), ('COLCON', '1'), ('VTE_VERSION', '6800'), ('CMAKE_PREFIX_PATH', '/opt/ros/humble')]), 'shell': False}
[1.591914] (movement_utils) StdoutLine: {'line': b'-- Found ament_lint_auto: 0.12.10 (/opt/ros/humble/share/ament_lint_auto/cmake)\n'}
[1.605665] (-) TimerEvent: {}
[1.705984] (-) TimerEvent: {}
[1.806294] (-) TimerEvent: {}
[1.906624] (-) TimerEvent: {}
[2.006940] (-) TimerEvent: {}
[2.107245] (-) TimerEvent: {}
[2.144608] (humanoid_visualization) CommandEnded: {'returncode': 0}
[2.152752] (movement_utils) StdoutLine: {'line': b'-- Found ament_cmake_ros: 0.10.0 (/opt/ros/humble/share/ament_cmake_ros/cmake)\n'}
[2.209669] (-) TimerEvent: {}
[2.283757] (humanoid_visualization) JobProgress: {'identifier': 'humanoid_visualization', 'progress': 'install'}
[2.309781] (-) TimerEvent: {}
[2.409778] (humanoid_visualization) Command: {'cmd': ['/home/edrom-mini/.local/bin/cmake', '--install', '/home/edrom-mini/edromufu/src/movement/Ros2_change/build/humanoid_visualization'], 'cwd': '/home/edrom-mini/edromufu/src/movement/Ros2_change/build/humanoid_visualization', 'env': OrderedDict([('GJS_DEBUG_TOPICS', 'JS ERROR;JS LOG'), ('LESSOPEN', '| /usr/bin/lesspipe %s'), ('USER', 'edrom-mini'), ('LC_TIME', 'pt_BR.UTF-8'), ('XDG_SESSION_TYPE', 'wayland'), ('SHLVL', '1'), ('LD_LIBRARY_PATH', '/opt/ros/humble/opt/rviz_ogre_vendor/lib:/opt/ros/humble/lib/x86_64-linux-gnu:/opt/ros/humble/lib'), ('HOME', '/home/edrom-mini'), ('OLDPWD', '/home/edrom-mini/edromufu/src/movement'), ('DESKTOP_SESSION', 'ubuntu'), ('GIO_LAUNCHED_DESKTOP_FILE', '/usr/share/applications/terminator.desktop'), ('ROS_PYTHON_VERSION', '3'), ('GNOME_SHELL_SESSION_MODE', 'ubuntu'), ('GTK_MODULES', 'gail:atk-bridge'), ('LC_MONETARY', 'pt_BR.UTF-8'), ('MANAGERPID', '1246'), ('LC_CTYPE', 'pt_BR.UTF-8'), ('SYSTEMD_EXEC_PID', '1423'), ('DBUS_SESSION_BUS_ADDRESS', 'unix:path=/run/user/1000/bus'), ('COLORTERM', 'truecolor'), ('TERMINATOR_DBUS_NAME', 'net.tenshu.Terminator25ef4b219e3b005583550f2b0f9f990c3'), ('GIO_LAUNCHED_DESKTOP_FILE_PID', '2907'), ('IM_CONFIG_PHASE', '1'), ('WAYLAND_DISPLAY', 'wayland-0'), ('ROS_DISTRO', 'humble'), ('LOGNAME', 'edrom-mini'), ('JOURNAL_STREAM', '8:12684'), ('_', '/usr/bin/colcon'), ('ROS_VERSION', '2'), ('XDG_SESSION_CLASS', 'user'), ('USERNAME', 'edrom-mini'), ('TERM', 'xterm-256color'), ('GNOME_DESKTOP_SESSION_ID', 'this-is-deprecated'), ('ROS_LOCALHOST_ONLY', '0'), ('PATH', '/opt/ros/humble/bin:/home/edrom-mini/.local/bin:/usr/local/sbin:/usr/local/bin:/usr/sbin:/usr/bin:/sbin:/bin:/usr/games:/usr/local/games:/snap/bin:/snap/bin'), ('SESSION_MANAGER', 'local/edrom-mini:@/tmp/.ICE-unix/1393,unix/edrom-mini:/tmp/.ICE-unix/1393'), ('INVOCATION_ID', '73c2e16a4b174a38958529bc365ecfb9'), ('XDG_MENU_PREFIX', 'gnome-'), ('LC_ADDRESS', 'pt_BR.UTF-8'), ('GNOME_SETUP_DISPLAY', ':1'), ('XDG_RUNTIME_DIR', '/run/user/1000'), ('DISPLAY', ':0'), ('TERMINATOR_DBUS_PATH', '/net/tenshu/Terminator2'), ('LANG', 'en_US.UTF-8'), ('XDG_CURRENT_DESKTOP', 'ubuntu:GNOME'), ('IBUS_DISABLE_SNOOPER', '1'), ('LC_TELEPHONE', 'pt_BR.UTF-8'), ('XMODIFIERS', '@im=ibus'), ('XDG_SESSION_DESKTOP', 'ubuntu'), ('XAUTHORITY', '/run/user/1000/.mutter-Xwaylandauth.APHAX2'), ('LS_COLORS', 'rs=0:di=01;34:ln=01;36:mh=00:pi=40;33:so=01;35:do=01;35:bd=40;33;01:cd=40;33;01:or=40;31;01:mi=00:su=37;41:sg=30;43:ca=30;41:tw=30;42:ow=34;42:st=37;44:ex=01;32:*.tar=01;31:*.tgz=01;31:*.arc=01;31:*.arj=01;31:*.taz=01;31:*.lha=01;31:*.lz4=01;31:*.lzh=01;31:*.lzma=01;31:*.tlz=01;31:*.txz=01;31:*.tzo=01;31:*.t7z=01;31:*.zip=01;31:*.z=01;31:*.dz=01;31:*.gz=01;31:*.lrz=01;31:*.lz=01;31:*.lzo=01;31:*.xz=01;31:*.zst=01;31:*.tzst=01;31:*.bz2=01;31:*.bz=01;31:*.tbz=01;31:*.tbz2=01;31:*.tz=01;31:*.deb=01;31:*.rpm=01;31:*.jar=01;31:*.war=01;31:*.ear=01;31:*.sar=01;31:*.rar=01;31:*.alz=01;31:*.ace=01;31:*.zoo=01;31:*.cpio=01;31:*.7z=01;31:*.rz=01;31:*.cab=01;31:*.wim=01;31:*.swm=01;31:*.dwm=01;31:*.esd=01;31:*.jpg=01;35:*.jpeg=01;35:*.mjpg=01;35:*.mjpeg=01;35:*.gif=01;35:*.bmp=01;35:*.pbm=01;35:*.pgm=01;35:*.ppm=01;35:*.tga=01;35:*.xbm=01;35:*.xpm=01;35:*.tif=01;35:*.tiff=01;35:*.png=01;35:*.svg=01;35:*.svgz=01;35:*.mng=01;35:*.pcx=01;35:*.mov=01;35:*.mpg=01;35:*.mpeg=01;35:*.m2v=01;35:*.mkv=01;35:*.webm=01;35:*.webp=01;35:*.ogm=01;35:*.mp4=01;35:*.m4v=01;35:*.mp4v=01;35:*.vob=01;35:*.qt=01;35:*.nuv=01;35:*.wmv=01;35:*.asf=01;35:*.rm=01;35:*.rmvb=01;35:*.flc=01;35:*.avi=01;35:*.fli=01;35:*.flv=01;35:*.gl=01;35:*.dl=01;35:*.xcf=01;35:*.xwd=01;35:*.yuv=01;35:*.cgm=01;35:*.emf=01;35:*.ogv=01;35:*.ogx=01;35:*.aac=00;36:*.au=00;36:*.flac=00;36:*.m4a=00;36:*.mid=00;36:*.midi=00;36:*.mka=00;36:*.mp3=00;36:*.mpc=00;36:*.ogg=00;36:*.ra=00;36:*.wav=00;36:*.oga=00;36:*.opus=00;36:*.spx=00;36:*.xspf=00;36:'), ('SSH_AGENT_LAUNCHER', 'gnome-keyring'), ('SSH_AUTH_SOCK', '/run/user/1000/keyring/ssh'), ('AMENT_PREFIX_PATH', '/opt/ros/humble'), ('SHELL', '/bin/bash'), ('LC_NAME', 'pt_BR.UTF-8'), ('TERMINATOR_UUID', 'urn:uuid:882e3c09-8619-434b-bb98-1f19910f819c'), ('QT_ACCESSIBILITY', '1'), ('GDMSESSION', 'ubuntu'), ('LESSCLOSE', '/usr/bin/lesspipe %s %s'), ('LC_MEASUREMENT', 'pt_BR.UTF-8'), ('GJS_DEBUG_OUTPUT', 'stderr'), ('LC_IDENTIFICATION', 'pt_BR.UTF-8'), ('QT_IM_MODULE', 'ibus'), ('PWD', '/home/edrom-mini/edromufu/src/movement/Ros2_change/build/humanoid_visualization'), ('LC_ALL', 'en_US.UTF-8'), ('XDG_CONFIG_DIRS', '/etc/xdg/xdg-ubuntu:/etc/xdg'), ('XDG_DATA_DIRS', '/usr/share/ubuntu:/usr/local/share/:/usr/share/:/var/lib/snapd/desktop'), ('PYTHONPATH', '/opt/ros/humble/lib/python3.10/site-packages:/opt/ros/humble/local/lib/python3.10/dist-packages'), ('LC_NUMERIC', 'pt_BR.UTF-8'), ('LC_PAPER', 'pt_BR.UTF-8'), ('COLCON', '1'), ('VTE_VERSION', '6800'), ('CMAKE_PREFIX_PATH', '/opt/ros/humble')]), 'shell': False}
[2.410349] (-) TimerEvent: {}
[2.510681] (-) TimerEvent: {}
[2.525309] (humanoid_visualization) StdoutLine: {'line': b'-- Install configuration: ""\n'}
[2.525787] (humanoid_visualization) StdoutLine: {'line': b'-- Up-to-date: /home/edrom-mini/edromufu/src/movement/Ros2_change/install/humanoid_visualization/share/humanoid_visualization//launch\n'}
[2.526128] (humanoid_visualization) StdoutLine: {'line': b'-- Installing: /home/edrom-mini/edromufu/src/movement/Ros2_change/install/humanoid_visualization/share/humanoid_visualization//launch/display.launch.py\n'}
[2.526732] (humanoid_visualization) StdoutLine: {'line': b'-- Installing: /home/edrom-mini/edromufu/src/movement/Ros2_change/install/humanoid_visualization/share/ament_index/resource_index/package_run_dependencies/humanoid_visualization\n'}
[2.527509] (humanoid_visualization) StdoutLine: {'line': b'-- Installing: /home/edrom-mini/edromufu/src/movement/Ros2_change/install/humanoid_visualization/share/ament_index/resource_index/parent_prefix_path/humanoid_visualization\n'}
[2.528023] (humanoid_visualization) StdoutLine: {'line': b'-- Installing: /home/edrom-mini/edromufu/src/movement/Ros2_change/install/humanoid_visualization/share/humanoid_visualization/environment/ament_prefix_path.sh\n'}
[2.528516] (humanoid_visualization) StdoutLine: {'line': b'-- Installing: /home/edrom-mini/edromufu/src/movement/Ros2_change/install/humanoid_visualization/share/humanoid_visualization/environment/ament_prefix_path.dsv\n'}
[2.528753] (humanoid_visualization) StdoutLine: {'line': b'-- Installing: /home/edrom-mini/edromufu/src/movement/Ros2_change/install/humanoid_visualization/share/humanoid_visualization/environment/path.sh\n'}
[2.529495] (humanoid_visualization) StdoutLine: {'line': b'-- Installing: /home/edrom-mini/edromufu/src/movement/Ros2_change/install/humanoid_visualization/share/humanoid_visualization/environment/path.dsv\n'}
[2.530162] (humanoid_visualization) StdoutLine: {'line': b'-- Installing: /home/edrom-mini/edromufu/src/movement/Ros2_change/install/humanoid_visualization/share/humanoid_visualization/local_setup.bash\n'}
[2.530439] (humanoid_visualization) StdoutLine: {'line': b'-- Installing: /home/edrom-mini/edromufu/src/movement/Ros2_change/install/humanoid_visualization/share/humanoid_visualization/local_setup.sh\n'}
[2.530997] (humanoid_visualization) StdoutLine: {'line': b'-- Installing: /home/edrom-mini/edromufu/src/movement/Ros2_change/install/humanoid_visualization/share/humanoid_visualization/local_setup.zsh\n'}
[2.531492] (humanoid_visualization) StdoutLine: {'line': b'-- Installing: /home/edrom-mini/edromufu/src/movement/Ros2_change/install/humanoid_visualization/share/humanoid_visualization/local_setup.dsv\n'}
[2.531982] (humanoid_visualization) StdoutLine: {'line': b'-- Installing: /home/edrom-mini/edromufu/src/movement/Ros2_change/install/humanoid_visualization/share/humanoid_visualization/package.dsv\n'}
[2.532451] (humanoid_visualization) StdoutLine: {'line': b'-- Installing: /home/edrom-mini/edromufu/src/movement/Ros2_change/install/humanoid_visualization/share/ament_index/resource_index/packages/humanoid_visualization\n'}
[2.532913] (humanoid_visualization) StdoutLine: {'line': b'-- Installing: /home/edrom-mini/edromufu/src/movement/Ros2_change/install/humanoid_visualization/share/humanoid_visualization/cmake/humanoid_visualizationConfig.cmake\n'}
[2.533366] (humanoid_visualization) StdoutLine: {'line': b'-- Installing: /home/edrom-mini/edromufu/src/movement/Ros2_change/install/humanoid_visualization/share/humanoid_visualization/cmake/humanoid_visualizationConfig-version.cmake\n'}
[2.533836] (humanoid_visualization) StdoutLine: {'line': b'-- Installing: /home/edrom-mini/edromufu/src/movement/Ros2_change/install/humanoid_visualization/share/humanoid_visualization/package.xml\n'}
[2.561897] (humanoid_visualization) CommandEnded: {'returncode': 0}
[2.610814] (-) TimerEvent: {}
[2.635695] (tahara_pages) Command: {'cmd': ['/usr/bin/python3', '-W', 'ignore:setup.py install is deprecated', 'setup.py', 'egg_info', '--egg-base', '../../build/tahara_pages', 'build', '--build-base', '/home/edrom-mini/edromufu/src/movement/Ros2_change/build/tahara_pages/build', 'install', '--record', '/home/edrom-mini/edromufu/src/movement/Ros2_change/build/tahara_pages/install.log', '--single-version-externally-managed', 'install_data'], 'cwd': '/home/edrom-mini/edromufu/src/movement/Ros2_change/src/tahara_pages', 'env': {'GJS_DEBUG_TOPICS': 'JS ERROR;JS LOG', 'LESSOPEN': '| /usr/bin/lesspipe %s', 'USER': 'edrom-mini', 'LC_TIME': 'pt_BR.UTF-8', 'XDG_SESSION_TYPE': 'wayland', 'SHLVL': '1', 'LD_LIBRARY_PATH': '/opt/ros/humble/opt/rviz_ogre_vendor/lib:/opt/ros/humble/lib/x86_64-linux-gnu:/opt/ros/humble/lib', 'HOME': '/home/edrom-mini', 'OLDPWD': '/home/edrom-mini/edromufu/src/movement', 'DESKTOP_SESSION': 'ubuntu', 'GIO_LAUNCHED_DESKTOP_FILE': '/usr/share/applications/terminator.desktop', 'ROS_PYTHON_VERSION': '3', 'GNOME_SHELL_SESSION_MODE': 'ubuntu', 'GTK_MODULES': 'gail:atk-bridge', 'LC_MONETARY': 'pt_BR.UTF-8', 'MANAGERPID': '1246', 'LC_CTYPE': 'pt_BR.UTF-8', 'SYSTEMD_EXEC_PID': '1423', 'DBUS_SESSION_BUS_ADDRESS': 'unix:path=/run/user/1000/bus', 'COLORTERM': 'truecolor', 'TERMINATOR_DBUS_NAME': 'net.tenshu.Terminator25ef4b219e3b005583550f2b0f9f990c3', 'GIO_LAUNCHED_DESKTOP_FILE_PID': '2907', 'IM_CONFIG_PHASE': '1', 'WAYLAND_DISPLAY': 'wayland-0', 'ROS_DISTRO': 'humble', 'LOGNAME': 'edrom-mini', 'JOURNAL_STREAM': '8:12684', '_': '/usr/bin/colcon', 'ROS_VERSION': '2', 'XDG_SESSION_CLASS': 'user', 'USERNAME': 'edrom-mini', 'TERM': 'xterm-256color', 'GNOME_DESKTOP_SESSION_ID': 'this-is-deprecated', 'ROS_LOCALHOST_ONLY': '0', 'PATH': '/opt/ros/humble/bin:/home/edrom-mini/.local/bin:/usr/local/sbin:/usr/local/bin:/usr/sbin:/usr/bin:/sbin:/bin:/usr/games:/usr/local/games:/snap/bin:/snap/bin', 'SESSION_MANAGER': 'local/edrom-mini:@/tmp/.ICE-unix/1393,unix/edrom-mini:/tmp/.ICE-unix/1393', 'INVOCATION_ID': '73c2e16a4b174a38958529bc365ecfb9', 'XDG_MENU_PREFIX': 'gnome-', 'LC_ADDRESS': 'pt_BR.UTF-8', 'GNOME_SETUP_DISPLAY': ':1', 'XDG_RUNTIME_DIR': '/run/user/1000', 'DISPLAY': ':0', 'TERMINATOR_DBUS_PATH': '/net/tenshu/Terminator2', 'LANG': 'en_US.UTF-8', 'XDG_CURRENT_DESKTOP': 'ubuntu:GNOME', 'IBUS_DISABLE_SNOOPER': '1', 'LC_TELEPHONE': 'pt_BR.UTF-8', 'XMODIFIERS': '@im=ibus', 'XDG_SESSION_DESKTOP': 'ubuntu', 'XAUTHORITY': '/run/user/1000/.mutter-Xwaylandauth.APHAX2', 'LS_COLORS': 'rs=0:di=01;34:ln=01;36:mh=00:pi=40;33:so=01;35:do=01;35:bd=40;33;01:cd=40;33;01:or=40;31;01:mi=00:su=37;41:sg=30;43:ca=30;41:tw=30;42:ow=34;42:st=37;44:ex=01;32:*.tar=01;31:*.tgz=01;31:*.arc=01;31:*.arj=01;31:*.taz=01;31:*.lha=01;31:*.lz4=01;31:*.lzh=01;31:*.lzma=01;31:*.tlz=01;31:*.txz=01;31:*.tzo=01;31:*.t7z=01;31:*.zip=01;31:*.z=01;31:*.dz=01;31:*.gz=01;31:*.lrz=01;31:*.lz=01;31:*.lzo=01;31:*.xz=01;31:*.zst=01;31:*.tzst=01;31:*.bz2=01;31:*.bz=01;31:*.tbz=01;31:*.tbz2=01;31:*.tz=01;31:*.deb=01;31:*.rpm=01;31:*.jar=01;31:*.war=01;31:*.ear=01;31:*.sar=01;31:*.rar=01;31:*.alz=01;31:*.ace=01;31:*.zoo=01;31:*.cpio=01;31:*.7z=01;31:*.rz=01;31:*.cab=01;31:*.wim=01;31:*.swm=01;31:*.dwm=01;31:*.esd=01;31:*.jpg=01;35:*.jpeg=01;35:*.mjpg=01;35:*.mjpeg=01;35:*.gif=01;35:*.bmp=01;35:*.pbm=01;35:*.pgm=01;35:*.ppm=01;35:*.tga=01;35:*.xbm=01;35:*.xpm=01;35:*.tif=01;35:*.tiff=01;35:*.png=01;35:*.svg=01;35:*.svgz=01;35:*.mng=01;35:*.pcx=01;35:*.mov=01;35:*.mpg=01;35:*.mpeg=01;35:*.m2v=01;35:*.mkv=01;35:*.webm=01;35:*.webp=01;35:*.ogm=01;35:*.mp4=01;35:*.m4v=01;35:*.mp4v=01;35:*.vob=01;35:*.qt=01;35:*.nuv=01;35:*.wmv=01;35:*.asf=01;35:*.rm=01;35:*.rmvb=01;35:*.flc=01;35:*.avi=01;35:*.fli=01;35:*.flv=01;35:*.gl=01;35:*.dl=01;35:*.xcf=01;35:*.xwd=01;35:*.yuv=01;35:*.cgm=01;35:*.emf=01;35:*.ogv=01;35:*.ogx=01;35:*.aac=00;36:*.au=00;36:*.flac=00;36:*.m4a=00;36:*.mid=00;36:*.midi=00;36:*.mka=00;36:*.mp3=00;36:*.mpc=00;36:*.ogg=00;36:*.ra=00;36:*.wav=00;36:*.oga=00;36:*.opus=00;36:*.spx=00;36:*.xspf=00;36:', 'SSH_AGENT_LAUNCHER': 'gnome-keyring', 'SSH_AUTH_SOCK': '/run/user/1000/keyring/ssh', 'AMENT_PREFIX_PATH': '/opt/ros/humble', 'SHELL': '/bin/bash', 'LC_NAME': 'pt_BR.UTF-8', 'TERMINATOR_UUID': 'urn:uuid:882e3c09-8619-434b-bb98-1f19910f819c', 'QT_ACCESSIBILITY': '1', 'GDMSESSION': 'ubuntu', 'LESSCLOSE': '/usr/bin/lesspipe %s %s', 'LC_MEASUREMENT': 'pt_BR.UTF-8', 'GJS_DEBUG_OUTPUT': 'stderr', 'LC_IDENTIFICATION': 'pt_BR.UTF-8', 'QT_IM_MODULE': 'ibus', 'PWD': '/home/edrom-mini/edromufu/src/movement/Ros2_change/build/tahara_pages', 'LC_ALL': 'en_US.UTF-8', 'XDG_CONFIG_DIRS': '/etc/xdg/xdg-ubuntu:/etc/xdg', 'XDG_DATA_DIRS': '/usr/share/ubuntu:/usr/local/share/:/usr/share/:/var/lib/snapd/desktop', 'PYTHONPATH': '/home/edrom-mini/edromufu/src/movement/Ros2_change/build/tahara_pages/prefix_override:/home/edrom-mini/edromufu/src/movement/Ros2_change/install/tahara_pages/lib/python3.10/site-packages:/opt/ros/humble/lib/python3.10/site-packages:/opt/ros/humble/local/lib/python3.10/dist-packages', 'LC_NUMERIC': 'pt_BR.UTF-8', 'LC_PAPER': 'pt_BR.UTF-8', 'COLCON': '1', 'VTE_VERSION': '6800'}, 'shell': False}
[2.655937] (humanoid_definition) Command: {'cmd': ['/usr/bin/python3', '-W', 'ignore:setup.py install is deprecated', 'setup.py', 'egg_info', '--egg-base', '../../build/humanoid_definition', 'build', '--build-base', '/home/edrom-mini/edromufu/src/movement/Ros2_change/build/humanoid_definition/build', 'install', '--record', '/home/edrom-mini/edromufu/src/movement/Ros2_change/build/humanoid_definition/install.log', '--single-version-externally-managed', 'install_data'], 'cwd': '/home/edrom-mini/edromufu/src/movement/Ros2_change/src/humanoid_definition', 'env': {'GJS_DEBUG_TOPICS': 'JS ERROR;JS LOG', 'LESSOPEN': '| /usr/bin/lesspipe %s', 'USER': 'edrom-mini', 'LC_TIME': 'pt_BR.UTF-8', 'XDG_SESSION_TYPE': 'wayland', 'SHLVL': '1', 'LD_LIBRARY_PATH': '/opt/ros/humble/opt/rviz_ogre_vendor/lib:/opt/ros/humble/lib/x86_64-linux-gnu:/opt/ros/humble/lib', 'HOME': '/home/edrom-mini', 'OLDPWD': '/home/edrom-mini/edromufu/src/movement', 'DESKTOP_SESSION': 'ubuntu', 'GIO_LAUNCHED_DESKTOP_FILE': '/usr/share/applications/terminator.desktop', 'ROS_PYTHON_VERSION': '3', 'GNOME_SHELL_SESSION_MODE': 'ubuntu', 'GTK_MODULES': 'gail:atk-bridge', 'LC_MONETARY': 'pt_BR.UTF-8', 'MANAGERPID': '1246', 'LC_CTYPE': 'pt_BR.UTF-8', 'SYSTEMD_EXEC_PID': '1423', 'DBUS_SESSION_BUS_ADDRESS': 'unix:path=/run/user/1000/bus', 'COLORTERM': 'truecolor', 'TERMINATOR_DBUS_NAME': 'net.tenshu.Terminator25ef4b219e3b005583550f2b0f9f990c3', 'GIO_LAUNCHED_DESKTOP_FILE_PID': '2907', 'IM_CONFIG_PHASE': '1', 'WAYLAND_DISPLAY': 'wayland-0', 'ROS_DISTRO': 'humble', 'LOGNAME': 'edrom-mini', 'JOURNAL_STREAM': '8:12684', '_': '/usr/bin/colcon', 'ROS_VERSION': '2', 'XDG_SESSION_CLASS': 'user', 'USERNAME': 'edrom-mini', 'TERM': 'xterm-256color', 'GNOME_DESKTOP_SESSION_ID': 'this-is-deprecated', 'ROS_LOCALHOST_ONLY': '0', 'PATH': '/opt/ros/humble/bin:/home/edrom-mini/.local/bin:/usr/local/sbin:/usr/local/bin:/usr/sbin:/usr/bin:/sbin:/bin:/usr/games:/usr/local/games:/snap/bin:/snap/bin', 'SESSION_MANAGER': 'local/edrom-mini:@/tmp/.ICE-unix/1393,unix/edrom-mini:/tmp/.ICE-unix/1393', 'INVOCATION_ID': '73c2e16a4b174a38958529bc365ecfb9', 'XDG_MENU_PREFIX': 'gnome-', 'LC_ADDRESS': 'pt_BR.UTF-8', 'GNOME_SETUP_DISPLAY': ':1', 'XDG_RUNTIME_DIR': '/run/user/1000', 'DISPLAY': ':0', 'TERMINATOR_DBUS_PATH': '/net/tenshu/Terminator2', 'LANG': 'en_US.UTF-8', 'XDG_CURRENT_DESKTOP': 'ubuntu:GNOME', 'IBUS_DISABLE_SNOOPER': '1', 'LC_TELEPHONE': 'pt_BR.UTF-8', 'XMODIFIERS': '@im=ibus', 'XDG_SESSION_DESKTOP': 'ubuntu', 'XAUTHORITY': '/run/user/1000/.mutter-Xwaylandauth.APHAX2', 'LS_COLORS': 'rs=0:di=01;34:ln=01;36:mh=00:pi=40;33:so=01;35:do=01;35:bd=40;33;01:cd=40;33;01:or=40;31;01:mi=00:su=37;41:sg=30;43:ca=30;41:tw=30;42:ow=34;42:st=37;44:ex=01;32:*.tar=01;31:*.tgz=01;31:*.arc=01;31:*.arj=01;31:*.taz=01;31:*.lha=01;31:*.lz4=01;31:*.lzh=01;31:*.lzma=01;31:*.tlz=01;31:*.txz=01;31:*.tzo=01;31:*.t7z=01;31:*.zip=01;31:*.z=01;31:*.dz=01;31:*.gz=01;31:*.lrz=01;31:*.lz=01;31:*.lzo=01;31:*.xz=01;31:*.zst=01;31:*.tzst=01;31:*.bz2=01;31:*.bz=01;31:*.tbz=01;31:*.tbz2=01;31:*.tz=01;31:*.deb=01;31:*.rpm=01;31:*.jar=01;31:*.war=01;31:*.ear=01;31:*.sar=01;31:*.rar=01;31:*.alz=01;31:*.ace=01;31:*.zoo=01;31:*.cpio=01;31:*.7z=01;31:*.rz=01;31:*.cab=01;31:*.wim=01;31:*.swm=01;31:*.dwm=01;31:*.esd=01;31:*.jpg=01;35:*.jpeg=01;35:*.mjpg=01;35:*.mjpeg=01;35:*.gif=01;35:*.bmp=01;35:*.pbm=01;35:*.pgm=01;35:*.ppm=01;35:*.tga=01;35:*.xbm=01;35:*.xpm=01;35:*.tif=01;35:*.tiff=01;35:*.png=01;35:*.svg=01;35:*.svgz=01;35:*.mng=01;35:*.pcx=01;35:*.mov=01;35:*.mpg=01;35:*.mpeg=01;35:*.m2v=01;35:*.mkv=01;35:*.webm=01;35:*.webp=01;35:*.ogm=01;35:*.mp4=01;35:*.m4v=01;35:*.mp4v=01;35:*.vob=01;35:*.qt=01;35:*.nuv=01;35:*.wmv=01;35:*.asf=01;35:*.rm=01;35:*.rmvb=01;35:*.flc=01;35:*.avi=01;35:*.fli=01;35:*.flv=01;35:*.gl=01;35:*.dl=01;35:*.xcf=01;35:*.xwd=01;35:*.yuv=01;35:*.cgm=01;35:*.emf=01;35:*.ogv=01;35:*.ogx=01;35:*.aac=00;36:*.au=00;36:*.flac=00;36:*.m4a=00;36:*.mid=00;36:*.midi=00;36:*.mka=00;36:*.mp3=00;36:*.mpc=00;36:*.ogg=00;36:*.ra=00;36:*.wav=00;36:*.oga=00;36:*.opus=00;36:*.spx=00;36:*.xspf=00;36:', 'SSH_AGENT_LAUNCHER': 'gnome-keyring', 'SSH_AUTH_SOCK': '/run/user/1000/keyring/ssh', 'AMENT_PREFIX_PATH': '/home/edrom-mini/edromufu/src/movement/Ros2_change/install/kinematic_functions:/opt/ros/humble', 'SHELL': '/bin/bash', 'LC_NAME': 'pt_BR.UTF-8', 'TERMINATOR_UUID': 'urn:uuid:882e3c09-8619-434b-bb98-1f19910f819c', 'QT_ACCESSIBILITY': '1', 'GDMSESSION': 'ubuntu', 'LESSCLOSE': '/usr/bin/lesspipe %s %s', 'LC_MEASUREMENT': 'pt_BR.UTF-8', 'GJS_DEBUG_OUTPUT': 'stderr', 'LC_IDENTIFICATION': 'pt_BR.UTF-8', 'QT_IM_MODULE': 'ibus', 'PWD': '/home/edrom-mini/edromufu/src/movement/Ros2_change/build/humanoid_definition', 'LC_ALL': 'en_US.UTF-8', 'XDG_CONFIG_DIRS': '/etc/xdg/xdg-ubuntu:/etc/xdg', 'XDG_DATA_DIRS': '/usr/share/ubuntu:/usr/local/share/:/usr/share/:/var/lib/snapd/desktop', 'PYTHONPATH': '/home/edrom-mini/edromufu/src/movement/Ros2_change/build/humanoid_definition/prefix_override:/home/edrom-mini/edromufu/src/movement/Ros2_change/install/humanoid_definition/lib/python3.10/site-packages:/home/edrom-mini/edromufu/src/movement/Ros2_change/install/kinematic_functions/lib/python3.10/site-packages:/opt/ros/humble/lib/python3.10/site-packages:/opt/ros/humble/local/lib/python3.10/dist-packages', 'LC_NUMERIC': 'pt_BR.UTF-8', 'LC_PAPER': 'pt_BR.UTF-8', 'COLCON': '1', 'VTE_VERSION': '6800'}, 'shell': False}
[2.713686] (-) TimerEvent: {}
[2.738914] (humanoid_visualization) JobEnded: {'identifier': 'humanoid_visualization', 'rc': 0}
[2.739893] (movement_functions) JobStarted: {'identifier': 'movement_functions'}
[2.813801] (-) TimerEvent: {}
[2.847419] (movement_utils) StdoutLine: {'line': b'-- Using all available rosidl_typesupport_c: rosidl_typesupport_fastrtps_c;rosidl_typesupport_introspection_c\n'}
[2.913914] (-) TimerEvent: {}
[3.010464] (tahara_pages) StdoutLine: {'line': b'running egg_info\n'}
[3.012644] (tahara_pages) StdoutLine: {'line': b'creating ../../build/tahara_pages/tahara_pages.egg-info\n'}
[3.012850] (tahara_pages) StdoutLine: {'line': b'writing ../../build/tahara_pages/tahara_pages.egg-info/PKG-INFO\n'}
[3.012984] (tahara_pages) StdoutLine: {'line': b'writing dependency_links to ../../build/tahara_pages/tahara_pages.egg-info/dependency_links.txt\n'}
[3.013101] (tahara_pages) StdoutLine: {'line': b'writing entry points to ../../build/tahara_pages/tahara_pages.egg-info/entry_points.txt\n'}
[3.013289] (tahara_pages) StdoutLine: {'line': b'writing requirements to ../../build/tahara_pages/tahara_pages.egg-info/requires.txt\n'}
[3.013403] (tahara_pages) StdoutLine: {'line': b'writing top-level names to ../../build/tahara_pages/tahara_pages.egg-info/top_level.txt\n'}
[3.013552] (tahara_pages) StdoutLine: {'line': b"writing manifest file '../../build/tahara_pages/tahara_pages.egg-info/SOURCES.txt'\n"}
[3.015686] (-) TimerEvent: {}
[3.017740] (tahara_pages) StdoutLine: {'line': b"reading manifest file '../../build/tahara_pages/tahara_pages.egg-info/SOURCES.txt'\n"}
[3.017947] (tahara_pages) StdoutLine: {'line': b"writing manifest file '../../build/tahara_pages/tahara_pages.egg-info/SOURCES.txt'\n"}
[3.018266] (tahara_pages) StdoutLine: {'line': b'running build\n'}
[3.018523] (tahara_pages) StdoutLine: {'line': b'running build_py\n'}
[3.019026] (tahara_pages) StdoutLine: {'line': b'creating /home/edrom-mini/edromufu/src/movement/Ros2_change/build/tahara_pages/build\n'}
[3.021759] (tahara_pages) StdoutLine: {'line': b'creating /home/edrom-mini/edromufu/src/movement/Ros2_change/build/tahara_pages/build/lib\n'}
[3.021961] (tahara_pages) StdoutLine: {'line': b'creating /home/edrom-mini/edromufu/src/movement/Ros2_change/build/tahara_pages/build/lib/tahara_pages\n'}
[3.022068] (tahara_pages) StdoutLine: {'line': b'copying tahara_pages/__init__.py -> /home/edrom-mini/edromufu/src/movement/Ros2_change/build/tahara_pages/build/lib/tahara_pages\n'}
[3.022164] (tahara_pages) StdoutLine: {'line': b'copying tahara_pages/software.py -> /home/edrom-mini/edromufu/src/movement/Ros2_change/build/tahara_pages/build/lib/tahara_pages\n'}
[3.022254] (tahara_pages) StdoutLine: {'line': b'copying tahara_pages/test.py -> /home/edrom-mini/edromufu/src/movement/Ros2_change/build/tahara_pages/build/lib/tahara_pages\n'}
[3.022342] (tahara_pages) StdoutLine: {'line': b'copying tahara_pages/page_runner.py -> /home/edrom-mini/edromufu/src/movement/Ros2_change/build/tahara_pages/build/lib/tahara_pages\n'}
[3.022429] (tahara_pages) StdoutLine: {'line': b'running install\n'}
[3.022515] (tahara_pages) StdoutLine: {'line': b'running install_lib\n'}
[3.025655] (humanoid_definition) StdoutLine: {'line': b'running egg_info\n'}
[3.025923] (tahara_pages) StdoutLine: {'line': b'byte-compiling /home/edrom-mini/edromufu/src/movement/Ros2_change/install/tahara_pages/lib/python3.10/site-packages/tahara_pages/__init__.py to __init__.cpython-310.pyc\n'}
[3.026044] (humanoid_definition) StdoutLine: {'line': b'creating ../../build/humanoid_definition/humanoid_definition.egg-info\n'}
[3.026543] (tahara_pages) StdoutLine: {'line': b'byte-compiling /home/edrom-mini/edromufu/src/movement/Ros2_change/install/tahara_pages/lib/python3.10/site-packages/tahara_pages/software.py to software.cpython-310.pyc\n'}
[3.026666] (humanoid_definition) StdoutLine: {'line': b'writing ../../build/humanoid_definition/humanoid_definition.egg-info/PKG-INFO\n'}
[3.026773] (humanoid_definition) StdoutLine: {'line': b'writing dependency_links to ../../build/humanoid_definition/humanoid_definition.egg-info/dependency_links.txt\n'}
[3.026872] (humanoid_definition) StdoutLine: {'line': b'writing entry points to ../../build/humanoid_definition/humanoid_definition.egg-info/entry_points.txt\n'}
[3.026972] (humanoid_definition) StdoutLine: {'line': b'writing requirements to ../../build/humanoid_definition/humanoid_definition.egg-info/requires.txt\n'}
[3.027073] (humanoid_definition) StdoutLine: {'line': b'writing top-level names to ../../build/humanoid_definition/humanoid_definition.egg-info/top_level.txt\n'}
[3.027170] (humanoid_definition) StdoutLine: {'line': b"writing manifest file '../../build/humanoid_definition/humanoid_definition.egg-info/SOURCES.txt'\n"}
[3.028208] (humanoid_definition) StdoutLine: {'line': b"reading manifest file '../../build/humanoid_definition/humanoid_definition.egg-info/SOURCES.txt'\n"}
[3.029557] (humanoid_definition) StdoutLine: {'line': b"writing manifest file '../../build/humanoid_definition/humanoid_definition.egg-info/SOURCES.txt'\n"}
[3.029797] (humanoid_definition) StdoutLine: {'line': b'running build\n'}
[3.029896] (humanoid_definition) StdoutLine: {'line': b'running build_py\n'}
[3.030141] (humanoid_definition) StdoutLine: {'line': b'creating /home/edrom-mini/edromufu/src/movement/Ros2_change/build/humanoid_definition/build\n'}
[3.030312] (humanoid_definition) StdoutLine: {'line': b'creating /home/edrom-mini/edromufu/src/movement/Ros2_change/build/humanoid_definition/build/lib\n'}
[3.033667] (humanoid_definition) StdoutLine: {'line': b'creating /home/edrom-mini/edromufu/src/movement/Ros2_change/build/humanoid_definition/build/lib/humanoid_definition\n'}
[3.033875] (humanoid_definition) StdoutLine: {'line': b'copying humanoid_definition/__init__.py -> /home/edrom-mini/edromufu/src/movement/Ros2_change/build/humanoid_definition/build/lib/humanoid_definition\n'}
[3.034120] (humanoid_definition) StdoutLine: {'line': b'copying humanoid_definition/setup_robot.py -> /home/edrom-mini/edromufu/src/movement/Ros2_change/build/humanoid_definition/build/lib/humanoid_definition\n'}
[3.034251] (tahara_pages) StdoutLine: {'line': b'byte-compiling /home/edrom-mini/edromufu/src/movement/Ros2_change/install/tahara_pages/lib/python3.10/site-packages/tahara_pages/test.py to test.cpython-310.pyc\n'}
[3.034367] (humanoid_definition) StdoutLine: {'line': b'copying humanoid_definition/joint.py -> /home/edrom-mini/edromufu/src/movement/Ros2_change/build/humanoid_definition/build/lib/humanoid_definition\n'}
[3.034472] (humanoid_definition) StdoutLine: {'line': b'running install\n'}
[3.034568] (humanoid_definition) StdoutLine: {'line': b'running install_lib\n'}
[3.034677] (tahara_pages) StdoutLine: {'line': b'byte-compiling /home/edrom-mini/edromufu/src/movement/Ros2_change/install/tahara_pages/lib/python3.10/site-packages/tahara_pages/page_runner.py to page_runner.cpython-310.pyc\n'}
[3.034784] (tahara_pages) StdoutLine: {'line': b'running install_data\n'}
[3.034896] (tahara_pages) StdoutLine: {'line': b'running install_egg_info\n'}
[3.035007] (humanoid_definition) StdoutLine: {'line': b'copying /home/edrom-mini/edromufu/src/movement/Ros2_change/build/humanoid_definition/build/lib/humanoid_definition/__init__.py -> /home/edrom-mini/edromufu/src/movement/Ros2_change/install/humanoid_definition/lib/python3.10/site-packages/humanoid_definition\n'}
[3.035120] (humanoid_definition) StdoutLine: {'line': b'copying /home/edrom-mini/edromufu/src/movement/Ros2_change/build/humanoid_definition/build/lib/humanoid_definition/setup_robot.py -> /home/edrom-mini/edromufu/src/movement/Ros2_change/install/humanoid_definition/lib/python3.10/site-packages/humanoid_definition\n'}
[3.035225] (humanoid_definition) StdoutLine: {'line': b'copying /home/edrom-mini/edromufu/src/movement/Ros2_change/build/humanoid_definition/build/lib/humanoid_definition/joint.py -> /home/edrom-mini/edromufu/src/movement/Ros2_change/install/humanoid_definition/lib/python3.10/site-packages/humanoid_definition\n'}
[3.035394] (humanoid_definition) StdoutLine: {'line': b'byte-compiling /home/edrom-mini/edromufu/src/movement/Ros2_change/install/humanoid_definition/lib/python3.10/site-packages/humanoid_definition/__init__.py to __init__.cpython-310.pyc\n'}
[3.035575] (humanoid_definition) StdoutLine: {'line': b'byte-compiling /home/edrom-mini/edromufu/src/movement/Ros2_change/install/humanoid_definition/lib/python3.10/site-packages/humanoid_definition/setup_robot.py to setup_robot.cpython-310.pyc\n'}
[3.037059] (humanoid_definition) StdoutLine: {'line': b'byte-compiling /home/edrom-mini/edromufu/src/movement/Ros2_change/install/humanoid_definition/lib/python3.10/site-packages/humanoid_definition/joint.py to joint.cpython-310.pyc\n'}
[3.038045] (humanoid_definition) StdoutLine: {'line': b'running install_data\n'}
[3.038248] (humanoid_definition) StdoutLine: {'line': b'copying resource/humanoid_definition -> /home/edrom-mini/edromufu/src/movement/Ros2_change/install/humanoid_definition/share/ament_index/resource_index/packages\n'}
[3.038415] (humanoid_definition) StdoutLine: {'line': b'copying package.xml -> /home/edrom-mini/edromufu/src/movement/Ros2_change/install/humanoid_definition/share/humanoid_definition\n'}
[3.039730] (humanoid_definition) StdoutLine: {'line': b'running install_egg_info\n'}
[3.040334] (tahara_pages) StdoutLine: {'line': b"removing '/home/edrom-mini/edromufu/src/movement/Ros2_change/install/tahara_pages/lib/python3.10/site-packages/tahara_pages-0.0.0-py3.10.egg-info' (and everything under it)\n"}
[3.042885] (tahara_pages) StdoutLine: {'line': b'Copying ../../build/tahara_pages/tahara_pages.egg-info to /home/edrom-mini/edromufu/src/movement/Ros2_change/install/tahara_pages/lib/python3.10/site-packages/tahara_pages-0.0.0-py3.10.egg-info\n'}
[3.043114] (humanoid_definition) StdoutLine: {'line': b"removing '/home/edrom-mini/edromufu/src/movement/Ros2_change/install/humanoid_definition/lib/python3.10/site-packages/humanoid_definition-0.0.0-py3.10.egg-info' (and everything under it)\n"}
[3.043270] (humanoid_definition) StdoutLine: {'line': b'Copying ../../build/humanoid_definition/humanoid_definition.egg-info to /home/edrom-mini/edromufu/src/movement/Ros2_change/install/humanoid_definition/lib/python3.10/site-packages/humanoid_definition-0.0.0-py3.10.egg-info\n'}
[3.046823] (tahara_pages) StdoutLine: {'line': b'running install_scripts\n'}
[3.047053] (humanoid_definition) StdoutLine: {'line': b'running install_scripts\n'}
[3.074764] (tahara_pages) StdoutLine: {'line': b'Installing software_pages script to /home/edrom-mini/edromufu/src/movement/Ros2_change/install/tahara_pages/lib/tahara_pages\n'}
[3.075115] (humanoid_definition) StdoutLine: {'line': b"writing list of installed files to '/home/edrom-mini/edromufu/src/movement/Ros2_change/build/humanoid_definition/install.log'\n"}
[3.075880] (tahara_pages) StdoutLine: {'line': b"writing list of installed files to '/home/edrom-mini/edromufu/src/movement/Ros2_change/build/tahara_pages/install.log'\n"}
[3.115813] (-) TimerEvent: {}
[3.163720] (humanoid_definition) CommandEnded: {'returncode': 0}
[3.170962] (humanoid_definition) JobEnded: {'identifier': 'humanoid_definition', 'rc': 0}
[3.171664] (tahara_pages) CommandEnded: {'returncode': 0}
[3.179120] (tahara_pages) JobEnded: {'identifier': 'tahara_pages', 'rc': 0}
[3.180804] (urdf_example) JobStarted: {'identifier': 'urdf_example'}
[3.183146] (urdf_robox) JobStarted: {'identifier': 'urdf_robox'}
[3.190761] (urdf_example) JobProgress: {'identifier': 'urdf_example', 'progress': 'cmake'}
[3.190994] (urdf_example) Command: {'cmd': ['/home/edrom-mini/.local/bin/cmake', '/home/edrom-mini/edromufu/src/movement/Ros2_change/src/urdf_example', '-DCMAKE_INSTALL_PREFIX=/home/edrom-mini/edromufu/src/movement/Ros2_change/install/urdf_example'], 'cwd': '/home/edrom-mini/edromufu/src/movement/Ros2_change/build/urdf_example', 'env': OrderedDict([('GJS_DEBUG_TOPICS', 'JS ERROR;JS LOG'), ('LESSOPEN', '| /usr/bin/lesspipe %s'), ('USER', 'edrom-mini'), ('LC_TIME', 'pt_BR.UTF-8'), ('XDG_SESSION_TYPE', 'wayland'), ('SHLVL', '1'), ('LD_LIBRARY_PATH', '/opt/ros/humble/opt/rviz_ogre_vendor/lib:/opt/ros/humble/lib/x86_64-linux-gnu:/opt/ros/humble/lib'), ('HOME', '/home/edrom-mini'), ('OLDPWD', '/home/edrom-mini/edromufu/src/movement'), ('DESKTOP_SESSION', 'ubuntu'), ('GIO_LAUNCHED_DESKTOP_FILE', '/usr/share/applications/terminator.desktop'), ('ROS_PYTHON_VERSION', '3'), ('GNOME_SHELL_SESSION_MODE', 'ubuntu'), ('GTK_MODULES', 'gail:atk-bridge'), ('LC_MONETARY', 'pt_BR.UTF-8'), ('MANAGERPID', '1246'), ('LC_CTYPE', 'pt_BR.UTF-8'), ('SYSTEMD_EXEC_PID', '1423'), ('DBUS_SESSION_BUS_ADDRESS', 'unix:path=/run/user/1000/bus'), ('COLORTERM', 'truecolor'), ('TERMINATOR_DBUS_NAME', 'net.tenshu.Terminator25ef4b219e3b005583550f2b0f9f990c3'), ('GIO_LAUNCHED_DESKTOP_FILE_PID', '2907'), ('IM_CONFIG_PHASE', '1'), ('WAYLAND_DISPLAY', 'wayland-0'), ('ROS_DISTRO', 'humble'), ('LOGNAME', 'edrom-mini'), ('JOURNAL_STREAM', '8:12684'), ('_', '/usr/bin/colcon'), ('ROS_VERSION', '2'), ('XDG_SESSION_CLASS', 'user'), ('USERNAME', 'edrom-mini'), ('TERM', 'xterm-256color'), ('GNOME_DESKTOP_SESSION_ID', 'this-is-deprecated'), ('ROS_LOCALHOST_ONLY', '0'), ('PATH', '/opt/ros/humble/bin:/home/edrom-mini/.local/bin:/usr/local/sbin:/usr/local/bin:/usr/sbin:/usr/bin:/sbin:/bin:/usr/games:/usr/local/games:/snap/bin:/snap/bin'), ('SESSION_MANAGER', 'local/edrom-mini:@/tmp/.ICE-unix/1393,unix/edrom-mini:/tmp/.ICE-unix/1393'), ('INVOCATION_ID', '73c2e16a4b174a38958529bc365ecfb9'), ('XDG_MENU_PREFIX', 'gnome-'), ('LC_ADDRESS', 'pt_BR.UTF-8'), ('GNOME_SETUP_DISPLAY', ':1'), ('XDG_RUNTIME_DIR', '/run/user/1000'), ('DISPLAY', ':0'), ('TERMINATOR_DBUS_PATH', '/net/tenshu/Terminator2'), ('LANG', 'en_US.UTF-8'), ('XDG_CURRENT_DESKTOP', 'ubuntu:GNOME'), ('IBUS_DISABLE_SNOOPER', '1'), ('LC_TELEPHONE', 'pt_BR.UTF-8'), ('XMODIFIERS', '@im=ibus'), ('XDG_SESSION_DESKTOP', 'ubuntu'), ('XAUTHORITY', '/run/user/1000/.mutter-Xwaylandauth.APHAX2'), ('LS_COLORS', 'rs=0:di=01;34:ln=01;36:mh=00:pi=40;33:so=01;35:do=01;35:bd=40;33;01:cd=40;33;01:or=40;31;01:mi=00:su=37;41:sg=30;43:ca=30;41:tw=30;42:ow=34;42:st=37;44:ex=01;32:*.tar=01;31:*.tgz=01;31:*.arc=01;31:*.arj=01;31:*.taz=01;31:*.lha=01;31:*.lz4=01;31:*.lzh=01;31:*.lzma=01;31:*.tlz=01;31:*.txz=01;31:*.tzo=01;31:*.t7z=01;31:*.zip=01;31:*.z=01;31:*.dz=01;31:*.gz=01;31:*.lrz=01;31:*.lz=01;31:*.lzo=01;31:*.xz=01;31:*.zst=01;31:*.tzst=01;31:*.bz2=01;31:*.bz=01;31:*.tbz=01;31:*.tbz2=01;31:*.tz=01;31:*.deb=01;31:*.rpm=01;31:*.jar=01;31:*.war=01;31:*.ear=01;31:*.sar=01;31:*.rar=01;31:*.alz=01;31:*.ace=01;31:*.zoo=01;31:*.cpio=01;31:*.7z=01;31:*.rz=01;31:*.cab=01;31:*.wim=01;31:*.swm=01;31:*.dwm=01;31:*.esd=01;31:*.jpg=01;35:*.jpeg=01;35:*.mjpg=01;35:*.mjpeg=01;35:*.gif=01;35:*.bmp=01;35:*.pbm=01;35:*.pgm=01;35:*.ppm=01;35:*.tga=01;35:*.xbm=01;35:*.xpm=01;35:*.tif=01;35:*.tiff=01;35:*.png=01;35:*.svg=01;35:*.svgz=01;35:*.mng=01;35:*.pcx=01;35:*.mov=01;35:*.mpg=01;35:*.mpeg=01;35:*.m2v=01;35:*.mkv=01;35:*.webm=01;35:*.webp=01;35:*.ogm=01;35:*.mp4=01;35:*.m4v=01;35:*.mp4v=01;35:*.vob=01;35:*.qt=01;35:*.nuv=01;35:*.wmv=01;35:*.asf=01;35:*.rm=01;35:*.rmvb=01;35:*.flc=01;35:*.avi=01;35:*.fli=01;35:*.flv=01;35:*.gl=01;35:*.dl=01;35:*.xcf=01;35:*.xwd=01;35:*.yuv=01;35:*.cgm=01;35:*.emf=01;35:*.ogv=01;35:*.ogx=01;35:*.aac=00;36:*.au=00;36:*.flac=00;36:*.m4a=00;36:*.mid=00;36:*.midi=00;36:*.mka=00;36:*.mp3=00;36:*.mpc=00;36:*.ogg=00;36:*.ra=00;36:*.wav=00;36:*.oga=00;36:*.opus=00;36:*.spx=00;36:*.xspf=00;36:'), ('SSH_AGENT_LAUNCHER', 'gnome-keyring'), ('SSH_AUTH_SOCK', '/run/user/1000/keyring/ssh'), ('AMENT_PREFIX_PATH', '/opt/ros/humble'), ('SHELL', '/bin/bash'), ('LC_NAME', 'pt_BR.UTF-8'), ('TERMINATOR_UUID', 'urn:uuid:882e3c09-8619-434b-bb98-1f19910f819c'), ('QT_ACCESSIBILITY', '1'), ('GDMSESSION', 'ubuntu'), ('LESSCLOSE', '/usr/bin/lesspipe %s %s'), ('LC_MEASUREMENT', 'pt_BR.UTF-8'), ('GJS_DEBUG_OUTPUT', 'stderr'), ('LC_IDENTIFICATION', 'pt_BR.UTF-8'), ('QT_IM_MODULE', 'ibus'), ('PWD', '/home/edrom-mini/edromufu/src/movement/Ros2_change/build/urdf_example'), ('LC_ALL', 'en_US.UTF-8'), ('XDG_CONFIG_DIRS', '/etc/xdg/xdg-ubuntu:/etc/xdg'), ('XDG_DATA_DIRS', '/usr/share/ubuntu:/usr/local/share/:/usr/share/:/var/lib/snapd/desktop'), ('PYTHONPATH', '/opt/ros/humble/lib/python3.10/site-packages:/opt/ros/humble/local/lib/python3.10/dist-packages'), ('LC_NUMERIC', 'pt_BR.UTF-8'), ('LC_PAPER', 'pt_BR.UTF-8'), ('COLCON', '1'), ('VTE_VERSION', '6800'), ('CMAKE_PREFIX_PATH', '/opt/ros/humble')]), 'shell': False}
[3.195396] (urdf_robox) JobProgress: {'identifier': 'urdf_robox', 'progress': 'cmake'}
[3.195686] (urdf_robox) Command: {'cmd': ['/home/edrom-mini/.local/bin/cmake', '/home/edrom-mini/edromufu/src/movement/Ros2_change/src/urdf_robox', '-DCMAKE_INSTALL_PREFIX=/home/edrom-mini/edromufu/src/movement/Ros2_change/install/urdf_robox'], 'cwd': '/home/edrom-mini/edromufu/src/movement/Ros2_change/build/urdf_robox', 'env': OrderedDict([('GJS_DEBUG_TOPICS', 'JS ERROR;JS LOG'), ('LESSOPEN', '| /usr/bin/lesspipe %s'), ('USER', 'edrom-mini'), ('LC_TIME', 'pt_BR.UTF-8'), ('XDG_SESSION_TYPE', 'wayland'), ('SHLVL', '1'), ('LD_LIBRARY_PATH', '/opt/ros/humble/opt/rviz_ogre_vendor/lib:/opt/ros/humble/lib/x86_64-linux-gnu:/opt/ros/humble/lib'), ('HOME', '/home/edrom-mini'), ('OLDPWD', '/home/edrom-mini/edromufu/src/movement'), ('DESKTOP_SESSION', 'ubuntu'), ('GIO_LAUNCHED_DESKTOP_FILE', '/usr/share/applications/terminator.desktop'), ('ROS_PYTHON_VERSION', '3'), ('GNOME_SHELL_SESSION_MODE', 'ubuntu'), ('GTK_MODULES', 'gail:atk-bridge'), ('LC_MONETARY', 'pt_BR.UTF-8'), ('MANAGERPID', '1246'), ('LC_CTYPE', 'pt_BR.UTF-8'), ('SYSTEMD_EXEC_PID', '1423'), ('DBUS_SESSION_BUS_ADDRESS', 'unix:path=/run/user/1000/bus'), ('COLORTERM', 'truecolor'), ('TERMINATOR_DBUS_NAME', 'net.tenshu.Terminator25ef4b219e3b005583550f2b0f9f990c3'), ('GIO_LAUNCHED_DESKTOP_FILE_PID', '2907'), ('IM_CONFIG_PHASE', '1'), ('WAYLAND_DISPLAY', 'wayland-0'), ('ROS_DISTRO', 'humble'), ('LOGNAME', 'edrom-mini'), ('JOURNAL_STREAM', '8:12684'), ('_', '/usr/bin/colcon'), ('ROS_VERSION', '2'), ('XDG_SESSION_CLASS', 'user'), ('USERNAME', 'edrom-mini'), ('TERM', 'xterm-256color'), ('GNOME_DESKTOP_SESSION_ID', 'this-is-deprecated'), ('ROS_LOCALHOST_ONLY', '0'), ('PATH', '/opt/ros/humble/bin:/home/edrom-mini/.local/bin:/usr/local/sbin:/usr/local/bin:/usr/sbin:/usr/bin:/sbin:/bin:/usr/games:/usr/local/games:/snap/bin:/snap/bin'), ('SESSION_MANAGER', 'local/edrom-mini:@/tmp/.ICE-unix/1393,unix/edrom-mini:/tmp/.ICE-unix/1393'), ('INVOCATION_ID', '73c2e16a4b174a38958529bc365ecfb9'), ('XDG_MENU_PREFIX', 'gnome-'), ('LC_ADDRESS', 'pt_BR.UTF-8'), ('GNOME_SETUP_DISPLAY', ':1'), ('XDG_RUNTIME_DIR', '/run/user/1000'), ('DISPLAY', ':0'), ('TERMINATOR_DBUS_PATH', '/net/tenshu/Terminator2'), ('LANG', 'en_US.UTF-8'), ('XDG_CURRENT_DESKTOP', 'ubuntu:GNOME'), ('IBUS_DISABLE_SNOOPER', '1'), ('LC_TELEPHONE', 'pt_BR.UTF-8'), ('XMODIFIERS', '@im=ibus'), ('XDG_SESSION_DESKTOP', 'ubuntu'), ('XAUTHORITY', '/run/user/1000/.mutter-Xwaylandauth.APHAX2'), ('LS_COLORS', 'rs=0:di=01;34:ln=01;36:mh=00:pi=40;33:so=01;35:do=01;35:bd=40;33;01:cd=40;33;01:or=40;31;01:mi=00:su=37;41:sg=30;43:ca=30;41:tw=30;42:ow=34;42:st=37;44:ex=01;32:*.tar=01;31:*.tgz=01;31:*.arc=01;31:*.arj=01;31:*.taz=01;31:*.lha=01;31:*.lz4=01;31:*.lzh=01;31:*.lzma=01;31:*.tlz=01;31:*.txz=01;31:*.tzo=01;31:*.t7z=01;31:*.zip=01;31:*.z=01;31:*.dz=01;31:*.gz=01;31:*.lrz=01;31:*.lz=01;31:*.lzo=01;31:*.xz=01;31:*.zst=01;31:*.tzst=01;31:*.bz2=01;31:*.bz=01;31:*.tbz=01;31:*.tbz2=01;31:*.tz=01;31:*.deb=01;31:*.rpm=01;31:*.jar=01;31:*.war=01;31:*.ear=01;31:*.sar=01;31:*.rar=01;31:*.alz=01;31:*.ace=01;31:*.zoo=01;31:*.cpio=01;31:*.7z=01;31:*.rz=01;31:*.cab=01;31:*.wim=01;31:*.swm=01;31:*.dwm=01;31:*.esd=01;31:*.jpg=01;35:*.jpeg=01;35:*.mjpg=01;35:*.mjpeg=01;35:*.gif=01;35:*.bmp=01;35:*.pbm=01;35:*.pgm=01;35:*.ppm=01;35:*.tga=01;35:*.xbm=01;35:*.xpm=01;35:*.tif=01;35:*.tiff=01;35:*.png=01;35:*.svg=01;35:*.svgz=01;35:*.mng=01;35:*.pcx=01;35:*.mov=01;35:*.mpg=01;35:*.mpeg=01;35:*.m2v=01;35:*.mkv=01;35:*.webm=01;35:*.webp=01;35:*.ogm=01;35:*.mp4=01;35:*.m4v=01;35:*.mp4v=01;35:*.vob=01;35:*.qt=01;35:*.nuv=01;35:*.wmv=01;35:*.asf=01;35:*.rm=01;35:*.rmvb=01;35:*.flc=01;35:*.avi=01;35:*.fli=01;35:*.flv=01;35:*.gl=01;35:*.dl=01;35:*.xcf=01;35:*.xwd=01;35:*.yuv=01;35:*.cgm=01;35:*.emf=01;35:*.ogv=01;35:*.ogx=01;35:*.aac=00;36:*.au=00;36:*.flac=00;36:*.m4a=00;36:*.mid=00;36:*.midi=00;36:*.mka=00;36:*.mp3=00;36:*.mpc=00;36:*.ogg=00;36:*.ra=00;36:*.wav=00;36:*.oga=00;36:*.opus=00;36:*.spx=00;36:*.xspf=00;36:'), ('SSH_AGENT_LAUNCHER', 'gnome-keyring'), ('SSH_AUTH_SOCK', '/run/user/1000/keyring/ssh'), ('AMENT_PREFIX_PATH', '/opt/ros/humble'), ('SHELL', '/bin/bash'), ('LC_NAME', 'pt_BR.UTF-8'), ('TERMINATOR_UUID', 'urn:uuid:882e3c09-8619-434b-bb98-1f19910f819c'), ('QT_ACCESSIBILITY', '1'), ('GDMSESSION', 'ubuntu'), ('LESSCLOSE', '/usr/bin/lesspipe %s %s'), ('LC_MEASUREMENT', 'pt_BR.UTF-8'), ('GJS_DEBUG_OUTPUT', 'stderr'), ('LC_IDENTIFICATION', 'pt_BR.UTF-8'), ('QT_IM_MODULE', 'ibus'), ('PWD', '/home/edrom-mini/edromufu/src/movement/Ros2_change/build/urdf_robox'), ('LC_ALL', 'en_US.UTF-8'), ('XDG_CONFIG_DIRS', '/etc/xdg/xdg-ubuntu:/etc/xdg'), ('XDG_DATA_DIRS', '/usr/share/ubuntu:/usr/local/share/:/usr/share/:/var/lib/snapd/desktop'), ('PYTHONPATH', '/opt/ros/humble/lib/python3.10/site-packages:/opt/ros/humble/local/lib/python3.10/dist-packages'), ('LC_NUMERIC', 'pt_BR.UTF-8'), ('LC_PAPER', 'pt_BR.UTF-8'), ('COLCON', '1'), ('VTE_VERSION', '6800'), ('CMAKE_PREFIX_PATH', '/opt/ros/humble')]), 'shell': False}
[3.217674] (-) TimerEvent: {}
[3.318018] (-) TimerEvent: {}
[3.378500] (urdf_robox) StdoutLine: {'line': b'-- The C compiler identification is GNU 11.4.0\n'}
[3.380193] (urdf_example) StdoutLine: {'line': b'-- The C compiler identification is GNU 11.4.0\n'}
[3.418132] (-) TimerEvent: {}
[3.460094] (urdf_robox) StdoutLine: {'line': b'-- The CXX compiler identification is GNU 11.4.0\n'}
[3.461813] (urdf_example) StdoutLine: {'line': b'-- The CXX compiler identification is GNU 11.4.0\n'}
[3.475170] (urdf_robox) StdoutLine: {'line': b'-- Detecting C compiler ABI info\n'}
[3.479665] (urdf_example) StdoutLine: {'line': b'-- Detecting C compiler ABI info\n'}
[3.518256] (-) TimerEvent: {}
[3.557678] (urdf_robox) StdoutLine: {'line': b'-- Detecting C compiler ABI info - done\n'}
[3.562360] (urdf_example) StdoutLine: {'line': b'-- Detecting C compiler ABI info - done\n'}
[3.584161] (urdf_robox) StdoutLine: {'line': b'-- Check for working C compiler: /usr/bin/cc - skipped\n'}
[3.584746] (urdf_robox) StdoutLine: {'line': b'-- Detecting C compile features\n'}
[3.585496] (urdf_robox) StdoutLine: {'line': b'-- Detecting C compile features - done\n'}
[3.589363] (urdf_example) StdoutLine: {'line': b'-- Check for working C compiler: /usr/bin/cc - skipped\n'}
[3.590990] (urdf_example) StdoutLine: {'line': b'-- Detecting C compile features\n'}
[3.591287] (urdf_example) StdoutLine: {'line': b'-- Detecting C compile features - done\n'}
[3.591913] (urdf_robox) StdoutLine: {'line': b'-- Detecting CXX compiler ABI info\n'}
[3.600516] (urdf_example) StdoutLine: {'line': b'-- Detecting CXX compiler ABI info\n'}
[3.618368] (-) TimerEvent: {}
[3.690208] (movement_functions) Command: {'cmd': ['/usr/bin/python3', '-W', 'ignore:setup.py install is deprecated', 'setup.py', 'egg_info', '--egg-base', '../../build/movement_functions', 'build', '--build-base', '/home/edrom-mini/edromufu/src/movement/Ros2_change/build/movement_functions/build', 'install', '--record', '/home/edrom-mini/edromufu/src/movement/Ros2_change/build/movement_functions/install.log', '--single-version-externally-managed', 'install_data'], 'cwd': '/home/edrom-mini/edromufu/src/movement/Ros2_change/src/movement_functions', 'env': {'GJS_DEBUG_TOPICS': 'JS ERROR;JS LOG', 'LESSOPEN': '| /usr/bin/lesspipe %s', 'USER': 'edrom-mini', 'LC_TIME': 'pt_BR.UTF-8', 'XDG_SESSION_TYPE': 'wayland', 'SHLVL': '1', 'LD_LIBRARY_PATH': '/opt/ros/humble/opt/rviz_ogre_vendor/lib:/opt/ros/humble/lib/x86_64-linux-gnu:/opt/ros/humble/lib', 'HOME': '/home/edrom-mini', 'OLDPWD': '/home/edrom-mini/edromufu/src/movement', 'DESKTOP_SESSION': 'ubuntu', 'GIO_LAUNCHED_DESKTOP_FILE': '/usr/share/applications/terminator.desktop', 'ROS_PYTHON_VERSION': '3', 'GNOME_SHELL_SESSION_MODE': 'ubuntu', 'GTK_MODULES': 'gail:atk-bridge', 'LC_MONETARY': 'pt_BR.UTF-8', 'MANAGERPID': '1246', 'LC_CTYPE': 'pt_BR.UTF-8', 'SYSTEMD_EXEC_PID': '1423', 'DBUS_SESSION_BUS_ADDRESS': 'unix:path=/run/user/1000/bus', 'COLORTERM': 'truecolor', 'TERMINATOR_DBUS_NAME': 'net.tenshu.Terminator25ef4b219e3b005583550f2b0f9f990c3', 'GIO_LAUNCHED_DESKTOP_FILE_PID': '2907', 'IM_CONFIG_PHASE': '1', 'WAYLAND_DISPLAY': 'wayland-0', 'ROS_DISTRO': 'humble', 'LOGNAME': 'edrom-mini', 'JOURNAL_STREAM': '8:12684', '_': '/usr/bin/colcon', 'ROS_VERSION': '2', 'XDG_SESSION_CLASS': 'user', 'USERNAME': 'edrom-mini', 'TERM': 'xterm-256color', 'GNOME_DESKTOP_SESSION_ID': 'this-is-deprecated', 'ROS_LOCALHOST_ONLY': '0', 'PATH': '/opt/ros/humble/bin:/home/edrom-mini/.local/bin:/usr/local/sbin:/usr/local/bin:/usr/sbin:/usr/bin:/sbin:/bin:/usr/games:/usr/local/games:/snap/bin:/snap/bin', 'SESSION_MANAGER': 'local/edrom-mini:@/tmp/.ICE-unix/1393,unix/edrom-mini:/tmp/.ICE-unix/1393', 'INVOCATION_ID': '73c2e16a4b174a38958529bc365ecfb9', 'XDG_MENU_PREFIX': 'gnome-', 'LC_ADDRESS': 'pt_BR.UTF-8', 'GNOME_SETUP_DISPLAY': ':1', 'XDG_RUNTIME_DIR': '/run/user/1000', 'DISPLAY': ':0', 'TERMINATOR_DBUS_PATH': '/net/tenshu/Terminator2', 'LANG': 'en_US.UTF-8', 'XDG_CURRENT_DESKTOP': 'ubuntu:GNOME', 'IBUS_DISABLE_SNOOPER': '1', 'LC_TELEPHONE': 'pt_BR.UTF-8', 'XMODIFIERS': '@im=ibus', 'XDG_SESSION_DESKTOP': 'ubuntu', 'XAUTHORITY': '/run/user/1000/.mutter-Xwaylandauth.APHAX2', 'LS_COLORS': 'rs=0:di=01;34:ln=01;36:mh=00:pi=40;33:so=01;35:do=01;35:bd=40;33;01:cd=40;33;01:or=40;31;01:mi=00:su=37;41:sg=30;43:ca=30;41:tw=30;42:ow=34;42:st=37;44:ex=01;32:*.tar=01;31:*.tgz=01;31:*.arc=01;31:*.arj=01;31:*.taz=01;31:*.lha=01;31:*.lz4=01;31:*.lzh=01;31:*.lzma=01;31:*.tlz=01;31:*.txz=01;31:*.tzo=01;31:*.t7z=01;31:*.zip=01;31:*.z=01;31:*.dz=01;31:*.gz=01;31:*.lrz=01;31:*.lz=01;31:*.lzo=01;31:*.xz=01;31:*.zst=01;31:*.tzst=01;31:*.bz2=01;31:*.bz=01;31:*.tbz=01;31:*.tbz2=01;31:*.tz=01;31:*.deb=01;31:*.rpm=01;31:*.jar=01;31:*.war=01;31:*.ear=01;31:*.sar=01;31:*.rar=01;31:*.alz=01;31:*.ace=01;31:*.zoo=01;31:*.cpio=01;31:*.7z=01;31:*.rz=01;31:*.cab=01;31:*.wim=01;31:*.swm=01;31:*.dwm=01;31:*.esd=01;31:*.jpg=01;35:*.jpeg=01;35:*.mjpg=01;35:*.mjpeg=01;35:*.gif=01;35:*.bmp=01;35:*.pbm=01;35:*.pgm=01;35:*.ppm=01;35:*.tga=01;35:*.xbm=01;35:*.xpm=01;35:*.tif=01;35:*.tiff=01;35:*.png=01;35:*.svg=01;35:*.svgz=01;35:*.mng=01;35:*.pcx=01;35:*.mov=01;35:*.mpg=01;35:*.mpeg=01;35:*.m2v=01;35:*.mkv=01;35:*.webm=01;35:*.webp=01;35:*.ogm=01;35:*.mp4=01;35:*.m4v=01;35:*.mp4v=01;35:*.vob=01;35:*.qt=01;35:*.nuv=01;35:*.wmv=01;35:*.asf=01;35:*.rm=01;35:*.rmvb=01;35:*.flc=01;35:*.avi=01;35:*.fli=01;35:*.flv=01;35:*.gl=01;35:*.dl=01;35:*.xcf=01;35:*.xwd=01;35:*.yuv=01;35:*.cgm=01;35:*.emf=01;35:*.ogv=01;35:*.ogx=01;35:*.aac=00;36:*.au=00;36:*.flac=00;36:*.m4a=00;36:*.mid=00;36:*.midi=00;36:*.mka=00;36:*.mp3=00;36:*.mpc=00;36:*.ogg=00;36:*.ra=00;36:*.wav=00;36:*.oga=00;36:*.opus=00;36:*.spx=00;36:*.xspf=00;36:', 'SSH_AGENT_LAUNCHER': 'gnome-keyring', 'SSH_AUTH_SOCK': '/run/user/1000/keyring/ssh', 'AMENT_PREFIX_PATH': '/home/edrom-mini/edromufu/src/movement/Ros2_change/install/kinematic_functions:/opt/ros/humble', 'SHELL': '/bin/bash', 'LC_NAME': 'pt_BR.UTF-8', 'TERMINATOR_UUID': 'urn:uuid:882e3c09-8619-434b-bb98-1f19910f819c', 'QT_ACCESSIBILITY': '1', 'GDMSESSION': 'ubuntu', 'LESSCLOSE': '/usr/bin/lesspipe %s %s', 'LC_MEASUREMENT': 'pt_BR.UTF-8', 'GJS_DEBUG_OUTPUT': 'stderr', 'LC_IDENTIFICATION': 'pt_BR.UTF-8', 'QT_IM_MODULE': 'ibus', 'PWD': '/home/edrom-mini/edromufu/src/movement/Ros2_change/build/movement_functions', 'LC_ALL': 'en_US.UTF-8', 'XDG_CONFIG_DIRS': '/etc/xdg/xdg-ubuntu:/etc/xdg', 'XDG_DATA_DIRS': '/usr/share/ubuntu:/usr/local/share/:/usr/share/:/var/lib/snapd/desktop', 'PYTHONPATH': '/home/edrom-mini/edromufu/src/movement/Ros2_change/build/movement_functions/prefix_override:/home/edrom-mini/edromufu/src/movement/Ros2_change/install/movement_functions/lib/python3.10/site-packages:/home/edrom-mini/edromufu/src/movement/Ros2_change/install/kinematic_functions/lib/python3.10/site-packages:/opt/ros/humble/lib/python3.10/site-packages:/opt/ros/humble/local/lib/python3.10/dist-packages', 'LC_NUMERIC': 'pt_BR.UTF-8', 'LC_PAPER': 'pt_BR.UTF-8', 'COLCON': '1', 'VTE_VERSION': '6800'}, 'shell': False}
[3.699677] (urdf_robox) StdoutLine: {'line': b'-- Detecting CXX compiler ABI info - done\n'}
[3.710675] (urdf_example) StdoutLine: {'line': b'-- Detecting CXX compiler ABI info - done\n'}
[3.718475] (-) TimerEvent: {}
[3.726140] (urdf_robox) StdoutLine: {'line': b'-- Check for working CXX compiler: /usr/bin/c++ - skipped\n'}
[3.726686] (urdf_robox) StdoutLine: {'line': b'-- Detecting CXX compile features\n'}
[3.727530] (urdf_robox) StdoutLine: {'line': b'-- Detecting CXX compile features - done\n'}
[3.730467] (urdf_robox) StdoutLine: {'line': b'-- Found ament_cmake: 1.3.8 (/opt/ros/humble/share/ament_cmake/cmake)\n'}
[3.738500] (urdf_example) StdoutLine: {'line': b'-- Check for working CXX compiler: /usr/bin/c++ - skipped\n'}
[3.739426] (urdf_example) StdoutLine: {'line': b'-- Detecting CXX compile features\n'}
[3.740532] (urdf_example) StdoutLine: {'line': b'-- Detecting CXX compile features - done\n'}
[3.743731] (urdf_example) StdoutLine: {'line': b'-- Found ament_cmake: 1.3.8 (/opt/ros/humble/share/ament_cmake/cmake)\n'}
[3.752578] (movement_utils) StdoutLine: {'line': b'-- Using all available rosidl_typesupport_cpp: rosidl_typesupport_fastrtps_cpp;rosidl_typesupport_introspection_cpp\n'}
[3.756662] (movement_utils) StderrLine: {'line': b'\x1b[33mCMake Warning (dev) at /opt/ros/humble/share/rosidl_generator_py/cmake/rosidl_generator_py_generate_interfaces.cmake:20 (find_package):\n'}
[3.758278] (movement_utils) StderrLine: {'line': b'  Policy CMP0148 is not set: The FindPythonInterp and FindPythonLibs modules\n'}
[3.758410] (movement_utils) StderrLine: {'line': b'  are removed.  Run "cmake --help-policy CMP0148" for policy details.  Use\n'}
[3.758514] (movement_utils) StderrLine: {'line': b'  the cmake_policy command to set the policy and suppress this warning.\n'}
[3.758624] (movement_utils) StderrLine: {'line': b'\n'}
[3.758742] (movement_utils) StderrLine: {'line': b'Call Stack (most recent call first):\n'}
[3.762012] (movement_utils) StderrLine: {'line': b'  /opt/ros/humble/share/ament_cmake_core/cmake/core/ament_execute_extensions.cmake:48 (include)\n'}
[3.762226] (movement_utils) StderrLine: {'line': b'  /opt/ros/humble/share/rosidl_cmake/cmake/rosidl_generate_interfaces.cmake:286 (ament_execute_extensions)\n'}
[3.762339] (movement_utils) StderrLine: {'line': b'  CMakeLists.txt:29 (rosidl_generate_interfaces)\n'}
[3.762440] (movement_utils) StderrLine: {'line': b'This warning is for project developers.  Use -Wno-dev to suppress it.\n'}
[3.762540] (movement_utils) StderrLine: {'line': b'\x1b[0m\n'}
[3.791700] (movement_utils) StdoutLine: {'line': b'-- Found PythonInterp: /usr/bin/python3 (found suitable version "3.10.12", minimum required is "3.6")\n'}
[3.796064] (movement_utils) StdoutLine: {'line': b'-- Found python_cmake_module: 0.10.0 (/opt/ros/humble/share/python_cmake_module/cmake)\n'}
[3.800797] (movement_utils) StderrLine: {'line': b'\x1b[33mCMake Warning (dev) at /opt/ros/humble/share/python_cmake_module/cmake/Modules/FindPythonExtra.cmake:52 (find_package):\n'}
[3.801029] (movement_utils) StderrLine: {'line': b'  Policy CMP0148 is not set: The FindPythonInterp and FindPythonLibs modules\n'}
[3.801134] (movement_utils) StderrLine: {'line': b'  are removed.  Run "cmake --help-policy CMP0148" for policy details.  Use\n'}
[3.801228] (movement_utils) StderrLine: {'line': b'  the cmake_policy command to set the policy and suppress this warning.\n'}
[3.801316] (movement_utils) StderrLine: {'line': b'\n'}
[3.801399] (movement_utils) StderrLine: {'line': b'Call Stack (most recent call first):\n'}
[3.801487] (movement_utils) StderrLine: {'line': b'  /opt/ros/humble/share/rosidl_generator_py/cmake/rosidl_generator_py_generate_interfaces.cmake:23 (find_package)\n'}
[3.801574] (movement_utils) StderrLine: {'line': b'  /opt/ros/humble/share/ament_cmake_core/cmake/core/ament_execute_extensions.cmake:48 (include)\n'}
[3.804816] (movement_utils) StderrLine: {'line': b'  /opt/ros/humble/share/rosidl_cmake/cmake/rosidl_generate_interfaces.cmake:286 (ament_execute_extensions)\n'}
[3.804943] (movement_utils) StderrLine: {'line': b'  CMakeLists.txt:29 (rosidl_generate_interfaces)\n'}
[3.805038] (movement_utils) StderrLine: {'line': b'This warning is for project developers.  Use -Wno-dev to suppress it.\n'}
[3.805124] (movement_utils) StderrLine: {'line': b'\x1b[0m\n'}
[3.818584] (-) TimerEvent: {}
[3.832659] (movement_utils) StderrLine: {'line': b'\x1b[33mCMake Warning (dev) at /opt/ros/humble/share/python_cmake_module/cmake/Modules/FindPythonExtra.cmake:140 (find_package):\n'}
[3.832897] (movement_utils) StderrLine: {'line': b'  Policy CMP0148 is not set: The FindPythonInterp and FindPythonLibs modules\n'}
[3.833007] (movement_utils) StderrLine: {'line': b'  are removed.  Run "cmake --help-policy CMP0148" for policy details.  Use\n'}
[3.833107] (movement_utils) StderrLine: {'line': b'  the cmake_policy command to set the policy and suppress this warning.\n'}
[3.833201] (movement_utils) StderrLine: {'line': b'\n'}
[3.833292] (movement_utils) StderrLine: {'line': b'Call Stack (most recent call first):\n'}
[3.833381] (movement_utils) StderrLine: {'line': b'  /opt/ros/humble/share/rosidl_generator_py/cmake/rosidl_generator_py_generate_interfaces.cmake:23 (find_package)\n'}
[3.833470] (movement_utils) StderrLine: {'line': b'  /opt/ros/humble/share/ament_cmake_core/cmake/core/ament_execute_extensions.cmake:48 (include)\n'}
[3.833559] (movement_utils) StderrLine: {'line': b'  /opt/ros/humble/share/rosidl_cmake/cmake/rosidl_generate_interfaces.cmake:286 (ament_execute_extensions)\n'}
[3.833665] (movement_utils) StderrLine: {'line': b'  CMakeLists.txt:29 (rosidl_generate_interfaces)\n'}
[3.833754] (movement_utils) StderrLine: {'line': b'This warning is for project developers.  Use -Wno-dev to suppress it.\n'}
[3.833838] (movement_utils) StderrLine: {'line': b'\x1b[0m\n'}
[3.847763] (movement_utils) StdoutLine: {'line': b'-- Found PythonLibs: /usr/lib/x86_64-linux-gnu/libpython3.10.so (found suitable version "3.10.12", minimum required is "3.5")\n'}
[3.848036] (movement_utils) StdoutLine: {'line': b'-- Using PYTHON_EXECUTABLE: /usr/bin/python3\n'}
[3.848167] (movement_utils) StdoutLine: {'line': b'-- Using PYTHON_INCLUDE_DIRS: /usr/include/python3.10\n'}
[3.848291] (movement_utils) StdoutLine: {'line': b'-- Using PYTHON_LIBRARIES: /usr/lib/x86_64-linux-gnu/libpython3.10.so\n'}
[3.883661] (movement_utils) StdoutLine: {'line': b'-- Found PythonExtra: .so\n'}
[3.918676] (-) TimerEvent: {}
[3.923161] (urdf_robox) StdoutLine: {'line': b'-- Found Python3: /usr/bin/python3 (found version "3.10.12") found components: Interpreter\n'}
[3.942738] (urdf_example) StdoutLine: {'line': b'-- Found Python3: /usr/bin/python3 (found version "3.10.12") found components: Interpreter\n'}
[3.975735] (movement_utils) StdoutLine: {'line': b"-- Added test 'flake8' to check Python code syntax and style conventions\n"}
[3.976747] (movement_utils) StdoutLine: {'line': b"-- Added test 'lint_cmake' to check CMake code style\n"}
[3.977648] (movement_utils) StdoutLine: {'line': b"-- Added test 'pep257' to check Python code against some of the docstring style conventions in PEP 257\n"}
[3.979576] (movement_utils) StdoutLine: {'line': b"-- Added test 'xmllint' to check XML markup files\n"}
[3.993694] (movement_utils) StdoutLine: {'line': b'-- Configuring done (3.6s)\n'}
[4.018784] (-) TimerEvent: {}
[4.045426] (urdf_robox) StdoutLine: {'line': b'-- Found ament_lint_auto: 0.12.10 (/opt/ros/humble/share/ament_lint_auto/cmake)\n'}
[4.062728] (movement_functions) StdoutLine: {'line': b'running egg_info\n'}
[4.063703] (movement_functions) StdoutLine: {'line': b'creating ../../build/movement_functions/movement_functions.egg-info\n'}
[4.063934] (movement_functions) StdoutLine: {'line': b'writing ../../build/movement_functions/movement_functions.egg-info/PKG-INFO\n'}
[4.064103] (movement_functions) StdoutLine: {'line': b'writing dependency_links to ../../build/movement_functions/movement_functions.egg-info/dependency_links.txt\n'}
[4.064267] (movement_functions) StdoutLine: {'line': b'writing entry points to ../../build/movement_functions/movement_functions.egg-info/entry_points.txt\n'}
[4.066768] (movement_functions) StdoutLine: {'line': b'writing requirements to ../../build/movement_functions/movement_functions.egg-info/requires.txt\n'}
[4.066973] (movement_functions) StdoutLine: {'line': b'writing top-level names to ../../build/movement_functions/movement_functions.egg-info/top_level.txt\n'}
[4.067083] (movement_functions) StdoutLine: {'line': b"writing manifest file '../../build/movement_functions/movement_functions.egg-info/SOURCES.txt'\n"}
[4.067321] (movement_functions) StdoutLine: {'line': b"reading manifest file '../../build/movement_functions/movement_functions.egg-info/SOURCES.txt'\n"}
[4.068001] (urdf_example) StdoutLine: {'line': b'-- Found ament_lint_auto: 0.12.10 (/opt/ros/humble/share/ament_lint_auto/cmake)\n'}
[4.068390] (movement_functions) StdoutLine: {'line': b"writing manifest file '../../build/movement_functions/movement_functions.egg-info/SOURCES.txt'\n"}
[4.068652] (movement_functions) StdoutLine: {'line': b'running build\n'}
[4.068778] (movement_functions) StdoutLine: {'line': b'running build_py\n'}
[4.069061] (movement_functions) StdoutLine: {'line': b'creating /home/edrom-mini/edromufu/src/movement/Ros2_change/build/movement_functions/build\n'}
[4.069187] (movement_functions) StdoutLine: {'line': b'creating /home/edrom-mini/edromufu/src/movement/Ros2_change/build/movement_functions/build/lib\n'}
[4.069281] (movement_functions) StdoutLine: {'line': b'creating /home/edrom-mini/edromufu/src/movement/Ros2_change/build/movement_functions/build/lib/movement_functions\n'}
[4.069382] (movement_functions) StdoutLine: {'line': b'copying movement_functions/__init__.py -> /home/edrom-mini/edromufu/src/movement/Ros2_change/build/movement_functions/build/lib/movement_functions\n'}
[4.069648] (movement_functions) StdoutLine: {'line': b'copying movement_functions/gait_gen.py -> /home/edrom-mini/edromufu/src/movement/Ros2_change/build/movement_functions/build/lib/movement_functions\n'}
[4.071382] (movement_functions) StdoutLine: {'line': b'copying movement_functions/rotate_cc_ccw_gen.py -> /home/edrom-mini/edromufu/src/movement/Ros2_change/build/movement_functions/build/lib/movement_functions\n'}
[4.071569] (movement_functions) StdoutLine: {'line': b'copying movement_functions/walk_forward_gen.py -> /home/edrom-mini/edromufu/src/movement/Ros2_change/build/movement_functions/build/lib/movement_functions\n'}
[4.071780] (movement_functions) StdoutLine: {'line': b'running install\n'}
[4.071901] (movement_functions) StdoutLine: {'line': b'running install_lib\n'}
[4.072008] (movement_functions) StdoutLine: {'line': b'copying /home/edrom-mini/edromufu/src/movement/Ros2_change/build/movement_functions/build/lib/movement_functions/__init__.py -> /home/edrom-mini/edromufu/src/movement/Ros2_change/install/movement_functions/lib/python3.10/site-packages/movement_functions\n'}
[4.072120] (movement_functions) StdoutLine: {'line': b'copying /home/edrom-mini/edromufu/src/movement/Ros2_change/build/movement_functions/build/lib/movement_functions/gait_gen.py -> /home/edrom-mini/edromufu/src/movement/Ros2_change/install/movement_functions/lib/python3.10/site-packages/movement_functions\n'}
[4.074660] (movement_functions) StdoutLine: {'line': b'copying /home/edrom-mini/edromufu/src/movement/Ros2_change/build/movement_functions/build/lib/movement_functions/rotate_cc_ccw_gen.py -> /home/edrom-mini/edromufu/src/movement/Ros2_change/install/movement_functions/lib/python3.10/site-packages/movement_functions\n'}
[4.074851] (movement_functions) StdoutLine: {'line': b'copying /home/edrom-mini/edromufu/src/movement/Ros2_change/build/movement_functions/build/lib/movement_functions/walk_forward_gen.py -> /home/edrom-mini/edromufu/src/movement/Ros2_change/install/movement_functions/lib/python3.10/site-packages/movement_functions\n'}
[4.074951] (movement_functions) StdoutLine: {'line': b'byte-compiling /home/edrom-mini/edromufu/src/movement/Ros2_change/install/movement_functions/lib/python3.10/site-packages/movement_functions/__init__.py to __init__.cpython-310.pyc\n'}
[4.075055] (movement_functions) StdoutLine: {'line': b'byte-compiling /home/edrom-mini/edromufu/src/movement/Ros2_change/install/movement_functions/lib/python3.10/site-packages/movement_functions/gait_gen.py to gait_gen.cpython-310.pyc\n'}
[4.075144] (movement_functions) StdoutLine: {'line': b'byte-compiling /home/edrom-mini/edromufu/src/movement/Ros2_change/install/movement_functions/lib/python3.10/site-packages/movement_functions/rotate_cc_ccw_gen.py to rotate_cc_ccw_gen.cpython-310.pyc\n'}
[4.076525] (movement_functions) StdoutLine: {'line': b'byte-compiling /home/edrom-mini/edromufu/src/movement/Ros2_change/install/movement_functions/lib/python3.10/site-packages/movement_functions/walk_forward_gen.py to walk_forward_gen.cpython-310.pyc\n'}
[4.078359] (movement_utils) StdoutLine: {'line': b'-- Generating done (0.1s)\n'}
[4.078759] (movement_functions) StdoutLine: {'line': b'running install_data\n'}
[4.078982] (movement_functions) StdoutLine: {'line': b'copying resource/movement_functions -> /home/edrom-mini/edromufu/src/movement/Ros2_change/install/movement_functions/share/ament_index/resource_index/packages\n'}
[4.079259] (movement_functions) StdoutLine: {'line': b'copying package.xml -> /home/edrom-mini/edromufu/src/movement/Ros2_change/install/movement_functions/share/movement_functions\n'}
[4.079473] (movement_functions) StdoutLine: {'line': b'running install_egg_info\n'}
[4.084662] (movement_functions) StdoutLine: {'line': b"removing '/home/edrom-mini/edromufu/src/movement/Ros2_change/install/movement_functions/lib/python3.10/site-packages/movement_functions-0.0.0-py3.10.egg-info' (and everything under it)\n"}
[4.084915] (movement_functions) StdoutLine: {'line': b'Copying ../../build/movement_functions/movement_functions.egg-info to /home/edrom-mini/edromufu/src/movement/Ros2_change/install/movement_functions/lib/python3.10/site-packages/movement_functions-0.0.0-py3.10.egg-info\n'}
[4.085038] (movement_utils) StdoutLine: {'line': b'-- Build files have been written to: /home/edrom-mini/edromufu/src/movement/Ros2_change/build/movement_utils\n'}
[4.085161] (movement_functions) StdoutLine: {'line': b'running install_scripts\n'}
[4.118045] (movement_functions) StdoutLine: {'line': b"writing list of installed files to '/home/edrom-mini/edromufu/src/movement/Ros2_change/build/movement_functions/install.log'\n"}
[4.118888] (-) TimerEvent: {}
[4.122977] (movement_utils) CommandEnded: {'returncode': 0}
[4.123593] (movement_utils) JobProgress: {'identifier': 'movement_utils', 'progress': 'build'}
[4.123667] (movement_utils) Command: {'cmd': ['/home/edrom-mini/.local/bin/cmake', '--build', '/home/edrom-mini/edromufu/src/movement/Ros2_change/build/movement_utils', '--', '-j4', '-l4'], 'cwd': '/home/edrom-mini/edromufu/src/movement/Ros2_change/build/movement_utils', 'env': OrderedDict([('GJS_DEBUG_TOPICS', 'JS ERROR;JS LOG'), ('LESSOPEN', '| /usr/bin/lesspipe %s'), ('USER', 'edrom-mini'), ('LC_TIME', 'pt_BR.UTF-8'), ('XDG_SESSION_TYPE', 'wayland'), ('SHLVL', '1'), ('LD_LIBRARY_PATH', '/opt/ros/humble/opt/rviz_ogre_vendor/lib:/opt/ros/humble/lib/x86_64-linux-gnu:/opt/ros/humble/lib'), ('HOME', '/home/edrom-mini'), ('OLDPWD', '/home/edrom-mini/edromufu/src/movement'), ('DESKTOP_SESSION', 'ubuntu'), ('GIO_LAUNCHED_DESKTOP_FILE', '/usr/share/applications/terminator.desktop'), ('ROS_PYTHON_VERSION', '3'), ('GNOME_SHELL_SESSION_MODE', 'ubuntu'), ('GTK_MODULES', 'gail:atk-bridge'), ('LC_MONETARY', 'pt_BR.UTF-8'), ('MANAGERPID', '1246'), ('LC_CTYPE', 'pt_BR.UTF-8'), ('SYSTEMD_EXEC_PID', '1423'), ('DBUS_SESSION_BUS_ADDRESS', 'unix:path=/run/user/1000/bus'), ('COLORTERM', 'truecolor'), ('TERMINATOR_DBUS_NAME', 'net.tenshu.Terminator25ef4b219e3b005583550f2b0f9f990c3'), ('GIO_LAUNCHED_DESKTOP_FILE_PID', '2907'), ('IM_CONFIG_PHASE', '1'), ('WAYLAND_DISPLAY', 'wayland-0'), ('ROS_DISTRO', 'humble'), ('LOGNAME', 'edrom-mini'), ('JOURNAL_STREAM', '8:12684'), ('_', '/usr/bin/colcon'), ('ROS_VERSION', '2'), ('XDG_SESSION_CLASS', 'user'), ('USERNAME', 'edrom-mini'), ('TERM', 'xterm-256color'), ('GNOME_DESKTOP_SESSION_ID', 'this-is-deprecated'), ('ROS_LOCALHOST_ONLY', '0'), ('PATH', '/opt/ros/humble/bin:/home/edrom-mini/.local/bin:/usr/local/sbin:/usr/local/bin:/usr/sbin:/usr/bin:/sbin:/bin:/usr/games:/usr/local/games:/snap/bin:/snap/bin'), ('SESSION_MANAGER', 'local/edrom-mini:@/tmp/.ICE-unix/1393,unix/edrom-mini:/tmp/.ICE-unix/1393'), ('INVOCATION_ID', '73c2e16a4b174a38958529bc365ecfb9'), ('XDG_MENU_PREFIX', 'gnome-'), ('LC_ADDRESS', 'pt_BR.UTF-8'), ('GNOME_SETUP_DISPLAY', ':1'), ('XDG_RUNTIME_DIR', '/run/user/1000'), ('DISPLAY', ':0'), ('TERMINATOR_DBUS_PATH', '/net/tenshu/Terminator2'), ('LANG', 'en_US.UTF-8'), ('XDG_CURRENT_DESKTOP', 'ubuntu:GNOME'), ('IBUS_DISABLE_SNOOPER', '1'), ('LC_TELEPHONE', 'pt_BR.UTF-8'), ('XMODIFIERS', '@im=ibus'), ('XDG_SESSION_DESKTOP', 'ubuntu'), ('XAUTHORITY', '/run/user/1000/.mutter-Xwaylandauth.APHAX2'), ('LS_COLORS', 'rs=0:di=01;34:ln=01;36:mh=00:pi=40;33:so=01;35:do=01;35:bd=40;33;01:cd=40;33;01:or=40;31;01:mi=00:su=37;41:sg=30;43:ca=30;41:tw=30;42:ow=34;42:st=37;44:ex=01;32:*.tar=01;31:*.tgz=01;31:*.arc=01;31:*.arj=01;31:*.taz=01;31:*.lha=01;31:*.lz4=01;31:*.lzh=01;31:*.lzma=01;31:*.tlz=01;31:*.txz=01;31:*.tzo=01;31:*.t7z=01;31:*.zip=01;31:*.z=01;31:*.dz=01;31:*.gz=01;31:*.lrz=01;31:*.lz=01;31:*.lzo=01;31:*.xz=01;31:*.zst=01;31:*.tzst=01;31:*.bz2=01;31:*.bz=01;31:*.tbz=01;31:*.tbz2=01;31:*.tz=01;31:*.deb=01;31:*.rpm=01;31:*.jar=01;31:*.war=01;31:*.ear=01;31:*.sar=01;31:*.rar=01;31:*.alz=01;31:*.ace=01;31:*.zoo=01;31:*.cpio=01;31:*.7z=01;31:*.rz=01;31:*.cab=01;31:*.wim=01;31:*.swm=01;31:*.dwm=01;31:*.esd=01;31:*.jpg=01;35:*.jpeg=01;35:*.mjpg=01;35:*.mjpeg=01;35:*.gif=01;35:*.bmp=01;35:*.pbm=01;35:*.pgm=01;35:*.ppm=01;35:*.tga=01;35:*.xbm=01;35:*.xpm=01;35:*.tif=01;35:*.tiff=01;35:*.png=01;35:*.svg=01;35:*.svgz=01;35:*.mng=01;35:*.pcx=01;35:*.mov=01;35:*.mpg=01;35:*.mpeg=01;35:*.m2v=01;35:*.mkv=01;35:*.webm=01;35:*.webp=01;35:*.ogm=01;35:*.mp4=01;35:*.m4v=01;35:*.mp4v=01;35:*.vob=01;35:*.qt=01;35:*.nuv=01;35:*.wmv=01;35:*.asf=01;35:*.rm=01;35:*.rmvb=01;35:*.flc=01;35:*.avi=01;35:*.fli=01;35:*.flv=01;35:*.gl=01;35:*.dl=01;35:*.xcf=01;35:*.xwd=01;35:*.yuv=01;35:*.cgm=01;35:*.emf=01;35:*.ogv=01;35:*.ogx=01;35:*.aac=00;36:*.au=00;36:*.flac=00;36:*.m4a=00;36:*.mid=00;36:*.midi=00;36:*.mka=00;36:*.mp3=00;36:*.mpc=00;36:*.ogg=00;36:*.ra=00;36:*.wav=00;36:*.oga=00;36:*.opus=00;36:*.spx=00;36:*.xspf=00;36:'), ('SSH_AGENT_LAUNCHER', 'gnome-keyring'), ('SSH_AUTH_SOCK', '/run/user/1000/keyring/ssh'), ('AMENT_PREFIX_PATH', '/opt/ros/humble'), ('SHELL', '/bin/bash'), ('LC_NAME', 'pt_BR.UTF-8'), ('TERMINATOR_UUID', 'urn:uuid:882e3c09-8619-434b-bb98-1f19910f819c'), ('QT_ACCESSIBILITY', '1'), ('GDMSESSION', 'ubuntu'), ('LESSCLOSE', '/usr/bin/lesspipe %s %s'), ('LC_MEASUREMENT', 'pt_BR.UTF-8'), ('GJS_DEBUG_OUTPUT', 'stderr'), ('LC_IDENTIFICATION', 'pt_BR.UTF-8'), ('QT_IM_MODULE', 'ibus'), ('PWD', '/home/edrom-mini/edromufu/src/movement/Ros2_change/build/movement_utils'), ('LC_ALL', 'en_US.UTF-8'), ('XDG_CONFIG_DIRS', '/etc/xdg/xdg-ubuntu:/etc/xdg'), ('XDG_DATA_DIRS', '/usr/share/ubuntu:/usr/local/share/:/usr/share/:/var/lib/snapd/desktop'), ('PYTHONPATH', '/opt/ros/humble/lib/python3.10/site-packages:/opt/ros/humble/local/lib/python3.10/dist-packages'), ('LC_NUMERIC', 'pt_BR.UTF-8'), ('LC_PAPER', 'pt_BR.UTF-8'), ('COLCON', '1'), ('VTE_VERSION', '6800'), ('CMAKE_PREFIX_PATH', '/opt/ros/humble')]), 'shell': False}
[4.163684] (movement_functions) CommandEnded: {'returncode': 0}
[4.172683] (movement_functions) JobEnded: {'identifier': 'movement_functions', 'rc': 0}
[4.174445] (urdf_robox) StdoutLine: {'line': b"-- Added test 'copyright' to check source files copyright and LICENSE\n"}
[4.180578] (urdf_robox) StdoutLine: {'line': b"-- Added test 'flake8' to check Python code syntax and style conventions\n"}
[4.181779] (urdf_robox) StdoutLine: {'line': b"-- Added test 'lint_cmake' to check CMake code style\n"}
[4.182795] (urdf_robox) StdoutLine: {'line': b"-- Added test 'pep257' to check Python code against some of the docstring style conventions in PEP 257\n"}
[4.185890] (urdf_robox) StdoutLine: {'line': b"-- Added test 'xmllint' to check XML markup files\n"}
[4.187608] (urdf_robox) StdoutLine: {'line': b'-- Configuring done (0.9s)\n'}
[4.191508] (urdf_robox) StdoutLine: {'line': b'-- Generating done (0.0s)\n'}
[4.193092] (urdf_robox) StdoutLine: {'line': b'-- Build files have been written to: /home/edrom-mini/edromufu/src/movement/Ros2_change/build/urdf_robox\n'}
[4.198852] (urdf_example) StdoutLine: {'line': b"-- Added test 'copyright' to check source files copyright and LICENSE\n"}
[4.202069] (urdf_example) StdoutLine: {'line': b"-- Added test 'flake8' to check Python code syntax and style conventions\n"}
[4.203169] (urdf_example) StdoutLine: {'line': b"-- Added test 'lint_cmake' to check CMake code style\n"}
[4.204139] (urdf_example) StdoutLine: {'line': b"-- Added test 'pep257' to check Python code against some of the docstring style conventions in PEP 257\n"}
[4.206032] (urdf_example) StdoutLine: {'line': b"-- Added test 'xmllint' to check XML markup files\n"}
[4.208028] (urdf_example) StdoutLine: {'line': b'-- Configuring done (0.9s)\n'}
[4.212318] (urdf_example) StdoutLine: {'line': b'-- Generating done (0.0s)\n'}
[4.214247] (urdf_example) StdoutLine: {'line': b'-- Build files have been written to: /home/edrom-mini/edromufu/src/movement/Ros2_change/build/urdf_example\n'}
[4.215984] (urdf_robox) CommandEnded: {'returncode': 0}
[4.217020] (urdf_robox) JobProgress: {'identifier': 'urdf_robox', 'progress': 'build'}
[4.217060] (urdf_robox) Command: {'cmd': ['/home/edrom-mini/.local/bin/cmake', '--build', '/home/edrom-mini/edromufu/src/movement/Ros2_change/build/urdf_robox', '--', '-j4', '-l4'], 'cwd': '/home/edrom-mini/edromufu/src/movement/Ros2_change/build/urdf_robox', 'env': OrderedDict([('GJS_DEBUG_TOPICS', 'JS ERROR;JS LOG'), ('LESSOPEN', '| /usr/bin/lesspipe %s'), ('USER', 'edrom-mini'), ('LC_TIME', 'pt_BR.UTF-8'), ('XDG_SESSION_TYPE', 'wayland'), ('SHLVL', '1'), ('LD_LIBRARY_PATH', '/opt/ros/humble/opt/rviz_ogre_vendor/lib:/opt/ros/humble/lib/x86_64-linux-gnu:/opt/ros/humble/lib'), ('HOME', '/home/edrom-mini'), ('OLDPWD', '/home/edrom-mini/edromufu/src/movement'), ('DESKTOP_SESSION', 'ubuntu'), ('GIO_LAUNCHED_DESKTOP_FILE', '/usr/share/applications/terminator.desktop'), ('ROS_PYTHON_VERSION', '3'), ('GNOME_SHELL_SESSION_MODE', 'ubuntu'), ('GTK_MODULES', 'gail:atk-bridge'), ('LC_MONETARY', 'pt_BR.UTF-8'), ('MANAGERPID', '1246'), ('LC_CTYPE', 'pt_BR.UTF-8'), ('SYSTEMD_EXEC_PID', '1423'), ('DBUS_SESSION_BUS_ADDRESS', 'unix:path=/run/user/1000/bus'), ('COLORTERM', 'truecolor'), ('TERMINATOR_DBUS_NAME', 'net.tenshu.Terminator25ef4b219e3b005583550f2b0f9f990c3'), ('GIO_LAUNCHED_DESKTOP_FILE_PID', '2907'), ('IM_CONFIG_PHASE', '1'), ('WAYLAND_DISPLAY', 'wayland-0'), ('ROS_DISTRO', 'humble'), ('LOGNAME', 'edrom-mini'), ('JOURNAL_STREAM', '8:12684'), ('_', '/usr/bin/colcon'), ('ROS_VERSION', '2'), ('XDG_SESSION_CLASS', 'user'), ('USERNAME', 'edrom-mini'), ('TERM', 'xterm-256color'), ('GNOME_DESKTOP_SESSION_ID', 'this-is-deprecated'), ('ROS_LOCALHOST_ONLY', '0'), ('PATH', '/opt/ros/humble/bin:/home/edrom-mini/.local/bin:/usr/local/sbin:/usr/local/bin:/usr/sbin:/usr/bin:/sbin:/bin:/usr/games:/usr/local/games:/snap/bin:/snap/bin'), ('SESSION_MANAGER', 'local/edrom-mini:@/tmp/.ICE-unix/1393,unix/edrom-mini:/tmp/.ICE-unix/1393'), ('INVOCATION_ID', '73c2e16a4b174a38958529bc365ecfb9'), ('XDG_MENU_PREFIX', 'gnome-'), ('LC_ADDRESS', 'pt_BR.UTF-8'), ('GNOME_SETUP_DISPLAY', ':1'), ('XDG_RUNTIME_DIR', '/run/user/1000'), ('DISPLAY', ':0'), ('TERMINATOR_DBUS_PATH', '/net/tenshu/Terminator2'), ('LANG', 'en_US.UTF-8'), ('XDG_CURRENT_DESKTOP', 'ubuntu:GNOME'), ('IBUS_DISABLE_SNOOPER', '1'), ('LC_TELEPHONE', 'pt_BR.UTF-8'), ('XMODIFIERS', '@im=ibus'), ('XDG_SESSION_DESKTOP', 'ubuntu'), ('XAUTHORITY', '/run/user/1000/.mutter-Xwaylandauth.APHAX2'), ('LS_COLORS', 'rs=0:di=01;34:ln=01;36:mh=00:pi=40;33:so=01;35:do=01;35:bd=40;33;01:cd=40;33;01:or=40;31;01:mi=00:su=37;41:sg=30;43:ca=30;41:tw=30;42:ow=34;42:st=37;44:ex=01;32:*.tar=01;31:*.tgz=01;31:*.arc=01;31:*.arj=01;31:*.taz=01;31:*.lha=01;31:*.lz4=01;31:*.lzh=01;31:*.lzma=01;31:*.tlz=01;31:*.txz=01;31:*.tzo=01;31:*.t7z=01;31:*.zip=01;31:*.z=01;31:*.dz=01;31:*.gz=01;31:*.lrz=01;31:*.lz=01;31:*.lzo=01;31:*.xz=01;31:*.zst=01;31:*.tzst=01;31:*.bz2=01;31:*.bz=01;31:*.tbz=01;31:*.tbz2=01;31:*.tz=01;31:*.deb=01;31:*.rpm=01;31:*.jar=01;31:*.war=01;31:*.ear=01;31:*.sar=01;31:*.rar=01;31:*.alz=01;31:*.ace=01;31:*.zoo=01;31:*.cpio=01;31:*.7z=01;31:*.rz=01;31:*.cab=01;31:*.wim=01;31:*.swm=01;31:*.dwm=01;31:*.esd=01;31:*.jpg=01;35:*.jpeg=01;35:*.mjpg=01;35:*.mjpeg=01;35:*.gif=01;35:*.bmp=01;35:*.pbm=01;35:*.pgm=01;35:*.ppm=01;35:*.tga=01;35:*.xbm=01;35:*.xpm=01;35:*.tif=01;35:*.tiff=01;35:*.png=01;35:*.svg=01;35:*.svgz=01;35:*.mng=01;35:*.pcx=01;35:*.mov=01;35:*.mpg=01;35:*.mpeg=01;35:*.m2v=01;35:*.mkv=01;35:*.webm=01;35:*.webp=01;35:*.ogm=01;35:*.mp4=01;35:*.m4v=01;35:*.mp4v=01;35:*.vob=01;35:*.qt=01;35:*.nuv=01;35:*.wmv=01;35:*.asf=01;35:*.rm=01;35:*.rmvb=01;35:*.flc=01;35:*.avi=01;35:*.fli=01;35:*.flv=01;35:*.gl=01;35:*.dl=01;35:*.xcf=01;35:*.xwd=01;35:*.yuv=01;35:*.cgm=01;35:*.emf=01;35:*.ogv=01;35:*.ogx=01;35:*.aac=00;36:*.au=00;36:*.flac=00;36:*.m4a=00;36:*.mid=00;36:*.midi=00;36:*.mka=00;36:*.mp3=00;36:*.mpc=00;36:*.ogg=00;36:*.ra=00;36:*.wav=00;36:*.oga=00;36:*.opus=00;36:*.spx=00;36:*.xspf=00;36:'), ('SSH_AGENT_LAUNCHER', 'gnome-keyring'), ('SSH_AUTH_SOCK', '/run/user/1000/keyring/ssh'), ('AMENT_PREFIX_PATH', '/opt/ros/humble'), ('SHELL', '/bin/bash'), ('LC_NAME', 'pt_BR.UTF-8'), ('TERMINATOR_UUID', 'urn:uuid:882e3c09-8619-434b-bb98-1f19910f819c'), ('QT_ACCESSIBILITY', '1'), ('GDMSESSION', 'ubuntu'), ('LESSCLOSE', '/usr/bin/lesspipe %s %s'), ('LC_MEASUREMENT', 'pt_BR.UTF-8'), ('GJS_DEBUG_OUTPUT', 'stderr'), ('LC_IDENTIFICATION', 'pt_BR.UTF-8'), ('QT_IM_MODULE', 'ibus'), ('PWD', '/home/edrom-mini/edromufu/src/movement/Ros2_change/build/urdf_robox'), ('LC_ALL', 'en_US.UTF-8'), ('XDG_CONFIG_DIRS', '/etc/xdg/xdg-ubuntu:/etc/xdg'), ('XDG_DATA_DIRS', '/usr/share/ubuntu:/usr/local/share/:/usr/share/:/var/lib/snapd/desktop'), ('PYTHONPATH', '/opt/ros/humble/lib/python3.10/site-packages:/opt/ros/humble/local/lib/python3.10/dist-packages'), ('LC_NUMERIC', 'pt_BR.UTF-8'), ('LC_PAPER', 'pt_BR.UTF-8'), ('COLCON', '1'), ('VTE_VERSION', '6800'), ('CMAKE_PREFIX_PATH', '/opt/ros/humble')]), 'shell': False}
[4.218988] (-) TimerEvent: {}
[4.237095] (urdf_example) CommandEnded: {'returncode': 0}
[4.237769] (urdf_example) JobProgress: {'identifier': 'urdf_example', 'progress': 'build'}
[4.238267] (urdf_example) Command: {'cmd': ['/home/edrom-mini/.local/bin/cmake', '--build', '/home/edrom-mini/edromufu/src/movement/Ros2_change/build/urdf_example', '--', '-j4', '-l4'], 'cwd': '/home/edrom-mini/edromufu/src/movement/Ros2_change/build/urdf_example', 'env': OrderedDict([('GJS_DEBUG_TOPICS', 'JS ERROR;JS LOG'), ('LESSOPEN', '| /usr/bin/lesspipe %s'), ('USER', 'edrom-mini'), ('LC_TIME', 'pt_BR.UTF-8'), ('XDG_SESSION_TYPE', 'wayland'), ('SHLVL', '1'), ('LD_LIBRARY_PATH', '/opt/ros/humble/opt/rviz_ogre_vendor/lib:/opt/ros/humble/lib/x86_64-linux-gnu:/opt/ros/humble/lib'), ('HOME', '/home/edrom-mini'), ('OLDPWD', '/home/edrom-mini/edromufu/src/movement'), ('DESKTOP_SESSION', 'ubuntu'), ('GIO_LAUNCHED_DESKTOP_FILE', '/usr/share/applications/terminator.desktop'), ('ROS_PYTHON_VERSION', '3'), ('GNOME_SHELL_SESSION_MODE', 'ubuntu'), ('GTK_MODULES', 'gail:atk-bridge'), ('LC_MONETARY', 'pt_BR.UTF-8'), ('MANAGERPID', '1246'), ('LC_CTYPE', 'pt_BR.UTF-8'), ('SYSTEMD_EXEC_PID', '1423'), ('DBUS_SESSION_BUS_ADDRESS', 'unix:path=/run/user/1000/bus'), ('COLORTERM', 'truecolor'), ('TERMINATOR_DBUS_NAME', 'net.tenshu.Terminator25ef4b219e3b005583550f2b0f9f990c3'), ('GIO_LAUNCHED_DESKTOP_FILE_PID', '2907'), ('IM_CONFIG_PHASE', '1'), ('WAYLAND_DISPLAY', 'wayland-0'), ('ROS_DISTRO', 'humble'), ('LOGNAME', 'edrom-mini'), ('JOURNAL_STREAM', '8:12684'), ('_', '/usr/bin/colcon'), ('ROS_VERSION', '2'), ('XDG_SESSION_CLASS', 'user'), ('USERNAME', 'edrom-mini'), ('TERM', 'xterm-256color'), ('GNOME_DESKTOP_SESSION_ID', 'this-is-deprecated'), ('ROS_LOCALHOST_ONLY', '0'), ('PATH', '/opt/ros/humble/bin:/home/edrom-mini/.local/bin:/usr/local/sbin:/usr/local/bin:/usr/sbin:/usr/bin:/sbin:/bin:/usr/games:/usr/local/games:/snap/bin:/snap/bin'), ('SESSION_MANAGER', 'local/edrom-mini:@/tmp/.ICE-unix/1393,unix/edrom-mini:/tmp/.ICE-unix/1393'), ('INVOCATION_ID', '73c2e16a4b174a38958529bc365ecfb9'), ('XDG_MENU_PREFIX', 'gnome-'), ('LC_ADDRESS', 'pt_BR.UTF-8'), ('GNOME_SETUP_DISPLAY', ':1'), ('XDG_RUNTIME_DIR', '/run/user/1000'), ('DISPLAY', ':0'), ('TERMINATOR_DBUS_PATH', '/net/tenshu/Terminator2'), ('LANG', 'en_US.UTF-8'), ('XDG_CURRENT_DESKTOP', 'ubuntu:GNOME'), ('IBUS_DISABLE_SNOOPER', '1'), ('LC_TELEPHONE', 'pt_BR.UTF-8'), ('XMODIFIERS', '@im=ibus'), ('XDG_SESSION_DESKTOP', 'ubuntu'), ('XAUTHORITY', '/run/user/1000/.mutter-Xwaylandauth.APHAX2'), ('LS_COLORS', 'rs=0:di=01;34:ln=01;36:mh=00:pi=40;33:so=01;35:do=01;35:bd=40;33;01:cd=40;33;01:or=40;31;01:mi=00:su=37;41:sg=30;43:ca=30;41:tw=30;42:ow=34;42:st=37;44:ex=01;32:*.tar=01;31:*.tgz=01;31:*.arc=01;31:*.arj=01;31:*.taz=01;31:*.lha=01;31:*.lz4=01;31:*.lzh=01;31:*.lzma=01;31:*.tlz=01;31:*.txz=01;31:*.tzo=01;31:*.t7z=01;31:*.zip=01;31:*.z=01;31:*.dz=01;31:*.gz=01;31:*.lrz=01;31:*.lz=01;31:*.lzo=01;31:*.xz=01;31:*.zst=01;31:*.tzst=01;31:*.bz2=01;31:*.bz=01;31:*.tbz=01;31:*.tbz2=01;31:*.tz=01;31:*.deb=01;31:*.rpm=01;31:*.jar=01;31:*.war=01;31:*.ear=01;31:*.sar=01;31:*.rar=01;31:*.alz=01;31:*.ace=01;31:*.zoo=01;31:*.cpio=01;31:*.7z=01;31:*.rz=01;31:*.cab=01;31:*.wim=01;31:*.swm=01;31:*.dwm=01;31:*.esd=01;31:*.jpg=01;35:*.jpeg=01;35:*.mjpg=01;35:*.mjpeg=01;35:*.gif=01;35:*.bmp=01;35:*.pbm=01;35:*.pgm=01;35:*.ppm=01;35:*.tga=01;35:*.xbm=01;35:*.xpm=01;35:*.tif=01;35:*.tiff=01;35:*.png=01;35:*.svg=01;35:*.svgz=01;35:*.mng=01;35:*.pcx=01;35:*.mov=01;35:*.mpg=01;35:*.mpeg=01;35:*.m2v=01;35:*.mkv=01;35:*.webm=01;35:*.webp=01;35:*.ogm=01;35:*.mp4=01;35:*.m4v=01;35:*.mp4v=01;35:*.vob=01;35:*.qt=01;35:*.nuv=01;35:*.wmv=01;35:*.asf=01;35:*.rm=01;35:*.rmvb=01;35:*.flc=01;35:*.avi=01;35:*.fli=01;35:*.flv=01;35:*.gl=01;35:*.dl=01;35:*.xcf=01;35:*.xwd=01;35:*.yuv=01;35:*.cgm=01;35:*.emf=01;35:*.ogv=01;35:*.ogx=01;35:*.aac=00;36:*.au=00;36:*.flac=00;36:*.m4a=00;36:*.mid=00;36:*.midi=00;36:*.mka=00;36:*.mp3=00;36:*.mpc=00;36:*.ogg=00;36:*.ra=00;36:*.wav=00;36:*.oga=00;36:*.opus=00;36:*.spx=00;36:*.xspf=00;36:'), ('SSH_AGENT_LAUNCHER', 'gnome-keyring'), ('SSH_AUTH_SOCK', '/run/user/1000/keyring/ssh'), ('AMENT_PREFIX_PATH', '/opt/ros/humble'), ('SHELL', '/bin/bash'), ('LC_NAME', 'pt_BR.UTF-8'), ('TERMINATOR_UUID', 'urn:uuid:882e3c09-8619-434b-bb98-1f19910f819c'), ('QT_ACCESSIBILITY', '1'), ('GDMSESSION', 'ubuntu'), ('LESSCLOSE', '/usr/bin/lesspipe %s %s'), ('LC_MEASUREMENT', 'pt_BR.UTF-8'), ('GJS_DEBUG_OUTPUT', 'stderr'), ('LC_IDENTIFICATION', 'pt_BR.UTF-8'), ('QT_IM_MODULE', 'ibus'), ('PWD', '/home/edrom-mini/edromufu/src/movement/Ros2_change/build/urdf_example'), ('LC_ALL', 'en_US.UTF-8'), ('XDG_CONFIG_DIRS', '/etc/xdg/xdg-ubuntu:/etc/xdg'), ('XDG_DATA_DIRS', '/usr/share/ubuntu:/usr/local/share/:/usr/share/:/var/lib/snapd/desktop'), ('PYTHONPATH', '/opt/ros/humble/lib/python3.10/site-packages:/opt/ros/humble/local/lib/python3.10/dist-packages'), ('LC_NUMERIC', 'pt_BR.UTF-8'), ('LC_PAPER', 'pt_BR.UTF-8'), ('COLCON', '1'), ('VTE_VERSION', '6800'), ('CMAKE_PREFIX_PATH', '/opt/ros/humble')]), 'shell': False}
[4.267034] (movement_utils) StdoutLine: {'line': b'[  1%] \x1b[34m\x1b[1mGenerating C code for ROS interfaces\x1b[0m\n'}
[4.272515] (movement_utils) StdoutLine: {'line': b'[  2%] \x1b[34m\x1b[1mGenerating C++ code for ROS interfaces\x1b[0m\n'}
[4.284313] (movement_utils) StdoutLine: {'line': b'[  2%] Built target ament_cmake_python_copy_movement_utils\n'}
[4.320187] (-) TimerEvent: {}
[4.393077] (urdf_robox) CommandEnded: {'returncode': 0}
[4.405329] (urdf_example) CommandEnded: {'returncode': 0}
[4.420267] (-) TimerEvent: {}
[4.520639] (-) TimerEvent: {}
[4.588015] (urdf_robox) JobProgress: {'identifier': 'urdf_robox', 'progress': 'install'}
[4.588355] (urdf_robox) Command: {'cmd': ['/home/edrom-mini/.local/bin/cmake', '--install', '/home/edrom-mini/edromufu/src/movement/Ros2_change/build/urdf_robox'], 'cwd': '/home/edrom-mini/edromufu/src/movement/Ros2_change/build/urdf_robox', 'env': OrderedDict([('GJS_DEBUG_TOPICS', 'JS ERROR;JS LOG'), ('LESSOPEN', '| /usr/bin/lesspipe %s'), ('USER', 'edrom-mini'), ('LC_TIME', 'pt_BR.UTF-8'), ('XDG_SESSION_TYPE', 'wayland'), ('SHLVL', '1'), ('LD_LIBRARY_PATH', '/opt/ros/humble/opt/rviz_ogre_vendor/lib:/opt/ros/humble/lib/x86_64-linux-gnu:/opt/ros/humble/lib'), ('HOME', '/home/edrom-mini'), ('OLDPWD', '/home/edrom-mini/edromufu/src/movement'), ('DESKTOP_SESSION', 'ubuntu'), ('GIO_LAUNCHED_DESKTOP_FILE', '/usr/share/applications/terminator.desktop'), ('ROS_PYTHON_VERSION', '3'), ('GNOME_SHELL_SESSION_MODE', 'ubuntu'), ('GTK_MODULES', 'gail:atk-bridge'), ('LC_MONETARY', 'pt_BR.UTF-8'), ('MANAGERPID', '1246'), ('LC_CTYPE', 'pt_BR.UTF-8'), ('SYSTEMD_EXEC_PID', '1423'), ('DBUS_SESSION_BUS_ADDRESS', 'unix:path=/run/user/1000/bus'), ('COLORTERM', 'truecolor'), ('TERMINATOR_DBUS_NAME', 'net.tenshu.Terminator25ef4b219e3b005583550f2b0f9f990c3'), ('GIO_LAUNCHED_DESKTOP_FILE_PID', '2907'), ('IM_CONFIG_PHASE', '1'), ('WAYLAND_DISPLAY', 'wayland-0'), ('ROS_DISTRO', 'humble'), ('LOGNAME', 'edrom-mini'), ('JOURNAL_STREAM', '8:12684'), ('_', '/usr/bin/colcon'), ('ROS_VERSION', '2'), ('XDG_SESSION_CLASS', 'user'), ('USERNAME', 'edrom-mini'), ('TERM', 'xterm-256color'), ('GNOME_DESKTOP_SESSION_ID', 'this-is-deprecated'), ('ROS_LOCALHOST_ONLY', '0'), ('PATH', '/opt/ros/humble/bin:/home/edrom-mini/.local/bin:/usr/local/sbin:/usr/local/bin:/usr/sbin:/usr/bin:/sbin:/bin:/usr/games:/usr/local/games:/snap/bin:/snap/bin'), ('SESSION_MANAGER', 'local/edrom-mini:@/tmp/.ICE-unix/1393,unix/edrom-mini:/tmp/.ICE-unix/1393'), ('INVOCATION_ID', '73c2e16a4b174a38958529bc365ecfb9'), ('XDG_MENU_PREFIX', 'gnome-'), ('LC_ADDRESS', 'pt_BR.UTF-8'), ('GNOME_SETUP_DISPLAY', ':1'), ('XDG_RUNTIME_DIR', '/run/user/1000'), ('DISPLAY', ':0'), ('TERMINATOR_DBUS_PATH', '/net/tenshu/Terminator2'), ('LANG', 'en_US.UTF-8'), ('XDG_CURRENT_DESKTOP', 'ubuntu:GNOME'), ('IBUS_DISABLE_SNOOPER', '1'), ('LC_TELEPHONE', 'pt_BR.UTF-8'), ('XMODIFIERS', '@im=ibus'), ('XDG_SESSION_DESKTOP', 'ubuntu'), ('XAUTHORITY', '/run/user/1000/.mutter-Xwaylandauth.APHAX2'), ('LS_COLORS', 'rs=0:di=01;34:ln=01;36:mh=00:pi=40;33:so=01;35:do=01;35:bd=40;33;01:cd=40;33;01:or=40;31;01:mi=00:su=37;41:sg=30;43:ca=30;41:tw=30;42:ow=34;42:st=37;44:ex=01;32:*.tar=01;31:*.tgz=01;31:*.arc=01;31:*.arj=01;31:*.taz=01;31:*.lha=01;31:*.lz4=01;31:*.lzh=01;31:*.lzma=01;31:*.tlz=01;31:*.txz=01;31:*.tzo=01;31:*.t7z=01;31:*.zip=01;31:*.z=01;31:*.dz=01;31:*.gz=01;31:*.lrz=01;31:*.lz=01;31:*.lzo=01;31:*.xz=01;31:*.zst=01;31:*.tzst=01;31:*.bz2=01;31:*.bz=01;31:*.tbz=01;31:*.tbz2=01;31:*.tz=01;31:*.deb=01;31:*.rpm=01;31:*.jar=01;31:*.war=01;31:*.ear=01;31:*.sar=01;31:*.rar=01;31:*.alz=01;31:*.ace=01;31:*.zoo=01;31:*.cpio=01;31:*.7z=01;31:*.rz=01;31:*.cab=01;31:*.wim=01;31:*.swm=01;31:*.dwm=01;31:*.esd=01;31:*.jpg=01;35:*.jpeg=01;35:*.mjpg=01;35:*.mjpeg=01;35:*.gif=01;35:*.bmp=01;35:*.pbm=01;35:*.pgm=01;35:*.ppm=01;35:*.tga=01;35:*.xbm=01;35:*.xpm=01;35:*.tif=01;35:*.tiff=01;35:*.png=01;35:*.svg=01;35:*.svgz=01;35:*.mng=01;35:*.pcx=01;35:*.mov=01;35:*.mpg=01;35:*.mpeg=01;35:*.m2v=01;35:*.mkv=01;35:*.webm=01;35:*.webp=01;35:*.ogm=01;35:*.mp4=01;35:*.m4v=01;35:*.mp4v=01;35:*.vob=01;35:*.qt=01;35:*.nuv=01;35:*.wmv=01;35:*.asf=01;35:*.rm=01;35:*.rmvb=01;35:*.flc=01;35:*.avi=01;35:*.fli=01;35:*.flv=01;35:*.gl=01;35:*.dl=01;35:*.xcf=01;35:*.xwd=01;35:*.yuv=01;35:*.cgm=01;35:*.emf=01;35:*.ogv=01;35:*.ogx=01;35:*.aac=00;36:*.au=00;36:*.flac=00;36:*.m4a=00;36:*.mid=00;36:*.midi=00;36:*.mka=00;36:*.mp3=00;36:*.mpc=00;36:*.ogg=00;36:*.ra=00;36:*.wav=00;36:*.oga=00;36:*.opus=00;36:*.spx=00;36:*.xspf=00;36:'), ('SSH_AGENT_LAUNCHER', 'gnome-keyring'), ('SSH_AUTH_SOCK', '/run/user/1000/keyring/ssh'), ('AMENT_PREFIX_PATH', '/opt/ros/humble'), ('SHELL', '/bin/bash'), ('LC_NAME', 'pt_BR.UTF-8'), ('TERMINATOR_UUID', 'urn:uuid:882e3c09-8619-434b-bb98-1f19910f819c'), ('QT_ACCESSIBILITY', '1'), ('GDMSESSION', 'ubuntu'), ('LESSCLOSE', '/usr/bin/lesspipe %s %s'), ('LC_MEASUREMENT', 'pt_BR.UTF-8'), ('GJS_DEBUG_OUTPUT', 'stderr'), ('LC_IDENTIFICATION', 'pt_BR.UTF-8'), ('QT_IM_MODULE', 'ibus'), ('PWD', '/home/edrom-mini/edromufu/src/movement/Ros2_change/build/urdf_robox'), ('LC_ALL', 'en_US.UTF-8'), ('XDG_CONFIG_DIRS', '/etc/xdg/xdg-ubuntu:/etc/xdg'), ('XDG_DATA_DIRS', '/usr/share/ubuntu:/usr/local/share/:/usr/share/:/var/lib/snapd/desktop'), ('PYTHONPATH', '/opt/ros/humble/lib/python3.10/site-packages:/opt/ros/humble/local/lib/python3.10/dist-packages'), ('LC_NUMERIC', 'pt_BR.UTF-8'), ('LC_PAPER', 'pt_BR.UTF-8'), ('COLCON', '1'), ('VTE_VERSION', '6800'), ('CMAKE_PREFIX_PATH', '/opt/ros/humble')]), 'shell': False}
[4.595707] (urdf_example) JobProgress: {'identifier': 'urdf_example', 'progress': 'install'}
[4.596838] (urdf_example) Command: {'cmd': ['/home/edrom-mini/.local/bin/cmake', '--install', '/home/edrom-mini/edromufu/src/movement/Ros2_change/build/urdf_example'], 'cwd': '/home/edrom-mini/edromufu/src/movement/Ros2_change/build/urdf_example', 'env': OrderedDict([('GJS_DEBUG_TOPICS', 'JS ERROR;JS LOG'), ('LESSOPEN', '| /usr/bin/lesspipe %s'), ('USER', 'edrom-mini'), ('LC_TIME', 'pt_BR.UTF-8'), ('XDG_SESSION_TYPE', 'wayland'), ('SHLVL', '1'), ('LD_LIBRARY_PATH', '/opt/ros/humble/opt/rviz_ogre_vendor/lib:/opt/ros/humble/lib/x86_64-linux-gnu:/opt/ros/humble/lib'), ('HOME', '/home/edrom-mini'), ('OLDPWD', '/home/edrom-mini/edromufu/src/movement'), ('DESKTOP_SESSION', 'ubuntu'), ('GIO_LAUNCHED_DESKTOP_FILE', '/usr/share/applications/terminator.desktop'), ('ROS_PYTHON_VERSION', '3'), ('GNOME_SHELL_SESSION_MODE', 'ubuntu'), ('GTK_MODULES', 'gail:atk-bridge'), ('LC_MONETARY', 'pt_BR.UTF-8'), ('MANAGERPID', '1246'), ('LC_CTYPE', 'pt_BR.UTF-8'), ('SYSTEMD_EXEC_PID', '1423'), ('DBUS_SESSION_BUS_ADDRESS', 'unix:path=/run/user/1000/bus'), ('COLORTERM', 'truecolor'), ('TERMINATOR_DBUS_NAME', 'net.tenshu.Terminator25ef4b219e3b005583550f2b0f9f990c3'), ('GIO_LAUNCHED_DESKTOP_FILE_PID', '2907'), ('IM_CONFIG_PHASE', '1'), ('WAYLAND_DISPLAY', 'wayland-0'), ('ROS_DISTRO', 'humble'), ('LOGNAME', 'edrom-mini'), ('JOURNAL_STREAM', '8:12684'), ('_', '/usr/bin/colcon'), ('ROS_VERSION', '2'), ('XDG_SESSION_CLASS', 'user'), ('USERNAME', 'edrom-mini'), ('TERM', 'xterm-256color'), ('GNOME_DESKTOP_SESSION_ID', 'this-is-deprecated'), ('ROS_LOCALHOST_ONLY', '0'), ('PATH', '/opt/ros/humble/bin:/home/edrom-mini/.local/bin:/usr/local/sbin:/usr/local/bin:/usr/sbin:/usr/bin:/sbin:/bin:/usr/games:/usr/local/games:/snap/bin:/snap/bin'), ('SESSION_MANAGER', 'local/edrom-mini:@/tmp/.ICE-unix/1393,unix/edrom-mini:/tmp/.ICE-unix/1393'), ('INVOCATION_ID', '73c2e16a4b174a38958529bc365ecfb9'), ('XDG_MENU_PREFIX', 'gnome-'), ('LC_ADDRESS', 'pt_BR.UTF-8'), ('GNOME_SETUP_DISPLAY', ':1'), ('XDG_RUNTIME_DIR', '/run/user/1000'), ('DISPLAY', ':0'), ('TERMINATOR_DBUS_PATH', '/net/tenshu/Terminator2'), ('LANG', 'en_US.UTF-8'), ('XDG_CURRENT_DESKTOP', 'ubuntu:GNOME'), ('IBUS_DISABLE_SNOOPER', '1'), ('LC_TELEPHONE', 'pt_BR.UTF-8'), ('XMODIFIERS', '@im=ibus'), ('XDG_SESSION_DESKTOP', 'ubuntu'), ('XAUTHORITY', '/run/user/1000/.mutter-Xwaylandauth.APHAX2'), ('LS_COLORS', 'rs=0:di=01;34:ln=01;36:mh=00:pi=40;33:so=01;35:do=01;35:bd=40;33;01:cd=40;33;01:or=40;31;01:mi=00:su=37;41:sg=30;43:ca=30;41:tw=30;42:ow=34;42:st=37;44:ex=01;32:*.tar=01;31:*.tgz=01;31:*.arc=01;31:*.arj=01;31:*.taz=01;31:*.lha=01;31:*.lz4=01;31:*.lzh=01;31:*.lzma=01;31:*.tlz=01;31:*.txz=01;31:*.tzo=01;31:*.t7z=01;31:*.zip=01;31:*.z=01;31:*.dz=01;31:*.gz=01;31:*.lrz=01;31:*.lz=01;31:*.lzo=01;31:*.xz=01;31:*.zst=01;31:*.tzst=01;31:*.bz2=01;31:*.bz=01;31:*.tbz=01;31:*.tbz2=01;31:*.tz=01;31:*.deb=01;31:*.rpm=01;31:*.jar=01;31:*.war=01;31:*.ear=01;31:*.sar=01;31:*.rar=01;31:*.alz=01;31:*.ace=01;31:*.zoo=01;31:*.cpio=01;31:*.7z=01;31:*.rz=01;31:*.cab=01;31:*.wim=01;31:*.swm=01;31:*.dwm=01;31:*.esd=01;31:*.jpg=01;35:*.jpeg=01;35:*.mjpg=01;35:*.mjpeg=01;35:*.gif=01;35:*.bmp=01;35:*.pbm=01;35:*.pgm=01;35:*.ppm=01;35:*.tga=01;35:*.xbm=01;35:*.xpm=01;35:*.tif=01;35:*.tiff=01;35:*.png=01;35:*.svg=01;35:*.svgz=01;35:*.mng=01;35:*.pcx=01;35:*.mov=01;35:*.mpg=01;35:*.mpeg=01;35:*.m2v=01;35:*.mkv=01;35:*.webm=01;35:*.webp=01;35:*.ogm=01;35:*.mp4=01;35:*.m4v=01;35:*.mp4v=01;35:*.vob=01;35:*.qt=01;35:*.nuv=01;35:*.wmv=01;35:*.asf=01;35:*.rm=01;35:*.rmvb=01;35:*.flc=01;35:*.avi=01;35:*.fli=01;35:*.flv=01;35:*.gl=01;35:*.dl=01;35:*.xcf=01;35:*.xwd=01;35:*.yuv=01;35:*.cgm=01;35:*.emf=01;35:*.ogv=01;35:*.ogx=01;35:*.aac=00;36:*.au=00;36:*.flac=00;36:*.m4a=00;36:*.mid=00;36:*.midi=00;36:*.mka=00;36:*.mp3=00;36:*.mpc=00;36:*.ogg=00;36:*.ra=00;36:*.wav=00;36:*.oga=00;36:*.opus=00;36:*.spx=00;36:*.xspf=00;36:'), ('SSH_AGENT_LAUNCHER', 'gnome-keyring'), ('SSH_AUTH_SOCK', '/run/user/1000/keyring/ssh'), ('AMENT_PREFIX_PATH', '/opt/ros/humble'), ('SHELL', '/bin/bash'), ('LC_NAME', 'pt_BR.UTF-8'), ('TERMINATOR_UUID', 'urn:uuid:882e3c09-8619-434b-bb98-1f19910f819c'), ('QT_ACCESSIBILITY', '1'), ('GDMSESSION', 'ubuntu'), ('LESSCLOSE', '/usr/bin/lesspipe %s %s'), ('LC_MEASUREMENT', 'pt_BR.UTF-8'), ('GJS_DEBUG_OUTPUT', 'stderr'), ('LC_IDENTIFICATION', 'pt_BR.UTF-8'), ('QT_IM_MODULE', 'ibus'), ('PWD', '/home/edrom-mini/edromufu/src/movement/Ros2_change/build/urdf_example'), ('LC_ALL', 'en_US.UTF-8'), ('XDG_CONFIG_DIRS', '/etc/xdg/xdg-ubuntu:/etc/xdg'), ('XDG_DATA_DIRS', '/usr/share/ubuntu:/usr/local/share/:/usr/share/:/var/lib/snapd/desktop'), ('PYTHONPATH', '/opt/ros/humble/lib/python3.10/site-packages:/opt/ros/humble/local/lib/python3.10/dist-packages'), ('LC_NUMERIC', 'pt_BR.UTF-8'), ('LC_PAPER', 'pt_BR.UTF-8'), ('COLCON', '1'), ('VTE_VERSION', '6800'), ('CMAKE_PREFIX_PATH', '/opt/ros/humble')]), 'shell': False}
[4.622669] (-) TimerEvent: {}
[4.671502] (movement_utils) StdoutLine: {'line': b'running egg_info\n'}
[4.672462] (movement_utils) StdoutLine: {'line': b'creating movement_utils.egg-info\n'}
[4.676658] (movement_utils) StdoutLine: {'line': b'writing movement_utils.egg-info/PKG-INFO\n'}
[4.676863] (movement_utils) StdoutLine: {'line': b'writing dependency_links to movement_utils.egg-info/dependency_links.txt\n'}
[4.676970] (movement_utils) StdoutLine: {'line': b'writing top-level names to movement_utils.egg-info/top_level.txt\n'}
[4.677081] (movement_utils) StdoutLine: {'line': b"writing manifest file 'movement_utils.egg-info/SOURCES.txt'\n"}
[4.677174] (movement_utils) StdoutLine: {'line': b"reading manifest file 'movement_utils.egg-info/SOURCES.txt'\n"}
[4.677392] (movement_utils) StdoutLine: {'line': b"writing manifest file 'movement_utils.egg-info/SOURCES.txt'\n"}
[4.703951] (urdf_robox) StdoutLine: {'line': b'-- Install configuration: ""\n'}
[4.704192] (urdf_robox) StdoutLine: {'line': b'-- Up-to-date: /home/edrom-mini/edromufu/src/movement/Ros2_change/install/urdf_robox/share/urdf_robox/urdf\n'}
[4.704412] (urdf_robox) StdoutLine: {'line': b'-- Installing: /home/edrom-mini/edromufu/src/movement/Ros2_change/install/urdf_robox/share/urdf_robox/urdf/urdf_robox.csv\n'}
[4.705064] (urdf_robox) StdoutLine: {'line': b'-- Installing: /home/edrom-mini/edromufu/src/movement/Ros2_change/install/urdf_robox/share/urdf_robox/urdf/urdf_robox.urdf\n'}
[4.705658] (urdf_robox) StdoutLine: {'line': b'-- Up-to-date: /home/edrom-mini/edromufu/src/movement/Ros2_change/install/urdf_robox/share/urdf_robox/launch\n'}
[4.706269] (urdf_robox) StdoutLine: {'line': b'-- Installing: /home/edrom-mini/edromufu/src/movement/Ros2_change/install/urdf_robox/share/urdf_robox/launch/rsp_sim.launch.py\n'}
[4.706486] (urdf_robox) StdoutLine: {'line': b'-- Installing: /home/edrom-mini/edromufu/src/movement/Ros2_change/install/urdf_robox/share/urdf_robox/launch/gazebo.launch\n'}
[4.707099] (urdf_robox) StdoutLine: {'line': b'-- Installing: /home/edrom-mini/edromufu/src/movement/Ros2_change/install/urdf_robox/share/urdf_robox/launch/rsp.launch.py\n'}
[4.707516] (urdf_robox) StdoutLine: {'line': b'-- Installing: /home/edrom-mini/edromufu/src/movement/Ros2_change/install/urdf_robox/share/urdf_robox/launch/display.launch\n'}
[4.707970] (urdf_robox) StdoutLine: {'line': b'-- Up-to-date: /home/edrom-mini/edromufu/src/movement/Ros2_change/install/urdf_robox/share/urdf_robox/meshes\n'}
[4.708563] (urdf_robox) StdoutLine: {'line': b'-- Installing: /home/edrom-mini/edromufu/src/movement/Ros2_change/install/urdf_robox/share/urdf_robox/meshes/RL_Link_1.STL\n'}
[4.708783] (urdf_robox) StdoutLine: {'line': b'-- Installing: /home/edrom-mini/edromufu/src/movement/Ros2_change/install/urdf_robox/share/urdf_robox/meshes/RL_Link_3.2.STL\n'}
[4.709181] (urdf_robox) StdoutLine: {'line': b'-- Installing: /home/edrom-mini/edromufu/src/movement/Ros2_change/install/urdf_robox/share/urdf_robox/meshes/LL_Link_3.1.STL\n'}
[4.709551] (urdf_robox) StdoutLine: {'line': b'-- Installing: /home/edrom-mini/edromufu/src/movement/Ros2_change/install/urdf_robox/share/urdf_robox/meshes/RA_Link.STL\n'}
[4.711164] (urdf_robox) StdoutLine: {'line': b'-- Installing: /home/edrom-mini/edromufu/src/movement/Ros2_change/install/urdf_robox/share/urdf_robox/meshes/RL_Link_4.3.STL\n'}
[4.711368] (movement_utils) StdoutLine: {'line': b'[  2%] Built target ament_cmake_python_build_movement_utils_egg\n'}
[4.712616] (urdf_robox) StdoutLine: {'line': b'-- Installing: /home/edrom-mini/edromufu/src/movement/Ros2_change/install/urdf_robox/share/urdf_robox/meshes/LA_Link.STL\n'}
[4.712826] (urdf_robox) StdoutLine: {'line': b'-- Installing: /home/edrom-mini/edromufu/src/movement/Ros2_change/install/urdf_robox/share/urdf_robox/meshes/RL_Link_2.1.STL\n'}
[4.713296] (urdf_robox) StdoutLine: {'line': b'-- Installing: /home/edrom-mini/edromufu/src/movement/Ros2_change/install/urdf_robox/share/urdf_robox/meshes/RL_Link_5.1.STL\n'}
[4.713684] (urdf_robox) StdoutLine: {'line': b'-- Installing: /home/edrom-mini/edromufu/src/movement/Ros2_change/install/urdf_robox/share/urdf_robox/meshes/LL_Link_5.2.STL\n'}
[4.714061] (urdf_robox) StdoutLine: {'line': b'-- Installing: /home/edrom-mini/edromufu/src/movement/Ros2_change/install/urdf_robox/share/urdf_robox/meshes/RL_Link_5.3.STL\n'}
[4.714583] (urdf_robox) StdoutLine: {'line': b'-- Installing: /home/edrom-mini/edromufu/src/movement/Ros2_change/install/urdf_robox/share/urdf_robox/meshes/RL_Link_2.2.STL\n'}
[4.715338] (urdf_robox) StdoutLine: {'line': b'-- Installing: /home/edrom-mini/edromufu/src/movement/Ros2_change/install/urdf_robox/share/urdf_robox/meshes/RL_Link_3.1.STL\n'}
[4.715511] (urdf_robox) StdoutLine: {'line': b'-- Installing: /home/edrom-mini/edromufu/src/movement/Ros2_change/install/urdf_robox/share/urdf_robox/meshes/RL_Link_3.3.STL\n'}
[4.716284] (urdf_robox) StdoutLine: {'line': b'-- Installing: /home/edrom-mini/edromufu/src/movement/Ros2_change/install/urdf_robox/share/urdf_robox/meshes/RL_Link_2.3.STL\n'}
[4.716453] (urdf_robox) StdoutLine: {'line': b'-- Installing: /home/edrom-mini/edromufu/src/movement/Ros2_change/install/urdf_robox/share/urdf_robox/meshes/LL_Link_4.3.STL\n'}
[4.716909] (urdf_robox) StdoutLine: {'line': b'-- Installing: /home/edrom-mini/edromufu/src/movement/Ros2_change/install/urdf_robox/share/urdf_robox/meshes/LL_Link_4.2.STL\n'}
[4.717628] (urdf_robox) StdoutLine: {'line': b'-- Installing: /home/edrom-mini/edromufu/src/movement/Ros2_change/install/urdf_robox/share/urdf_robox/meshes/LL_Link_2.1.STL\n'}
[4.717812] (urdf_robox) StdoutLine: {'line': b'-- Installing: /home/edrom-mini/edromufu/src/movement/Ros2_change/install/urdf_robox/share/urdf_robox/meshes/LL_Link_4.1.STL\n'}
[4.718515] (urdf_robox) StdoutLine: {'line': b'-- Installing: /home/edrom-mini/edromufu/src/movement/Ros2_change/install/urdf_robox/share/urdf_robox/meshes/LL_Link_6.STL\n'}
[4.718723] (urdf_robox) StdoutLine: {'line': b'-- Installing: /home/edrom-mini/edromufu/src/movement/Ros2_change/install/urdf_robox/share/urdf_robox/meshes/RL_Link_4.1.STL\n'}
[4.719199] (urdf_robox) StdoutLine: {'line': b'-- Installing: /home/edrom-mini/edromufu/src/movement/Ros2_change/install/urdf_robox/share/urdf_robox/meshes/LL_Link_3.2.STL\n'}
[4.719809] (urdf_robox) StdoutLine: {'line': b'-- Installing: /home/edrom-mini/edromufu/src/movement/Ros2_change/install/urdf_robox/share/urdf_robox/meshes/LL_Link_5.1.STL\n'}
[4.719973] (urdf_robox) StdoutLine: {'line': b'-- Installing: /home/edrom-mini/edromufu/src/movement/Ros2_change/install/urdf_robox/share/urdf_robox/meshes/LL_Link_1.STL\n'}
[4.720462] (urdf_robox) StdoutLine: {'line': b'-- Installing: /home/edrom-mini/edromufu/src/movement/Ros2_change/install/urdf_robox/share/urdf_robox/meshes/LL_Link_2.3.STL\n'}
[4.720919] (urdf_robox) StdoutLine: {'line': b'-- Installing: /home/edrom-mini/edromufu/src/movement/Ros2_change/install/urdf_robox/share/urdf_robox/meshes/RL_Link_6.STL\n'}
[4.721657] (urdf_robox) StdoutLine: {'line': b'-- Installing: /home/edrom-mini/edromufu/src/movement/Ros2_change/install/urdf_robox/share/urdf_robox/meshes/RL_Link_4.2.STL\n'}
[4.721828] (urdf_robox) StdoutLine: {'line': b'-- Installing: /home/edrom-mini/edromufu/src/movement/Ros2_change/install/urdf_robox/share/urdf_robox/meshes/Link_0.STL\n'}
[4.722737] (-) TimerEvent: {}
[4.738881] (urdf_robox) StdoutLine: {'line': b'-- Installing: /home/edrom-mini/edromufu/src/movement/Ros2_change/install/urdf_robox/share/urdf_robox/meshes/LL_Link_5.3.STL\n'}
[4.739478] (urdf_robox) StdoutLine: {'line': b'-- Installing: /home/edrom-mini/edromufu/src/movement/Ros2_change/install/urdf_robox/share/urdf_robox/meshes/RL_Link_5.2.STL\n'}
[4.739891] (urdf_robox) StdoutLine: {'line': b'-- Installing: /home/edrom-mini/edromufu/src/movement/Ros2_change/install/urdf_robox/share/urdf_robox/meshes/LL_Link_3.3.STL\n'}
[4.740388] (urdf_robox) StdoutLine: {'line': b'-- Installing: /home/edrom-mini/edromufu/src/movement/Ros2_change/install/urdf_robox/share/urdf_robox/meshes/LL_Link_2.2.STL\n'}
[4.740873] (urdf_robox) StdoutLine: {'line': b'-- Up-to-date: /home/edrom-mini/edromufu/src/movement/Ros2_change/install/urdf_robox/share/urdf_robox/config\n'}
[4.741159] (urdf_robox) StdoutLine: {'line': b'-- Installing: /home/edrom-mini/edromufu/src/movement/Ros2_change/install/urdf_robox/share/urdf_robox/config/joint_names_urdf_robox.yaml\n'}
[4.741540] (urdf_robox) StdoutLine: {'line': b'-- Up-to-date: /home/edrom-mini/edromufu/src/movement/Ros2_change/install/urdf_robox/share/urdf_robox/worlds\n'}
[4.742125] (urdf_robox) StdoutLine: {'line': b'-- Installing: /home/edrom-mini/edromufu/src/movement/Ros2_change/install/urdf_robox/share/urdf_robox/worlds/test_world.world\n'}
[4.742341] (urdf_robox) StdoutLine: {'line': b'-- Installing: /home/edrom-mini/edromufu/src/movement/Ros2_change/install/urdf_robox/share/ament_index/resource_index/package_run_dependencies/urdf_robox\n'}
[4.742830] (urdf_robox) StdoutLine: {'line': b'-- Installing: /home/edrom-mini/edromufu/src/movement/Ros2_change/install/urdf_robox/share/ament_index/resource_index/parent_prefix_path/urdf_robox\n'}
[4.743272] (urdf_robox) StdoutLine: {'line': b'-- Installing: /home/edrom-mini/edromufu/src/movement/Ros2_change/install/urdf_robox/share/urdf_robox/environment/ament_prefix_path.sh\n'}
[4.743741] (urdf_robox) StdoutLine: {'line': b'-- Installing: /home/edrom-mini/edromufu/src/movement/Ros2_change/install/urdf_robox/share/urdf_robox/environment/ament_prefix_path.dsv\n'}
[4.744150] (urdf_robox) StdoutLine: {'line': b'-- Installing: /home/edrom-mini/edromufu/src/movement/Ros2_change/install/urdf_robox/share/urdf_robox/environment/path.sh\n'}
[4.744764] (urdf_robox) StdoutLine: {'line': b'-- Installing: /home/edrom-mini/edromufu/src/movement/Ros2_change/install/urdf_robox/share/urdf_robox/environment/path.dsv\n'}
[4.744932] (urdf_robox) StdoutLine: {'line': b'-- Installing: /home/edrom-mini/edromufu/src/movement/Ros2_change/install/urdf_robox/share/urdf_robox/local_setup.bash\n'}
[4.745318] (urdf_robox) StdoutLine: {'line': b'-- Installing: /home/edrom-mini/edromufu/src/movement/Ros2_change/install/urdf_robox/share/urdf_robox/local_setup.sh\n'}
[4.745722] (urdf_robox) StdoutLine: {'line': b'-- Installing: /home/edrom-mini/edromufu/src/movement/Ros2_change/install/urdf_robox/share/urdf_robox/local_setup.zsh\n'}
[4.746037] (urdf_example) StdoutLine: {'line': b'-- Install configuration: ""\n'}
[4.746477] (urdf_example) StdoutLine: {'line': b'-- Up-to-date: /home/edrom-mini/edromufu/src/movement/Ros2_change/install/urdf_example/share/urdf_example/description\n'}
[4.746789] (urdf_example) StdoutLine: {'line': b'-- Installing: /home/edrom-mini/edromufu/src/movement/Ros2_change/install/urdf_example/share/urdf_example/description/example_include.xacro\n'}
[4.747187] (urdf_robox) StdoutLine: {'line': b'-- Installing: /home/edrom-mini/edromufu/src/movement/Ros2_change/install/urdf_robox/share/urdf_robox/local_setup.dsv\n'}
[4.747462] (urdf_example) StdoutLine: {'line': b'-- Installing: /home/edrom-mini/edromufu/src/movement/Ros2_change/install/urdf_example/share/urdf_example/description/example_gazebo.xacro\n'}
[4.747837] (urdf_example) StdoutLine: {'line': b'-- Installing: /home/edrom-mini/edromufu/src/movement/Ros2_change/install/urdf_example/share/urdf_example/description/example_robot.urdf.xacro\n'}
[4.748145] (urdf_example) StdoutLine: {'line': b'-- Up-to-date: /home/edrom-mini/edromufu/src/movement/Ros2_change/install/urdf_example/share/urdf_example/launch\n'}
[4.748616] (urdf_example) StdoutLine: {'line': b'-- Installing: /home/edrom-mini/edromufu/src/movement/Ros2_change/install/urdf_example/share/urdf_example/launch/rsp_sim.launch.py\n'}
[4.749005] (urdf_example) StdoutLine: {'line': b'-- Installing: /home/edrom-mini/edromufu/src/movement/Ros2_change/install/urdf_example/share/urdf_example/launch/rsp.launch.py\n'}
[4.749352] (urdf_robox) StdoutLine: {'line': b'-- Installing: /home/edrom-mini/edromufu/src/movement/Ros2_change/install/urdf_robox/share/urdf_robox/package.dsv\n'}
[4.749657] (urdf_example) StdoutLine: {'line': b'-- Up-to-date: /home/edrom-mini/edromufu/src/movement/Ros2_change/install/urdf_example/share/urdf_example/worlds\n'}
[4.752830] (urdf_example) StdoutLine: {'line': b'-- Installing: /home/edrom-mini/edromufu/src/movement/Ros2_change/install/urdf_example/share/urdf_example/worlds/test_world.world\n'}
[4.753007] (urdf_example) StdoutLine: {'line': b'-- Installing: /home/edrom-mini/edromufu/src/movement/Ros2_change/install/urdf_example/share/ament_index/resource_index/package_run_dependencies/urdf_example\n'}
[4.753113] (urdf_example) StdoutLine: {'line': b'-- Installing: /home/edrom-mini/edromufu/src/movement/Ros2_change/install/urdf_example/share/ament_index/resource_index/parent_prefix_path/urdf_example\n'}
[4.753228] (urdf_robox) StdoutLine: {'line': b'-- Installing: /home/edrom-mini/edromufu/src/movement/Ros2_change/install/urdf_robox/share/ament_index/resource_index/packages/urdf_robox\n'}
[4.753355] (urdf_example) StdoutLine: {'line': b'-- Installing: /home/edrom-mini/edromufu/src/movement/Ros2_change/install/urdf_example/share/urdf_example/environment/ament_prefix_path.sh\n'}
[4.753454] (urdf_example) StdoutLine: {'line': b'-- Installing: /home/edrom-mini/edromufu/src/movement/Ros2_change/install/urdf_example/share/urdf_example/environment/ament_prefix_path.dsv\n'}
[4.753551] (urdf_robox) StdoutLine: {'line': b'-- Installing: /home/edrom-mini/edromufu/src/movement/Ros2_change/install/urdf_robox/share/urdf_robox/cmake/urdf_roboxConfig.cmake\n'}
[4.753671] (urdf_example) StdoutLine: {'line': b'-- Installing: /home/edrom-mini/edromufu/src/movement/Ros2_change/install/urdf_example/share/urdf_example/environment/path.sh\n'}
[4.753778] (urdf_example) StdoutLine: {'line': b'-- Installing: /home/edrom-mini/edromufu/src/movement/Ros2_change/install/urdf_example/share/urdf_example/environment/path.dsv\n'}
[4.753874] (urdf_example) StdoutLine: {'line': b'-- Installing: /home/edrom-mini/edromufu/src/movement/Ros2_change/install/urdf_example/share/urdf_example/local_setup.bash\n'}
[4.753971] (urdf_example) StdoutLine: {'line': b'-- Installing: /home/edrom-mini/edromufu/src/movement/Ros2_change/install/urdf_example/share/urdf_example/local_setup.sh\n'}
[4.754060] (urdf_robox) StdoutLine: {'line': b'-- Installing: /home/edrom-mini/edromufu/src/movement/Ros2_change/install/urdf_robox/share/urdf_robox/cmake/urdf_roboxConfig-version.cmake\n'}
[4.754159] (urdf_robox) StdoutLine: {'line': b'-- Installing: /home/edrom-mini/edromufu/src/movement/Ros2_change/install/urdf_robox/share/urdf_robox/package.xml\n'}
[4.754250] (urdf_example) StdoutLine: {'line': b'-- Installing: /home/edrom-mini/edromufu/src/movement/Ros2_change/install/urdf_example/share/urdf_example/local_setup.zsh\n'}
[4.754340] (urdf_example) StdoutLine: {'line': b'-- Installing: /home/edrom-mini/edromufu/src/movement/Ros2_change/install/urdf_example/share/urdf_example/local_setup.dsv\n'}
[4.754429] (urdf_example) StdoutLine: {'line': b'-- Installing: /home/edrom-mini/edromufu/src/movement/Ros2_change/install/urdf_example/share/urdf_example/package.dsv\n'}
[4.754515] (urdf_example) StdoutLine: {'line': b'-- Installing: /home/edrom-mini/edromufu/src/movement/Ros2_change/install/urdf_example/share/ament_index/resource_index/packages/urdf_example\n'}
[4.754614] (urdf_example) StdoutLine: {'line': b'-- Installing: /home/edrom-mini/edromufu/src/movement/Ros2_change/install/urdf_example/share/urdf_example/cmake/urdf_exampleConfig.cmake\n'}
[4.754735] (urdf_example) StdoutLine: {'line': b'-- Installing: /home/edrom-mini/edromufu/src/movement/Ros2_change/install/urdf_example/share/urdf_example/cmake/urdf_exampleConfig-version.cmake\n'}
[4.754823] (urdf_example) StdoutLine: {'line': b'-- Installing: /home/edrom-mini/edromufu/src/movement/Ros2_change/install/urdf_example/share/urdf_example/package.xml\n'}
[4.776681] (urdf_example) CommandEnded: {'returncode': 0}
[4.787750] (urdf_robox) CommandEnded: {'returncode': 0}
[4.822860] (-) TimerEvent: {}
[4.923244] (-) TimerEvent: {}
[4.939484] (urdf_example) JobEnded: {'identifier': 'urdf_example', 'rc': 0}
[4.948223] (urdf_robox) JobEnded: {'identifier': 'urdf_robox', 'rc': 0}
[5.023386] (-) TimerEvent: {}
[5.123677] (-) TimerEvent: {}
[5.223935] (-) TimerEvent: {}
[5.324261] (-) TimerEvent: {}
[5.366566] (movement_utils) StdoutLine: {'line': b'[  2%] Built target movement_utils__cpp\n'}
[5.373083] (movement_utils) StdoutLine: {'line': b'[  3%] \x1b[34m\x1b[1mGenerating C++ type support dispatch for ROS interfaces\x1b[0m\n'}
[5.376674] (movement_utils) StdoutLine: {'line': b'[  5%] \x1b[34m\x1b[1mGenerating C++ type support for eProsima Fast-RTPS\x1b[0m\n'}
[5.376913] (movement_utils) StdoutLine: {'line': b'[  5%] \x1b[34m\x1b[1mGenerating C++ introspection for ROS interfaces\x1b[0m\n'}
[5.424386] (-) TimerEvent: {}
[5.506730] (movement_utils) StdoutLine: {'line': b'[  6%] \x1b[32mBuilding C object CMakeFiles/movement_utils__rosidl_generator_c.dir/rosidl_generator_c/movement_utils/msg/detail/body_motors_data__functions.c.o\x1b[0m\n'}
[5.524491] (-) TimerEvent: {}
[5.581257] (movement_utils) StdoutLine: {'line': b'[  7%] \x1b[32mBuilding C object CMakeFiles/movement_utils__rosidl_generator_c.dir/rosidl_generator_c/movement_utils/msg/detail/head_motors_data__functions.c.o\x1b[0m\n'}
[5.624612] (-) TimerEvent: {}
[5.633155] (movement_utils) StdoutLine: {'line': b'[  8%] \x1b[32mBuilding C object CMakeFiles/movement_utils__rosidl_generator_c.dir/rosidl_generator_c/movement_utils/srv/detail/body_feedback__functions.c.o\x1b[0m\n'}
[5.700886] (movement_utils) StdoutLine: {'line': b'[  9%] \x1b[32mBuilding C object CMakeFiles/movement_utils__rosidl_generator_c.dir/rosidl_generator_c/movement_utils/srv/detail/enable_torque__functions.c.o\x1b[0m\n'}
[5.726671] (-) TimerEvent: {}
[5.771509] (movement_utils) StdoutLine: {'line': b'[ 10%] \x1b[32mBuilding C object CMakeFiles/movement_utils__rosidl_generator_c.dir/rosidl_generator_c/movement_utils/srv/detail/gait__functions.c.o\x1b[0m\n'}
[5.826782] (-) TimerEvent: {}
[5.839033] (movement_utils) StdoutLine: {'line': b'[ 11%] \x1b[32mBuilding C object CMakeFiles/movement_utils__rosidl_generator_c.dir/rosidl_generator_c/movement_utils/srv/detail/head_feedback__functions.c.o\x1b[0m\n'}
[5.907131] (movement_utils) StdoutLine: {'line': b'[ 12%] \x1b[32mBuilding C object CMakeFiles/movement_utils__rosidl_generator_c.dir/rosidl_generator_c/movement_utils/srv/detail/page__functions.c.o\x1b[0m\n'}
[5.926890] (-) TimerEvent: {}
[5.978102] (movement_utils) StdoutLine: {'line': b'[ 13%] \x1b[32mBuilding C object CMakeFiles/movement_utils__rosidl_generator_c.dir/rosidl_generator_c/movement_utils/srv/detail/rotate__functions.c.o\x1b[0m\n'}
[6.027869] (-) TimerEvent: {}
[6.031707] (movement_utils) StdoutLine: {'line': b'[ 14%] \x1b[32mBuilding CXX object CMakeFiles/movement_utils__rosidl_typesupport_cpp.dir/rosidl_typesupport_cpp/movement_utils/msg/body_motors_data__type_support.cpp.o\x1b[0m\n'}
[6.048568] (movement_utils) StdoutLine: {'line': b'[ 15%] \x1b[32mBuilding C object CMakeFiles/movement_utils__rosidl_generator_c.dir/rosidl_generator_c/movement_utils/srv/detail/walk_forward__functions.c.o\x1b[0m\n'}
[6.117718] (movement_utils) StdoutLine: {'line': b'[ 16%] \x1b[32m\x1b[1mLinking C shared library libmovement_utils__rosidl_generator_c.so\x1b[0m\n'}
[6.128824] (-) TimerEvent: {}
[6.164737] (movement_utils) StdoutLine: {'line': b'[ 16%] Built target movement_utils__rosidl_generator_c\n'}
[6.167475] (movement_utils) StdoutLine: {'line': b'[ 17%] \x1b[32mBuilding CXX object CMakeFiles/movement_utils__rosidl_typesupport_cpp.dir/rosidl_typesupport_cpp/movement_utils/msg/head_motors_data__type_support.cpp.o\x1b[0m\n'}
[6.212886] (movement_utils) StdoutLine: {'line': b'[ 18%] \x1b[32mBuilding CXX object CMakeFiles/movement_utils__rosidl_typesupport_introspection_cpp.dir/rosidl_typesupport_introspection_cpp/movement_utils/msg/detail/body_motors_data__type_support.cpp.o\x1b[0m\n'}
[6.228940] (-) TimerEvent: {}
[6.329301] (-) TimerEvent: {}
[6.374446] (movement_utils) StdoutLine: {'line': b'[ 20%] \x1b[32mBuilding CXX object CMakeFiles/movement_utils__rosidl_typesupport_fastrtps_cpp.dir/rosidl_typesupport_fastrtps_cpp/movement_utils/msg/detail/dds_fastrtps/body_motors_data__type_support.cpp.o\x1b[0m\n'}
[6.429436] (-) TimerEvent: {}
[6.474419] (movement_utils) StdoutLine: {'line': b'[ 21%] \x1b[34m\x1b[1mGenerating C type support for eProsima Fast-RTPS\x1b[0m\n'}
[6.529559] (-) TimerEvent: {}
[6.546945] (movement_utils) StdoutLine: {'line': b'[ 22%] \x1b[32mBuilding CXX object CMakeFiles/movement_utils__rosidl_typesupport_cpp.dir/rosidl_typesupport_cpp/movement_utils/srv/body_feedback__type_support.cpp.o\x1b[0m\n'}
[6.629706] (-) TimerEvent: {}
[6.730171] (-) TimerEvent: {}
[6.796942] (movement_utils) StdoutLine: {'line': b'[ 23%] \x1b[32mBuilding CXX object CMakeFiles/movement_utils__rosidl_typesupport_introspection_cpp.dir/rosidl_typesupport_introspection_cpp/movement_utils/msg/detail/head_motors_data__type_support.cpp.o\x1b[0m\n'}
[6.832677] (-) TimerEvent: {}
[6.929287] (movement_utils) StdoutLine: {'line': b'[ 24%] \x1b[32mBuilding CXX object CMakeFiles/movement_utils__rosidl_typesupport_cpp.dir/rosidl_typesupport_cpp/movement_utils/srv/enable_torque__type_support.cpp.o\x1b[0m\n'}
[6.932793] (-) TimerEvent: {}
[6.962456] (movement_utils) StdoutLine: {'line': b'[ 25%] \x1b[32mBuilding CXX object CMakeFiles/movement_utils__rosidl_typesupport_fastrtps_cpp.dir/rosidl_typesupport_fastrtps_cpp/movement_utils/msg/detail/dds_fastrtps/head_motors_data__type_support.cpp.o\x1b[0m\n'}
[7.032914] (-) TimerEvent: {}
[7.133291] (-) TimerEvent: {}
[7.233693] (-) TimerEvent: {}
[7.318739] (movement_utils) StdoutLine: {'line': b'[ 26%] \x1b[32mBuilding CXX object CMakeFiles/movement_utils__rosidl_typesupport_cpp.dir/rosidl_typesupport_cpp/movement_utils/srv/gait__type_support.cpp.o\x1b[0m\n'}
[7.333804] (-) TimerEvent: {}
[7.352098] (movement_utils) StdoutLine: {'line': b'[ 27%] \x1b[32mBuilding CXX object CMakeFiles/movement_utils__rosidl_typesupport_introspection_cpp.dir/rosidl_typesupport_introspection_cpp/movement_utils/srv/detail/body_feedback__type_support.cpp.o\x1b[0m\n'}
[7.433932] (-) TimerEvent: {}
[7.497655] (movement_utils) StdoutLine: {'line': b'[ 28%] \x1b[32mBuilding CXX object CMakeFiles/movement_utils__rosidl_typesupport_fastrtps_c.dir/rosidl_typesupport_fastrtps_c/movement_utils/msg/detail/body_motors_data__type_support_c.cpp.o\x1b[0m\n'}
[7.531962] (movement_utils) StdoutLine: {'line': b'[ 29%] \x1b[32mBuilding CXX object CMakeFiles/movement_utils__rosidl_typesupport_fastrtps_cpp.dir/rosidl_typesupport_fastrtps_cpp/movement_utils/srv/detail/dds_fastrtps/body_feedback__type_support.cpp.o\x1b[0m\n'}
[7.534054] (-) TimerEvent: {}
[7.634439] (-) TimerEvent: {}
[7.693351] (movement_utils) StdoutLine: {'line': b'[ 30%] \x1b[32mBuilding CXX object CMakeFiles/movement_utils__rosidl_typesupport_cpp.dir/rosidl_typesupport_cpp/movement_utils/srv/head_feedback__type_support.cpp.o\x1b[0m\n'}
[7.734576] (-) TimerEvent: {}
[7.837894] (-) TimerEvent: {}
[7.921560] (movement_utils) StdoutLine: {'line': b'[ 31%] \x1b[32mBuilding CXX object CMakeFiles/movement_utils__rosidl_typesupport_introspection_cpp.dir/rosidl_typesupport_introspection_cpp/movement_utils/srv/detail/enable_torque__type_support.cpp.o\x1b[0m\n'}
[7.938022] (-) TimerEvent: {}
[7.977488] (movement_utils) StdoutLine: {'line': b'[ 32%] \x1b[32mBuilding CXX object CMakeFiles/movement_utils__rosidl_typesupport_fastrtps_c.dir/rosidl_typesupport_fastrtps_c/movement_utils/msg/detail/head_motors_data__type_support_c.cpp.o\x1b[0m\n'}
[8.038156] (-) TimerEvent: {}
[8.075317] (movement_utils) StdoutLine: {'line': b'[ 33%] \x1b[32mBuilding CXX object CMakeFiles/movement_utils__rosidl_typesupport_cpp.dir/rosidl_typesupport_cpp/movement_utils/srv/page__type_support.cpp.o\x1b[0m\n'}
[8.125960] (movement_utils) StdoutLine: {'line': b'[ 34%] \x1b[32mBuilding CXX object CMakeFiles/movement_utils__rosidl_typesupport_fastrtps_cpp.dir/rosidl_typesupport_fastrtps_cpp/movement_utils/srv/detail/dds_fastrtps/enable_torque__type_support.cpp.o\x1b[0m\n'}
[8.139683] (-) TimerEvent: {}
[8.240088] (-) TimerEvent: {}
[8.340499] (-) TimerEvent: {}
[8.440923] (-) TimerEvent: {}
[8.456718] (movement_utils) StdoutLine: {'line': b'[ 35%] \x1b[32mBuilding CXX object CMakeFiles/movement_utils__rosidl_typesupport_fastrtps_c.dir/rosidl_typesupport_fastrtps_c/movement_utils/srv/detail/body_feedback__type_support_c.cpp.o\x1b[0m\n'}
[8.457718] (movement_utils) StdoutLine: {'line': b'[ 36%] \x1b[32mBuilding CXX object CMakeFiles/movement_utils__rosidl_typesupport_cpp.dir/rosidl_typesupport_cpp/movement_utils/srv/rotate__type_support.cpp.o\x1b[0m\n'}
[8.525472] (movement_utils) StdoutLine: {'line': b'[ 37%] \x1b[32mBuilding CXX object CMakeFiles/movement_utils__rosidl_typesupport_introspection_cpp.dir/rosidl_typesupport_introspection_cpp/movement_utils/srv/detail/gait__type_support.cpp.o\x1b[0m\n'}
[8.541045] (-) TimerEvent: {}
[8.641442] (-) TimerEvent: {}
[8.744901] (-) TimerEvent: {}
[8.786018] (movement_utils) StdoutLine: {'line': b'[ 38%] \x1b[32mBuilding CXX object CMakeFiles/movement_utils__rosidl_typesupport_fastrtps_cpp.dir/rosidl_typesupport_fastrtps_cpp/movement_utils/srv/detail/dds_fastrtps/gait__type_support.cpp.o\x1b[0m\n'}
[8.835981] (movement_utils) StdoutLine: {'line': b'[ 40%] \x1b[32mBuilding CXX object CMakeFiles/movement_utils__rosidl_typesupport_cpp.dir/rosidl_typesupport_cpp/movement_utils/srv/walk_forward__type_support.cpp.o\x1b[0m\n'}
[8.845050] (-) TimerEvent: {}
[8.945449] (-) TimerEvent: {}
[8.969734] (movement_utils) StdoutLine: {'line': b'[ 41%] \x1b[32mBuilding CXX object CMakeFiles/movement_utils__rosidl_typesupport_fastrtps_c.dir/rosidl_typesupport_fastrtps_c/movement_utils/srv/detail/enable_torque__type_support_c.cpp.o\x1b[0m\n'}
[9.045579] (-) TimerEvent: {}
[9.067567] (movement_utils) StdoutLine: {'line': b'[ 42%] \x1b[32mBuilding CXX object CMakeFiles/movement_utils__rosidl_typesupport_introspection_cpp.dir/rosidl_typesupport_introspection_cpp/movement_utils/srv/detail/head_feedback__type_support.cpp.o\x1b[0m\n'}
[9.145691] (-) TimerEvent: {}
[9.227677] (movement_utils) StdoutLine: {'line': b'[ 43%] \x1b[32m\x1b[1mLinking CXX shared library libmovement_utils__rosidl_typesupport_cpp.so\x1b[0m\n'}
[9.245828] (-) TimerEvent: {}
[9.277168] (movement_utils) StdoutLine: {'line': b'[ 43%] Built target movement_utils__rosidl_typesupport_cpp\n'}
[9.281745] (movement_utils) StdoutLine: {'line': b'[ 44%] \x1b[32mBuilding CXX object CMakeFiles/movement_utils__rosidl_typesupport_fastrtps_cpp.dir/rosidl_typesupport_fastrtps_cpp/movement_utils/srv/detail/dds_fastrtps/head_feedback__type_support.cpp.o\x1b[0m\n'}
[9.345958] (-) TimerEvent: {}
[9.374871] (movement_utils) StdoutLine: {'line': b'[ 45%] \x1b[34m\x1b[1mGenerating C introspection for ROS interfaces\x1b[0m\n'}
[9.446075] (-) TimerEvent: {}
[9.478132] (movement_utils) StdoutLine: {'line': b'[ 46%] \x1b[32mBuilding CXX object CMakeFiles/movement_utils__rosidl_typesupport_fastrtps_c.dir/rosidl_typesupport_fastrtps_c/movement_utils/srv/detail/gait__type_support_c.cpp.o\x1b[0m\n'}
[9.546211] (-) TimerEvent: {}
[9.628336] (movement_utils) StdoutLine: {'line': b'[ 47%] \x1b[32mBuilding CXX object CMakeFiles/movement_utils__rosidl_typesupport_introspection_cpp.dir/rosidl_typesupport_introspection_cpp/movement_utils/srv/detail/page__type_support.cpp.o\x1b[0m\n'}
[9.646355] (-) TimerEvent: {}
[9.746809] (-) TimerEvent: {}
[9.847701] (-) TimerEvent: {}
[9.900095] (movement_utils) StdoutLine: {'line': b'[ 48%] \x1b[32mBuilding CXX object CMakeFiles/movement_utils__rosidl_typesupport_fastrtps_cpp.dir/rosidl_typesupport_fastrtps_cpp/movement_utils/srv/detail/dds_fastrtps/page__type_support.cpp.o\x1b[0m\n'}
[9.949675] (-) TimerEvent: {}
[9.970896] (movement_utils) StdoutLine: {'line': b'[ 49%] \x1b[32mBuilding CXX object CMakeFiles/movement_utils__rosidl_typesupport_fastrtps_c.dir/rosidl_typesupport_fastrtps_c/movement_utils/srv/detail/head_feedback__type_support_c.cpp.o\x1b[0m\n'}
[10.049793] (-) TimerEvent: {}
[10.150179] (-) TimerEvent: {}
[10.171705] (movement_utils) StdoutLine: {'line': b'[ 50%] \x1b[32mBuilding CXX object CMakeFiles/movement_utils__rosidl_typesupport_introspection_cpp.dir/rosidl_typesupport_introspection_cpp/movement_utils/srv/detail/rotate__type_support.cpp.o\x1b[0m\n'}
[10.250314] (-) TimerEvent: {}
[10.328527] (movement_utils) StdoutLine: {'line': b'[ 51%] \x1b[32mBuilding C object CMakeFiles/movement_utils__rosidl_typesupport_introspection_c.dir/rosidl_typesupport_introspection_c/movement_utils/msg/detail/body_motors_data__type_support.c.o\x1b[0m\n'}
[10.350453] (-) TimerEvent: {}
[10.370496] (movement_utils) StdoutLine: {'line': b'[ 52%] \x1b[32mBuilding C object CMakeFiles/movement_utils__rosidl_typesupport_introspection_c.dir/rosidl_typesupport_introspection_c/movement_utils/msg/detail/head_motors_data__type_support.c.o\x1b[0m\n'}
[10.411412] (movement_utils) StdoutLine: {'line': b'[ 53%] \x1b[32mBuilding C object CMakeFiles/movement_utils__rosidl_typesupport_introspection_c.dir/rosidl_typesupport_introspection_c/movement_utils/srv/detail/body_feedback__type_support.c.o\x1b[0m\n'}
[10.450579] (-) TimerEvent: {}
[10.455688] (movement_utils) StdoutLine: {'line': b'[ 54%] \x1b[32mBuilding C object CMakeFiles/movement_utils__rosidl_typesupport_introspection_c.dir/rosidl_typesupport_introspection_c/movement_utils/srv/detail/enable_torque__type_support.c.o\x1b[0m\n'}
[10.466989] (movement_utils) StdoutLine: {'line': b'[ 55%] \x1b[32mBuilding CXX object CMakeFiles/movement_utils__rosidl_typesupport_fastrtps_c.dir/rosidl_typesupport_fastrtps_c/movement_utils/srv/detail/page__type_support_c.cpp.o\x1b[0m\n'}
[10.505684] (movement_utils) StdoutLine: {'line': b'[ 56%] \x1b[32mBuilding C object CMakeFiles/movement_utils__rosidl_typesupport_introspection_c.dir/rosidl_typesupport_introspection_c/movement_utils/srv/detail/gait__type_support.c.o\x1b[0m\n'}
[10.517759] (movement_utils) StdoutLine: {'line': b'[ 57%] \x1b[32mBuilding CXX object CMakeFiles/movement_utils__rosidl_typesupport_fastrtps_cpp.dir/rosidl_typesupport_fastrtps_cpp/movement_utils/srv/detail/dds_fastrtps/rotate__type_support.cpp.o\x1b[0m\n'}
[10.543442] (movement_utils) StdoutLine: {'line': b'[ 58%] \x1b[32mBuilding C object CMakeFiles/movement_utils__rosidl_typesupport_introspection_c.dir/rosidl_typesupport_introspection_c/movement_utils/srv/detail/head_feedback__type_support.c.o\x1b[0m\n'}
[10.550696] (-) TimerEvent: {}
[10.585791] (movement_utils) StdoutLine: {'line': b'[ 60%] \x1b[32mBuilding C object CMakeFiles/movement_utils__rosidl_typesupport_introspection_c.dir/rosidl_typesupport_introspection_c/movement_utils/srv/detail/page__type_support.c.o\x1b[0m\n'}
[10.627694] (movement_utils) StdoutLine: {'line': b'[ 61%] \x1b[32mBuilding C object CMakeFiles/movement_utils__rosidl_typesupport_introspection_c.dir/rosidl_typesupport_introspection_c/movement_utils/srv/detail/rotate__type_support.c.o\x1b[0m\n'}
[10.650824] (-) TimerEvent: {}
[10.667240] (movement_utils) StdoutLine: {'line': b'[ 62%] \x1b[32mBuilding C object CMakeFiles/movement_utils__rosidl_typesupport_introspection_c.dir/rosidl_typesupport_introspection_c/movement_utils/srv/detail/walk_forward__type_support.c.o\x1b[0m\n'}
[10.708782] (movement_utils) StdoutLine: {'line': b'[ 63%] \x1b[32m\x1b[1mLinking C shared library libmovement_utils__rosidl_typesupport_introspection_c.so\x1b[0m\n'}
[10.715566] (movement_utils) StdoutLine: {'line': b'[ 64%] \x1b[32mBuilding CXX object CMakeFiles/movement_utils__rosidl_typesupport_introspection_cpp.dir/rosidl_typesupport_introspection_cpp/movement_utils/srv/detail/walk_forward__type_support.cpp.o\x1b[0m\n'}
[10.740048] (movement_utils) StdoutLine: {'line': b'[ 64%] Built target movement_utils__rosidl_typesupport_introspection_c\n'}
[10.747687] (movement_utils) StdoutLine: {'line': b'[ 65%] \x1b[32mBuilding CXX object CMakeFiles/movement_utils__rosidl_typesupport_fastrtps_c.dir/rosidl_typesupport_fastrtps_c/movement_utils/srv/detail/rotate__type_support_c.cpp.o\x1b[0m\n'}
[10.750952] (-) TimerEvent: {}
[10.851358] (-) TimerEvent: {}
[10.951763] (-) TimerEvent: {}
[10.976101] (movement_utils) StdoutLine: {'line': b'[ 66%] \x1b[32mBuilding CXX object CMakeFiles/movement_utils__rosidl_typesupport_fastrtps_cpp.dir/rosidl_typesupport_fastrtps_cpp/movement_utils/srv/detail/dds_fastrtps/walk_forward__type_support.cpp.o\x1b[0m\n'}
[11.051892] (-) TimerEvent: {}
[11.124454] (movement_utils) StdoutLine: {'line': b'[ 67%] \x1b[32mBuilding CXX object CMakeFiles/movement_utils__rosidl_typesupport_fastrtps_c.dir/rosidl_typesupport_fastrtps_c/movement_utils/srv/detail/walk_forward__type_support_c.cpp.o\x1b[0m\n'}
[11.152022] (-) TimerEvent: {}
[11.238411] (movement_utils) StdoutLine: {'line': b'[ 68%] \x1b[34m\x1b[1mGenerating C type support dispatch for ROS interfaces\x1b[0m\n'}
[11.252683] (-) TimerEvent: {}
[11.267698] (movement_utils) StdoutLine: {'line': b'[ 69%] \x1b[32m\x1b[1mLinking CXX shared library libmovement_utils__rosidl_typesupport_introspection_cpp.so\x1b[0m\n'}
[11.352816] (-) TimerEvent: {}
[11.381144] (movement_utils) StdoutLine: {'line': b'[ 69%] Built target movement_utils__rosidl_typesupport_introspection_cpp\n'}
[11.452933] (-) TimerEvent: {}
[11.553254] (-) TimerEvent: {}
[11.556172] (movement_utils) StdoutLine: {'line': b'[ 70%] \x1b[32m\x1b[1mLinking CXX shared library libmovement_utils__rosidl_typesupport_fastrtps_cpp.so\x1b[0m\n'}
[11.603832] (movement_utils) StdoutLine: {'line': b'[ 71%] \x1b[32m\x1b[1mLinking CXX shared library libmovement_utils__rosidl_typesupport_fastrtps_c.so\x1b[0m\n'}
[11.653706] (-) TimerEvent: {}
[11.666757] (movement_utils) StdoutLine: {'line': b'[ 71%] Built target movement_utils__rosidl_typesupport_fastrtps_cpp\n'}
[11.699306] (movement_utils) StdoutLine: {'line': b'[ 71%] Built target movement_utils__rosidl_typesupport_fastrtps_c\n'}
[11.753823] (-) TimerEvent: {}
[11.822200] (movement_utils) StdoutLine: {'line': b'[ 73%] \x1b[32mBuilding CXX object CMakeFiles/movement_utils__rosidl_typesupport_c.dir/rosidl_typesupport_c/movement_utils/msg/body_motors_data__type_support.cpp.o\x1b[0m\n'}
[11.822417] (movement_utils) StdoutLine: {'line': b'[ 73%] \x1b[32mBuilding CXX object CMakeFiles/movement_utils__rosidl_typesupport_c.dir/rosidl_typesupport_c/movement_utils/msg/head_motors_data__type_support.cpp.o\x1b[0m\n'}
[11.822519] (movement_utils) StdoutLine: {'line': b'[ 74%] \x1b[32mBuilding CXX object CMakeFiles/movement_utils__rosidl_typesupport_c.dir/rosidl_typesupport_c/movement_utils/srv/body_feedback__type_support.cpp.o\x1b[0m\n'}
[11.822610] (movement_utils) StdoutLine: {'line': b'[ 75%] \x1b[32mBuilding CXX object CMakeFiles/movement_utils__rosidl_typesupport_c.dir/rosidl_typesupport_c/movement_utils/srv/enable_torque__type_support.cpp.o\x1b[0m\n'}
[11.848318] (movement_utils) StdoutLine: {'line': b'[ 77%] \x1b[32mBuilding CXX object CMakeFiles/movement_utils__rosidl_typesupport_c.dir/rosidl_typesupport_c/movement_utils/srv/gait__type_support.cpp.o\x1b[0m\n'}
[11.848553] (movement_utils) StdoutLine: {'line': b'[ 77%] \x1b[32mBuilding CXX object CMakeFiles/movement_utils__rosidl_typesupport_c.dir/rosidl_typesupport_c/movement_utils/srv/head_feedback__type_support.cpp.o\x1b[0m\n'}
[11.849438] (movement_utils) StdoutLine: {'line': b'[ 78%] \x1b[32mBuilding CXX object CMakeFiles/movement_utils__rosidl_typesupport_c.dir/rosidl_typesupport_c/movement_utils/srv/page__type_support.cpp.o\x1b[0m\n'}
[11.851440] (movement_utils) StdoutLine: {'line': b'[ 80%] \x1b[32mBuilding CXX object CMakeFiles/movement_utils__rosidl_typesupport_c.dir/rosidl_typesupport_c/movement_utils/srv/rotate__type_support.cpp.o\x1b[0m\n'}
[11.855715] (-) TimerEvent: {}
[11.875252] (movement_utils) StdoutLine: {'line': b'[ 81%] \x1b[32mBuilding CXX object CMakeFiles/movement_utils__rosidl_typesupport_c.dir/rosidl_typesupport_c/movement_utils/srv/walk_forward__type_support.cpp.o\x1b[0m\n'}
[11.899958] (movement_utils) StdoutLine: {'line': b'[ 82%] \x1b[32m\x1b[1mLinking CXX shared library libmovement_utils__rosidl_typesupport_c.so\x1b[0m\n'}
[11.928497] (movement_utils) StdoutLine: {'line': b'[ 82%] Built target movement_utils__rosidl_typesupport_c\n'}
[11.936275] (movement_utils) StdoutLine: {'line': b'[ 82%] Built target movement_utils\n'}
[11.946628] (movement_utils) StdoutLine: {'line': b'[ 83%] \x1b[34m\x1b[1mGenerating Python code for ROS interfaces\x1b[0m\n'}
[11.955801] (-) TimerEvent: {}
[12.056084] (-) TimerEvent: {}
[12.156361] (-) TimerEvent: {}
[12.256654] (-) TimerEvent: {}
[12.356962] (-) TimerEvent: {}
[12.457240] (-) TimerEvent: {}
[12.557520] (-) TimerEvent: {}
[12.657827] (-) TimerEvent: {}
[12.758113] (-) TimerEvent: {}
[12.858396] (-) TimerEvent: {}
[12.958684] (-) TimerEvent: {}
[13.058966] (-) TimerEvent: {}
[13.148917] (movement_utils) StdoutLine: {'line': b'[ 83%] Built target movement_utils__py\n'}
[13.159234] (-) TimerEvent: {}
[13.159707] (movement_utils) StdoutLine: {'line': b'[ 84%] \x1b[32mBuilding C object CMakeFiles/movement_utils__rosidl_generator_py.dir/rosidl_generator_py/movement_utils/msg/_body_motors_data_s.c.o\x1b[0m\n'}
[13.159950] (movement_utils) StdoutLine: {'line': b'[ 85%] \x1b[32mBuilding C object CMakeFiles/movement_utils__rosidl_generator_py.dir/rosidl_generator_py/movement_utils/msg/_head_motors_data_s.c.o\x1b[0m\n'}
[13.160216] (movement_utils) StdoutLine: {'line': b'[ 86%] \x1b[32mBuilding C object CMakeFiles/movement_utils__rosidl_generator_py.dir/rosidl_generator_py/movement_utils/srv/_body_feedback_s.c.o\x1b[0m\n'}
[13.160372] (movement_utils) StdoutLine: {'line': b'[ 87%] \x1b[32mBuilding C object CMakeFiles/movement_utils__rosidl_generator_py.dir/rosidl_generator_py/movement_utils/srv/_enable_torque_s.c.o\x1b[0m\n'}
[13.259410] (-) TimerEvent: {}
[13.301986] (movement_utils) StdoutLine: {'line': b'[ 89%] \x1b[32mBuilding C object CMakeFiles/movement_utils__rosidl_generator_py.dir/rosidl_generator_py/movement_utils/srv/_head_feedback_s.c.o\x1b[0m\n'}
[13.302278] (movement_utils) StdoutLine: {'line': b'[ 89%] \x1b[32mBuilding C object CMakeFiles/movement_utils__rosidl_generator_py.dir/rosidl_generator_py/movement_utils/srv/_gait_s.c.o\x1b[0m\n'}
[13.308203] (movement_utils) StdoutLine: {'line': b'[ 90%] \x1b[32mBuilding C object CMakeFiles/movement_utils__rosidl_generator_py.dir/rosidl_generator_py/movement_utils/srv/_page_s.c.o\x1b[0m\n'}
[13.310768] (movement_utils) StdoutLine: {'line': b'[ 91%] \x1b[32mBuilding C object CMakeFiles/movement_utils__rosidl_generator_py.dir/rosidl_generator_py/movement_utils/srv/_rotate_s.c.o\x1b[0m\n'}
[13.359540] (-) TimerEvent: {}
[13.414718] (movement_utils) StdoutLine: {'line': b'[ 92%] \x1b[32mBuilding C object CMakeFiles/movement_utils__rosidl_generator_py.dir/rosidl_generator_py/movement_utils/srv/_walk_forward_s.c.o\x1b[0m\n'}
[13.459690] (-) TimerEvent: {}
[13.509537] (movement_utils) StdoutLine: {'line': b'[ 93%] \x1b[32m\x1b[1mLinking C shared library rosidl_generator_py/movement_utils/libmovement_utils__rosidl_generator_py.so\x1b[0m\n'}
[13.539535] (movement_utils) StdoutLine: {'line': b'[ 93%] Built target movement_utils__rosidl_generator_py\n'}
[13.551775] (movement_utils) StdoutLine: {'line': b'[ 96%] \x1b[32mBuilding C object CMakeFiles/movement_utils__rosidl_typesupport_fastrtps_c__pyext.dir/rosidl_generator_py/movement_utils/_movement_utils_s.ep.rosidl_typesupport_fastrtps_c.c.o\x1b[0m\n'}
[13.552235] (movement_utils) StdoutLine: {'line': b'[ 96%] \x1b[32mBuilding C object CMakeFiles/movement_utils__rosidl_typesupport_introspection_c__pyext.dir/rosidl_generator_py/movement_utils/_movement_utils_s.ep.rosidl_typesupport_introspection_c.c.o\x1b[0m\n'}
[13.552399] (movement_utils) StdoutLine: {'line': b'[ 96%] \x1b[32mBuilding C object CMakeFiles/movement_utils__rosidl_typesupport_c__pyext.dir/rosidl_generator_py/movement_utils/_movement_utils_s.ep.rosidl_typesupport_c.c.o\x1b[0m\n'}
[13.560290] (-) TimerEvent: {}
[13.663778] (-) TimerEvent: {}
[13.703506] (movement_utils) StdoutLine: {'line': b'[100%] \x1b[32m\x1b[1mLinking C shared library rosidl_generator_py/movement_utils/movement_utils_s__rosidl_typesupport_fastrtps_c.cpython-310-x86_64-linux-gnu.so\x1b[0m\n'}
[13.703750] (movement_utils) StdoutLine: {'line': b'[100%] \x1b[32m\x1b[1mLinking C shared library rosidl_generator_py/movement_utils/movement_utils_s__rosidl_typesupport_introspection_c.cpython-310-x86_64-linux-gnu.so\x1b[0m\n'}
[13.703858] (movement_utils) StdoutLine: {'line': b'[100%] \x1b[32m\x1b[1mLinking C shared library rosidl_generator_py/movement_utils/movement_utils_s__rosidl_typesupport_c.cpython-310-x86_64-linux-gnu.so\x1b[0m\n'}
[13.738575] (movement_utils) StdoutLine: {'line': b'[100%] Built target movement_utils__rosidl_typesupport_fastrtps_c__pyext\n'}
[13.738817] (movement_utils) StdoutLine: {'line': b'[100%] Built target movement_utils__rosidl_typesupport_c__pyext\n'}
[13.738979] (movement_utils) StdoutLine: {'line': b'[100%] Built target movement_utils__rosidl_typesupport_introspection_c__pyext\n'}
[13.758888] (movement_utils) CommandEnded: {'returncode': 0}
[13.763842] (-) TimerEvent: {}
[13.864081] (-) TimerEvent: {}
[13.964391] (-) TimerEvent: {}
[14.019249] (movement_utils) JobProgress: {'identifier': 'movement_utils', 'progress': 'install'}
[14.019533] (movement_utils) Command: {'cmd': ['/home/edrom-mini/.local/bin/cmake', '--install', '/home/edrom-mini/edromufu/src/movement/Ros2_change/build/movement_utils'], 'cwd': '/home/edrom-mini/edromufu/src/movement/Ros2_change/build/movement_utils', 'env': OrderedDict([('GJS_DEBUG_TOPICS', 'JS ERROR;JS LOG'), ('LESSOPEN', '| /usr/bin/lesspipe %s'), ('USER', 'edrom-mini'), ('LC_TIME', 'pt_BR.UTF-8'), ('XDG_SESSION_TYPE', 'wayland'), ('SHLVL', '1'), ('LD_LIBRARY_PATH', '/opt/ros/humble/opt/rviz_ogre_vendor/lib:/opt/ros/humble/lib/x86_64-linux-gnu:/opt/ros/humble/lib'), ('HOME', '/home/edrom-mini'), ('OLDPWD', '/home/edrom-mini/edromufu/src/movement'), ('DESKTOP_SESSION', 'ubuntu'), ('GIO_LAUNCHED_DESKTOP_FILE', '/usr/share/applications/terminator.desktop'), ('ROS_PYTHON_VERSION', '3'), ('GNOME_SHELL_SESSION_MODE', 'ubuntu'), ('GTK_MODULES', 'gail:atk-bridge'), ('LC_MONETARY', 'pt_BR.UTF-8'), ('MANAGERPID', '1246'), ('LC_CTYPE', 'pt_BR.UTF-8'), ('SYSTEMD_EXEC_PID', '1423'), ('DBUS_SESSION_BUS_ADDRESS', 'unix:path=/run/user/1000/bus'), ('COLORTERM', 'truecolor'), ('TERMINATOR_DBUS_NAME', 'net.tenshu.Terminator25ef4b219e3b005583550f2b0f9f990c3'), ('GIO_LAUNCHED_DESKTOP_FILE_PID', '2907'), ('IM_CONFIG_PHASE', '1'), ('WAYLAND_DISPLAY', 'wayland-0'), ('ROS_DISTRO', 'humble'), ('LOGNAME', 'edrom-mini'), ('JOURNAL_STREAM', '8:12684'), ('_', '/usr/bin/colcon'), ('ROS_VERSION', '2'), ('XDG_SESSION_CLASS', 'user'), ('USERNAME', 'edrom-mini'), ('TERM', 'xterm-256color'), ('GNOME_DESKTOP_SESSION_ID', 'this-is-deprecated'), ('ROS_LOCALHOST_ONLY', '0'), ('PATH', '/opt/ros/humble/bin:/home/edrom-mini/.local/bin:/usr/local/sbin:/usr/local/bin:/usr/sbin:/usr/bin:/sbin:/bin:/usr/games:/usr/local/games:/snap/bin:/snap/bin'), ('SESSION_MANAGER', 'local/edrom-mini:@/tmp/.ICE-unix/1393,unix/edrom-mini:/tmp/.ICE-unix/1393'), ('INVOCATION_ID', '73c2e16a4b174a38958529bc365ecfb9'), ('XDG_MENU_PREFIX', 'gnome-'), ('LC_ADDRESS', 'pt_BR.UTF-8'), ('GNOME_SETUP_DISPLAY', ':1'), ('XDG_RUNTIME_DIR', '/run/user/1000'), ('DISPLAY', ':0'), ('TERMINATOR_DBUS_PATH', '/net/tenshu/Terminator2'), ('LANG', 'en_US.UTF-8'), ('XDG_CURRENT_DESKTOP', 'ubuntu:GNOME'), ('IBUS_DISABLE_SNOOPER', '1'), ('LC_TELEPHONE', 'pt_BR.UTF-8'), ('XMODIFIERS', '@im=ibus'), ('XDG_SESSION_DESKTOP', 'ubuntu'), ('XAUTHORITY', '/run/user/1000/.mutter-Xwaylandauth.APHAX2'), ('LS_COLORS', 'rs=0:di=01;34:ln=01;36:mh=00:pi=40;33:so=01;35:do=01;35:bd=40;33;01:cd=40;33;01:or=40;31;01:mi=00:su=37;41:sg=30;43:ca=30;41:tw=30;42:ow=34;42:st=37;44:ex=01;32:*.tar=01;31:*.tgz=01;31:*.arc=01;31:*.arj=01;31:*.taz=01;31:*.lha=01;31:*.lz4=01;31:*.lzh=01;31:*.lzma=01;31:*.tlz=01;31:*.txz=01;31:*.tzo=01;31:*.t7z=01;31:*.zip=01;31:*.z=01;31:*.dz=01;31:*.gz=01;31:*.lrz=01;31:*.lz=01;31:*.lzo=01;31:*.xz=01;31:*.zst=01;31:*.tzst=01;31:*.bz2=01;31:*.bz=01;31:*.tbz=01;31:*.tbz2=01;31:*.tz=01;31:*.deb=01;31:*.rpm=01;31:*.jar=01;31:*.war=01;31:*.ear=01;31:*.sar=01;31:*.rar=01;31:*.alz=01;31:*.ace=01;31:*.zoo=01;31:*.cpio=01;31:*.7z=01;31:*.rz=01;31:*.cab=01;31:*.wim=01;31:*.swm=01;31:*.dwm=01;31:*.esd=01;31:*.jpg=01;35:*.jpeg=01;35:*.mjpg=01;35:*.mjpeg=01;35:*.gif=01;35:*.bmp=01;35:*.pbm=01;35:*.pgm=01;35:*.ppm=01;35:*.tga=01;35:*.xbm=01;35:*.xpm=01;35:*.tif=01;35:*.tiff=01;35:*.png=01;35:*.svg=01;35:*.svgz=01;35:*.mng=01;35:*.pcx=01;35:*.mov=01;35:*.mpg=01;35:*.mpeg=01;35:*.m2v=01;35:*.mkv=01;35:*.webm=01;35:*.webp=01;35:*.ogm=01;35:*.mp4=01;35:*.m4v=01;35:*.mp4v=01;35:*.vob=01;35:*.qt=01;35:*.nuv=01;35:*.wmv=01;35:*.asf=01;35:*.rm=01;35:*.rmvb=01;35:*.flc=01;35:*.avi=01;35:*.fli=01;35:*.flv=01;35:*.gl=01;35:*.dl=01;35:*.xcf=01;35:*.xwd=01;35:*.yuv=01;35:*.cgm=01;35:*.emf=01;35:*.ogv=01;35:*.ogx=01;35:*.aac=00;36:*.au=00;36:*.flac=00;36:*.m4a=00;36:*.mid=00;36:*.midi=00;36:*.mka=00;36:*.mp3=00;36:*.mpc=00;36:*.ogg=00;36:*.ra=00;36:*.wav=00;36:*.oga=00;36:*.opus=00;36:*.spx=00;36:*.xspf=00;36:'), ('SSH_AGENT_LAUNCHER', 'gnome-keyring'), ('SSH_AUTH_SOCK', '/run/user/1000/keyring/ssh'), ('AMENT_PREFIX_PATH', '/opt/ros/humble'), ('SHELL', '/bin/bash'), ('LC_NAME', 'pt_BR.UTF-8'), ('TERMINATOR_UUID', 'urn:uuid:882e3c09-8619-434b-bb98-1f19910f819c'), ('QT_ACCESSIBILITY', '1'), ('GDMSESSION', 'ubuntu'), ('LESSCLOSE', '/usr/bin/lesspipe %s %s'), ('LC_MEASUREMENT', 'pt_BR.UTF-8'), ('GJS_DEBUG_OUTPUT', 'stderr'), ('LC_IDENTIFICATION', 'pt_BR.UTF-8'), ('QT_IM_MODULE', 'ibus'), ('PWD', '/home/edrom-mini/edromufu/src/movement/Ros2_change/build/movement_utils'), ('LC_ALL', 'en_US.UTF-8'), ('XDG_CONFIG_DIRS', '/etc/xdg/xdg-ubuntu:/etc/xdg'), ('XDG_DATA_DIRS', '/usr/share/ubuntu:/usr/local/share/:/usr/share/:/var/lib/snapd/desktop'), ('PYTHONPATH', '/opt/ros/humble/lib/python3.10/site-packages:/opt/ros/humble/local/lib/python3.10/dist-packages'), ('LC_NUMERIC', 'pt_BR.UTF-8'), ('LC_PAPER', 'pt_BR.UTF-8'), ('COLCON', '1'), ('VTE_VERSION', '6800'), ('CMAKE_PREFIX_PATH', '/opt/ros/humble')]), 'shell': False}
[14.064525] (-) TimerEvent: {}
[14.088683] (movement_utils) StdoutLine: {'line': b'-- Install configuration: ""\n'}
[14.088853] (movement_utils) StdoutLine: {'line': b'-- Installing: /home/edrom-mini/edromufu/src/movement/Ros2_change/install/movement_utils/share/ament_index/resource_index/rosidl_interfaces/movement_utils\n'}
[14.088989] (movement_utils) StdoutLine: {'line': b'-- Up-to-date: /home/edrom-mini/edromufu/src/movement/Ros2_change/install/movement_utils/include/movement_utils/movement_utils\n'}
[14.089067] (movement_utils) StdoutLine: {'line': b'-- Up-to-date: /home/edrom-mini/edromufu/src/movement/Ros2_change/install/movement_utils/include/movement_utils/movement_utils/msg\n'}
[14.089165] (movement_utils) StdoutLine: {'line': b'-- Installing: /home/edrom-mini/edromufu/src/movement/Ros2_change/install/movement_utils/include/movement_utils/movement_utils/msg/head_motors_data.h\n'}
[14.089257] (movement_utils) StdoutLine: {'line': b'-- Installing: /home/edrom-mini/edromufu/src/movement/Ros2_change/install/movement_utils/include/movement_utils/movement_utils/msg/rosidl_generator_c__visibility_control.h\n'}
[14.089364] (movement_utils) StdoutLine: {'line': b'-- Up-to-date: /home/edrom-mini/edromufu/src/movement/Ros2_change/install/movement_utils/include/movement_utils/movement_utils/msg/detail\n'}
[14.089433] (movement_utils) StdoutLine: {'line': b'-- Installing: /home/edrom-mini/edromufu/src/movement/Ros2_change/install/movement_utils/include/movement_utils/movement_utils/msg/detail/body_motors_data__struct.h\n'}
[14.089501] (movement_utils) StdoutLine: {'line': b'-- Installing: /home/edrom-mini/edromufu/src/movement/Ros2_change/install/movement_utils/include/movement_utils/movement_utils/msg/detail/body_motors_data__functions.c\n'}
[14.089599] (movement_utils) StdoutLine: {'line': b'-- Installing: /home/edrom-mini/edromufu/src/movement/Ros2_change/install/movement_utils/include/movement_utils/movement_utils/msg/detail/head_motors_data__type_support.h\n'}
[14.089684] (movement_utils) StdoutLine: {'line': b'-- Installing: /home/edrom-mini/edromufu/src/movement/Ros2_change/install/movement_utils/include/movement_utils/movement_utils/msg/detail/head_motors_data__functions.h\n'}
[14.089774] (movement_utils) StdoutLine: {'line': b'-- Installing: /home/edrom-mini/edromufu/src/movement/Ros2_change/install/movement_utils/include/movement_utils/movement_utils/msg/detail/body_motors_data__functions.h\n'}
[14.089866] (movement_utils) StdoutLine: {'line': b'-- Installing: /home/edrom-mini/edromufu/src/movement/Ros2_change/install/movement_utils/include/movement_utils/movement_utils/msg/detail/head_motors_data__struct.h\n'}
[14.089951] (movement_utils) StdoutLine: {'line': b'-- Installing: /home/edrom-mini/edromufu/src/movement/Ros2_change/install/movement_utils/include/movement_utils/movement_utils/msg/detail/body_motors_data__type_support.h\n'}
[14.090055] (movement_utils) StdoutLine: {'line': b'-- Installing: /home/edrom-mini/edromufu/src/movement/Ros2_change/install/movement_utils/include/movement_utils/movement_utils/msg/detail/head_motors_data__functions.c\n'}
[14.090188] (movement_utils) StdoutLine: {'line': b'-- Installing: /home/edrom-mini/edromufu/src/movement/Ros2_change/install/movement_utils/include/movement_utils/movement_utils/msg/body_motors_data.h\n'}
[14.090351] (movement_utils) StdoutLine: {'line': b'-- Up-to-date: /home/edrom-mini/edromufu/src/movement/Ros2_change/install/movement_utils/include/movement_utils/movement_utils/srv\n'}
[14.090488] (movement_utils) StdoutLine: {'line': b'-- Installing: /home/edrom-mini/edromufu/src/movement/Ros2_change/install/movement_utils/include/movement_utils/movement_utils/srv/body_feedback.h\n'}
[14.090595] (movement_utils) StdoutLine: {'line': b'-- Up-to-date: /home/edrom-mini/edromufu/src/movement/Ros2_change/install/movement_utils/include/movement_utils/movement_utils/srv/detail\n'}
[14.090741] (movement_utils) StdoutLine: {'line': b'-- Installing: /home/edrom-mini/edromufu/src/movement/Ros2_change/install/movement_utils/include/movement_utils/movement_utils/srv/detail/rotate__functions.c\n'}
[14.090817] (movement_utils) StdoutLine: {'line': b'-- Installing: /home/edrom-mini/edromufu/src/movement/Ros2_change/install/movement_utils/include/movement_utils/movement_utils/srv/detail/page__functions.c\n'}
[14.090913] (movement_utils) StdoutLine: {'line': b'-- Installing: /home/edrom-mini/edromufu/src/movement/Ros2_change/install/movement_utils/include/movement_utils/movement_utils/srv/detail/enable_torque__functions.h\n'}
[14.091007] (movement_utils) StdoutLine: {'line': b'-- Installing: /home/edrom-mini/edromufu/src/movement/Ros2_change/install/movement_utils/include/movement_utils/movement_utils/srv/detail/body_feedback__functions.c\n'}
[14.091159] (movement_utils) StdoutLine: {'line': b'-- Installing: /home/edrom-mini/edromufu/src/movement/Ros2_change/install/movement_utils/include/movement_utils/movement_utils/srv/detail/page__type_support.h\n'}
[14.091294] (movement_utils) StdoutLine: {'line': b'-- Installing: /home/edrom-mini/edromufu/src/movement/Ros2_change/install/movement_utils/include/movement_utils/movement_utils/srv/detail/page__struct.h\n'}
[14.091473] (movement_utils) StdoutLine: {'line': b'-- Installing: /home/edrom-mini/edromufu/src/movement/Ros2_change/install/movement_utils/include/movement_utils/movement_utils/srv/detail/head_feedback__struct.h\n'}
[14.091643] (movement_utils) StdoutLine: {'line': b'-- Installing: /home/edrom-mini/edromufu/src/movement/Ros2_change/install/movement_utils/include/movement_utils/movement_utils/srv/detail/rotate__struct.h\n'}
[14.091768] (movement_utils) StdoutLine: {'line': b'-- Installing: /home/edrom-mini/edromufu/src/movement/Ros2_change/install/movement_utils/include/movement_utils/movement_utils/srv/detail/body_feedback__struct.h\n'}
[14.091868] (movement_utils) StdoutLine: {'line': b'-- Installing: /home/edrom-mini/edromufu/src/movement/Ros2_change/install/movement_utils/include/movement_utils/movement_utils/srv/detail/walk_forward__struct.h\n'}
[14.091961] (movement_utils) StdoutLine: {'line': b'-- Installing: /home/edrom-mini/edromufu/src/movement/Ros2_change/install/movement_utils/include/movement_utils/movement_utils/srv/detail/walk_forward__functions.c\n'}
[14.092051] (movement_utils) StdoutLine: {'line': b'-- Installing: /home/edrom-mini/edromufu/src/movement/Ros2_change/install/movement_utils/include/movement_utils/movement_utils/srv/detail/gait__functions.c\n'}
[14.092172] (movement_utils) StdoutLine: {'line': b'-- Installing: /home/edrom-mini/edromufu/src/movement/Ros2_change/install/movement_utils/include/movement_utils/movement_utils/srv/detail/gait__type_support.h\n'}
[14.092281] (movement_utils) StdoutLine: {'line': b'-- Installing: /home/edrom-mini/edromufu/src/movement/Ros2_change/install/movement_utils/include/movement_utils/movement_utils/srv/detail/body_feedback__functions.h\n'}
[14.092398] (movement_utils) StdoutLine: {'line': b'-- Installing: /home/edrom-mini/edromufu/src/movement/Ros2_change/install/movement_utils/include/movement_utils/movement_utils/srv/detail/rotate__type_support.h\n'}
[14.092514] (movement_utils) StdoutLine: {'line': b'-- Installing: /home/edrom-mini/edromufu/src/movement/Ros2_change/install/movement_utils/include/movement_utils/movement_utils/srv/detail/head_feedback__functions.h\n'}
[14.092670] (movement_utils) StdoutLine: {'line': b'-- Installing: /home/edrom-mini/edromufu/src/movement/Ros2_change/install/movement_utils/include/movement_utils/movement_utils/srv/detail/page__functions.h\n'}
[14.092803] (movement_utils) StdoutLine: {'line': b'-- Installing: /home/edrom-mini/edromufu/src/movement/Ros2_change/install/movement_utils/include/movement_utils/movement_utils/srv/detail/enable_torque__functions.c\n'}
[14.092933] (movement_utils) StdoutLine: {'line': b'-- Installing: /home/edrom-mini/edromufu/src/movement/Ros2_change/install/movement_utils/include/movement_utils/movement_utils/srv/detail/head_feedback__functions.c\n'}
[14.093066] (movement_utils) StdoutLine: {'line': b'-- Installing: /home/edrom-mini/edromufu/src/movement/Ros2_change/install/movement_utils/include/movement_utils/movement_utils/srv/detail/gait__functions.h\n'}
[14.093188] (movement_utils) StdoutLine: {'line': b'-- Installing: /home/edrom-mini/edromufu/src/movement/Ros2_change/install/movement_utils/include/movement_utils/movement_utils/srv/detail/walk_forward__functions.h\n'}
[14.093321] (movement_utils) StdoutLine: {'line': b'-- Installing: /home/edrom-mini/edromufu/src/movement/Ros2_change/install/movement_utils/include/movement_utils/movement_utils/srv/detail/rotate__functions.h\n'}
[14.093453] (movement_utils) StdoutLine: {'line': b'-- Installing: /home/edrom-mini/edromufu/src/movement/Ros2_change/install/movement_utils/include/movement_utils/movement_utils/srv/detail/enable_torque__type_support.h\n'}
[14.093570] (movement_utils) StdoutLine: {'line': b'-- Installing: /home/edrom-mini/edromufu/src/movement/Ros2_change/install/movement_utils/include/movement_utils/movement_utils/srv/detail/head_feedback__type_support.h\n'}
[14.093704] (movement_utils) StdoutLine: {'line': b'-- Installing: /home/edrom-mini/edromufu/src/movement/Ros2_change/install/movement_utils/include/movement_utils/movement_utils/srv/detail/body_feedback__type_support.h\n'}
[14.093808] (movement_utils) StdoutLine: {'line': b'-- Installing: /home/edrom-mini/edromufu/src/movement/Ros2_change/install/movement_utils/include/movement_utils/movement_utils/srv/detail/gait__struct.h\n'}
[14.093922] (movement_utils) StdoutLine: {'line': b'-- Installing: /home/edrom-mini/edromufu/src/movement/Ros2_change/install/movement_utils/include/movement_utils/movement_utils/srv/detail/walk_forward__type_support.h\n'}
[14.094044] (movement_utils) StdoutLine: {'line': b'-- Installing: /home/edrom-mini/edromufu/src/movement/Ros2_change/install/movement_utils/include/movement_utils/movement_utils/srv/detail/enable_torque__struct.h\n'}
[14.094152] (movement_utils) StdoutLine: {'line': b'-- Installing: /home/edrom-mini/edromufu/src/movement/Ros2_change/install/movement_utils/include/movement_utils/movement_utils/srv/head_feedback.h\n'}
[14.094257] (movement_utils) StdoutLine: {'line': b'-- Installing: /home/edrom-mini/edromufu/src/movement/Ros2_change/install/movement_utils/include/movement_utils/movement_utils/srv/walk_forward.h\n'}
[14.094359] (movement_utils) StdoutLine: {'line': b'-- Installing: /home/edrom-mini/edromufu/src/movement/Ros2_change/install/movement_utils/include/movement_utils/movement_utils/srv/rotate.h\n'}
[14.094462] (movement_utils) StdoutLine: {'line': b'-- Installing: /home/edrom-mini/edromufu/src/movement/Ros2_change/install/movement_utils/include/movement_utils/movement_utils/srv/enable_torque.h\n'}
[14.094564] (movement_utils) StdoutLine: {'line': b'-- Installing: /home/edrom-mini/edromufu/src/movement/Ros2_change/install/movement_utils/include/movement_utils/movement_utils/srv/gait.h\n'}
[14.094692] (movement_utils) StdoutLine: {'line': b'-- Installing: /home/edrom-mini/edromufu/src/movement/Ros2_change/install/movement_utils/include/movement_utils/movement_utils/srv/page.h\n'}
[14.094880] (movement_utils) StdoutLine: {'line': b'-- Installing: /home/edrom-mini/edromufu/src/movement/Ros2_change/install/movement_utils/share/movement_utils/environment/library_path.sh\n'}
[14.095057] (movement_utils) StdoutLine: {'line': b'-- Installing: /home/edrom-mini/edromufu/src/movement/Ros2_change/install/movement_utils/share/movement_utils/environment/library_path.dsv\n'}
[14.095274] (movement_utils) StdoutLine: {'line': b'-- Installing: /home/edrom-mini/edromufu/src/movement/Ros2_change/install/movement_utils/lib/libmovement_utils__rosidl_generator_c.so\n'}
[14.095690] (movement_utils) StdoutLine: {'line': b'-- Set non-toolchain portion of runtime path of "/home/edrom-mini/edromufu/src/movement/Ros2_change/install/movement_utils/lib/libmovement_utils__rosidl_generator_c.so" to ""\n'}
[14.095807] (movement_utils) StdoutLine: {'line': b'-- Up-to-date: /home/edrom-mini/edromufu/src/movement/Ros2_change/install/movement_utils/include/movement_utils/movement_utils\n'}
[14.095879] (movement_utils) StdoutLine: {'line': b'-- Up-to-date: /home/edrom-mini/edromufu/src/movement/Ros2_change/install/movement_utils/include/movement_utils/movement_utils/msg\n'}
[14.095969] (movement_utils) StdoutLine: {'line': b'-- Up-to-date: /home/edrom-mini/edromufu/src/movement/Ros2_change/install/movement_utils/include/movement_utils/movement_utils/msg/detail\n'}
[14.096059] (movement_utils) StdoutLine: {'line': b'-- Installing: /home/edrom-mini/edromufu/src/movement/Ros2_change/install/movement_utils/include/movement_utils/movement_utils/msg/detail/head_motors_data__rosidl_typesupport_fastrtps_c.h\n'}
[14.096160] (movement_utils) StdoutLine: {'line': b'-- Installing: /home/edrom-mini/edromufu/src/movement/Ros2_change/install/movement_utils/include/movement_utils/movement_utils/msg/detail/body_motors_data__rosidl_typesupport_fastrtps_c.h\n'}
[14.096345] (movement_utils) StdoutLine: {'line': b'-- Installing: /home/edrom-mini/edromufu/src/movement/Ros2_change/install/movement_utils/include/movement_utils/movement_utils/msg/rosidl_typesupport_fastrtps_c__visibility_control.h\n'}
[14.096438] (movement_utils) StdoutLine: {'line': b'-- Up-to-date: /home/edrom-mini/edromufu/src/movement/Ros2_change/install/movement_utils/include/movement_utils/movement_utils/srv\n'}
[14.096530] (movement_utils) StdoutLine: {'line': b'-- Up-to-date: /home/edrom-mini/edromufu/src/movement/Ros2_change/install/movement_utils/include/movement_utils/movement_utils/srv/detail\n'}
[14.096608] (movement_utils) StdoutLine: {'line': b'-- Installing: /home/edrom-mini/edromufu/src/movement/Ros2_change/install/movement_utils/include/movement_utils/movement_utils/srv/detail/walk_forward__rosidl_typesupport_fastrtps_c.h\n'}
[14.096699] (movement_utils) StdoutLine: {'line': b'-- Installing: /home/edrom-mini/edromufu/src/movement/Ros2_change/install/movement_utils/include/movement_utils/movement_utils/srv/detail/rotate__rosidl_typesupport_fastrtps_c.h\n'}
[14.096780] (movement_utils) StdoutLine: {'line': b'-- Installing: /home/edrom-mini/edromufu/src/movement/Ros2_change/install/movement_utils/include/movement_utils/movement_utils/srv/detail/body_feedback__rosidl_typesupport_fastrtps_c.h\n'}
[14.096847] (movement_utils) StdoutLine: {'line': b'-- Installing: /home/edrom-mini/edromufu/src/movement/Ros2_change/install/movement_utils/include/movement_utils/movement_utils/srv/detail/enable_torque__rosidl_typesupport_fastrtps_c.h\n'}
[14.096939] (movement_utils) StdoutLine: {'line': b'-- Installing: /home/edrom-mini/edromufu/src/movement/Ros2_change/install/movement_utils/include/movement_utils/movement_utils/srv/detail/page__rosidl_typesupport_fastrtps_c.h\n'}
[14.097029] (movement_utils) StdoutLine: {'line': b'-- Installing: /home/edrom-mini/edromufu/src/movement/Ros2_change/install/movement_utils/include/movement_utils/movement_utils/srv/detail/head_feedback__rosidl_typesupport_fastrtps_c.h\n'}
[14.097116] (movement_utils) StdoutLine: {'line': b'-- Installing: /home/edrom-mini/edromufu/src/movement/Ros2_change/install/movement_utils/include/movement_utils/movement_utils/srv/detail/gait__rosidl_typesupport_fastrtps_c.h\n'}
[14.097267] (movement_utils) StdoutLine: {'line': b'-- Installing: /home/edrom-mini/edromufu/src/movement/Ros2_change/install/movement_utils/lib/libmovement_utils__rosidl_typesupport_fastrtps_c.so\n'}
[14.097638] (movement_utils) StdoutLine: {'line': b'-- Set non-toolchain portion of runtime path of "/home/edrom-mini/edromufu/src/movement/Ros2_change/install/movement_utils/lib/libmovement_utils__rosidl_typesupport_fastrtps_c.so" to ""\n'}
[14.097754] (movement_utils) StdoutLine: {'line': b'-- Up-to-date: /home/edrom-mini/edromufu/src/movement/Ros2_change/install/movement_utils/include/movement_utils/movement_utils\n'}
[14.097842] (movement_utils) StdoutLine: {'line': b'-- Up-to-date: /home/edrom-mini/edromufu/src/movement/Ros2_change/install/movement_utils/include/movement_utils/movement_utils/msg\n'}
[14.097911] (movement_utils) StdoutLine: {'line': b'-- Installing: /home/edrom-mini/edromufu/src/movement/Ros2_change/install/movement_utils/include/movement_utils/movement_utils/msg/rosidl_typesupport_introspection_c__visibility_control.h\n'}
[14.097999] (movement_utils) StdoutLine: {'line': b'-- Up-to-date: /home/edrom-mini/edromufu/src/movement/Ros2_change/install/movement_utils/include/movement_utils/movement_utils/msg/detail\n'}
[14.098098] (movement_utils) StdoutLine: {'line': b'-- Installing: /home/edrom-mini/edromufu/src/movement/Ros2_change/install/movement_utils/include/movement_utils/movement_utils/msg/detail/head_motors_data__type_support.c\n'}
[14.098167] (movement_utils) StdoutLine: {'line': b'-- Installing: /home/edrom-mini/edromufu/src/movement/Ros2_change/install/movement_utils/include/movement_utils/movement_utils/msg/detail/body_motors_data__type_support.c\n'}
[14.098256] (movement_utils) StdoutLine: {'line': b'-- Installing: /home/edrom-mini/edromufu/src/movement/Ros2_change/install/movement_utils/include/movement_utils/movement_utils/msg/detail/body_motors_data__rosidl_typesupport_introspection_c.h\n'}
[14.098345] (movement_utils) StdoutLine: {'line': b'-- Installing: /home/edrom-mini/edromufu/src/movement/Ros2_change/install/movement_utils/include/movement_utils/movement_utils/msg/detail/head_motors_data__rosidl_typesupport_introspection_c.h\n'}
[14.098434] (movement_utils) StdoutLine: {'line': b'-- Up-to-date: /home/edrom-mini/edromufu/src/movement/Ros2_change/install/movement_utils/include/movement_utils/movement_utils/srv\n'}
[14.098530] (movement_utils) StdoutLine: {'line': b'-- Up-to-date: /home/edrom-mini/edromufu/src/movement/Ros2_change/install/movement_utils/include/movement_utils/movement_utils/srv/detail\n'}
[14.098599] (movement_utils) StdoutLine: {'line': b'-- Installing: /home/edrom-mini/edromufu/src/movement/Ros2_change/install/movement_utils/include/movement_utils/movement_utils/srv/detail/gait__type_support.c\n'}
[14.098694] (movement_utils) StdoutLine: {'line': b'-- Installing: /home/edrom-mini/edromufu/src/movement/Ros2_change/install/movement_utils/include/movement_utils/movement_utils/srv/detail/enable_torque__type_support.c\n'}
[14.098792] (movement_utils) StdoutLine: {'line': b'-- Installing: /home/edrom-mini/edromufu/src/movement/Ros2_change/install/movement_utils/include/movement_utils/movement_utils/srv/detail/body_feedback__rosidl_typesupport_introspection_c.h\n'}
[14.098860] (movement_utils) StdoutLine: {'line': b'-- Installing: /home/edrom-mini/edromufu/src/movement/Ros2_change/install/movement_utils/include/movement_utils/movement_utils/srv/detail/page__type_support.c\n'}
[14.098945] (movement_utils) StdoutLine: {'line': b'-- Installing: /home/edrom-mini/edromufu/src/movement/Ros2_change/install/movement_utils/include/movement_utils/movement_utils/srv/detail/enable_torque__rosidl_typesupport_introspection_c.h\n'}
[14.099034] (movement_utils) StdoutLine: {'line': b'-- Installing: /home/edrom-mini/edromufu/src/movement/Ros2_change/install/movement_utils/include/movement_utils/movement_utils/srv/detail/body_feedback__type_support.c\n'}
[14.099149] (movement_utils) StdoutLine: {'line': b'-- Installing: /home/edrom-mini/edromufu/src/movement/Ros2_change/install/movement_utils/include/movement_utils/movement_utils/srv/detail/walk_forward__type_support.c\n'}
[14.099282] (movement_utils) StdoutLine: {'line': b'-- Installing: /home/edrom-mini/edromufu/src/movement/Ros2_change/install/movement_utils/include/movement_utils/movement_utils/srv/detail/head_feedback__type_support.c\n'}
[14.099406] (movement_utils) StdoutLine: {'line': b'-- Installing: /home/edrom-mini/edromufu/src/movement/Ros2_change/install/movement_utils/include/movement_utils/movement_utils/srv/detail/rotate__type_support.c\n'}
[14.099535] (movement_utils) StdoutLine: {'line': b'-- Installing: /home/edrom-mini/edromufu/src/movement/Ros2_change/install/movement_utils/include/movement_utils/movement_utils/srv/detail/gait__rosidl_typesupport_introspection_c.h\n'}
[14.099705] (movement_utils) StdoutLine: {'line': b'-- Installing: /home/edrom-mini/edromufu/src/movement/Ros2_change/install/movement_utils/include/movement_utils/movement_utils/srv/detail/walk_forward__rosidl_typesupport_introspection_c.h\n'}
[14.099826] (movement_utils) StdoutLine: {'line': b'-- Installing: /home/edrom-mini/edromufu/src/movement/Ros2_change/install/movement_utils/include/movement_utils/movement_utils/srv/detail/page__rosidl_typesupport_introspection_c.h\n'}
[14.099939] (movement_utils) StdoutLine: {'line': b'-- Installing: /home/edrom-mini/edromufu/src/movement/Ros2_change/install/movement_utils/include/movement_utils/movement_utils/srv/detail/head_feedback__rosidl_typesupport_introspection_c.h\n'}
[14.100048] (movement_utils) StdoutLine: {'line': b'-- Installing: /home/edrom-mini/edromufu/src/movement/Ros2_change/install/movement_utils/include/movement_utils/movement_utils/srv/detail/rotate__rosidl_typesupport_introspection_c.h\n'}
[14.100221] (movement_utils) StdoutLine: {'line': b'-- Installing: /home/edrom-mini/edromufu/src/movement/Ros2_change/install/movement_utils/lib/libmovement_utils__rosidl_typesupport_introspection_c.so\n'}
[14.100561] (movement_utils) StdoutLine: {'line': b'-- Set non-toolchain portion of runtime path of "/home/edrom-mini/edromufu/src/movement/Ros2_change/install/movement_utils/lib/libmovement_utils__rosidl_typesupport_introspection_c.so" to ""\n'}
[14.100651] (movement_utils) StdoutLine: {'line': b'-- Installing: /home/edrom-mini/edromufu/src/movement/Ros2_change/install/movement_utils/lib/libmovement_utils__rosidl_typesupport_c.so\n'}
[14.100956] (movement_utils) StdoutLine: {'line': b'-- Set non-toolchain portion of runtime path of "/home/edrom-mini/edromufu/src/movement/Ros2_change/install/movement_utils/lib/libmovement_utils__rosidl_typesupport_c.so" to ""\n'}
[14.101045] (movement_utils) StdoutLine: {'line': b'-- Up-to-date: /home/edrom-mini/edromufu/src/movement/Ros2_change/install/movement_utils/include/movement_utils/movement_utils\n'}
[14.101144] (movement_utils) StdoutLine: {'line': b'-- Up-to-date: /home/edrom-mini/edromufu/src/movement/Ros2_change/install/movement_utils/include/movement_utils/movement_utils/msg\n'}
[14.101215] (movement_utils) StdoutLine: {'line': b'-- Installing: /home/edrom-mini/edromufu/src/movement/Ros2_change/install/movement_utils/include/movement_utils/movement_utils/msg/body_motors_data.hpp\n'}
[14.101312] (movement_utils) StdoutLine: {'line': b'-- Up-to-date: /home/edrom-mini/edromufu/src/movement/Ros2_change/install/movement_utils/include/movement_utils/movement_utils/msg/detail\n'}
[14.101390] (movement_utils) StdoutLine: {'line': b'-- Installing: /home/edrom-mini/edromufu/src/movement/Ros2_change/install/movement_utils/include/movement_utils/movement_utils/msg/detail/head_motors_data__traits.hpp\n'}
[14.101455] (movement_utils) StdoutLine: {'line': b'-- Installing: /home/edrom-mini/edromufu/src/movement/Ros2_change/install/movement_utils/include/movement_utils/movement_utils/msg/detail/body_motors_data__struct.hpp\n'}
[14.101541] (movement_utils) StdoutLine: {'line': b'-- Installing: /home/edrom-mini/edromufu/src/movement/Ros2_change/install/movement_utils/include/movement_utils/movement_utils/msg/detail/body_motors_data__traits.hpp\n'}
[14.101633] (movement_utils) StdoutLine: {'line': b'-- Installing: /home/edrom-mini/edromufu/src/movement/Ros2_change/install/movement_utils/include/movement_utils/movement_utils/msg/detail/head_motors_data__builder.hpp\n'}
[14.101725] (movement_utils) StdoutLine: {'line': b'-- Installing: /home/edrom-mini/edromufu/src/movement/Ros2_change/install/movement_utils/include/movement_utils/movement_utils/msg/detail/body_motors_data__builder.hpp\n'}
[14.101814] (movement_utils) StdoutLine: {'line': b'-- Installing: /home/edrom-mini/edromufu/src/movement/Ros2_change/install/movement_utils/include/movement_utils/movement_utils/msg/detail/head_motors_data__struct.hpp\n'}
[14.101926] (movement_utils) StdoutLine: {'line': b'-- Installing: /home/edrom-mini/edromufu/src/movement/Ros2_change/install/movement_utils/include/movement_utils/movement_utils/msg/head_motors_data.hpp\n'}
[14.102032] (movement_utils) StdoutLine: {'line': b'-- Up-to-date: /home/edrom-mini/edromufu/src/movement/Ros2_change/install/movement_utils/include/movement_utils/movement_utils/srv\n'}
[14.102120] (movement_utils) StdoutLine: {'line': b'-- Installing: /home/edrom-mini/edromufu/src/movement/Ros2_change/install/movement_utils/include/movement_utils/movement_utils/srv/enable_torque.hpp\n'}
[14.102206] (movement_utils) StdoutLine: {'line': b'-- Installing: /home/edrom-mini/edromufu/src/movement/Ros2_change/install/movement_utils/include/movement_utils/movement_utils/srv/page.hpp\n'}
[14.102290] (movement_utils) StdoutLine: {'line': b'-- Up-to-date: /home/edrom-mini/edromufu/src/movement/Ros2_change/install/movement_utils/include/movement_utils/movement_utils/srv/detail\n'}
[14.102379] (movement_utils) StdoutLine: {'line': b'-- Installing: /home/edrom-mini/edromufu/src/movement/Ros2_change/install/movement_utils/include/movement_utils/movement_utils/srv/detail/body_feedback__struct.hpp\n'}
[14.102465] (movement_utils) StdoutLine: {'line': b'-- Installing: /home/edrom-mini/edromufu/src/movement/Ros2_change/install/movement_utils/include/movement_utils/movement_utils/srv/detail/rotate__traits.hpp\n'}
[14.102566] (movement_utils) StdoutLine: {'line': b'-- Installing: /home/edrom-mini/edromufu/src/movement/Ros2_change/install/movement_utils/include/movement_utils/movement_utils/srv/detail/rotate__struct.hpp\n'}
[14.102701] (movement_utils) StdoutLine: {'line': b'-- Installing: /home/edrom-mini/edromufu/src/movement/Ros2_change/install/movement_utils/include/movement_utils/movement_utils/srv/detail/head_feedback__struct.hpp\n'}
[14.102823] (movement_utils) StdoutLine: {'line': b'-- Installing: /home/edrom-mini/edromufu/src/movement/Ros2_change/install/movement_utils/include/movement_utils/movement_utils/srv/detail/body_feedback__builder.hpp\n'}
[14.102928] (movement_utils) StdoutLine: {'line': b'-- Installing: /home/edrom-mini/edromufu/src/movement/Ros2_change/install/movement_utils/include/movement_utils/movement_utils/srv/detail/body_feedback__traits.hpp\n'}
[14.103061] (movement_utils) StdoutLine: {'line': b'-- Installing: /home/edrom-mini/edromufu/src/movement/Ros2_change/install/movement_utils/include/movement_utils/movement_utils/srv/detail/enable_torque__traits.hpp\n'}
[14.103176] (movement_utils) StdoutLine: {'line': b'-- Installing: /home/edrom-mini/edromufu/src/movement/Ros2_change/install/movement_utils/include/movement_utils/movement_utils/srv/detail/gait__struct.hpp\n'}
[14.103290] (movement_utils) StdoutLine: {'line': b'-- Installing: /home/edrom-mini/edromufu/src/movement/Ros2_change/install/movement_utils/include/movement_utils/movement_utils/srv/detail/head_feedback__builder.hpp\n'}
[14.103402] (movement_utils) StdoutLine: {'line': b'-- Installing: /home/edrom-mini/edromufu/src/movement/Ros2_change/install/movement_utils/include/movement_utils/movement_utils/srv/detail/page__builder.hpp\n'}
[14.103515] (movement_utils) StdoutLine: {'line': b'-- Installing: /home/edrom-mini/edromufu/src/movement/Ros2_change/install/movement_utils/include/movement_utils/movement_utils/srv/detail/gait__traits.hpp\n'}
[14.103636] (movement_utils) StdoutLine: {'line': b'-- Installing: /home/edrom-mini/edromufu/src/movement/Ros2_change/install/movement_utils/include/movement_utils/movement_utils/srv/detail/walk_forward__traits.hpp\n'}
[14.103764] (movement_utils) StdoutLine: {'line': b'-- Installing: /home/edrom-mini/edromufu/src/movement/Ros2_change/install/movement_utils/include/movement_utils/movement_utils/srv/detail/enable_torque__builder.hpp\n'}
[14.103873] (movement_utils) StdoutLine: {'line': b'-- Installing: /home/edrom-mini/edromufu/src/movement/Ros2_change/install/movement_utils/include/movement_utils/movement_utils/srv/detail/gait__builder.hpp\n'}
[14.103981] (movement_utils) StdoutLine: {'line': b'-- Installing: /home/edrom-mini/edromufu/src/movement/Ros2_change/install/movement_utils/include/movement_utils/movement_utils/srv/detail/page__struct.hpp\n'}
[14.104100] (movement_utils) StdoutLine: {'line': b'-- Installing: /home/edrom-mini/edromufu/src/movement/Ros2_change/install/movement_utils/include/movement_utils/movement_utils/srv/detail/rotate__builder.hpp\n'}
[14.104215] (movement_utils) StdoutLine: {'line': b'-- Installing: /home/edrom-mini/edromufu/src/movement/Ros2_change/install/movement_utils/include/movement_utils/movement_utils/srv/detail/page__traits.hpp\n'}
[14.104334] (movement_utils) StdoutLine: {'line': b'-- Installing: /home/edrom-mini/edromufu/src/movement/Ros2_change/install/movement_utils/include/movement_utils/movement_utils/srv/detail/enable_torque__struct.hpp\n'}
[14.104463] (movement_utils) StdoutLine: {'line': b'-- Installing: /home/edrom-mini/edromufu/src/movement/Ros2_change/install/movement_utils/include/movement_utils/movement_utils/srv/detail/walk_forward__builder.hpp\n'}
[14.104582] (movement_utils) StdoutLine: {'line': b'-- Installing: /home/edrom-mini/edromufu/src/movement/Ros2_change/install/movement_utils/include/movement_utils/movement_utils/srv/detail/walk_forward__struct.hpp\n'}
[14.104718] (movement_utils) StdoutLine: {'line': b'-- Installing: /home/edrom-mini/edromufu/src/movement/Ros2_change/install/movement_utils/include/movement_utils/movement_utils/srv/detail/head_feedback__traits.hpp\n'}
[14.104836] (movement_utils) StdoutLine: {'line': b'-- Installing: /home/edrom-mini/edromufu/src/movement/Ros2_change/install/movement_utils/include/movement_utils/movement_utils/srv/rotate.hpp\n'}
[14.104942] (movement_utils) StdoutLine: {'line': b'-- Installing: /home/edrom-mini/edromufu/src/movement/Ros2_change/install/movement_utils/include/movement_utils/movement_utils/srv/body_feedback.hpp\n'}
[14.105044] (movement_utils) StdoutLine: {'line': b'-- Installing: /home/edrom-mini/edromufu/src/movement/Ros2_change/install/movement_utils/include/movement_utils/movement_utils/srv/head_feedback.hpp\n'}
[14.105148] (movement_utils) StdoutLine: {'line': b'-- Installing: /home/edrom-mini/edromufu/src/movement/Ros2_change/install/movement_utils/include/movement_utils/movement_utils/srv/walk_forward.hpp\n'}
[14.105254] (movement_utils) StdoutLine: {'line': b'-- Installing: /home/edrom-mini/edromufu/src/movement/Ros2_change/install/movement_utils/include/movement_utils/movement_utils/srv/gait.hpp\n'}
[14.105412] (movement_utils) StdoutLine: {'line': b'-- Up-to-date: /home/edrom-mini/edromufu/src/movement/Ros2_change/install/movement_utils/include/movement_utils/movement_utils\n'}
[14.105518] (movement_utils) StdoutLine: {'line': b'-- Up-to-date: /home/edrom-mini/edromufu/src/movement/Ros2_change/install/movement_utils/include/movement_utils/movement_utils/msg\n'}
[14.105585] (movement_utils) StdoutLine: {'line': b'-- Up-to-date: /home/edrom-mini/edromufu/src/movement/Ros2_change/install/movement_utils/include/movement_utils/movement_utils/msg/detail\n'}
[14.105666] (movement_utils) StdoutLine: {'line': b'-- Installing: /home/edrom-mini/edromufu/src/movement/Ros2_change/install/movement_utils/include/movement_utils/movement_utils/msg/detail/head_motors_data__rosidl_typesupport_fastrtps_cpp.hpp\n'}
[14.105810] (movement_utils) StdoutLine: {'line': b'-- Installing: /home/edrom-mini/edromufu/src/movement/Ros2_change/install/movement_utils/include/movement_utils/movement_utils/msg/detail/dds_fastrtps\n'}
[14.105889] (movement_utils) StdoutLine: {'line': b'-- Installing: /home/edrom-mini/edromufu/src/movement/Ros2_change/install/movement_utils/include/movement_utils/movement_utils/msg/detail/body_motors_data__rosidl_typesupport_fastrtps_cpp.hpp\n'}
[14.105983] (movement_utils) StdoutLine: {'line': b'-- Installing: /home/edrom-mini/edromufu/src/movement/Ros2_change/install/movement_utils/include/movement_utils/movement_utils/msg/rosidl_typesupport_fastrtps_cpp__visibility_control.h\n'}
[14.106080] (movement_utils) StdoutLine: {'line': b'-- Up-to-date: /home/edrom-mini/edromufu/src/movement/Ros2_change/install/movement_utils/include/movement_utils/movement_utils/srv\n'}
[14.106165] (movement_utils) StdoutLine: {'line': b'-- Up-to-date: /home/edrom-mini/edromufu/src/movement/Ros2_change/install/movement_utils/include/movement_utils/movement_utils/srv/detail\n'}
[14.106235] (movement_utils) StdoutLine: {'line': b'-- Installing: /home/edrom-mini/edromufu/src/movement/Ros2_change/install/movement_utils/include/movement_utils/movement_utils/srv/detail/head_feedback__rosidl_typesupport_fastrtps_cpp.hpp\n'}
[14.106324] (movement_utils) StdoutLine: {'line': b'-- Installing: /home/edrom-mini/edromufu/src/movement/Ros2_change/install/movement_utils/include/movement_utils/movement_utils/srv/detail/page__rosidl_typesupport_fastrtps_cpp.hpp\n'}
[14.106414] (movement_utils) StdoutLine: {'line': b'-- Installing: /home/edrom-mini/edromufu/src/movement/Ros2_change/install/movement_utils/include/movement_utils/movement_utils/srv/detail/dds_fastrtps\n'}
[14.106503] (movement_utils) StdoutLine: {'line': b'-- Installing: /home/edrom-mini/edromufu/src/movement/Ros2_change/install/movement_utils/include/movement_utils/movement_utils/srv/detail/body_feedback__rosidl_typesupport_fastrtps_cpp.hpp\n'}
[14.106594] (movement_utils) StdoutLine: {'line': b'-- Installing: /home/edrom-mini/edromufu/src/movement/Ros2_change/install/movement_utils/include/movement_utils/movement_utils/srv/detail/gait__rosidl_typesupport_fastrtps_cpp.hpp\n'}
[14.106688] (movement_utils) StdoutLine: {'line': b'-- Installing: /home/edrom-mini/edromufu/src/movement/Ros2_change/install/movement_utils/include/movement_utils/movement_utils/srv/detail/walk_forward__rosidl_typesupport_fastrtps_cpp.hpp\n'}
[14.106778] (movement_utils) StdoutLine: {'line': b'-- Installing: /home/edrom-mini/edromufu/src/movement/Ros2_change/install/movement_utils/include/movement_utils/movement_utils/srv/detail/enable_torque__rosidl_typesupport_fastrtps_cpp.hpp\n'}
[14.106863] (movement_utils) StdoutLine: {'line': b'-- Installing: /home/edrom-mini/edromufu/src/movement/Ros2_change/install/movement_utils/include/movement_utils/movement_utils/srv/detail/rotate__rosidl_typesupport_fastrtps_cpp.hpp\n'}
[14.107028] (movement_utils) StdoutLine: {'line': b'-- Installing: /home/edrom-mini/edromufu/src/movement/Ros2_change/install/movement_utils/lib/libmovement_utils__rosidl_typesupport_fastrtps_cpp.so\n'}
[14.107436] (movement_utils) StdoutLine: {'line': b'-- Set non-toolchain portion of runtime path of "/home/edrom-mini/edromufu/src/movement/Ros2_change/install/movement_utils/lib/libmovement_utils__rosidl_typesupport_fastrtps_cpp.so" to ""\n'}
[14.107534] (movement_utils) StdoutLine: {'line': b'-- Up-to-date: /home/edrom-mini/edromufu/src/movement/Ros2_change/install/movement_utils/include/movement_utils/movement_utils\n'}
[14.107611] (movement_utils) StdoutLine: {'line': b'-- Up-to-date: /home/edrom-mini/edromufu/src/movement/Ros2_change/install/movement_utils/include/movement_utils/movement_utils/msg\n'}
[14.107710] (movement_utils) StdoutLine: {'line': b'-- Up-to-date: /home/edrom-mini/edromufu/src/movement/Ros2_change/install/movement_utils/include/movement_utils/movement_utils/msg/detail\n'}
[14.107798] (movement_utils) StdoutLine: {'line': b'-- Installing: /home/edrom-mini/edromufu/src/movement/Ros2_change/install/movement_utils/include/movement_utils/movement_utils/msg/detail/head_motors_data__type_support.cpp\n'}
[14.107877] (movement_utils) StdoutLine: {'line': b'-- Installing: /home/edrom-mini/edromufu/src/movement/Ros2_change/install/movement_utils/include/movement_utils/movement_utils/msg/detail/body_motors_data__type_support.cpp\n'}
[14.107943] (movement_utils) StdoutLine: {'line': b'-- Installing: /home/edrom-mini/edromufu/src/movement/Ros2_change/install/movement_utils/include/movement_utils/movement_utils/msg/detail/body_motors_data__rosidl_typesupport_introspection_cpp.hpp\n'}
[14.108026] (movement_utils) StdoutLine: {'line': b'-- Installing: /home/edrom-mini/edromufu/src/movement/Ros2_change/install/movement_utils/include/movement_utils/movement_utils/msg/detail/head_motors_data__rosidl_typesupport_introspection_cpp.hpp\n'}
[14.108115] (movement_utils) StdoutLine: {'line': b'-- Up-to-date: /home/edrom-mini/edromufu/src/movement/Ros2_change/install/movement_utils/include/movement_utils/movement_utils/srv\n'}
[14.108207] (movement_utils) StdoutLine: {'line': b'-- Up-to-date: /home/edrom-mini/edromufu/src/movement/Ros2_change/install/movement_utils/include/movement_utils/movement_utils/srv/detail\n'}
[14.108274] (movement_utils) StdoutLine: {'line': b'-- Installing: /home/edrom-mini/edromufu/src/movement/Ros2_change/install/movement_utils/include/movement_utils/movement_utils/srv/detail/page__rosidl_typesupport_introspection_cpp.hpp\n'}
[14.108361] (movement_utils) StdoutLine: {'line': b'-- Installing: /home/edrom-mini/edromufu/src/movement/Ros2_change/install/movement_utils/include/movement_utils/movement_utils/srv/detail/head_feedback__rosidl_typesupport_introspection_cpp.hpp\n'}
[14.108451] (movement_utils) StdoutLine: {'line': b'-- Installing: /home/edrom-mini/edromufu/src/movement/Ros2_change/install/movement_utils/include/movement_utils/movement_utils/srv/detail/enable_torque__type_support.cpp\n'}
[14.108539] (movement_utils) StdoutLine: {'line': b'-- Installing: /home/edrom-mini/edromufu/src/movement/Ros2_change/install/movement_utils/include/movement_utils/movement_utils/srv/detail/body_feedback__type_support.cpp\n'}
[14.108636] (movement_utils) StdoutLine: {'line': b'-- Installing: /home/edrom-mini/edromufu/src/movement/Ros2_change/install/movement_utils/include/movement_utils/movement_utils/srv/detail/gait__rosidl_typesupport_introspection_cpp.hpp\n'}
[14.108759] (movement_utils) StdoutLine: {'line': b'-- Installing: /home/edrom-mini/edromufu/src/movement/Ros2_change/install/movement_utils/include/movement_utils/movement_utils/srv/detail/gait__type_support.cpp\n'}
[14.108877] (movement_utils) StdoutLine: {'line': b'-- Installing: /home/edrom-mini/edromufu/src/movement/Ros2_change/install/movement_utils/include/movement_utils/movement_utils/srv/detail/head_feedback__type_support.cpp\n'}
[14.109007] (movement_utils) StdoutLine: {'line': b'-- Installing: /home/edrom-mini/edromufu/src/movement/Ros2_change/install/movement_utils/include/movement_utils/movement_utils/srv/detail/page__type_support.cpp\n'}
[14.109130] (movement_utils) StdoutLine: {'line': b'-- Installing: /home/edrom-mini/edromufu/src/movement/Ros2_change/install/movement_utils/include/movement_utils/movement_utils/srv/detail/walk_forward__rosidl_typesupport_introspection_cpp.hpp\n'}
[14.109250] (movement_utils) StdoutLine: {'line': b'-- Installing: /home/edrom-mini/edromufu/src/movement/Ros2_change/install/movement_utils/include/movement_utils/movement_utils/srv/detail/walk_forward__type_support.cpp\n'}
[14.109381] (movement_utils) StdoutLine: {'line': b'-- Installing: /home/edrom-mini/edromufu/src/movement/Ros2_change/install/movement_utils/include/movement_utils/movement_utils/srv/detail/rotate__rosidl_typesupport_introspection_cpp.hpp\n'}
[14.109498] (movement_utils) StdoutLine: {'line': b'-- Installing: /home/edrom-mini/edromufu/src/movement/Ros2_change/install/movement_utils/include/movement_utils/movement_utils/srv/detail/rotate__type_support.cpp\n'}
[14.109645] (movement_utils) StdoutLine: {'line': b'-- Installing: /home/edrom-mini/edromufu/src/movement/Ros2_change/install/movement_utils/include/movement_utils/movement_utils/srv/detail/body_feedback__rosidl_typesupport_introspection_cpp.hpp\n'}
[14.109763] (movement_utils) StdoutLine: {'line': b'-- Installing: /home/edrom-mini/edromufu/src/movement/Ros2_change/install/movement_utils/include/movement_utils/movement_utils/srv/detail/enable_torque__rosidl_typesupport_introspection_cpp.hpp\n'}
[14.109933] (movement_utils) StdoutLine: {'line': b'-- Installing: /home/edrom-mini/edromufu/src/movement/Ros2_change/install/movement_utils/lib/libmovement_utils__rosidl_typesupport_introspection_cpp.so\n'}
[14.110332] (movement_utils) StdoutLine: {'line': b'-- Set non-toolchain portion of runtime path of "/home/edrom-mini/edromufu/src/movement/Ros2_change/install/movement_utils/lib/libmovement_utils__rosidl_typesupport_introspection_cpp.so" to ""\n'}
[14.110426] (movement_utils) StdoutLine: {'line': b'-- Installing: /home/edrom-mini/edromufu/src/movement/Ros2_change/install/movement_utils/lib/libmovement_utils__rosidl_typesupport_cpp.so\n'}
[14.110726] (movement_utils) StdoutLine: {'line': b'-- Set non-toolchain portion of runtime path of "/home/edrom-mini/edromufu/src/movement/Ros2_change/install/movement_utils/lib/libmovement_utils__rosidl_typesupport_cpp.so" to ""\n'}
[14.110819] (movement_utils) StdoutLine: {'line': b'-- Installing: /home/edrom-mini/edromufu/src/movement/Ros2_change/install/movement_utils/share/movement_utils/environment/pythonpath.sh\n'}
[14.110918] (movement_utils) StdoutLine: {'line': b'-- Installing: /home/edrom-mini/edromufu/src/movement/Ros2_change/install/movement_utils/share/movement_utils/environment/pythonpath.dsv\n'}
[14.111071] (movement_utils) StdoutLine: {'line': b'-- Up-to-date: /home/edrom-mini/edromufu/src/movement/Ros2_change/install/movement_utils/local/lib/python3.10/dist-packages/movement_utils-0.0.0-py3.10.egg-info\n'}
[14.111162] (movement_utils) StdoutLine: {'line': b'-- Installing: /home/edrom-mini/edromufu/src/movement/Ros2_change/install/movement_utils/local/lib/python3.10/dist-packages/movement_utils-0.0.0-py3.10.egg-info/dependency_links.txt\n'}
[14.111244] (movement_utils) StdoutLine: {'line': b'-- Installing: /home/edrom-mini/edromufu/src/movement/Ros2_change/install/movement_utils/local/lib/python3.10/dist-packages/movement_utils-0.0.0-py3.10.egg-info/PKG-INFO\n'}
[14.111326] (movement_utils) StdoutLine: {'line': b'-- Installing: /home/edrom-mini/edromufu/src/movement/Ros2_change/install/movement_utils/local/lib/python3.10/dist-packages/movement_utils-0.0.0-py3.10.egg-info/top_level.txt\n'}
[14.111427] (movement_utils) StdoutLine: {'line': b'-- Installing: /home/edrom-mini/edromufu/src/movement/Ros2_change/install/movement_utils/local/lib/python3.10/dist-packages/movement_utils-0.0.0-py3.10.egg-info/SOURCES.txt\n'}
[14.111566] (movement_utils) StdoutLine: {'line': b'-- Up-to-date: /home/edrom-mini/edromufu/src/movement/Ros2_change/install/movement_utils/local/lib/python3.10/dist-packages/movement_utils\n'}
[14.111658] (movement_utils) StdoutLine: {'line': b'-- Installing: /home/edrom-mini/edromufu/src/movement/Ros2_change/install/movement_utils/local/lib/python3.10/dist-packages/movement_utils/_movement_utils_s.ep.rosidl_typesupport_fastrtps_c.c\n'}
[14.111829] (movement_utils) StdoutLine: {'line': b'-- Installing: /home/edrom-mini/edromufu/src/movement/Ros2_change/install/movement_utils/local/lib/python3.10/dist-packages/movement_utils/__init__.py\n'}
[14.111923] (movement_utils) StdoutLine: {'line': b'-- Installing: /home/edrom-mini/edromufu/src/movement/Ros2_change/install/movement_utils/local/lib/python3.10/dist-packages/movement_utils/libmovement_utils__rosidl_generator_py.so\n'}
[14.112091] (movement_utils) StdoutLine: {'line': b'-- Up-to-date: /home/edrom-mini/edromufu/src/movement/Ros2_change/install/movement_utils/local/lib/python3.10/dist-packages/movement_utils/msg\n'}
[14.112180] (movement_utils) StdoutLine: {'line': b'-- Installing: /home/edrom-mini/edromufu/src/movement/Ros2_change/install/movement_utils/local/lib/python3.10/dist-packages/movement_utils/msg/_head_motors_data.py\n'}
[14.112266] (movement_utils) StdoutLine: {'line': b'-- Installing: /home/edrom-mini/edromufu/src/movement/Ros2_change/install/movement_utils/local/lib/python3.10/dist-packages/movement_utils/msg/__init__.py\n'}
[14.112355] (movement_utils) StdoutLine: {'line': b'-- Installing: /home/edrom-mini/edromufu/src/movement/Ros2_change/install/movement_utils/local/lib/python3.10/dist-packages/movement_utils/msg/_head_motors_data_s.c\n'}
[14.112465] (movement_utils) StdoutLine: {'line': b'-- Installing: /home/edrom-mini/edromufu/src/movement/Ros2_change/install/movement_utils/local/lib/python3.10/dist-packages/movement_utils/msg/_body_motors_data_s.c\n'}
[14.112575] (movement_utils) StdoutLine: {'line': b'-- Installing: /home/edrom-mini/edromufu/src/movement/Ros2_change/install/movement_utils/local/lib/python3.10/dist-packages/movement_utils/msg/_body_motors_data.py\n'}
[14.112695] (movement_utils) StdoutLine: {'line': b'-- Up-to-date: /home/edrom-mini/edromufu/src/movement/Ros2_change/install/movement_utils/local/lib/python3.10/dist-packages/movement_utils/srv\n'}
[14.112786] (movement_utils) StdoutLine: {'line': b'-- Installing: /home/edrom-mini/edromufu/src/movement/Ros2_change/install/movement_utils/local/lib/python3.10/dist-packages/movement_utils/srv/_walk_forward.py\n'}
[14.112873] (movement_utils) StdoutLine: {'line': b'-- Installing: /home/edrom-mini/edromufu/src/movement/Ros2_change/install/movement_utils/local/lib/python3.10/dist-packages/movement_utils/srv/_head_feedback.py\n'}
[14.112989] (movement_utils) StdoutLine: {'line': b'-- Installing: /home/edrom-mini/edromufu/src/movement/Ros2_change/install/movement_utils/local/lib/python3.10/dist-packages/movement_utils/srv/__init__.py\n'}
[14.113095] (movement_utils) StdoutLine: {'line': b'-- Installing: /home/edrom-mini/edromufu/src/movement/Ros2_change/install/movement_utils/local/lib/python3.10/dist-packages/movement_utils/srv/_body_feedback.py\n'}
[14.113212] (movement_utils) StdoutLine: {'line': b'-- Installing: /home/edrom-mini/edromufu/src/movement/Ros2_change/install/movement_utils/local/lib/python3.10/dist-packages/movement_utils/srv/_rotate_s.c\n'}
[14.113326] (movement_utils) StdoutLine: {'line': b'-- Installing: /home/edrom-mini/edromufu/src/movement/Ros2_change/install/movement_utils/local/lib/python3.10/dist-packages/movement_utils/srv/_gait_s.c\n'}
[14.113437] (movement_utils) StdoutLine: {'line': b'-- Installing: /home/edrom-mini/edromufu/src/movement/Ros2_change/install/movement_utils/local/lib/python3.10/dist-packages/movement_utils/srv/_page.py\n'}
[14.113554] (movement_utils) StdoutLine: {'line': b'-- Installing: /home/edrom-mini/edromufu/src/movement/Ros2_change/install/movement_utils/local/lib/python3.10/dist-packages/movement_utils/srv/_enable_torque_s.c\n'}
[14.113684] (movement_utils) StdoutLine: {'line': b'-- Installing: /home/edrom-mini/edromufu/src/movement/Ros2_change/install/movement_utils/local/lib/python3.10/dist-packages/movement_utils/srv/_body_feedback_s.c\n'}
[14.113798] (movement_utils) StdoutLine: {'line': b'-- Installing: /home/edrom-mini/edromufu/src/movement/Ros2_change/install/movement_utils/local/lib/python3.10/dist-packages/movement_utils/srv/_rotate.py\n'}
[14.113915] (movement_utils) StdoutLine: {'line': b'-- Installing: /home/edrom-mini/edromufu/src/movement/Ros2_change/install/movement_utils/local/lib/python3.10/dist-packages/movement_utils/srv/_walk_forward_s.c\n'}
[14.114029] (movement_utils) StdoutLine: {'line': b'-- Installing: /home/edrom-mini/edromufu/src/movement/Ros2_change/install/movement_utils/local/lib/python3.10/dist-packages/movement_utils/srv/_enable_torque.py\n'}
[14.114143] (movement_utils) StdoutLine: {'line': b'-- Installing: /home/edrom-mini/edromufu/src/movement/Ros2_change/install/movement_utils/local/lib/python3.10/dist-packages/movement_utils/srv/_head_feedback_s.c\n'}
[14.114253] (movement_utils) StdoutLine: {'line': b'-- Installing: /home/edrom-mini/edromufu/src/movement/Ros2_change/install/movement_utils/local/lib/python3.10/dist-packages/movement_utils/srv/_page_s.c\n'}
[14.114362] (movement_utils) StdoutLine: {'line': b'-- Installing: /home/edrom-mini/edromufu/src/movement/Ros2_change/install/movement_utils/local/lib/python3.10/dist-packages/movement_utils/srv/_gait.py\n'}
[14.114482] (movement_utils) StdoutLine: {'line': b'-- Installing: /home/edrom-mini/edromufu/src/movement/Ros2_change/install/movement_utils/local/lib/python3.10/dist-packages/movement_utils/movement_utils_s__rosidl_typesupport_fastrtps_c.cpython-310-x86_64-linux-gnu.so\n'}
[14.114641] (movement_utils) StdoutLine: {'line': b'-- Installing: /home/edrom-mini/edromufu/src/movement/Ros2_change/install/movement_utils/local/lib/python3.10/dist-packages/movement_utils/_movement_utils_s.ep.rosidl_typesupport_introspection_c.c\n'}
[14.114845] (movement_utils) StdoutLine: {'line': b'-- Installing: /home/edrom-mini/edromufu/src/movement/Ros2_change/install/movement_utils/local/lib/python3.10/dist-packages/movement_utils/movement_utils_s__rosidl_typesupport_introspection_c.cpython-310-x86_64-linux-gnu.so\n'}
[14.114999] (movement_utils) StdoutLine: {'line': b'-- Installing: /home/edrom-mini/edromufu/src/movement/Ros2_change/install/movement_utils/local/lib/python3.10/dist-packages/movement_utils/movement_utils_s__rosidl_typesupport_c.cpython-310-x86_64-linux-gnu.so\n'}
[14.115146] (movement_utils) StdoutLine: {'line': b'-- Installing: /home/edrom-mini/edromufu/src/movement/Ros2_change/install/movement_utils/local/lib/python3.10/dist-packages/movement_utils/_movement_utils_s.ep.rosidl_typesupport_c.c\n'}
[14.157551] (movement_utils) StdoutLine: {'line': b"Listing '/home/edrom-mini/edromufu/src/movement/Ros2_change/install/movement_utils/local/lib/python3.10/dist-packages/movement_utils'...\n"}
[14.157770] (movement_utils) StdoutLine: {'line': b"Compiling '/home/edrom-mini/edromufu/src/movement/Ros2_change/install/movement_utils/local/lib/python3.10/dist-packages/movement_utils/__init__.py'...\n"}
[14.157849] (movement_utils) StdoutLine: {'line': b"Listing '/home/edrom-mini/edromufu/src/movement/Ros2_change/install/movement_utils/local/lib/python3.10/dist-packages/movement_utils/msg'...\n"}
[14.157912] (movement_utils) StdoutLine: {'line': b"Compiling '/home/edrom-mini/edromufu/src/movement/Ros2_change/install/movement_utils/local/lib/python3.10/dist-packages/movement_utils/msg/__init__.py'...\n"}
[14.157971] (movement_utils) StdoutLine: {'line': b"Compiling '/home/edrom-mini/edromufu/src/movement/Ros2_change/install/movement_utils/local/lib/python3.10/dist-packages/movement_utils/msg/_body_motors_data.py'...\n"}
[14.158029] (movement_utils) StdoutLine: {'line': b"Compiling '/home/edrom-mini/edromufu/src/movement/Ros2_change/install/movement_utils/local/lib/python3.10/dist-packages/movement_utils/msg/_head_motors_data.py'...\n"}
[14.158086] (movement_utils) StdoutLine: {'line': b"Listing '/home/edrom-mini/edromufu/src/movement/Ros2_change/install/movement_utils/local/lib/python3.10/dist-packages/movement_utils/srv'...\n"}
[14.158142] (movement_utils) StdoutLine: {'line': b"Compiling '/home/edrom-mini/edromufu/src/movement/Ros2_change/install/movement_utils/local/lib/python3.10/dist-packages/movement_utils/srv/__init__.py'...\n"}
[14.158199] (movement_utils) StdoutLine: {'line': b"Compiling '/home/edrom-mini/edromufu/src/movement/Ros2_change/install/movement_utils/local/lib/python3.10/dist-packages/movement_utils/srv/_body_feedback.py'...\n"}
[14.158254] (movement_utils) StdoutLine: {'line': b"Compiling '/home/edrom-mini/edromufu/src/movement/Ros2_change/install/movement_utils/local/lib/python3.10/dist-packages/movement_utils/srv/_enable_torque.py'...\n"}
[14.158310] (movement_utils) StdoutLine: {'line': b"Compiling '/home/edrom-mini/edromufu/src/movement/Ros2_change/install/movement_utils/local/lib/python3.10/dist-packages/movement_utils/srv/_gait.py'...\n"}
[14.158366] (movement_utils) StdoutLine: {'line': b"Compiling '/home/edrom-mini/edromufu/src/movement/Ros2_change/install/movement_utils/local/lib/python3.10/dist-packages/movement_utils/srv/_head_feedback.py'...\n"}
[14.158441] (movement_utils) StdoutLine: {'line': b"Compiling '/home/edrom-mini/edromufu/src/movement/Ros2_change/install/movement_utils/local/lib/python3.10/dist-packages/movement_utils/srv/_page.py'...\n"}
[14.158507] (movement_utils) StdoutLine: {'line': b"Compiling '/home/edrom-mini/edromufu/src/movement/Ros2_change/install/movement_utils/local/lib/python3.10/dist-packages/movement_utils/srv/_rotate.py'...\n"}
[14.158565] (movement_utils) StdoutLine: {'line': b"Compiling '/home/edrom-mini/edromufu/src/movement/Ros2_change/install/movement_utils/local/lib/python3.10/dist-packages/movement_utils/srv/_walk_forward.py'...\n"}
[14.162400] (movement_utils) StdoutLine: {'line': b'-- Installing: /home/edrom-mini/edromufu/src/movement/Ros2_change/install/movement_utils/local/lib/python3.10/dist-packages/movement_utils/movement_utils_s__rosidl_typesupport_fastrtps_c.cpython-310-x86_64-linux-gnu.so\n'}
[14.162805] (movement_utils) StdoutLine: {'line': b'-- Set non-toolchain portion of runtime path of "/home/edrom-mini/edromufu/src/movement/Ros2_change/install/movement_utils/local/lib/python3.10/dist-packages/movement_utils/movement_utils_s__rosidl_typesupport_fastrtps_c.cpython-310-x86_64-linux-gnu.so" to ""\n'}
[14.163017] (movement_utils) StdoutLine: {'line': b'-- Installing: /home/edrom-mini/edromufu/src/movement/Ros2_change/install/movement_utils/local/lib/python3.10/dist-packages/movement_utils/movement_utils_s__rosidl_typesupport_introspection_c.cpython-310-x86_64-linux-gnu.so\n'}
[14.163362] (movement_utils) StdoutLine: {'line': b'-- Set non-toolchain portion of runtime path of "/home/edrom-mini/edromufu/src/movement/Ros2_change/install/movement_utils/local/lib/python3.10/dist-packages/movement_utils/movement_utils_s__rosidl_typesupport_introspection_c.cpython-310-x86_64-linux-gnu.so" to ""\n'}
[14.163574] (movement_utils) StdoutLine: {'line': b'-- Installing: /home/edrom-mini/edromufu/src/movement/Ros2_change/install/movement_utils/local/lib/python3.10/dist-packages/movement_utils/movement_utils_s__rosidl_typesupport_c.cpython-310-x86_64-linux-gnu.so\n'}
[14.163901] (movement_utils) StdoutLine: {'line': b'-- Set non-toolchain portion of runtime path of "/home/edrom-mini/edromufu/src/movement/Ros2_change/install/movement_utils/local/lib/python3.10/dist-packages/movement_utils/movement_utils_s__rosidl_typesupport_c.cpython-310-x86_64-linux-gnu.so" to ""\n'}
[14.164029] (movement_utils) StdoutLine: {'line': b'-- Installing: /home/edrom-mini/edromufu/src/movement/Ros2_change/install/movement_utils/lib/libmovement_utils__rosidl_generator_py.so\n'}
[14.164342] (movement_utils) StdoutLine: {'line': b'-- Set non-toolchain portion of runtime path of "/home/edrom-mini/edromufu/src/movement/Ros2_change/install/movement_utils/lib/libmovement_utils__rosidl_generator_py.so" to ""\n'}
[14.164441] (movement_utils) StdoutLine: {'line': b'-- Installing: /home/edrom-mini/edromufu/src/movement/Ros2_change/install/movement_utils/share/movement_utils/msg/BodyMotorsData.idl\n'}
[14.164530] (movement_utils) StdoutLine: {'line': b'-- Installing: /home/edrom-mini/edromufu/src/movement/Ros2_change/install/movement_utils/share/movement_utils/msg/HeadMotorsData.idl\n'}
[14.164595] (-) TimerEvent: {}
[14.164749] (movement_utils) StdoutLine: {'line': b'-- Installing: /home/edrom-mini/edromufu/src/movement/Ros2_change/install/movement_utils/share/movement_utils/srv/BodyFeedback.idl\n'}
[14.164900] (movement_utils) StdoutLine: {'line': b'-- Installing: /home/edrom-mini/edromufu/src/movement/Ros2_change/install/movement_utils/share/movement_utils/srv/EnableTorque.idl\n'}
[14.164995] (movement_utils) StdoutLine: {'line': b'-- Installing: /home/edrom-mini/edromufu/src/movement/Ros2_change/install/movement_utils/share/movement_utils/srv/Gait.idl\n'}
[14.165119] (movement_utils) StdoutLine: {'line': b'-- Installing: /home/edrom-mini/edromufu/src/movement/Ros2_change/install/movement_utils/share/movement_utils/srv/HeadFeedback.idl\n'}
[14.165253] (movement_utils) StdoutLine: {'line': b'-- Installing: /home/edrom-mini/edromufu/src/movement/Ros2_change/install/movement_utils/share/movement_utils/srv/Page.idl\n'}
[14.165391] (movement_utils) StdoutLine: {'line': b'-- Installing: /home/edrom-mini/edromufu/src/movement/Ros2_change/install/movement_utils/share/movement_utils/srv/Rotate.idl\n'}
[14.165523] (movement_utils) StdoutLine: {'line': b'-- Installing: /home/edrom-mini/edromufu/src/movement/Ros2_change/install/movement_utils/share/movement_utils/srv/WalkForward.idl\n'}
[14.165671] (movement_utils) StdoutLine: {'line': b'-- Installing: /home/edrom-mini/edromufu/src/movement/Ros2_change/install/movement_utils/share/movement_utils/msg/BodyMotorsData.msg\n'}
[14.165806] (movement_utils) StdoutLine: {'line': b'-- Installing: /home/edrom-mini/edromufu/src/movement/Ros2_change/install/movement_utils/share/movement_utils/msg/HeadMotorsData.msg\n'}
[14.165936] (movement_utils) StdoutLine: {'line': b'-- Installing: /home/edrom-mini/edromufu/src/movement/Ros2_change/install/movement_utils/share/movement_utils/srv/BodyFeedback.srv\n'}
[14.166067] (movement_utils) StdoutLine: {'line': b'-- Installing: /home/edrom-mini/edromufu/src/movement/Ros2_change/install/movement_utils/share/movement_utils/srv/BodyFeedback_Request.msg\n'}
[14.166201] (movement_utils) StdoutLine: {'line': b'-- Installing: /home/edrom-mini/edromufu/src/movement/Ros2_change/install/movement_utils/share/movement_utils/srv/BodyFeedback_Response.msg\n'}
[14.166333] (movement_utils) StdoutLine: {'line': b'-- Installing: /home/edrom-mini/edromufu/src/movement/Ros2_change/install/movement_utils/share/movement_utils/srv/EnableTorque.srv\n'}
[14.166467] (movement_utils) StdoutLine: {'line': b'-- Installing: /home/edrom-mini/edromufu/src/movement/Ros2_change/install/movement_utils/share/movement_utils/srv/EnableTorque_Request.msg\n'}
[14.166598] (movement_utils) StdoutLine: {'line': b'-- Installing: /home/edrom-mini/edromufu/src/movement/Ros2_change/install/movement_utils/share/movement_utils/srv/EnableTorque_Response.msg\n'}
[14.166738] (movement_utils) StdoutLine: {'line': b'-- Installing: /home/edrom-mini/edromufu/src/movement/Ros2_change/install/movement_utils/share/movement_utils/srv/Gait.srv\n'}
[14.166870] (movement_utils) StdoutLine: {'line': b'-- Installing: /home/edrom-mini/edromufu/src/movement/Ros2_change/install/movement_utils/share/movement_utils/srv/Gait_Request.msg\n'}
[14.167034] (movement_utils) StdoutLine: {'line': b'-- Installing: /home/edrom-mini/edromufu/src/movement/Ros2_change/install/movement_utils/share/movement_utils/srv/Gait_Response.msg\n'}
[14.167169] (movement_utils) StdoutLine: {'line': b'-- Installing: /home/edrom-mini/edromufu/src/movement/Ros2_change/install/movement_utils/share/movement_utils/srv/HeadFeedback.srv\n'}
[14.167300] (movement_utils) StdoutLine: {'line': b'-- Installing: /home/edrom-mini/edromufu/src/movement/Ros2_change/install/movement_utils/share/movement_utils/srv/HeadFeedback_Request.msg\n'}
[14.167436] (movement_utils) StdoutLine: {'line': b'-- Installing: /home/edrom-mini/edromufu/src/movement/Ros2_change/install/movement_utils/share/movement_utils/srv/HeadFeedback_Response.msg\n'}
[14.167569] (movement_utils) StdoutLine: {'line': b'-- Installing: /home/edrom-mini/edromufu/src/movement/Ros2_change/install/movement_utils/share/movement_utils/srv/Page.srv\n'}
[14.167709] (movement_utils) StdoutLine: {'line': b'-- Installing: /home/edrom-mini/edromufu/src/movement/Ros2_change/install/movement_utils/share/movement_utils/srv/Page_Request.msg\n'}
[14.167847] (movement_utils) StdoutLine: {'line': b'-- Installing: /home/edrom-mini/edromufu/src/movement/Ros2_change/install/movement_utils/share/movement_utils/srv/Page_Response.msg\n'}
[14.167983] (movement_utils) StdoutLine: {'line': b'-- Installing: /home/edrom-mini/edromufu/src/movement/Ros2_change/install/movement_utils/share/movement_utils/srv/Rotate.srv\n'}
[14.168116] (movement_utils) StdoutLine: {'line': b'-- Installing: /home/edrom-mini/edromufu/src/movement/Ros2_change/install/movement_utils/share/movement_utils/srv/Rotate_Request.msg\n'}
[14.168249] (movement_utils) StdoutLine: {'line': b'-- Installing: /home/edrom-mini/edromufu/src/movement/Ros2_change/install/movement_utils/share/movement_utils/srv/Rotate_Response.msg\n'}
[14.168383] (movement_utils) StdoutLine: {'line': b'-- Installing: /home/edrom-mini/edromufu/src/movement/Ros2_change/install/movement_utils/share/movement_utils/srv/WalkForward.srv\n'}
[14.168518] (movement_utils) StdoutLine: {'line': b'-- Installing: /home/edrom-mini/edromufu/src/movement/Ros2_change/install/movement_utils/share/movement_utils/srv/WalkForward_Request.msg\n'}
[14.168658] (movement_utils) StdoutLine: {'line': b'-- Installing: /home/edrom-mini/edromufu/src/movement/Ros2_change/install/movement_utils/share/movement_utils/srv/WalkForward_Response.msg\n'}
[14.168795] (movement_utils) StdoutLine: {'line': b'-- Up-to-date: /home/edrom-mini/edromufu/src/movement/Ros2_change/install/movement_utils/share/movement_utils/launch\n'}
[14.168887] (movement_utils) StdoutLine: {'line': b'-- Installing: /home/edrom-mini/edromufu/src/movement/Ros2_change/install/movement_utils/share/movement_utils/launch/movement_start.launch.py\n'}
[14.168975] (movement_utils) StdoutLine: {'line': b'-- Up-to-date: /home/edrom-mini/edromufu/src/movement/Ros2_change/install/movement_utils/share/movement_utils/launch/tahara_launch.py\n'}
[14.169065] (movement_utils) StdoutLine: {'line': b'-- Installing: /home/edrom-mini/edromufu/src/movement/Ros2_change/install/movement_utils/share/ament_index/resource_index/package_run_dependencies/movement_utils\n'}
[14.169152] (movement_utils) StdoutLine: {'line': b'-- Installing: /home/edrom-mini/edromufu/src/movement/Ros2_change/install/movement_utils/share/ament_index/resource_index/parent_prefix_path/movement_utils\n'}
[14.169323] (movement_utils) StdoutLine: {'line': b'-- Installing: /home/edrom-mini/edromufu/src/movement/Ros2_change/install/movement_utils/share/movement_utils/environment/ament_prefix_path.sh\n'}
[14.169463] (movement_utils) StdoutLine: {'line': b'-- Installing: /home/edrom-mini/edromufu/src/movement/Ros2_change/install/movement_utils/share/movement_utils/environment/ament_prefix_path.dsv\n'}
[14.169597] (movement_utils) StdoutLine: {'line': b'-- Installing: /home/edrom-mini/edromufu/src/movement/Ros2_change/install/movement_utils/share/movement_utils/environment/path.sh\n'}
[14.169756] (movement_utils) StdoutLine: {'line': b'-- Installing: /home/edrom-mini/edromufu/src/movement/Ros2_change/install/movement_utils/share/movement_utils/environment/path.dsv\n'}
[14.169891] (movement_utils) StdoutLine: {'line': b'-- Installing: /home/edrom-mini/edromufu/src/movement/Ros2_change/install/movement_utils/share/movement_utils/local_setup.bash\n'}
[14.170026] (movement_utils) StdoutLine: {'line': b'-- Installing: /home/edrom-mini/edromufu/src/movement/Ros2_change/install/movement_utils/share/movement_utils/local_setup.sh\n'}
[14.170167] (movement_utils) StdoutLine: {'line': b'-- Installing: /home/edrom-mini/edromufu/src/movement/Ros2_change/install/movement_utils/share/movement_utils/local_setup.zsh\n'}
[14.170299] (movement_utils) StdoutLine: {'line': b'-- Installing: /home/edrom-mini/edromufu/src/movement/Ros2_change/install/movement_utils/share/movement_utils/local_setup.dsv\n'}
[14.170430] (movement_utils) StdoutLine: {'line': b'-- Installing: /home/edrom-mini/edromufu/src/movement/Ros2_change/install/movement_utils/share/movement_utils/package.dsv\n'}
[14.170565] (movement_utils) StdoutLine: {'line': b'-- Installing: /home/edrom-mini/edromufu/src/movement/Ros2_change/install/movement_utils/share/ament_index/resource_index/packages/movement_utils\n'}
[14.170827] (movement_utils) StdoutLine: {'line': b'-- Old export file "/home/edrom-mini/edromufu/src/movement/Ros2_change/install/movement_utils/share/movement_utils/cmake/export_movement_utils__rosidl_generator_cExport.cmake" will be replaced.  Removing files [/home/edrom-mini/edromufu/src/movement/Ros2_change/install/movement_utils/share/movement_utils/cmake/export_movement_utils__rosidl_generator_cExport-noconfig.cmake].\n'}
[14.170932] (movement_utils) StdoutLine: {'line': b'-- Installing: /home/edrom-mini/edromufu/src/movement/Ros2_change/install/movement_utils/share/movement_utils/cmake/export_movement_utils__rosidl_generator_cExport.cmake\n'}
[14.171049] (movement_utils) StdoutLine: {'line': b'-- Installing: /home/edrom-mini/edromufu/src/movement/Ros2_change/install/movement_utils/share/movement_utils/cmake/export_movement_utils__rosidl_generator_cExport-noconfig.cmake\n'}
[14.171261] (movement_utils) StdoutLine: {'line': b'-- Old export file "/home/edrom-mini/edromufu/src/movement/Ros2_change/install/movement_utils/share/movement_utils/cmake/export_movement_utils__rosidl_typesupport_fastrtps_cExport.cmake" will be replaced.  Removing files [/home/edrom-mini/edromufu/src/movement/Ros2_change/install/movement_utils/share/movement_utils/cmake/export_movement_utils__rosidl_typesupport_fastrtps_cExport-noconfig.cmake].\n'}
[14.171360] (movement_utils) StdoutLine: {'line': b'-- Installing: /home/edrom-mini/edromufu/src/movement/Ros2_change/install/movement_utils/share/movement_utils/cmake/export_movement_utils__rosidl_typesupport_fastrtps_cExport.cmake\n'}
[14.171472] (movement_utils) StdoutLine: {'line': b'-- Installing: /home/edrom-mini/edromufu/src/movement/Ros2_change/install/movement_utils/share/movement_utils/cmake/export_movement_utils__rosidl_typesupport_fastrtps_cExport-noconfig.cmake\n'}
[14.171714] (movement_utils) StdoutLine: {'line': b'-- Old export file "/home/edrom-mini/edromufu/src/movement/Ros2_change/install/movement_utils/share/movement_utils/cmake/movement_utils__rosidl_typesupport_introspection_cExport.cmake" will be replaced.  Removing files [/home/edrom-mini/edromufu/src/movement/Ros2_change/install/movement_utils/share/movement_utils/cmake/movement_utils__rosidl_typesupport_introspection_cExport-noconfig.cmake].\n'}
[14.171812] (movement_utils) StdoutLine: {'line': b'-- Installing: /home/edrom-mini/edromufu/src/movement/Ros2_change/install/movement_utils/share/movement_utils/cmake/movement_utils__rosidl_typesupport_introspection_cExport.cmake\n'}
[14.171929] (movement_utils) StdoutLine: {'line': b'-- Installing: /home/edrom-mini/edromufu/src/movement/Ros2_change/install/movement_utils/share/movement_utils/cmake/movement_utils__rosidl_typesupport_introspection_cExport-noconfig.cmake\n'}
[14.172139] (movement_utils) StdoutLine: {'line': b'-- Old export file "/home/edrom-mini/edromufu/src/movement/Ros2_change/install/movement_utils/share/movement_utils/cmake/movement_utils__rosidl_typesupport_cExport.cmake" will be replaced.  Removing files [/home/edrom-mini/edromufu/src/movement/Ros2_change/install/movement_utils/share/movement_utils/cmake/movement_utils__rosidl_typesupport_cExport-noconfig.cmake].\n'}
[14.172232] (movement_utils) StdoutLine: {'line': b'-- Installing: /home/edrom-mini/edromufu/src/movement/Ros2_change/install/movement_utils/share/movement_utils/cmake/movement_utils__rosidl_typesupport_cExport.cmake\n'}
[14.172335] (movement_utils) StdoutLine: {'line': b'-- Installing: /home/edrom-mini/edromufu/src/movement/Ros2_change/install/movement_utils/share/movement_utils/cmake/movement_utils__rosidl_typesupport_cExport-noconfig.cmake\n'}
[14.172538] (movement_utils) StdoutLine: {'line': b'-- Installing: /home/edrom-mini/edromufu/src/movement/Ros2_change/install/movement_utils/share/movement_utils/cmake/export_movement_utils__rosidl_generator_cppExport.cmake\n'}
[14.172772] (movement_utils) StdoutLine: {'line': b'-- Old export file "/home/edrom-mini/edromufu/src/movement/Ros2_change/install/movement_utils/share/movement_utils/cmake/export_movement_utils__rosidl_typesupport_fastrtps_cppExport.cmake" will be replaced.  Removing files [/home/edrom-mini/edromufu/src/movement/Ros2_change/install/movement_utils/share/movement_utils/cmake/export_movement_utils__rosidl_typesupport_fastrtps_cppExport-noconfig.cmake].\n'}
[14.172867] (movement_utils) StdoutLine: {'line': b'-- Installing: /home/edrom-mini/edromufu/src/movement/Ros2_change/install/movement_utils/share/movement_utils/cmake/export_movement_utils__rosidl_typesupport_fastrtps_cppExport.cmake\n'}
[14.172976] (movement_utils) StdoutLine: {'line': b'-- Installing: /home/edrom-mini/edromufu/src/movement/Ros2_change/install/movement_utils/share/movement_utils/cmake/export_movement_utils__rosidl_typesupport_fastrtps_cppExport-noconfig.cmake\n'}
[14.173176] (movement_utils) StdoutLine: {'line': b'-- Old export file "/home/edrom-mini/edromufu/src/movement/Ros2_change/install/movement_utils/share/movement_utils/cmake/movement_utils__rosidl_typesupport_introspection_cppExport.cmake" will be replaced.  Removing files [/home/edrom-mini/edromufu/src/movement/Ros2_change/install/movement_utils/share/movement_utils/cmake/movement_utils__rosidl_typesupport_introspection_cppExport-noconfig.cmake].\n'}
[14.173272] (movement_utils) StdoutLine: {'line': b'-- Installing: /home/edrom-mini/edromufu/src/movement/Ros2_change/install/movement_utils/share/movement_utils/cmake/movement_utils__rosidl_typesupport_introspection_cppExport.cmake\n'}
[14.173381] (movement_utils) StdoutLine: {'line': b'-- Installing: /home/edrom-mini/edromufu/src/movement/Ros2_change/install/movement_utils/share/movement_utils/cmake/movement_utils__rosidl_typesupport_introspection_cppExport-noconfig.cmake\n'}
[14.173577] (movement_utils) StdoutLine: {'line': b'-- Old export file "/home/edrom-mini/edromufu/src/movement/Ros2_change/install/movement_utils/share/movement_utils/cmake/movement_utils__rosidl_typesupport_cppExport.cmake" will be replaced.  Removing files [/home/edrom-mini/edromufu/src/movement/Ros2_change/install/movement_utils/share/movement_utils/cmake/movement_utils__rosidl_typesupport_cppExport-noconfig.cmake].\n'}
[14.173675] (movement_utils) StdoutLine: {'line': b'-- Installing: /home/edrom-mini/edromufu/src/movement/Ros2_change/install/movement_utils/share/movement_utils/cmake/movement_utils__rosidl_typesupport_cppExport.cmake\n'}
[14.173788] (movement_utils) StdoutLine: {'line': b'-- Installing: /home/edrom-mini/edromufu/src/movement/Ros2_change/install/movement_utils/share/movement_utils/cmake/movement_utils__rosidl_typesupport_cppExport-noconfig.cmake\n'}
[14.173983] (movement_utils) StdoutLine: {'line': b'-- Old export file "/home/edrom-mini/edromufu/src/movement/Ros2_change/install/movement_utils/share/movement_utils/cmake/export_movement_utils__rosidl_generator_pyExport.cmake" will be replaced.  Removing files [/home/edrom-mini/edromufu/src/movement/Ros2_change/install/movement_utils/share/movement_utils/cmake/export_movement_utils__rosidl_generator_pyExport-noconfig.cmake].\n'}
[14.174074] (movement_utils) StdoutLine: {'line': b'-- Installing: /home/edrom-mini/edromufu/src/movement/Ros2_change/install/movement_utils/share/movement_utils/cmake/export_movement_utils__rosidl_generator_pyExport.cmake\n'}
[14.174183] (movement_utils) StdoutLine: {'line': b'-- Installing: /home/edrom-mini/edromufu/src/movement/Ros2_change/install/movement_utils/share/movement_utils/cmake/export_movement_utils__rosidl_generator_pyExport-noconfig.cmake\n'}
[14.174307] (movement_utils) StdoutLine: {'line': b'-- Installing: /home/edrom-mini/edromufu/src/movement/Ros2_change/install/movement_utils/share/movement_utils/cmake/rosidl_cmake-extras.cmake\n'}
[14.174477] (movement_utils) StdoutLine: {'line': b'-- Installing: /home/edrom-mini/edromufu/src/movement/Ros2_change/install/movement_utils/share/movement_utils/cmake/ament_cmake_export_dependencies-extras.cmake\n'}
[14.174635] (movement_utils) StdoutLine: {'line': b'-- Installing: /home/edrom-mini/edromufu/src/movement/Ros2_change/install/movement_utils/share/movement_utils/cmake/ament_cmake_export_include_directories-extras.cmake\n'}
[14.174792] (movement_utils) StdoutLine: {'line': b'-- Installing: /home/edrom-mini/edromufu/src/movement/Ros2_change/install/movement_utils/share/movement_utils/cmake/ament_cmake_export_libraries-extras.cmake\n'}
[14.174963] (movement_utils) StdoutLine: {'line': b'-- Installing: /home/edrom-mini/edromufu/src/movement/Ros2_change/install/movement_utils/share/movement_utils/cmake/ament_cmake_export_targets-extras.cmake\n'}
[14.175225] (movement_utils) StdoutLine: {'line': b'-- Installing: /home/edrom-mini/edromufu/src/movement/Ros2_change/install/movement_utils/share/movement_utils/cmake/rosidl_cmake_export_typesupport_targets-extras.cmake\n'}
[14.175412] (movement_utils) StdoutLine: {'line': b'-- Installing: /home/edrom-mini/edromufu/src/movement/Ros2_change/install/movement_utils/share/movement_utils/cmake/rosidl_cmake_export_typesupport_libraries-extras.cmake\n'}
[14.175551] (movement_utils) StdoutLine: {'line': b'-- Installing: /home/edrom-mini/edromufu/src/movement/Ros2_change/install/movement_utils/share/movement_utils/cmake/movement_utilsConfig.cmake\n'}
[14.175670] (movement_utils) StdoutLine: {'line': b'-- Installing: /home/edrom-mini/edromufu/src/movement/Ros2_change/install/movement_utils/share/movement_utils/cmake/movement_utilsConfig-version.cmake\n'}
[14.175806] (movement_utils) StdoutLine: {'line': b'-- Installing: /home/edrom-mini/edromufu/src/movement/Ros2_change/install/movement_utils/share/movement_utils/package.xml\n'}
[14.192927] (movement_utils) CommandEnded: {'returncode': 0}
[14.264735] (-) TimerEvent: {}
[14.365042] (-) TimerEvent: {}
[14.465457] (-) TimerEvent: {}
[14.500493] (movement_utils) JobEnded: {'identifier': 'movement_utils', 'rc': 0}
[14.501257] (movement_pages) JobStarted: {'identifier': 'movement_pages'}
[14.504573] (u2d2_comm) JobStarted: {'identifier': 'u2d2_comm'}
[14.565583] (-) TimerEvent: {}
[14.665892] (-) TimerEvent: {}
[14.766142] (-) TimerEvent: {}
[14.866429] (-) TimerEvent: {}
[14.966715] (-) TimerEvent: {}
[15.066970] (-) TimerEvent: {}
[15.167273] (-) TimerEvent: {}
[15.267579] (-) TimerEvent: {}
[15.344849] (u2d2_comm) Command: {'cmd': ['/usr/bin/python3', '-W', 'ignore:setup.py install is deprecated', 'setup.py', 'egg_info', '--egg-base', '../../build/u2d2_comm', 'build', '--build-base', '/home/edrom-mini/edromufu/src/movement/Ros2_change/build/u2d2_comm/build', 'install', '--record', '/home/edrom-mini/edromufu/src/movement/Ros2_change/build/u2d2_comm/install.log', '--single-version-externally-managed', 'install_data'], 'cwd': '/home/edrom-mini/edromufu/src/movement/Ros2_change/src/u2d2_comm', 'env': {'GJS_DEBUG_TOPICS': 'JS ERROR;JS LOG', 'LESSOPEN': '| /usr/bin/lesspipe %s', 'USER': 'edrom-mini', 'LC_TIME': 'pt_BR.UTF-8', 'XDG_SESSION_TYPE': 'wayland', 'SHLVL': '1', 'LD_LIBRARY_PATH': '/home/edrom-mini/edromufu/src/movement/Ros2_change/install/movement_utils/lib:/opt/ros/humble/opt/rviz_ogre_vendor/lib:/opt/ros/humble/lib/x86_64-linux-gnu:/opt/ros/humble/lib', 'HOME': '/home/edrom-mini', 'OLDPWD': '/home/edrom-mini/edromufu/src/movement', 'DESKTOP_SESSION': 'ubuntu', 'GIO_LAUNCHED_DESKTOP_FILE': '/usr/share/applications/terminator.desktop', 'ROS_PYTHON_VERSION': '3', 'GNOME_SHELL_SESSION_MODE': 'ubuntu', 'GTK_MODULES': 'gail:atk-bridge', 'LC_MONETARY': 'pt_BR.UTF-8', 'MANAGERPID': '1246', 'LC_CTYPE': 'pt_BR.UTF-8', 'SYSTEMD_EXEC_PID': '1423', 'DBUS_SESSION_BUS_ADDRESS': 'unix:path=/run/user/1000/bus', 'COLORTERM': 'truecolor', 'TERMINATOR_DBUS_NAME': 'net.tenshu.Terminator25ef4b219e3b005583550f2b0f9f990c3', 'GIO_LAUNCHED_DESKTOP_FILE_PID': '2907', 'IM_CONFIG_PHASE': '1', 'WAYLAND_DISPLAY': 'wayland-0', 'ROS_DISTRO': 'humble', 'LOGNAME': 'edrom-mini', 'JOURNAL_STREAM': '8:12684', '_': '/usr/bin/colcon', 'ROS_VERSION': '2', 'XDG_SESSION_CLASS': 'user', 'USERNAME': 'edrom-mini', 'TERM': 'xterm-256color', 'GNOME_DESKTOP_SESSION_ID': 'this-is-deprecated', 'ROS_LOCALHOST_ONLY': '0', 'PATH': '/opt/ros/humble/bin:/home/edrom-mini/.local/bin:/usr/local/sbin:/usr/local/bin:/usr/sbin:/usr/bin:/sbin:/bin:/usr/games:/usr/local/games:/snap/bin:/snap/bin', 'SESSION_MANAGER': 'local/edrom-mini:@/tmp/.ICE-unix/1393,unix/edrom-mini:/tmp/.ICE-unix/1393', 'INVOCATION_ID': '73c2e16a4b174a38958529bc365ecfb9', 'XDG_MENU_PREFIX': 'gnome-', 'LC_ADDRESS': 'pt_BR.UTF-8', 'GNOME_SETUP_DISPLAY': ':1', 'XDG_RUNTIME_DIR': '/run/user/1000', 'DISPLAY': ':0', 'TERMINATOR_DBUS_PATH': '/net/tenshu/Terminator2', 'LANG': 'en_US.UTF-8', 'XDG_CURRENT_DESKTOP': 'ubuntu:GNOME', 'IBUS_DISABLE_SNOOPER': '1', 'LC_TELEPHONE': 'pt_BR.UTF-8', 'XMODIFIERS': '@im=ibus', 'XDG_SESSION_DESKTOP': 'ubuntu', 'XAUTHORITY': '/run/user/1000/.mutter-Xwaylandauth.APHAX2', 'LS_COLORS': 'rs=0:di=01;34:ln=01;36:mh=00:pi=40;33:so=01;35:do=01;35:bd=40;33;01:cd=40;33;01:or=40;31;01:mi=00:su=37;41:sg=30;43:ca=30;41:tw=30;42:ow=34;42:st=37;44:ex=01;32:*.tar=01;31:*.tgz=01;31:*.arc=01;31:*.arj=01;31:*.taz=01;31:*.lha=01;31:*.lz4=01;31:*.lzh=01;31:*.lzma=01;31:*.tlz=01;31:*.txz=01;31:*.tzo=01;31:*.t7z=01;31:*.zip=01;31:*.z=01;31:*.dz=01;31:*.gz=01;31:*.lrz=01;31:*.lz=01;31:*.lzo=01;31:*.xz=01;31:*.zst=01;31:*.tzst=01;31:*.bz2=01;31:*.bz=01;31:*.tbz=01;31:*.tbz2=01;31:*.tz=01;31:*.deb=01;31:*.rpm=01;31:*.jar=01;31:*.war=01;31:*.ear=01;31:*.sar=01;31:*.rar=01;31:*.alz=01;31:*.ace=01;31:*.zoo=01;31:*.cpio=01;31:*.7z=01;31:*.rz=01;31:*.cab=01;31:*.wim=01;31:*.swm=01;31:*.dwm=01;31:*.esd=01;31:*.jpg=01;35:*.jpeg=01;35:*.mjpg=01;35:*.mjpeg=01;35:*.gif=01;35:*.bmp=01;35:*.pbm=01;35:*.pgm=01;35:*.ppm=01;35:*.tga=01;35:*.xbm=01;35:*.xpm=01;35:*.tif=01;35:*.tiff=01;35:*.png=01;35:*.svg=01;35:*.svgz=01;35:*.mng=01;35:*.pcx=01;35:*.mov=01;35:*.mpg=01;35:*.mpeg=01;35:*.m2v=01;35:*.mkv=01;35:*.webm=01;35:*.webp=01;35:*.ogm=01;35:*.mp4=01;35:*.m4v=01;35:*.mp4v=01;35:*.vob=01;35:*.qt=01;35:*.nuv=01;35:*.wmv=01;35:*.asf=01;35:*.rm=01;35:*.rmvb=01;35:*.flc=01;35:*.avi=01;35:*.fli=01;35:*.flv=01;35:*.gl=01;35:*.dl=01;35:*.xcf=01;35:*.xwd=01;35:*.yuv=01;35:*.cgm=01;35:*.emf=01;35:*.ogv=01;35:*.ogx=01;35:*.aac=00;36:*.au=00;36:*.flac=00;36:*.m4a=00;36:*.mid=00;36:*.midi=00;36:*.mka=00;36:*.mp3=00;36:*.mpc=00;36:*.ogg=00;36:*.ra=00;36:*.wav=00;36:*.oga=00;36:*.opus=00;36:*.spx=00;36:*.xspf=00;36:', 'SSH_AGENT_LAUNCHER': 'gnome-keyring', 'SSH_AUTH_SOCK': '/run/user/1000/keyring/ssh', 'AMENT_PREFIX_PATH': '/home/edrom-mini/edromufu/src/movement/Ros2_change/install/movement_utils:/opt/ros/humble', 'SHELL': '/bin/bash', 'LC_NAME': 'pt_BR.UTF-8', 'TERMINATOR_UUID': 'urn:uuid:882e3c09-8619-434b-bb98-1f19910f819c', 'QT_ACCESSIBILITY': '1', 'GDMSESSION': 'ubuntu', 'LESSCLOSE': '/usr/bin/lesspipe %s %s', 'LC_MEASUREMENT': 'pt_BR.UTF-8', 'GJS_DEBUG_OUTPUT': 'stderr', 'LC_IDENTIFICATION': 'pt_BR.UTF-8', 'QT_IM_MODULE': 'ibus', 'PWD': '/home/edrom-mini/edromufu/src/movement/Ros2_change/build/u2d2_comm', 'LC_ALL': 'en_US.UTF-8', 'XDG_CONFIG_DIRS': '/etc/xdg/xdg-ubuntu:/etc/xdg', 'XDG_DATA_DIRS': '/usr/share/ubuntu:/usr/local/share/:/usr/share/:/var/lib/snapd/desktop', 'PYTHONPATH': '/home/edrom-mini/edromufu/src/movement/Ros2_change/build/u2d2_comm/prefix_override:/home/edrom-mini/edromufu/src/movement/Ros2_change/install/u2d2_comm/lib/python3.10/site-packages:/home/edrom-mini/edromufu/src/movement/Ros2_change/install/movement_utils/local/lib/python3.10/dist-packages:/opt/ros/humble/lib/python3.10/site-packages:/opt/ros/humble/local/lib/python3.10/dist-packages', 'LC_NUMERIC': 'pt_BR.UTF-8', 'LC_PAPER': 'pt_BR.UTF-8', 'COLCON': '1', 'VTE_VERSION': '6800', 'CMAKE_PREFIX_PATH': '/home/edrom-mini/edromufu/src/movement/Ros2_change/install/movement_utils'}, 'shell': False}
[15.348143] (movement_pages) Command: {'cmd': ['/usr/bin/python3', '-W', 'ignore:setup.py install is deprecated', 'setup.py', 'egg_info', '--egg-base', '../../build/movement_pages', 'build', '--build-base', '/home/edrom-mini/edromufu/src/movement/Ros2_change/build/movement_pages/build', 'install', '--record', '/home/edrom-mini/edromufu/src/movement/Ros2_change/build/movement_pages/install.log', '--single-version-externally-managed', 'install_data'], 'cwd': '/home/edrom-mini/edromufu/src/movement/Ros2_change/src/movement_pages', 'env': {'GJS_DEBUG_TOPICS': 'JS ERROR;JS LOG', 'LESSOPEN': '| /usr/bin/lesspipe %s', 'USER': 'edrom-mini', 'LC_TIME': 'pt_BR.UTF-8', 'XDG_SESSION_TYPE': 'wayland', 'SHLVL': '1', 'LD_LIBRARY_PATH': '/home/edrom-mini/edromufu/src/movement/Ros2_change/install/movement_utils/lib:/opt/ros/humble/opt/rviz_ogre_vendor/lib:/opt/ros/humble/lib/x86_64-linux-gnu:/opt/ros/humble/lib', 'HOME': '/home/edrom-mini', 'OLDPWD': '/home/edrom-mini/edromufu/src/movement', 'DESKTOP_SESSION': 'ubuntu', 'GIO_LAUNCHED_DESKTOP_FILE': '/usr/share/applications/terminator.desktop', 'ROS_PYTHON_VERSION': '3', 'GNOME_SHELL_SESSION_MODE': 'ubuntu', 'GTK_MODULES': 'gail:atk-bridge', 'LC_MONETARY': 'pt_BR.UTF-8', 'MANAGERPID': '1246', 'LC_CTYPE': 'pt_BR.UTF-8', 'SYSTEMD_EXEC_PID': '1423', 'DBUS_SESSION_BUS_ADDRESS': 'unix:path=/run/user/1000/bus', 'COLORTERM': 'truecolor', 'TERMINATOR_DBUS_NAME': 'net.tenshu.Terminator25ef4b219e3b005583550f2b0f9f990c3', 'GIO_LAUNCHED_DESKTOP_FILE_PID': '2907', 'IM_CONFIG_PHASE': '1', 'WAYLAND_DISPLAY': 'wayland-0', 'ROS_DISTRO': 'humble', 'LOGNAME': 'edrom-mini', 'JOURNAL_STREAM': '8:12684', '_': '/usr/bin/colcon', 'ROS_VERSION': '2', 'XDG_SESSION_CLASS': 'user', 'USERNAME': 'edrom-mini', 'TERM': 'xterm-256color', 'GNOME_DESKTOP_SESSION_ID': 'this-is-deprecated', 'ROS_LOCALHOST_ONLY': '0', 'PATH': '/opt/ros/humble/bin:/home/edrom-mini/.local/bin:/usr/local/sbin:/usr/local/bin:/usr/sbin:/usr/bin:/sbin:/bin:/usr/games:/usr/local/games:/snap/bin:/snap/bin', 'SESSION_MANAGER': 'local/edrom-mini:@/tmp/.ICE-unix/1393,unix/edrom-mini:/tmp/.ICE-unix/1393', 'INVOCATION_ID': '73c2e16a4b174a38958529bc365ecfb9', 'XDG_MENU_PREFIX': 'gnome-', 'LC_ADDRESS': 'pt_BR.UTF-8', 'GNOME_SETUP_DISPLAY': ':1', 'XDG_RUNTIME_DIR': '/run/user/1000', 'DISPLAY': ':0', 'TERMINATOR_DBUS_PATH': '/net/tenshu/Terminator2', 'LANG': 'en_US.UTF-8', 'XDG_CURRENT_DESKTOP': 'ubuntu:GNOME', 'IBUS_DISABLE_SNOOPER': '1', 'LC_TELEPHONE': 'pt_BR.UTF-8', 'XMODIFIERS': '@im=ibus', 'XDG_SESSION_DESKTOP': 'ubuntu', 'XAUTHORITY': '/run/user/1000/.mutter-Xwaylandauth.APHAX2', 'LS_COLORS': 'rs=0:di=01;34:ln=01;36:mh=00:pi=40;33:so=01;35:do=01;35:bd=40;33;01:cd=40;33;01:or=40;31;01:mi=00:su=37;41:sg=30;43:ca=30;41:tw=30;42:ow=34;42:st=37;44:ex=01;32:*.tar=01;31:*.tgz=01;31:*.arc=01;31:*.arj=01;31:*.taz=01;31:*.lha=01;31:*.lz4=01;31:*.lzh=01;31:*.lzma=01;31:*.tlz=01;31:*.txz=01;31:*.tzo=01;31:*.t7z=01;31:*.zip=01;31:*.z=01;31:*.dz=01;31:*.gz=01;31:*.lrz=01;31:*.lz=01;31:*.lzo=01;31:*.xz=01;31:*.zst=01;31:*.tzst=01;31:*.bz2=01;31:*.bz=01;31:*.tbz=01;31:*.tbz2=01;31:*.tz=01;31:*.deb=01;31:*.rpm=01;31:*.jar=01;31:*.war=01;31:*.ear=01;31:*.sar=01;31:*.rar=01;31:*.alz=01;31:*.ace=01;31:*.zoo=01;31:*.cpio=01;31:*.7z=01;31:*.rz=01;31:*.cab=01;31:*.wim=01;31:*.swm=01;31:*.dwm=01;31:*.esd=01;31:*.jpg=01;35:*.jpeg=01;35:*.mjpg=01;35:*.mjpeg=01;35:*.gif=01;35:*.bmp=01;35:*.pbm=01;35:*.pgm=01;35:*.ppm=01;35:*.tga=01;35:*.xbm=01;35:*.xpm=01;35:*.tif=01;35:*.tiff=01;35:*.png=01;35:*.svg=01;35:*.svgz=01;35:*.mng=01;35:*.pcx=01;35:*.mov=01;35:*.mpg=01;35:*.mpeg=01;35:*.m2v=01;35:*.mkv=01;35:*.webm=01;35:*.webp=01;35:*.ogm=01;35:*.mp4=01;35:*.m4v=01;35:*.mp4v=01;35:*.vob=01;35:*.qt=01;35:*.nuv=01;35:*.wmv=01;35:*.asf=01;35:*.rm=01;35:*.rmvb=01;35:*.flc=01;35:*.avi=01;35:*.fli=01;35:*.flv=01;35:*.gl=01;35:*.dl=01;35:*.xcf=01;35:*.xwd=01;35:*.yuv=01;35:*.cgm=01;35:*.emf=01;35:*.ogv=01;35:*.ogx=01;35:*.aac=00;36:*.au=00;36:*.flac=00;36:*.m4a=00;36:*.mid=00;36:*.midi=00;36:*.mka=00;36:*.mp3=00;36:*.mpc=00;36:*.ogg=00;36:*.ra=00;36:*.wav=00;36:*.oga=00;36:*.opus=00;36:*.spx=00;36:*.xspf=00;36:', 'SSH_AGENT_LAUNCHER': 'gnome-keyring', 'SSH_AUTH_SOCK': '/run/user/1000/keyring/ssh', 'AMENT_PREFIX_PATH': '/home/edrom-mini/edromufu/src/movement/Ros2_change/install/movement_utils:/opt/ros/humble', 'SHELL': '/bin/bash', 'LC_NAME': 'pt_BR.UTF-8', 'TERMINATOR_UUID': 'urn:uuid:882e3c09-8619-434b-bb98-1f19910f819c', 'QT_ACCESSIBILITY': '1', 'GDMSESSION': 'ubuntu', 'LESSCLOSE': '/usr/bin/lesspipe %s %s', 'LC_MEASUREMENT': 'pt_BR.UTF-8', 'GJS_DEBUG_OUTPUT': 'stderr', 'LC_IDENTIFICATION': 'pt_BR.UTF-8', 'QT_IM_MODULE': 'ibus', 'PWD': '/home/edrom-mini/edromufu/src/movement/Ros2_change/build/movement_pages', 'LC_ALL': 'en_US.UTF-8', 'XDG_CONFIG_DIRS': '/etc/xdg/xdg-ubuntu:/etc/xdg', 'XDG_DATA_DIRS': '/usr/share/ubuntu:/usr/local/share/:/usr/share/:/var/lib/snapd/desktop', 'PYTHONPATH': '/home/edrom-mini/edromufu/src/movement/Ros2_change/build/movement_pages/prefix_override:/home/edrom-mini/edromufu/src/movement/Ros2_change/install/movement_pages/lib/python3.10/site-packages:/home/edrom-mini/edromufu/src/movement/Ros2_change/install/movement_utils/local/lib/python3.10/dist-packages:/opt/ros/humble/lib/python3.10/site-packages:/opt/ros/humble/local/lib/python3.10/dist-packages', 'LC_NUMERIC': 'pt_BR.UTF-8', 'LC_PAPER': 'pt_BR.UTF-8', 'COLCON': '1', 'VTE_VERSION': '6800', 'CMAKE_PREFIX_PATH': '/home/edrom-mini/edromufu/src/movement/Ros2_change/install/movement_utils'}, 'shell': False}
[15.367696] (-) TimerEvent: {}
[15.467990] (-) TimerEvent: {}
[15.568256] (-) TimerEvent: {}
[15.600272] (movement_pages) StdoutLine: {'line': b'running egg_info\n'}
[15.600578] (u2d2_comm) StdoutLine: {'line': b'running egg_info\n'}
[15.600983] (u2d2_comm) StdoutLine: {'line': b'creating ../../build/u2d2_comm/u2d2_comm.egg-info\n'}
[15.601182] (movement_pages) StdoutLine: {'line': b'creating ../../build/movement_pages/movement_pages.egg-info\n'}
[15.601293] (movement_pages) StdoutLine: {'line': b'writing ../../build/movement_pages/movement_pages.egg-info/PKG-INFO\n'}
[15.601405] (u2d2_comm) StdoutLine: {'line': b'writing ../../build/u2d2_comm/u2d2_comm.egg-info/PKG-INFO\n'}
[15.601606] (movement_pages) StdoutLine: {'line': b'writing dependency_links to ../../build/movement_pages/movement_pages.egg-info/dependency_links.txt\n'}
[15.601776] (u2d2_comm) StdoutLine: {'line': b'writing dependency_links to ../../build/u2d2_comm/u2d2_comm.egg-info/dependency_links.txt\n'}
[15.601917] (movement_pages) StdoutLine: {'line': b'writing entry points to ../../build/movement_pages/movement_pages.egg-info/entry_points.txt\n'}
[15.601992] (u2d2_comm) StdoutLine: {'line': b'writing entry points to ../../build/u2d2_comm/u2d2_comm.egg-info/entry_points.txt\n'}
[15.602064] (u2d2_comm) StdoutLine: {'line': b'writing requirements to ../../build/u2d2_comm/u2d2_comm.egg-info/requires.txt\n'}
[15.602134] (movement_pages) StdoutLine: {'line': b'writing requirements to ../../build/movement_pages/movement_pages.egg-info/requires.txt\n'}
[15.602203] (movement_pages) StdoutLine: {'line': b'writing top-level names to ../../build/movement_pages/movement_pages.egg-info/top_level.txt\n'}
[15.602274] (u2d2_comm) StdoutLine: {'line': b'writing top-level names to ../../build/u2d2_comm/u2d2_comm.egg-info/top_level.txt\n'}
[15.602390] (u2d2_comm) StdoutLine: {'line': b"writing manifest file '../../build/u2d2_comm/u2d2_comm.egg-info/SOURCES.txt'\n"}
[15.602463] (movement_pages) StdoutLine: {'line': b"writing manifest file '../../build/movement_pages/movement_pages.egg-info/SOURCES.txt'\n"}
[15.603770] (u2d2_comm) StdoutLine: {'line': b"reading manifest file '../../build/u2d2_comm/u2d2_comm.egg-info/SOURCES.txt'\n"}
[15.603913] (movement_pages) StdoutLine: {'line': b"reading manifest file '../../build/movement_pages/movement_pages.egg-info/SOURCES.txt'\n"}
[15.604060] (u2d2_comm) StdoutLine: {'line': b"adding license file 'LICENSE'\n"}
[15.604554] (u2d2_comm) StdoutLine: {'line': b"writing manifest file '../../build/u2d2_comm/u2d2_comm.egg-info/SOURCES.txt'\n"}
[15.604745] (movement_pages) StdoutLine: {'line': b"writing manifest file '../../build/movement_pages/movement_pages.egg-info/SOURCES.txt'\n"}
[15.604833] (movement_pages) StdoutLine: {'line': b'running build\n'}
[15.604902] (movement_pages) StdoutLine: {'line': b'running build_py\n'}
[15.604967] (u2d2_comm) StdoutLine: {'line': b'running build\n'}
[15.605036] (u2d2_comm) StdoutLine: {'line': b'running build_py\n'}
[15.605149] (u2d2_comm) StdoutLine: {'line': b'creating /home/edrom-mini/edromufu/src/movement/Ros2_change/build/u2d2_comm/build\n'}
[15.605248] (u2d2_comm) StdoutLine: {'line': b'creating /home/edrom-mini/edromufu/src/movement/Ros2_change/build/u2d2_comm/build/lib\n'}
[15.605329] (u2d2_comm) StdoutLine: {'line': b'creating /home/edrom-mini/edromufu/src/movement/Ros2_change/build/u2d2_comm/build/lib/u2d2_comm\n'}
[15.605406] (u2d2_comm) StdoutLine: {'line': b'copying u2d2_comm/__init__.py -> /home/edrom-mini/edromufu/src/movement/Ros2_change/build/u2d2_comm/build/lib/u2d2_comm\n'}
[15.605539] (movement_pages) StdoutLine: {'line': b'creating /home/edrom-mini/edromufu/src/movement/Ros2_change/build/movement_pages/build\n'}
[15.605652] (movement_pages) StdoutLine: {'line': b'creating /home/edrom-mini/edromufu/src/movement/Ros2_change/build/movement_pages/build/lib\n'}
[15.605731] (movement_pages) StdoutLine: {'line': b'creating /home/edrom-mini/edromufu/src/movement/Ros2_change/build/movement_pages/build/lib/movement_pages\n'}
[15.605800] (movement_pages) StdoutLine: {'line': b'copying movement_pages/__init__.py -> /home/edrom-mini/edromufu/src/movement/Ros2_change/build/movement_pages/build/lib/movement_pages\n'}
[15.605874] (movement_pages) StdoutLine: {'line': b'copying movement_pages/page_interface.py -> /home/edrom-mini/edromufu/src/movement/Ros2_change/build/movement_pages/build/lib/movement_pages\n'}
[15.605951] (movement_pages) StdoutLine: {'line': b'copying movement_pages/ui.py -> /home/edrom-mini/edromufu/src/movement/Ros2_change/build/movement_pages/build/lib/movement_pages\n'}
[15.606020] (movement_pages) StdoutLine: {'line': b'copying movement_pages/edrom_logo_rc.py -> /home/edrom-mini/edromufu/src/movement/Ros2_change/build/movement_pages/build/lib/movement_pages\n'}
[15.606087] (u2d2_comm) StdoutLine: {'line': b'copying u2d2_comm/dynamixel_sdk_test.py -> /home/edrom-mini/edromufu/src/movement/Ros2_change/build/u2d2_comm/build/lib/u2d2_comm\n'}
[15.606162] (u2d2_comm) StdoutLine: {'line': b'copying u2d2_comm/dynamixel_sdk_comm.py -> /home/edrom-mini/edromufu/src/movement/Ros2_change/build/u2d2_comm/build/lib/u2d2_comm\n'}
[15.606270] (u2d2_comm) StdoutLine: {'line': b'running install\n'}
[15.606346] (u2d2_comm) StdoutLine: {'line': b'running install_lib\n'}
[15.607026] (u2d2_comm) StdoutLine: {'line': b'copying /home/edrom-mini/edromufu/src/movement/Ros2_change/build/u2d2_comm/build/lib/u2d2_comm/__init__.py -> /home/edrom-mini/edromufu/src/movement/Ros2_change/install/u2d2_comm/lib/python3.10/site-packages/u2d2_comm\n'}
[15.607174] (u2d2_comm) StdoutLine: {'line': b'copying /home/edrom-mini/edromufu/src/movement/Ros2_change/build/u2d2_comm/build/lib/u2d2_comm/dynamixel_sdk_test.py -> /home/edrom-mini/edromufu/src/movement/Ros2_change/install/u2d2_comm/lib/python3.10/site-packages/u2d2_comm\n'}
[15.607352] (u2d2_comm) StdoutLine: {'line': b'copying /home/edrom-mini/edromufu/src/movement/Ros2_change/build/u2d2_comm/build/lib/u2d2_comm/dynamixel_sdk_comm.py -> /home/edrom-mini/edromufu/src/movement/Ros2_change/install/u2d2_comm/lib/python3.10/site-packages/u2d2_comm\n'}
[15.607467] (movement_pages) StdoutLine: {'line': b'copying movement_pages/new_pose.py -> /home/edrom-mini/edromufu/src/movement/Ros2_change/build/movement_pages/build/lib/movement_pages\n'}
[15.607575] (movement_pages) StdoutLine: {'line': b'copying movement_pages/page_runner.py -> /home/edrom-mini/edromufu/src/movement/Ros2_change/build/movement_pages/build/lib/movement_pages\n'}
[15.607959] (u2d2_comm) StdoutLine: {'line': b'byte-compiling /home/edrom-mini/edromufu/src/movement/Ros2_change/install/u2d2_comm/lib/python3.10/site-packages/u2d2_comm/__init__.py to __init__.cpython-310.pyc\n'}
[15.608060] (movement_pages) StdoutLine: {'line': b'running install\n'}
[15.608221] (u2d2_comm) StdoutLine: {'line': b'byte-compiling /home/edrom-mini/edromufu/src/movement/Ros2_change/install/u2d2_comm/lib/python3.10/site-packages/u2d2_comm/dynamixel_sdk_test.py to dynamixel_sdk_test.cpython-310.pyc\n'}
[15.608352] (movement_pages) StdoutLine: {'line': b'running install_lib\n'}
[15.609728] (movement_pages) StdoutLine: {'line': b'copying /home/edrom-mini/edromufu/src/movement/Ros2_change/build/movement_pages/build/lib/movement_pages/__init__.py -> /home/edrom-mini/edromufu/src/movement/Ros2_change/install/movement_pages/lib/python3.10/site-packages/movement_pages\n'}
[15.609894] (movement_pages) StdoutLine: {'line': b'copying /home/edrom-mini/edromufu/src/movement/Ros2_change/build/movement_pages/build/lib/movement_pages/page_interface.py -> /home/edrom-mini/edromufu/src/movement/Ros2_change/install/movement_pages/lib/python3.10/site-packages/movement_pages\n'}
[15.609965] (movement_pages) StdoutLine: {'line': b'copying /home/edrom-mini/edromufu/src/movement/Ros2_change/build/movement_pages/build/lib/movement_pages/ui.py -> /home/edrom-mini/edromufu/src/movement/Ros2_change/install/movement_pages/lib/python3.10/site-packages/movement_pages\n'}
[15.610031] (u2d2_comm) StdoutLine: {'line': b'byte-compiling /home/edrom-mini/edromufu/src/movement/Ros2_change/install/u2d2_comm/lib/python3.10/site-packages/u2d2_comm/dynamixel_sdk_comm.py to dynamixel_sdk_comm.cpython-310.pyc\n'}
[15.610109] (movement_pages) StdoutLine: {'line': b'copying /home/edrom-mini/edromufu/src/movement/Ros2_change/build/movement_pages/build/lib/movement_pages/edrom_logo_rc.py -> /home/edrom-mini/edromufu/src/movement/Ros2_change/install/movement_pages/lib/python3.10/site-packages/movement_pages\n'}
[15.611730] (movement_pages) StdoutLine: {'line': b'copying /home/edrom-mini/edromufu/src/movement/Ros2_change/build/movement_pages/build/lib/movement_pages/new_pose.py -> /home/edrom-mini/edromufu/src/movement/Ros2_change/install/movement_pages/lib/python3.10/site-packages/movement_pages\n'}
[15.611914] (u2d2_comm) StdoutLine: {'line': b'running install_data\n'}
[15.612022] (u2d2_comm) StdoutLine: {'line': b'copying resource/u2d2_comm -> /home/edrom-mini/edromufu/src/movement/Ros2_change/install/u2d2_comm/share/ament_index/resource_index/packages\n'}
[15.612100] (movement_pages) StdoutLine: {'line': b'copying /home/edrom-mini/edromufu/src/movement/Ros2_change/build/movement_pages/build/lib/movement_pages/page_runner.py -> /home/edrom-mini/edromufu/src/movement/Ros2_change/install/movement_pages/lib/python3.10/site-packages/movement_pages\n'}
[15.612167] (u2d2_comm) StdoutLine: {'line': b'copying package.xml -> /home/edrom-mini/edromufu/src/movement/Ros2_change/install/u2d2_comm/share/u2d2_comm\n'}
[15.612265] (u2d2_comm) StdoutLine: {'line': b'running install_egg_info\n'}
[15.612451] (movement_pages) StdoutLine: {'line': b'byte-compiling /home/edrom-mini/edromufu/src/movement/Ros2_change/install/movement_pages/lib/python3.10/site-packages/movement_pages/__init__.py to __init__.cpython-310.pyc\n'}
[15.612991] (movement_pages) StdoutLine: {'line': b'byte-compiling /home/edrom-mini/edromufu/src/movement/Ros2_change/install/movement_pages/lib/python3.10/site-packages/movement_pages/page_interface.py to page_interface.cpython-310.pyc\n'}
[15.615212] (u2d2_comm) StdoutLine: {'line': b"removing '/home/edrom-mini/edromufu/src/movement/Ros2_change/install/u2d2_comm/lib/python3.10/site-packages/u2d2_comm-0.0.0-py3.10.egg-info' (and everything under it)\n"}
[15.615421] (movement_pages) StdoutLine: {'line': b'byte-compiling /home/edrom-mini/edromufu/src/movement/Ros2_change/install/movement_pages/lib/python3.10/site-packages/movement_pages/ui.py to ui.cpython-310.pyc\n'}
[15.615536] (u2d2_comm) StdoutLine: {'line': b'Copying ../../build/u2d2_comm/u2d2_comm.egg-info to /home/edrom-mini/edromufu/src/movement/Ros2_change/install/u2d2_comm/lib/python3.10/site-packages/u2d2_comm-0.0.0-py3.10.egg-info\n'}
[15.616472] (u2d2_comm) StdoutLine: {'line': b'running install_scripts\n'}
[15.620314] (movement_pages) StdoutLine: {'line': b'byte-compiling /home/edrom-mini/edromufu/src/movement/Ros2_change/install/movement_pages/lib/python3.10/site-packages/movement_pages/edrom_logo_rc.py to edrom_logo_rc.cpython-310.pyc\n'}
[15.636939] (movement_pages) StdoutLine: {'line': b'byte-compiling /home/edrom-mini/edromufu/src/movement/Ros2_change/install/movement_pages/lib/python3.10/site-packages/movement_pages/new_pose.py to new_pose.cpython-310.pyc\n'}
[15.637917] (movement_pages) StdoutLine: {'line': b'byte-compiling /home/edrom-mini/edromufu/src/movement/Ros2_change/install/movement_pages/lib/python3.10/site-packages/movement_pages/page_runner.py to page_runner.cpython-310.pyc\n'}
[15.638388] (movement_pages) StdoutLine: {'line': b'running install_data\n'}
[15.638589] (movement_pages) StdoutLine: {'line': b'copying resource/movement_pages -> /home/edrom-mini/edromufu/src/movement/Ros2_change/install/movement_pages/share/ament_index/resource_index/packages\n'}
[15.638799] (u2d2_comm) StdoutLine: {'line': b'Installing dynamixel_sdk_comm script to /home/edrom-mini/edromufu/src/movement/Ros2_change/install/u2d2_comm/lib/u2d2_comm\n'}
[15.638929] (movement_pages) StdoutLine: {'line': b'copying package.xml -> /home/edrom-mini/edromufu/src/movement/Ros2_change/install/movement_pages/share/movement_pages\n'}
[15.639012] (movement_pages) StdoutLine: {'line': b'running install_egg_info\n'}
[15.639191] (u2d2_comm) StdoutLine: {'line': b'Installing dynamixel_sdk_test script to /home/edrom-mini/edromufu/src/movement/Ros2_change/install/u2d2_comm/lib/u2d2_comm\n'}
[15.639337] (u2d2_comm) StdoutLine: {'line': b"writing list of installed files to '/home/edrom-mini/edromufu/src/movement/Ros2_change/build/u2d2_comm/install.log'\n"}
[15.642264] (movement_pages) StdoutLine: {'line': b"removing '/home/edrom-mini/edromufu/src/movement/Ros2_change/install/movement_pages/lib/python3.10/site-packages/movement_pages-0.0.0-py3.10.egg-info' (and everything under it)\n"}
[15.642589] (movement_pages) StdoutLine: {'line': b'Copying ../../build/movement_pages/movement_pages.egg-info to /home/edrom-mini/edromufu/src/movement/Ros2_change/install/movement_pages/lib/python3.10/site-packages/movement_pages-0.0.0-py3.10.egg-info\n'}
[15.643726] (movement_pages) StdoutLine: {'line': b'running install_scripts\n'}
[15.668268] (movement_pages) StdoutLine: {'line': b"writing list of installed files to '/home/edrom-mini/edromufu/src/movement/Ros2_change/build/movement_pages/install.log'\n"}
[15.669234] (-) TimerEvent: {}
[15.669391] (u2d2_comm) CommandEnded: {'returncode': 0}
[15.676981] (u2d2_comm) JobEnded: {'identifier': 'u2d2_comm', 'rc': 0}
[15.695471] (movement_pages) CommandEnded: {'returncode': 0}
[15.702026] (movement_pages) JobEnded: {'identifier': 'movement_pages', 'rc': 0}
[15.702934] (movement_core) JobStarted: {'identifier': 'movement_core'}
[15.769371] (-) TimerEvent: {}
[15.869648] (-) TimerEvent: {}
[15.969913] (-) TimerEvent: {}
[16.070360] (-) TimerEvent: {}
[16.170670] (-) TimerEvent: {}
[16.270954] (-) TimerEvent: {}
[16.284211] (movement_core) Command: {'cmd': ['/usr/bin/python3', '-W', 'ignore:setup.py install is deprecated', 'setup.py', 'egg_info', '--egg-base', '../../build/movement_core', 'build', '--build-base', '/home/edrom-mini/edromufu/src/movement/Ros2_change/build/movement_core/build', 'install', '--record', '/home/edrom-mini/edromufu/src/movement/Ros2_change/build/movement_core/install.log', '--single-version-externally-managed', 'install_data'], 'cwd': '/home/edrom-mini/edromufu/src/movement/Ros2_change/src/movement_core', 'env': {'GJS_DEBUG_TOPICS': 'JS ERROR;JS LOG', 'LESSOPEN': '| /usr/bin/lesspipe %s', 'USER': 'edrom-mini', 'LC_TIME': 'pt_BR.UTF-8', 'XDG_SESSION_TYPE': 'wayland', 'SHLVL': '1', 'LD_LIBRARY_PATH': '/home/edrom-mini/edromufu/src/movement/Ros2_change/install/movement_utils/lib:/opt/ros/humble/opt/rviz_ogre_vendor/lib:/opt/ros/humble/lib/x86_64-linux-gnu:/opt/ros/humble/lib', 'HOME': '/home/edrom-mini', 'OLDPWD': '/home/edrom-mini/edromufu/src/movement', 'DESKTOP_SESSION': 'ubuntu', 'GIO_LAUNCHED_DESKTOP_FILE': '/usr/share/applications/terminator.desktop', 'ROS_PYTHON_VERSION': '3', 'GNOME_SHELL_SESSION_MODE': 'ubuntu', 'GTK_MODULES': 'gail:atk-bridge', 'LC_MONETARY': 'pt_BR.UTF-8', 'MANAGERPID': '1246', 'LC_CTYPE': 'pt_BR.UTF-8', 'SYSTEMD_EXEC_PID': '1423', 'DBUS_SESSION_BUS_ADDRESS': 'unix:path=/run/user/1000/bus', 'COLORTERM': 'truecolor', 'TERMINATOR_DBUS_NAME': 'net.tenshu.Terminator25ef4b219e3b005583550f2b0f9f990c3', 'GIO_LAUNCHED_DESKTOP_FILE_PID': '2907', 'IM_CONFIG_PHASE': '1', 'WAYLAND_DISPLAY': 'wayland-0', 'ROS_DISTRO': 'humble', 'LOGNAME': 'edrom-mini', 'JOURNAL_STREAM': '8:12684', '_': '/usr/bin/colcon', 'ROS_VERSION': '2', 'XDG_SESSION_CLASS': 'user', 'USERNAME': 'edrom-mini', 'TERM': 'xterm-256color', 'GNOME_DESKTOP_SESSION_ID': 'this-is-deprecated', 'ROS_LOCALHOST_ONLY': '0', 'PATH': '/opt/ros/humble/bin:/home/edrom-mini/.local/bin:/usr/local/sbin:/usr/local/bin:/usr/sbin:/usr/bin:/sbin:/bin:/usr/games:/usr/local/games:/snap/bin:/snap/bin', 'SESSION_MANAGER': 'local/edrom-mini:@/tmp/.ICE-unix/1393,unix/edrom-mini:/tmp/.ICE-unix/1393', 'INVOCATION_ID': '73c2e16a4b174a38958529bc365ecfb9', 'XDG_MENU_PREFIX': 'gnome-', 'LC_ADDRESS': 'pt_BR.UTF-8', 'GNOME_SETUP_DISPLAY': ':1', 'XDG_RUNTIME_DIR': '/run/user/1000', 'DISPLAY': ':0', 'TERMINATOR_DBUS_PATH': '/net/tenshu/Terminator2', 'LANG': 'en_US.UTF-8', 'XDG_CURRENT_DESKTOP': 'ubuntu:GNOME', 'IBUS_DISABLE_SNOOPER': '1', 'LC_TELEPHONE': 'pt_BR.UTF-8', 'XMODIFIERS': '@im=ibus', 'XDG_SESSION_DESKTOP': 'ubuntu', 'XAUTHORITY': '/run/user/1000/.mutter-Xwaylandauth.APHAX2', 'LS_COLORS': 'rs=0:di=01;34:ln=01;36:mh=00:pi=40;33:so=01;35:do=01;35:bd=40;33;01:cd=40;33;01:or=40;31;01:mi=00:su=37;41:sg=30;43:ca=30;41:tw=30;42:ow=34;42:st=37;44:ex=01;32:*.tar=01;31:*.tgz=01;31:*.arc=01;31:*.arj=01;31:*.taz=01;31:*.lha=01;31:*.lz4=01;31:*.lzh=01;31:*.lzma=01;31:*.tlz=01;31:*.txz=01;31:*.tzo=01;31:*.t7z=01;31:*.zip=01;31:*.z=01;31:*.dz=01;31:*.gz=01;31:*.lrz=01;31:*.lz=01;31:*.lzo=01;31:*.xz=01;31:*.zst=01;31:*.tzst=01;31:*.bz2=01;31:*.bz=01;31:*.tbz=01;31:*.tbz2=01;31:*.tz=01;31:*.deb=01;31:*.rpm=01;31:*.jar=01;31:*.war=01;31:*.ear=01;31:*.sar=01;31:*.rar=01;31:*.alz=01;31:*.ace=01;31:*.zoo=01;31:*.cpio=01;31:*.7z=01;31:*.rz=01;31:*.cab=01;31:*.wim=01;31:*.swm=01;31:*.dwm=01;31:*.esd=01;31:*.jpg=01;35:*.jpeg=01;35:*.mjpg=01;35:*.mjpeg=01;35:*.gif=01;35:*.bmp=01;35:*.pbm=01;35:*.pgm=01;35:*.ppm=01;35:*.tga=01;35:*.xbm=01;35:*.xpm=01;35:*.tif=01;35:*.tiff=01;35:*.png=01;35:*.svg=01;35:*.svgz=01;35:*.mng=01;35:*.pcx=01;35:*.mov=01;35:*.mpg=01;35:*.mpeg=01;35:*.m2v=01;35:*.mkv=01;35:*.webm=01;35:*.webp=01;35:*.ogm=01;35:*.mp4=01;35:*.m4v=01;35:*.mp4v=01;35:*.vob=01;35:*.qt=01;35:*.nuv=01;35:*.wmv=01;35:*.asf=01;35:*.rm=01;35:*.rmvb=01;35:*.flc=01;35:*.avi=01;35:*.fli=01;35:*.flv=01;35:*.gl=01;35:*.dl=01;35:*.xcf=01;35:*.xwd=01;35:*.yuv=01;35:*.cgm=01;35:*.emf=01;35:*.ogv=01;35:*.ogx=01;35:*.aac=00;36:*.au=00;36:*.flac=00;36:*.m4a=00;36:*.mid=00;36:*.midi=00;36:*.mka=00;36:*.mp3=00;36:*.mpc=00;36:*.ogg=00;36:*.ra=00;36:*.wav=00;36:*.oga=00;36:*.opus=00;36:*.spx=00;36:*.xspf=00;36:', 'SSH_AGENT_LAUNCHER': 'gnome-keyring', 'SSH_AUTH_SOCK': '/run/user/1000/keyring/ssh', 'AMENT_PREFIX_PATH': '/home/edrom-mini/edromufu/src/movement/Ros2_change/install/movement_pages:/home/edrom-mini/edromufu/src/movement/Ros2_change/install/movement_functions:/home/edrom-mini/edromufu/src/movement/Ros2_change/install/humanoid_definition:/home/edrom-mini/edromufu/src/movement/Ros2_change/install/movement_utils:/home/edrom-mini/edromufu/src/movement/Ros2_change/install/kinematic_functions:/opt/ros/humble', 'SHELL': '/bin/bash', 'LC_NAME': 'pt_BR.UTF-8', 'TERMINATOR_UUID': 'urn:uuid:882e3c09-8619-434b-bb98-1f19910f819c', 'QT_ACCESSIBILITY': '1', 'GDMSESSION': 'ubuntu', 'LESSCLOSE': '/usr/bin/lesspipe %s %s', 'LC_MEASUREMENT': 'pt_BR.UTF-8', 'GJS_DEBUG_OUTPUT': 'stderr', 'LC_IDENTIFICATION': 'pt_BR.UTF-8', 'QT_IM_MODULE': 'ibus', 'PWD': '/home/edrom-mini/edromufu/src/movement/Ros2_change/build/movement_core', 'LC_ALL': 'en_US.UTF-8', 'XDG_CONFIG_DIRS': '/etc/xdg/xdg-ubuntu:/etc/xdg', 'XDG_DATA_DIRS': '/usr/share/ubuntu:/usr/local/share/:/usr/share/:/var/lib/snapd/desktop', 'PYTHONPATH': '/home/edrom-mini/edromufu/src/movement/Ros2_change/build/movement_core/prefix_override:/home/edrom-mini/edromufu/src/movement/Ros2_change/install/movement_core/lib/python3.10/site-packages:/home/edrom-mini/edromufu/src/movement/Ros2_change/install/movement_pages/lib/python3.10/site-packages:/home/edrom-mini/edromufu/src/movement/Ros2_change/install/movement_functions/lib/python3.10/site-packages:/home/edrom-mini/edromufu/src/movement/Ros2_change/install/humanoid_definition/lib/python3.10/site-packages:/home/edrom-mini/edromufu/src/movement/Ros2_change/install/movement_utils/local/lib/python3.10/dist-packages:/home/edrom-mini/edromufu/src/movement/Ros2_change/install/kinematic_functions/lib/python3.10/site-packages:/opt/ros/humble/lib/python3.10/site-packages:/opt/ros/humble/local/lib/python3.10/dist-packages', 'LC_NUMERIC': 'pt_BR.UTF-8', 'LC_PAPER': 'pt_BR.UTF-8', 'COLCON': '1', 'VTE_VERSION': '6800', 'CMAKE_PREFIX_PATH': '/home/edrom-mini/edromufu/src/movement/Ros2_change/install/movement_utils'}, 'shell': False}
[16.371082] (-) TimerEvent: {}
[16.471364] (-) TimerEvent: {}
[16.514183] (movement_core) StdoutLine: {'line': b'running egg_info\n'}
[16.514816] (movement_core) StdoutLine: {'line': b'creating ../../build/movement_core/movement_core.egg-info\n'}
[16.515013] (movement_core) StdoutLine: {'line': b'writing ../../build/movement_core/movement_core.egg-info/PKG-INFO\n'}
[16.515239] (movement_core) StdoutLine: {'line': b'writing dependency_links to ../../build/movement_core/movement_core.egg-info/dependency_links.txt\n'}
[16.515415] (movement_core) StdoutLine: {'line': b'writing entry points to ../../build/movement_core/movement_core.egg-info/entry_points.txt\n'}
[16.515615] (movement_core) StdoutLine: {'line': b'writing requirements to ../../build/movement_core/movement_core.egg-info/requires.txt\n'}
[16.515786] (movement_core) StdoutLine: {'line': b'writing top-level names to ../../build/movement_core/movement_core.egg-info/top_level.txt\n'}
[16.515887] (movement_core) StdoutLine: {'line': b"writing manifest file '../../build/movement_core/movement_core.egg-info/SOURCES.txt'\n"}
[16.517332] (movement_core) StdoutLine: {'line': b"reading manifest file '../../build/movement_core/movement_core.egg-info/SOURCES.txt'\n"}
[16.518100] (movement_core) StdoutLine: {'line': b"writing manifest file '../../build/movement_core/movement_core.egg-info/SOURCES.txt'\n"}
[16.518306] (movement_core) StdoutLine: {'line': b'running build\n'}
[16.518397] (movement_core) StdoutLine: {'line': b'running build_py\n'}
[16.518549] (movement_core) StdoutLine: {'line': b'creating /home/edrom-mini/edromufu/src/movement/Ros2_change/build/movement_core/build\n'}
[16.518689] (movement_core) StdoutLine: {'line': b'creating /home/edrom-mini/edromufu/src/movement/Ros2_change/build/movement_core/build/lib\n'}
[16.518770] (movement_core) StdoutLine: {'line': b'creating /home/edrom-mini/edromufu/src/movement/Ros2_change/build/movement_core/build/lib/movement_core\n'}
[16.518841] (movement_core) StdoutLine: {'line': b'copying movement_core/__init__.py -> /home/edrom-mini/edromufu/src/movement/Ros2_change/build/movement_core/build/lib/movement_core\n'}
[16.518912] (movement_core) StdoutLine: {'line': b'copying movement_core/teste.py -> /home/edrom-mini/edromufu/src/movement/Ros2_change/build/movement_core/build/lib/movement_core\n'}
[16.519060] (movement_core) StdoutLine: {'line': b'copying movement_core/core_head.py -> /home/edrom-mini/edromufu/src/movement/Ros2_change/build/movement_core/build/lib/movement_core\n'}
[16.519162] (movement_core) StdoutLine: {'line': b'copying movement_core/core.py -> /home/edrom-mini/edromufu/src/movement/Ros2_change/build/movement_core/build/lib/movement_core\n'}
[16.519329] (movement_core) StdoutLine: {'line': b'running install\n'}
[16.519648] (movement_core) StdoutLine: {'line': b'running install_lib\n'}
[16.520335] (movement_core) StdoutLine: {'line': b'copying /home/edrom-mini/edromufu/src/movement/Ros2_change/build/movement_core/build/lib/movement_core/__init__.py -> /home/edrom-mini/edromufu/src/movement/Ros2_change/install/movement_core/lib/python3.10/site-packages/movement_core\n'}
[16.520485] (movement_core) StdoutLine: {'line': b'copying /home/edrom-mini/edromufu/src/movement/Ros2_change/build/movement_core/build/lib/movement_core/teste.py -> /home/edrom-mini/edromufu/src/movement/Ros2_change/install/movement_core/lib/python3.10/site-packages/movement_core\n'}
[16.520599] (movement_core) StdoutLine: {'line': b'copying /home/edrom-mini/edromufu/src/movement/Ros2_change/build/movement_core/build/lib/movement_core/core_head.py -> /home/edrom-mini/edromufu/src/movement/Ros2_change/install/movement_core/lib/python3.10/site-packages/movement_core\n'}
[16.520723] (movement_core) StdoutLine: {'line': b'copying /home/edrom-mini/edromufu/src/movement/Ros2_change/build/movement_core/build/lib/movement_core/core.py -> /home/edrom-mini/edromufu/src/movement/Ros2_change/install/movement_core/lib/python3.10/site-packages/movement_core\n'}
[16.521276] (movement_core) StdoutLine: {'line': b'byte-compiling /home/edrom-mini/edromufu/src/movement/Ros2_change/install/movement_core/lib/python3.10/site-packages/movement_core/__init__.py to __init__.cpython-310.pyc\n'}
[16.521514] (movement_core) StdoutLine: {'line': b'byte-compiling /home/edrom-mini/edromufu/src/movement/Ros2_change/install/movement_core/lib/python3.10/site-packages/movement_core/teste.py to teste.cpython-310.pyc\n'}
[16.523014] (movement_core) StdoutLine: {'line': b'byte-compiling /home/edrom-mini/edromufu/src/movement/Ros2_change/install/movement_core/lib/python3.10/site-packages/movement_core/core_head.py to core_head.cpython-310.pyc\n'}
[16.524022] (movement_core) StdoutLine: {'line': b'byte-compiling /home/edrom-mini/edromufu/src/movement/Ros2_change/install/movement_core/lib/python3.10/site-packages/movement_core/core.py to core.cpython-310.pyc\n'}
[16.525474] (movement_core) StdoutLine: {'line': b'running install_data\n'}
[16.525579] (movement_core) StdoutLine: {'line': b'copying resource/movement_core -> /home/edrom-mini/edromufu/src/movement/Ros2_change/install/movement_core/share/ament_index/resource_index/packages\n'}
[16.525731] (movement_core) StdoutLine: {'line': b'copying package.xml -> /home/edrom-mini/edromufu/src/movement/Ros2_change/install/movement_core/share/movement_core\n'}
[16.525834] (movement_core) StdoutLine: {'line': b'running install_egg_info\n'}
[16.528627] (movement_core) StdoutLine: {'line': b"removing '/home/edrom-mini/edromufu/src/movement/Ros2_change/install/movement_core/lib/python3.10/site-packages/movement_core-0.0.0-py3.10.egg-info' (and everything under it)\n"}
[16.528935] (movement_core) StdoutLine: {'line': b'Copying ../../build/movement_core/movement_core.egg-info to /home/edrom-mini/edromufu/src/movement/Ros2_change/install/movement_core/lib/python3.10/site-packages/movement_core-0.0.0-py3.10.egg-info\n'}
[16.529844] (movement_core) StdoutLine: {'line': b'running install_scripts\n'}
[16.549113] (movement_core) StdoutLine: {'line': b'Installing core script to /home/edrom-mini/edromufu/src/movement/Ros2_change/install/movement_core/lib/movement_core\n'}
[16.549315] (movement_core) StdoutLine: {'line': b'Installing core_head script to /home/edrom-mini/edromufu/src/movement/Ros2_change/install/movement_core/lib/movement_core\n'}
[16.549423] (movement_core) StdoutLine: {'line': b'Installing teste script to /home/edrom-mini/edromufu/src/movement/Ros2_change/install/movement_core/lib/movement_core\n'}
[16.549792] (movement_core) StdoutLine: {'line': b"writing list of installed files to '/home/edrom-mini/edromufu/src/movement/Ros2_change/build/movement_core/install.log'\n"}
[16.571525] (-) TimerEvent: {}
[16.573254] (movement_core) CommandEnded: {'returncode': 0}
[16.578973] (movement_core) JobEnded: {'identifier': 'movement_core', 'rc': 0}
[16.579727] (-) EventReactorShutdown: {}
