[0.102s] DEBUG:colcon:Command line arguments: ['/usr/bin/colcon', 'build']
[0.102s] DEBUG:colcon:Parsed command line arguments: Namespace(log_base=None, log_level=None, verb_name='build', build_base='build', install_base='install', merge_install=False, symlink_install=False, test_result_base=None, continue_on_error=False, executor='parallel', parallel_workers=4, event_handlers=None, ignore_user_meta=False, metas=['./colcon.meta'], base_paths=['.'], packages_ignore=None, packages_ignore_regex=None, paths=None, packages_up_to=None, packages_up_to_regex=None, packages_above=None, packages_above_and_dependencies=None, packages_above_depth=None, packages_select_by_dep=None, packages_skip_by_dep=None, packages_skip_up_to=None, packages_select_build_failed=False, packages_skip_build_finished=False, packages_select_test_failures=False, packages_skip_test_passed=False, packages_select=None, packages_skip=None, packages_select_regex=None, packages_skip_regex=None, packages_start=None, packages_end=None, allow_overriding=[], cmake_args=None, cmake_target=None, cmake_target_skip_unavailable=False, cmake_clean_cache=False, cmake_clean_first=False, cmake_force_configure=False, ament_cmake_args=None, catkin_cmake_args=None, catkin_skip_building_tests=False, mixin_files=None, mixin=None, verb_parser=<colcon_mixin.mixin.mixin_argument.MixinArgumentDecorator object at 0x7fdb43d4ea40>, verb_extension=<colcon_core.verb.build.BuildVerb object at 0x7fdb43d4e470>, main=<bound method BuildVerb.main of <colcon_core.verb.build.BuildVerb object at 0x7fdb43d4e470>>, mixin_verb=('build',))
[0.260s] Level 1:colcon.colcon_core.package_discovery:discover_packages(colcon_meta) check parameters
[0.260s] Level 1:colcon.colcon_core.package_discovery:discover_packages(recursive) check parameters
[0.260s] Level 1:colcon.colcon_core.package_discovery:discover_packages(ignore) check parameters
[0.260s] Level 1:colcon.colcon_core.package_discovery:discover_packages(path) check parameters
[0.260s] Level 1:colcon.colcon_core.package_discovery:discover_packages(colcon_meta) discover
[0.260s] Level 1:colcon.colcon_core.package_discovery:discover_packages(recursive) discover
[0.260s] INFO:colcon.colcon_core.package_discovery:Crawling recursively for packages in '/home/edrom-mini/edromufu/src/movement/Ros2_change'
[0.260s] Level 1:colcon.colcon_core.package_identification:_identify(.) by extensions ['ignore', 'ignore_ament_install']
[0.260s] Level 1:colcon.colcon_core.package_identification:_identify(.) by extension 'ignore'
[0.261s] Level 1:colcon.colcon_core.package_identification:_identify(.) by extension 'ignore_ament_install'
[0.261s] Level 1:colcon.colcon_core.package_identification:_identify(.) by extensions ['colcon_pkg']
[0.261s] Level 1:colcon.colcon_core.package_identification:_identify(.) by extension 'colcon_pkg'
[0.261s] Level 1:colcon.colcon_core.package_identification:_identify(.) by extensions ['colcon_meta']
[0.261s] Level 1:colcon.colcon_core.package_identification:_identify(.) by extension 'colcon_meta'
[0.261s] Level 1:colcon.colcon_core.package_identification:_identify(.) by extensions ['ros']
[0.261s] Level 1:colcon.colcon_core.package_identification:_identify(.) by extension 'ros'
[0.271s] Level 1:colcon.colcon_core.package_identification:_identify(.) by extensions ['cmake', 'python']
[0.271s] Level 1:colcon.colcon_core.package_identification:_identify(.) by extension 'cmake'
[0.271s] Level 1:colcon.colcon_core.package_identification:_identify(.) by extension 'python'
[0.271s] Level 1:colcon.colcon_core.package_identification:_identify(.) by extensions ['python_setup_py']
[0.271s] Level 1:colcon.colcon_core.package_identification:_identify(.) by extension 'python_setup_py'
[0.271s] Level 1:colcon.colcon_core.package_identification:_identify(build) by extensions ['ignore', 'ignore_ament_install']
[0.271s] Level 1:colcon.colcon_core.package_identification:_identify(build) by extension 'ignore'
[0.271s] Level 1:colcon.colcon_core.package_identification:_identify(build) ignored
[0.271s] Level 1:colcon.colcon_core.package_identification:_identify(install) by extensions ['ignore', 'ignore_ament_install']
[0.272s] Level 1:colcon.colcon_core.package_identification:_identify(install) by extension 'ignore'
[0.272s] Level 1:colcon.colcon_core.package_identification:_identify(install) ignored
[0.272s] Level 1:colcon.colcon_core.package_identification:_identify(log) by extensions ['ignore', 'ignore_ament_install']
[0.272s] Level 1:colcon.colcon_core.package_identification:_identify(log) by extension 'ignore'
[0.272s] Level 1:colcon.colcon_core.package_identification:_identify(log) ignored
[0.272s] Level 1:colcon.colcon_core.package_identification:_identify(src) by extensions ['ignore', 'ignore_ament_install']
[0.272s] Level 1:colcon.colcon_core.package_identification:_identify(src) by extension 'ignore'
[0.272s] Level 1:colcon.colcon_core.package_identification:_identify(src) by extension 'ignore_ament_install'
[0.272s] Level 1:colcon.colcon_core.package_identification:_identify(src) by extensions ['colcon_pkg']
[0.272s] Level 1:colcon.colcon_core.package_identification:_identify(src) by extension 'colcon_pkg'
[0.272s] Level 1:colcon.colcon_core.package_identification:_identify(src) by extensions ['colcon_meta']
[0.272s] Level 1:colcon.colcon_core.package_identification:_identify(src) by extension 'colcon_meta'
[0.272s] Level 1:colcon.colcon_core.package_identification:_identify(src) by extensions ['ros']
[0.272s] Level 1:colcon.colcon_core.package_identification:_identify(src) by extension 'ros'
[0.272s] Level 1:colcon.colcon_core.package_identification:_identify(src) by extensions ['cmake', 'python']
[0.272s] Level 1:colcon.colcon_core.package_identification:_identify(src) by extension 'cmake'
[0.272s] Level 1:colcon.colcon_core.package_identification:_identify(src) by extension 'python'
[0.272s] Level 1:colcon.colcon_core.package_identification:_identify(src) by extensions ['python_setup_py']
[0.272s] Level 1:colcon.colcon_core.package_identification:_identify(src) by extension 'python_setup_py'
[0.272s] Level 1:colcon.colcon_core.package_identification:_identify(src/erro_package) by extensions ['ignore', 'ignore_ament_install']
[0.273s] Level 1:colcon.colcon_core.package_identification:_identify(src/erro_package) by extension 'ignore'
[0.273s] Level 1:colcon.colcon_core.package_identification:_identify(src/erro_package) by extension 'ignore_ament_install'
[0.273s] Level 1:colcon.colcon_core.package_identification:_identify(src/erro_package) by extensions ['colcon_pkg']
[0.273s] Level 1:colcon.colcon_core.package_identification:_identify(src/erro_package) by extension 'colcon_pkg'
[0.273s] Level 1:colcon.colcon_core.package_identification:_identify(src/erro_package) by extensions ['colcon_meta']
[0.273s] Level 1:colcon.colcon_core.package_identification:_identify(src/erro_package) by extension 'colcon_meta'
[0.273s] Level 1:colcon.colcon_core.package_identification:_identify(src/erro_package) by extensions ['ros']
[0.273s] Level 1:colcon.colcon_core.package_identification:_identify(src/erro_package) by extension 'ros'
[0.275s] DEBUG:colcon.colcon_core.package_identification:Package 'src/erro_package' with type 'ros.ament_python' and name 'erro_package'
[0.275s] Level 1:colcon.colcon_core.package_identification:_identify(src/humanoid_definition) by extensions ['ignore', 'ignore_ament_install']
[0.275s] Level 1:colcon.colcon_core.package_identification:_identify(src/humanoid_definition) by extension 'ignore'
[0.275s] Level 1:colcon.colcon_core.package_identification:_identify(src/humanoid_definition) by extension 'ignore_ament_install'
[0.275s] Level 1:colcon.colcon_core.package_identification:_identify(src/humanoid_definition) by extensions ['colcon_pkg']
[0.275s] Level 1:colcon.colcon_core.package_identification:_identify(src/humanoid_definition) by extension 'colcon_pkg'
[0.275s] Level 1:colcon.colcon_core.package_identification:_identify(src/humanoid_definition) by extensions ['colcon_meta']
[0.275s] Level 1:colcon.colcon_core.package_identification:_identify(src/humanoid_definition) by extension 'colcon_meta'
[0.275s] Level 1:colcon.colcon_core.package_identification:_identify(src/humanoid_definition) by extensions ['ros']
[0.275s] Level 1:colcon.colcon_core.package_identification:_identify(src/humanoid_definition) by extension 'ros'
[0.276s] DEBUG:colcon.colcon_core.package_identification:Package 'src/humanoid_definition' with type 'ros.ament_python' and name 'humanoid_definition'
[0.276s] Level 1:colcon.colcon_core.package_identification:_identify(src/humanoid_visualization) by extensions ['ignore', 'ignore_ament_install']
[0.276s] Level 1:colcon.colcon_core.package_identification:_identify(src/humanoid_visualization) by extension 'ignore'
[0.276s] Level 1:colcon.colcon_core.package_identification:_identify(src/humanoid_visualization) by extension 'ignore_ament_install'
[0.276s] Level 1:colcon.colcon_core.package_identification:_identify(src/humanoid_visualization) by extensions ['colcon_pkg']
[0.276s] Level 1:colcon.colcon_core.package_identification:_identify(src/humanoid_visualization) by extension 'colcon_pkg'
[0.276s] Level 1:colcon.colcon_core.package_identification:_identify(src/humanoid_visualization) by extensions ['colcon_meta']
[0.276s] Level 1:colcon.colcon_core.package_identification:_identify(src/humanoid_visualization) by extension 'colcon_meta'
[0.276s] Level 1:colcon.colcon_core.package_identification:_identify(src/humanoid_visualization) by extensions ['ros']
[0.276s] Level 1:colcon.colcon_core.package_identification:_identify(src/humanoid_visualization) by extension 'ros'
[0.277s] DEBUG:colcon.colcon_core.package_identification:Package 'src/humanoid_visualization' with type 'ros.ament_cmake' and name 'humanoid_visualization'
[0.277s] Level 1:colcon.colcon_core.package_identification:_identify(src/kinematic_functions) by extensions ['ignore', 'ignore_ament_install']
[0.277s] Level 1:colcon.colcon_core.package_identification:_identify(src/kinematic_functions) by extension 'ignore'
[0.277s] Level 1:colcon.colcon_core.package_identification:_identify(src/kinematic_functions) by extension 'ignore_ament_install'
[0.277s] Level 1:colcon.colcon_core.package_identification:_identify(src/kinematic_functions) by extensions ['colcon_pkg']
[0.277s] Level 1:colcon.colcon_core.package_identification:_identify(src/kinematic_functions) by extension 'colcon_pkg'
[0.277s] Level 1:colcon.colcon_core.package_identification:_identify(src/kinematic_functions) by extensions ['colcon_meta']
[0.277s] Level 1:colcon.colcon_core.package_identification:_identify(src/kinematic_functions) by extension 'colcon_meta'
[0.277s] Level 1:colcon.colcon_core.package_identification:_identify(src/kinematic_functions) by extensions ['ros']
[0.277s] Level 1:colcon.colcon_core.package_identification:_identify(src/kinematic_functions) by extension 'ros'
[0.278s] DEBUG:colcon.colcon_core.package_identification:Package 'src/kinematic_functions' with type 'ros.ament_python' and name 'kinematic_functions'
[0.278s] Level 1:colcon.colcon_core.package_identification:_identify(src/matlab_codes) by extensions ['ignore', 'ignore_ament_install']
[0.278s] Level 1:colcon.colcon_core.package_identification:_identify(src/matlab_codes) by extension 'ignore'
[0.278s] Level 1:colcon.colcon_core.package_identification:_identify(src/matlab_codes) by extension 'ignore_ament_install'
[0.278s] Level 1:colcon.colcon_core.package_identification:_identify(src/matlab_codes) by extensions ['colcon_pkg']
[0.278s] Level 1:colcon.colcon_core.package_identification:_identify(src/matlab_codes) by extension 'colcon_pkg'
[0.278s] Level 1:colcon.colcon_core.package_identification:_identify(src/matlab_codes) by extensions ['colcon_meta']
[0.278s] Level 1:colcon.colcon_core.package_identification:_identify(src/matlab_codes) by extension 'colcon_meta'
[0.278s] Level 1:colcon.colcon_core.package_identification:_identify(src/matlab_codes) by extensions ['ros']
[0.278s] Level 1:colcon.colcon_core.package_identification:_identify(src/matlab_codes) by extension 'ros'
[0.278s] Level 1:colcon.colcon_core.package_identification:_identify(src/matlab_codes) by extensions ['cmake', 'python']
[0.278s] Level 1:colcon.colcon_core.package_identification:_identify(src/matlab_codes) by extension 'cmake'
[0.278s] Level 1:colcon.colcon_core.package_identification:_identify(src/matlab_codes) by extension 'python'
[0.278s] Level 1:colcon.colcon_core.package_identification:_identify(src/matlab_codes) by extensions ['python_setup_py']
[0.278s] Level 1:colcon.colcon_core.package_identification:_identify(src/matlab_codes) by extension 'python_setup_py'
[0.278s] Level 1:colcon.colcon_core.package_identification:_identify(src/micro_ros) by extensions ['ignore', 'ignore_ament_install']
[0.278s] Level 1:colcon.colcon_core.package_identification:_identify(src/micro_ros) by extension 'ignore'
[0.278s] Level 1:colcon.colcon_core.package_identification:_identify(src/micro_ros) by extension 'ignore_ament_install'
[0.278s] Level 1:colcon.colcon_core.package_identification:_identify(src/micro_ros) by extensions ['colcon_pkg']
[0.278s] Level 1:colcon.colcon_core.package_identification:_identify(src/micro_ros) by extension 'colcon_pkg'
[0.278s] Level 1:colcon.colcon_core.package_identification:_identify(src/micro_ros) by extensions ['colcon_meta']
[0.278s] Level 1:colcon.colcon_core.package_identification:_identify(src/micro_ros) by extension 'colcon_meta'
[0.278s] Level 1:colcon.colcon_core.package_identification:_identify(src/micro_ros) by extensions ['ros']
[0.279s] Level 1:colcon.colcon_core.package_identification:_identify(src/micro_ros) by extension 'ros'
[0.279s] Level 1:colcon.colcon_core.package_identification:_identify(src/micro_ros) by extensions ['cmake', 'python']
[0.279s] Level 1:colcon.colcon_core.package_identification:_identify(src/micro_ros) by extension 'cmake'
[0.279s] Level 1:colcon.colcon_core.package_identification:_identify(src/micro_ros) by extension 'python'
[0.279s] Level 1:colcon.colcon_core.package_identification:_identify(src/micro_ros) by extensions ['python_setup_py']
[0.279s] Level 1:colcon.colcon_core.package_identification:_identify(src/micro_ros) by extension 'python_setup_py'
[0.279s] Level 1:colcon.colcon_core.package_identification:_identify(src/micro_ros/uros) by extensions ['ignore', 'ignore_ament_install']
[0.279s] Level 1:colcon.colcon_core.package_identification:_identify(src/micro_ros/uros) by extension 'ignore'
[0.279s] Level 1:colcon.colcon_core.package_identification:_identify(src/micro_ros/uros) by extension 'ignore_ament_install'
[0.279s] Level 1:colcon.colcon_core.package_identification:_identify(src/micro_ros/uros) by extensions ['colcon_pkg']
[0.279s] Level 1:colcon.colcon_core.package_identification:_identify(src/micro_ros/uros) by extension 'colcon_pkg'
[0.279s] Level 1:colcon.colcon_core.package_identification:_identify(src/micro_ros/uros) by extensions ['colcon_meta']
[0.279s] Level 1:colcon.colcon_core.package_identification:_identify(src/micro_ros/uros) by extension 'colcon_meta'
[0.279s] Level 1:colcon.colcon_core.package_identification:_identify(src/micro_ros/uros) by extensions ['ros']
[0.279s] Level 1:colcon.colcon_core.package_identification:_identify(src/micro_ros/uros) by extension 'ros'
[0.279s] Level 1:colcon.colcon_core.package_identification:_identify(src/micro_ros/uros) by extensions ['cmake', 'python']
[0.279s] Level 1:colcon.colcon_core.package_identification:_identify(src/micro_ros/uros) by extension 'cmake'
[0.279s] Level 1:colcon.colcon_core.package_identification:_identify(src/micro_ros/uros) by extension 'python'
[0.279s] Level 1:colcon.colcon_core.package_identification:_identify(src/micro_ros/uros) by extensions ['python_setup_py']
[0.279s] Level 1:colcon.colcon_core.package_identification:_identify(src/micro_ros/uros) by extension 'python_setup_py'
[0.279s] Level 1:colcon.colcon_core.package_identification:_identify(src/micro_ros/uros/micro-ROS-Agent) by extensions ['ignore', 'ignore_ament_install']
[0.279s] Level 1:colcon.colcon_core.package_identification:_identify(src/micro_ros/uros/micro-ROS-Agent) by extension 'ignore'
[0.279s] Level 1:colcon.colcon_core.package_identification:_identify(src/micro_ros/uros/micro-ROS-Agent) by extension 'ignore_ament_install'
[0.280s] Level 1:colcon.colcon_core.package_identification:_identify(src/micro_ros/uros/micro-ROS-Agent) by extensions ['colcon_pkg']
[0.280s] Level 1:colcon.colcon_core.package_identification:_identify(src/micro_ros/uros/micro-ROS-Agent) by extension 'colcon_pkg'
[0.280s] Level 1:colcon.colcon_core.package_identification:_identify(src/micro_ros/uros/micro-ROS-Agent) by extensions ['colcon_meta']
[0.280s] Level 1:colcon.colcon_core.package_identification:_identify(src/micro_ros/uros/micro-ROS-Agent) by extension 'colcon_meta'
[0.280s] Level 1:colcon.colcon_core.package_identification:_identify(src/micro_ros/uros/micro-ROS-Agent) by extensions ['ros']
[0.280s] Level 1:colcon.colcon_core.package_identification:_identify(src/micro_ros/uros/micro-ROS-Agent) by extension 'ros'
[0.280s] Level 1:colcon.colcon_core.package_identification:_identify(src/micro_ros/uros/micro-ROS-Agent) by extensions ['cmake', 'python']
[0.280s] Level 1:colcon.colcon_core.package_identification:_identify(src/micro_ros/uros/micro-ROS-Agent) by extension 'cmake'
[0.280s] Level 1:colcon.colcon_core.package_identification:_identify(src/micro_ros/uros/micro-ROS-Agent) by extension 'python'
[0.280s] Level 1:colcon.colcon_core.package_identification:_identify(src/micro_ros/uros/micro-ROS-Agent) by extensions ['python_setup_py']
[0.280s] Level 1:colcon.colcon_core.package_identification:_identify(src/micro_ros/uros/micro-ROS-Agent) by extension 'python_setup_py'
[0.280s] Level 1:colcon.colcon_core.package_identification:_identify(src/micro_ros/uros/micro_ros_msgs) by extensions ['ignore', 'ignore_ament_install']
[0.280s] Level 1:colcon.colcon_core.package_identification:_identify(src/micro_ros/uros/micro_ros_msgs) by extension 'ignore'
[0.280s] Level 1:colcon.colcon_core.package_identification:_identify(src/micro_ros/uros/micro_ros_msgs) by extension 'ignore_ament_install'
[0.280s] Level 1:colcon.colcon_core.package_identification:_identify(src/micro_ros/uros/micro_ros_msgs) by extensions ['colcon_pkg']
[0.280s] Level 1:colcon.colcon_core.package_identification:_identify(src/micro_ros/uros/micro_ros_msgs) by extension 'colcon_pkg'
[0.280s] Level 1:colcon.colcon_core.package_identification:_identify(src/micro_ros/uros/micro_ros_msgs) by extensions ['colcon_meta']
[0.280s] Level 1:colcon.colcon_core.package_identification:_identify(src/micro_ros/uros/micro_ros_msgs) by extension 'colcon_meta'
[0.280s] Level 1:colcon.colcon_core.package_identification:_identify(src/micro_ros/uros/micro_ros_msgs) by extensions ['ros']
[0.280s] Level 1:colcon.colcon_core.package_identification:_identify(src/micro_ros/uros/micro_ros_msgs) by extension 'ros'
[0.280s] Level 1:colcon.colcon_core.package_identification:_identify(src/micro_ros/uros/micro_ros_msgs) by extensions ['cmake', 'python']
[0.280s] Level 1:colcon.colcon_core.package_identification:_identify(src/micro_ros/uros/micro_ros_msgs) by extension 'cmake'
[0.280s] Level 1:colcon.colcon_core.package_identification:_identify(src/micro_ros/uros/micro_ros_msgs) by extension 'python'
[0.280s] Level 1:colcon.colcon_core.package_identification:_identify(src/micro_ros/uros/micro_ros_msgs) by extensions ['python_setup_py']
[0.280s] Level 1:colcon.colcon_core.package_identification:_identify(src/micro_ros/uros/micro_ros_msgs) by extension 'python_setup_py'
[0.281s] Level 1:colcon.colcon_core.package_identification:_identify(src/movement_core) by extensions ['ignore', 'ignore_ament_install']
[0.281s] Level 1:colcon.colcon_core.package_identification:_identify(src/movement_core) by extension 'ignore'
[0.281s] Level 1:colcon.colcon_core.package_identification:_identify(src/movement_core) by extension 'ignore_ament_install'
[0.281s] Level 1:colcon.colcon_core.package_identification:_identify(src/movement_core) by extensions ['colcon_pkg']
[0.281s] Level 1:colcon.colcon_core.package_identification:_identify(src/movement_core) by extension 'colcon_pkg'
[0.281s] Level 1:colcon.colcon_core.package_identification:_identify(src/movement_core) by extensions ['colcon_meta']
[0.281s] Level 1:colcon.colcon_core.package_identification:_identify(src/movement_core) by extension 'colcon_meta'
[0.281s] Level 1:colcon.colcon_core.package_identification:_identify(src/movement_core) by extensions ['ros']
[0.281s] Level 1:colcon.colcon_core.package_identification:_identify(src/movement_core) by extension 'ros'
[0.282s] DEBUG:colcon.colcon_core.package_identification:Package 'src/movement_core' with type 'ros.ament_python' and name 'movement_core'
[0.282s] Level 1:colcon.colcon_core.package_identification:_identify(src/movement_functions) by extensions ['ignore', 'ignore_ament_install']
[0.282s] Level 1:colcon.colcon_core.package_identification:_identify(src/movement_functions) by extension 'ignore'
[0.282s] Level 1:colcon.colcon_core.package_identification:_identify(src/movement_functions) by extension 'ignore_ament_install'
[0.282s] Level 1:colcon.colcon_core.package_identification:_identify(src/movement_functions) by extensions ['colcon_pkg']
[0.282s] Level 1:colcon.colcon_core.package_identification:_identify(src/movement_functions) by extension 'colcon_pkg'
[0.282s] Level 1:colcon.colcon_core.package_identification:_identify(src/movement_functions) by extensions ['colcon_meta']
[0.282s] Level 1:colcon.colcon_core.package_identification:_identify(src/movement_functions) by extension 'colcon_meta'
[0.282s] Level 1:colcon.colcon_core.package_identification:_identify(src/movement_functions) by extensions ['ros']
[0.282s] Level 1:colcon.colcon_core.package_identification:_identify(src/movement_functions) by extension 'ros'
[0.282s] DEBUG:colcon.colcon_core.package_identification:Package 'src/movement_functions' with type 'ros.ament_python' and name 'movement_functions'
[0.283s] Level 1:colcon.colcon_core.package_identification:_identify(src/movement_pages) by extensions ['ignore', 'ignore_ament_install']
[0.283s] Level 1:colcon.colcon_core.package_identification:_identify(src/movement_pages) by extension 'ignore'
[0.283s] Level 1:colcon.colcon_core.package_identification:_identify(src/movement_pages) by extension 'ignore_ament_install'
[0.283s] Level 1:colcon.colcon_core.package_identification:_identify(src/movement_pages) by extensions ['colcon_pkg']
[0.283s] Level 1:colcon.colcon_core.package_identification:_identify(src/movement_pages) by extension 'colcon_pkg'
[0.283s] Level 1:colcon.colcon_core.package_identification:_identify(src/movement_pages) by extensions ['colcon_meta']
[0.283s] Level 1:colcon.colcon_core.package_identification:_identify(src/movement_pages) by extension 'colcon_meta'
[0.283s] Level 1:colcon.colcon_core.package_identification:_identify(src/movement_pages) by extensions ['ros']
[0.283s] Level 1:colcon.colcon_core.package_identification:_identify(src/movement_pages) by extension 'ros'
[0.283s] DEBUG:colcon.colcon_core.package_identification:Package 'src/movement_pages' with type 'ros.ament_python' and name 'movement_pages'
[0.283s] Level 1:colcon.colcon_core.package_identification:_identify(src/movement_utils) by extensions ['ignore', 'ignore_ament_install']
[0.284s] Level 1:colcon.colcon_core.package_identification:_identify(src/movement_utils) by extension 'ignore'
[0.284s] Level 1:colcon.colcon_core.package_identification:_identify(src/movement_utils) by extension 'ignore_ament_install'
[0.284s] Level 1:colcon.colcon_core.package_identification:_identify(src/movement_utils) by extensions ['colcon_pkg']
[0.284s] Level 1:colcon.colcon_core.package_identification:_identify(src/movement_utils) by extension 'colcon_pkg'
[0.284s] Level 1:colcon.colcon_core.package_identification:_identify(src/movement_utils) by extensions ['colcon_meta']
[0.284s] Level 1:colcon.colcon_core.package_identification:_identify(src/movement_utils) by extension 'colcon_meta'
[0.284s] Level 1:colcon.colcon_core.package_identification:_identify(src/movement_utils) by extensions ['ros']
[0.284s] Level 1:colcon.colcon_core.package_identification:_identify(src/movement_utils) by extension 'ros'
[0.284s] DEBUG:colcon.colcon_core.package_identification:Package 'src/movement_utils' with type 'ros.ament_cmake' and name 'movement_utils'
[0.284s] Level 1:colcon.colcon_core.package_identification:_identify(src/tahara_pages) by extensions ['ignore', 'ignore_ament_install']
[0.284s] Level 1:colcon.colcon_core.package_identification:_identify(src/tahara_pages) by extension 'ignore'
[0.284s] Level 1:colcon.colcon_core.package_identification:_identify(src/tahara_pages) by extension 'ignore_ament_install'
[0.285s] Level 1:colcon.colcon_core.package_identification:_identify(src/tahara_pages) by extensions ['colcon_pkg']
[0.285s] Level 1:colcon.colcon_core.package_identification:_identify(src/tahara_pages) by extension 'colcon_pkg'
[0.285s] Level 1:colcon.colcon_core.package_identification:_identify(src/tahara_pages) by extensions ['colcon_meta']
[0.285s] Level 1:colcon.colcon_core.package_identification:_identify(src/tahara_pages) by extension 'colcon_meta'
[0.285s] Level 1:colcon.colcon_core.package_identification:_identify(src/tahara_pages) by extensions ['ros']
[0.285s] Level 1:colcon.colcon_core.package_identification:_identify(src/tahara_pages) by extension 'ros'
[0.285s] DEBUG:colcon.colcon_core.package_identification:Package 'src/tahara_pages' with type 'ros.ament_python' and name 'tahara_pages'
[0.285s] Level 1:colcon.colcon_core.package_identification:_identify(src/u2d2_comm) by extensions ['ignore', 'ignore_ament_install']
[0.285s] Level 1:colcon.colcon_core.package_identification:_identify(src/u2d2_comm) by extension 'ignore'
[0.285s] Level 1:colcon.colcon_core.package_identification:_identify(src/u2d2_comm) by extension 'ignore_ament_install'
[0.285s] Level 1:colcon.colcon_core.package_identification:_identify(src/u2d2_comm) by extensions ['colcon_pkg']
[0.285s] Level 1:colcon.colcon_core.package_identification:_identify(src/u2d2_comm) by extension 'colcon_pkg'
[0.285s] Level 1:colcon.colcon_core.package_identification:_identify(src/u2d2_comm) by extensions ['colcon_meta']
[0.285s] Level 1:colcon.colcon_core.package_identification:_identify(src/u2d2_comm) by extension 'colcon_meta'
[0.285s] Level 1:colcon.colcon_core.package_identification:_identify(src/u2d2_comm) by extensions ['ros']
[0.285s] Level 1:colcon.colcon_core.package_identification:_identify(src/u2d2_comm) by extension 'ros'
[0.286s] DEBUG:colcon.colcon_core.package_identification:Package 'src/u2d2_comm' with type 'ros.ament_python' and name 'u2d2_comm'
[0.286s] Level 1:colcon.colcon_core.package_identification:_identify(src/urdf_example) by extensions ['ignore', 'ignore_ament_install']
[0.286s] Level 1:colcon.colcon_core.package_identification:_identify(src/urdf_example) by extension 'ignore'
[0.286s] Level 1:colcon.colcon_core.package_identification:_identify(src/urdf_example) by extension 'ignore_ament_install'
[0.286s] Level 1:colcon.colcon_core.package_identification:_identify(src/urdf_example) by extensions ['colcon_pkg']
[0.286s] Level 1:colcon.colcon_core.package_identification:_identify(src/urdf_example) by extension 'colcon_pkg'
[0.286s] Level 1:colcon.colcon_core.package_identification:_identify(src/urdf_example) by extensions ['colcon_meta']
[0.286s] Level 1:colcon.colcon_core.package_identification:_identify(src/urdf_example) by extension 'colcon_meta'
[0.286s] Level 1:colcon.colcon_core.package_identification:_identify(src/urdf_example) by extensions ['ros']
[0.286s] Level 1:colcon.colcon_core.package_identification:_identify(src/urdf_example) by extension 'ros'
[0.287s] DEBUG:colcon.colcon_core.package_identification:Package 'src/urdf_example' with type 'ros.ament_cmake' and name 'urdf_example'
[0.287s] Level 1:colcon.colcon_core.package_identification:_identify(src/urdf_robox) by extensions ['ignore', 'ignore_ament_install']
[0.287s] Level 1:colcon.colcon_core.package_identification:_identify(src/urdf_robox) by extension 'ignore'
[0.287s] Level 1:colcon.colcon_core.package_identification:_identify(src/urdf_robox) by extension 'ignore_ament_install'
[0.287s] Level 1:colcon.colcon_core.package_identification:_identify(src/urdf_robox) by extensions ['colcon_pkg']
[0.287s] Level 1:colcon.colcon_core.package_identification:_identify(src/urdf_robox) by extension 'colcon_pkg'
[0.287s] Level 1:colcon.colcon_core.package_identification:_identify(src/urdf_robox) by extensions ['colcon_meta']
[0.287s] Level 1:colcon.colcon_core.package_identification:_identify(src/urdf_robox) by extension 'colcon_meta'
[0.287s] Level 1:colcon.colcon_core.package_identification:_identify(src/urdf_robox) by extensions ['ros']
[0.287s] Level 1:colcon.colcon_core.package_identification:_identify(src/urdf_robox) by extension 'ros'
[0.287s] DEBUG:colcon.colcon_core.package_identification:Package 'src/urdf_robox' with type 'ros.ament_cmake' and name 'urdf_robox'
[0.287s] Level 1:colcon.colcon_core.package_discovery:discover_packages(recursive) using defaults
[0.288s] Level 1:colcon.colcon_core.package_discovery:discover_packages(ignore) discover
[0.288s] Level 1:colcon.colcon_core.package_discovery:discover_packages(ignore) using defaults
[0.288s] Level 1:colcon.colcon_core.package_discovery:discover_packages(path) discover
[0.288s] Level 1:colcon.colcon_core.package_discovery:discover_packages(path) using defaults
[0.318s] Level 1:colcon.colcon_core.package_discovery:discover_packages(prefix_path) check parameters
[0.318s] Level 1:colcon.colcon_core.package_discovery:discover_packages(prefix_path) discover
[0.320s] DEBUG:colcon.colcon_installed_package_information.package_discovery:Found 270 installed packages in /opt/ros/humble
[0.322s] Level 1:colcon.colcon_core.package_discovery:discover_packages(prefix_path) using defaults
[0.357s] Level 5:colcon.colcon_core.verb:set package 'erro_package' build argument 'cmake_args' from command line to 'None'
[0.357s] Level 5:colcon.colcon_core.verb:set package 'erro_package' build argument 'cmake_target' from command line to 'None'
[0.357s] Level 5:colcon.colcon_core.verb:set package 'erro_package' build argument 'cmake_target_skip_unavailable' from command line to 'False'
[0.357s] Level 5:colcon.colcon_core.verb:set package 'erro_package' build argument 'cmake_clean_cache' from command line to 'False'
[0.357s] Level 5:colcon.colcon_core.verb:set package 'erro_package' build argument 'cmake_clean_first' from command line to 'False'
[0.357s] Level 5:colcon.colcon_core.verb:set package 'erro_package' build argument 'cmake_force_configure' from command line to 'False'
[0.357s] Level 5:colcon.colcon_core.verb:set package 'erro_package' build argument 'ament_cmake_args' from command line to 'None'
[0.357s] Level 5:colcon.colcon_core.verb:set package 'erro_package' build argument 'catkin_cmake_args' from command line to 'None'
[0.357s] Level 5:colcon.colcon_core.verb:set package 'erro_package' build argument 'catkin_skip_building_tests' from command line to 'False'
[0.357s] DEBUG:colcon.colcon_core.verb:Building package 'erro_package' with the following arguments: {'ament_cmake_args': None, 'build_base': '/home/edrom-mini/edromufu/src/movement/Ros2_change/build/erro_package', 'catkin_cmake_args': None, 'catkin_skip_building_tests': False, 'cmake_args': None, 'cmake_clean_cache': False, 'cmake_clean_first': False, 'cmake_force_configure': False, 'cmake_target': None, 'cmake_target_skip_unavailable': False, 'install_base': '/home/edrom-mini/edromufu/src/movement/Ros2_change/install/erro_package', 'merge_install': False, 'path': '/home/edrom-mini/edromufu/src/movement/Ros2_change/src/erro_package', 'symlink_install': False, 'test_result_base': None}
[0.357s] Level 5:colcon.colcon_core.verb:set package 'humanoid_visualization' build argument 'cmake_args' from command line to 'None'
[0.358s] Level 5:colcon.colcon_core.verb:set package 'humanoid_visualization' build argument 'cmake_target' from command line to 'None'
[0.358s] Level 5:colcon.colcon_core.verb:set package 'humanoid_visualization' build argument 'cmake_target_skip_unavailable' from command line to 'False'
[0.358s] Level 5:colcon.colcon_core.verb:set package 'humanoid_visualization' build argument 'cmake_clean_cache' from command line to 'False'
[0.358s] Level 5:colcon.colcon_core.verb:set package 'humanoid_visualization' build argument 'cmake_clean_first' from command line to 'False'
[0.358s] Level 5:colcon.colcon_core.verb:set package 'humanoid_visualization' build argument 'cmake_force_configure' from command line to 'False'
[0.358s] Level 5:colcon.colcon_core.verb:set package 'humanoid_visualization' build argument 'ament_cmake_args' from command line to 'None'
[0.358s] Level 5:colcon.colcon_core.verb:set package 'humanoid_visualization' build argument 'catkin_cmake_args' from command line to 'None'
[0.358s] Level 5:colcon.colcon_core.verb:set package 'humanoid_visualization' build argument 'catkin_skip_building_tests' from command line to 'False'
[0.358s] DEBUG:colcon.colcon_core.verb:Building package 'humanoid_visualization' with the following arguments: {'ament_cmake_args': None, 'build_base': '/home/edrom-mini/edromufu/src/movement/Ros2_change/build/humanoid_visualization', 'catkin_cmake_args': None, 'catkin_skip_building_tests': False, 'cmake_args': None, 'cmake_clean_cache': False, 'cmake_clean_first': False, 'cmake_force_configure': False, 'cmake_target': None, 'cmake_target_skip_unavailable': False, 'install_base': '/home/edrom-mini/edromufu/src/movement/Ros2_change/install/humanoid_visualization', 'merge_install': False, 'path': '/home/edrom-mini/edromufu/src/movement/Ros2_change/src/humanoid_visualization', 'symlink_install': False, 'test_result_base': None}
[0.358s] Level 5:colcon.colcon_core.verb:set package 'kinematic_functions' build argument 'cmake_args' from command line to 'None'
[0.358s] Level 5:colcon.colcon_core.verb:set package 'kinematic_functions' build argument 'cmake_target' from command line to 'None'
[0.358s] Level 5:colcon.colcon_core.verb:set package 'kinematic_functions' build argument 'cmake_target_skip_unavailable' from command line to 'False'
[0.358s] Level 5:colcon.colcon_core.verb:set package 'kinematic_functions' build argument 'cmake_clean_cache' from command line to 'False'
[0.358s] Level 5:colcon.colcon_core.verb:set package 'kinematic_functions' build argument 'cmake_clean_first' from command line to 'False'
[0.358s] Level 5:colcon.colcon_core.verb:set package 'kinematic_functions' build argument 'cmake_force_configure' from command line to 'False'
[0.358s] Level 5:colcon.colcon_core.verb:set package 'kinematic_functions' build argument 'ament_cmake_args' from command line to 'None'
[0.358s] Level 5:colcon.colcon_core.verb:set package 'kinematic_functions' build argument 'catkin_cmake_args' from command line to 'None'
[0.358s] Level 5:colcon.colcon_core.verb:set package 'kinematic_functions' build argument 'catkin_skip_building_tests' from command line to 'False'
[0.358s] DEBUG:colcon.colcon_core.verb:Building package 'kinematic_functions' with the following arguments: {'ament_cmake_args': None, 'build_base': '/home/edrom-mini/edromufu/src/movement/Ros2_change/build/kinematic_functions', 'catkin_cmake_args': None, 'catkin_skip_building_tests': False, 'cmake_args': None, 'cmake_clean_cache': False, 'cmake_clean_first': False, 'cmake_force_configure': False, 'cmake_target': None, 'cmake_target_skip_unavailable': False, 'install_base': '/home/edrom-mini/edromufu/src/movement/Ros2_change/install/kinematic_functions', 'merge_install': False, 'path': '/home/edrom-mini/edromufu/src/movement/Ros2_change/src/kinematic_functions', 'symlink_install': False, 'test_result_base': None}
[0.359s] Level 5:colcon.colcon_core.verb:set package 'movement_utils' build argument 'cmake_args' from command line to 'None'
[0.359s] Level 5:colcon.colcon_core.verb:set package 'movement_utils' build argument 'cmake_target' from command line to 'None'
[0.359s] Level 5:colcon.colcon_core.verb:set package 'movement_utils' build argument 'cmake_target_skip_unavailable' from command line to 'False'
[0.359s] Level 5:colcon.colcon_core.verb:set package 'movement_utils' build argument 'cmake_clean_cache' from command line to 'False'
[0.359s] Level 5:colcon.colcon_core.verb:set package 'movement_utils' build argument 'cmake_clean_first' from command line to 'False'
[0.359s] Level 5:colcon.colcon_core.verb:set package 'movement_utils' build argument 'cmake_force_configure' from command line to 'False'
[0.359s] Level 5:colcon.colcon_core.verb:set package 'movement_utils' build argument 'ament_cmake_args' from command line to 'None'
[0.359s] Level 5:colcon.colcon_core.verb:set package 'movement_utils' build argument 'catkin_cmake_args' from command line to 'None'
[0.359s] Level 5:colcon.colcon_core.verb:set package 'movement_utils' build argument 'catkin_skip_building_tests' from command line to 'False'
[0.359s] DEBUG:colcon.colcon_core.verb:Building package 'movement_utils' with the following arguments: {'ament_cmake_args': None, 'build_base': '/home/edrom-mini/edromufu/src/movement/Ros2_change/build/movement_utils', 'catkin_cmake_args': None, 'catkin_skip_building_tests': False, 'cmake_args': None, 'cmake_clean_cache': False, 'cmake_clean_first': False, 'cmake_force_configure': False, 'cmake_target': None, 'cmake_target_skip_unavailable': False, 'install_base': '/home/edrom-mini/edromufu/src/movement/Ros2_change/install/movement_utils', 'merge_install': False, 'path': '/home/edrom-mini/edromufu/src/movement/Ros2_change/src/movement_utils', 'symlink_install': False, 'test_result_base': None}
[0.359s] Level 5:colcon.colcon_core.verb:set package 'tahara_pages' build argument 'cmake_args' from command line to 'None'
[0.359s] Level 5:colcon.colcon_core.verb:set package 'tahara_pages' build argument 'cmake_target' from command line to 'None'
[0.359s] Level 5:colcon.colcon_core.verb:set package 'tahara_pages' build argument 'cmake_target_skip_unavailable' from command line to 'False'
[0.359s] Level 5:colcon.colcon_core.verb:set package 'tahara_pages' build argument 'cmake_clean_cache' from command line to 'False'
[0.359s] Level 5:colcon.colcon_core.verb:set package 'tahara_pages' build argument 'cmake_clean_first' from command line to 'False'
[0.359s] Level 5:colcon.colcon_core.verb:set package 'tahara_pages' build argument 'cmake_force_configure' from command line to 'False'
[0.359s] Level 5:colcon.colcon_core.verb:set package 'tahara_pages' build argument 'ament_cmake_args' from command line to 'None'
[0.359s] Level 5:colcon.colcon_core.verb:set package 'tahara_pages' build argument 'catkin_cmake_args' from command line to 'None'
[0.359s] Level 5:colcon.colcon_core.verb:set package 'tahara_pages' build argument 'catkin_skip_building_tests' from command line to 'False'
[0.359s] DEBUG:colcon.colcon_core.verb:Building package 'tahara_pages' with the following arguments: {'ament_cmake_args': None, 'build_base': '/home/edrom-mini/edromufu/src/movement/Ros2_change/build/tahara_pages', 'catkin_cmake_args': None, 'catkin_skip_building_tests': False, 'cmake_args': None, 'cmake_clean_cache': False, 'cmake_clean_first': False, 'cmake_force_configure': False, 'cmake_target': None, 'cmake_target_skip_unavailable': False, 'install_base': '/home/edrom-mini/edromufu/src/movement/Ros2_change/install/tahara_pages', 'merge_install': False, 'path': '/home/edrom-mini/edromufu/src/movement/Ros2_change/src/tahara_pages', 'symlink_install': False, 'test_result_base': None}
[0.360s] Level 5:colcon.colcon_core.verb:set package 'urdf_example' build argument 'cmake_args' from command line to 'None'
[0.360s] Level 5:colcon.colcon_core.verb:set package 'urdf_example' build argument 'cmake_target' from command line to 'None'
[0.360s] Level 5:colcon.colcon_core.verb:set package 'urdf_example' build argument 'cmake_target_skip_unavailable' from command line to 'False'
[0.360s] Level 5:colcon.colcon_core.verb:set package 'urdf_example' build argument 'cmake_clean_cache' from command line to 'False'
[0.360s] Level 5:colcon.colcon_core.verb:set package 'urdf_example' build argument 'cmake_clean_first' from command line to 'False'
[0.360s] Level 5:colcon.colcon_core.verb:set package 'urdf_example' build argument 'cmake_force_configure' from command line to 'False'
[0.360s] Level 5:colcon.colcon_core.verb:set package 'urdf_example' build argument 'ament_cmake_args' from command line to 'None'
[0.360s] Level 5:colcon.colcon_core.verb:set package 'urdf_example' build argument 'catkin_cmake_args' from command line to 'None'
[0.360s] Level 5:colcon.colcon_core.verb:set package 'urdf_example' build argument 'catkin_skip_building_tests' from command line to 'False'
[0.360s] DEBUG:colcon.colcon_core.verb:Building package 'urdf_example' with the following arguments: {'ament_cmake_args': None, 'build_base': '/home/edrom-mini/edromufu/src/movement/Ros2_change/build/urdf_example', 'catkin_cmake_args': None, 'catkin_skip_building_tests': False, 'cmake_args': None, 'cmake_clean_cache': False, 'cmake_clean_first': False, 'cmake_force_configure': False, 'cmake_target': None, 'cmake_target_skip_unavailable': False, 'install_base': '/home/edrom-mini/edromufu/src/movement/Ros2_change/install/urdf_example', 'merge_install': False, 'path': '/home/edrom-mini/edromufu/src/movement/Ros2_change/src/urdf_example', 'symlink_install': False, 'test_result_base': None}
[0.360s] Level 5:colcon.colcon_core.verb:set package 'urdf_robox' build argument 'cmake_args' from command line to 'None'
[0.360s] Level 5:colcon.colcon_core.verb:set package 'urdf_robox' build argument 'cmake_target' from command line to 'None'
[0.360s] Level 5:colcon.colcon_core.verb:set package 'urdf_robox' build argument 'cmake_target_skip_unavailable' from command line to 'False'
[0.360s] Level 5:colcon.colcon_core.verb:set package 'urdf_robox' build argument 'cmake_clean_cache' from command line to 'False'
[0.360s] Level 5:colcon.colcon_core.verb:set package 'urdf_robox' build argument 'cmake_clean_first' from command line to 'False'
[0.360s] Level 5:colcon.colcon_core.verb:set package 'urdf_robox' build argument 'cmake_force_configure' from command line to 'False'
[0.360s] Level 5:colcon.colcon_core.verb:set package 'urdf_robox' build argument 'ament_cmake_args' from command line to 'None'
[0.360s] Level 5:colcon.colcon_core.verb:set package 'urdf_robox' build argument 'catkin_cmake_args' from command line to 'None'
[0.360s] Level 5:colcon.colcon_core.verb:set package 'urdf_robox' build argument 'catkin_skip_building_tests' from command line to 'False'
[0.360s] DEBUG:colcon.colcon_core.verb:Building package 'urdf_robox' with the following arguments: {'ament_cmake_args': None, 'build_base': '/home/edrom-mini/edromufu/src/movement/Ros2_change/build/urdf_robox', 'catkin_cmake_args': None, 'catkin_skip_building_tests': False, 'cmake_args': None, 'cmake_clean_cache': False, 'cmake_clean_first': False, 'cmake_force_configure': False, 'cmake_target': None, 'cmake_target_skip_unavailable': False, 'install_base': '/home/edrom-mini/edromufu/src/movement/Ros2_change/install/urdf_robox', 'merge_install': False, 'path': '/home/edrom-mini/edromufu/src/movement/Ros2_change/src/urdf_robox', 'symlink_install': False, 'test_result_base': None}
[0.361s] Level 5:colcon.colcon_core.verb:set package 'humanoid_definition' build argument 'cmake_args' from command line to 'None'
[0.361s] Level 5:colcon.colcon_core.verb:set package 'humanoid_definition' build argument 'cmake_target' from command line to 'None'
[0.361s] Level 5:colcon.colcon_core.verb:set package 'humanoid_definition' build argument 'cmake_target_skip_unavailable' from command line to 'False'
[0.361s] Level 5:colcon.colcon_core.verb:set package 'humanoid_definition' build argument 'cmake_clean_cache' from command line to 'False'
[0.361s] Level 5:colcon.colcon_core.verb:set package 'humanoid_definition' build argument 'cmake_clean_first' from command line to 'False'
[0.361s] Level 5:colcon.colcon_core.verb:set package 'humanoid_definition' build argument 'cmake_force_configure' from command line to 'False'
[0.361s] Level 5:colcon.colcon_core.verb:set package 'humanoid_definition' build argument 'ament_cmake_args' from command line to 'None'
[0.361s] Level 5:colcon.colcon_core.verb:set package 'humanoid_definition' build argument 'catkin_cmake_args' from command line to 'None'
[0.361s] Level 5:colcon.colcon_core.verb:set package 'humanoid_definition' build argument 'catkin_skip_building_tests' from command line to 'False'
[0.361s] DEBUG:colcon.colcon_core.verb:Building package 'humanoid_definition' with the following arguments: {'ament_cmake_args': None, 'build_base': '/home/edrom-mini/edromufu/src/movement/Ros2_change/build/humanoid_definition', 'catkin_cmake_args': None, 'catkin_skip_building_tests': False, 'cmake_args': None, 'cmake_clean_cache': False, 'cmake_clean_first': False, 'cmake_force_configure': False, 'cmake_target': None, 'cmake_target_skip_unavailable': False, 'install_base': '/home/edrom-mini/edromufu/src/movement/Ros2_change/install/humanoid_definition', 'merge_install': False, 'path': '/home/edrom-mini/edromufu/src/movement/Ros2_change/src/humanoid_definition', 'symlink_install': False, 'test_result_base': None}
[0.361s] Level 5:colcon.colcon_core.verb:set package 'movement_functions' build argument 'cmake_args' from command line to 'None'
[0.361s] Level 5:colcon.colcon_core.verb:set package 'movement_functions' build argument 'cmake_target' from command line to 'None'
[0.361s] Level 5:colcon.colcon_core.verb:set package 'movement_functions' build argument 'cmake_target_skip_unavailable' from command line to 'False'
[0.361s] Level 5:colcon.colcon_core.verb:set package 'movement_functions' build argument 'cmake_clean_cache' from command line to 'False'
[0.361s] Level 5:colcon.colcon_core.verb:set package 'movement_functions' build argument 'cmake_clean_first' from command line to 'False'
[0.361s] Level 5:colcon.colcon_core.verb:set package 'movement_functions' build argument 'cmake_force_configure' from command line to 'False'
[0.361s] Level 5:colcon.colcon_core.verb:set package 'movement_functions' build argument 'ament_cmake_args' from command line to 'None'
[0.361s] Level 5:colcon.colcon_core.verb:set package 'movement_functions' build argument 'catkin_cmake_args' from command line to 'None'
[0.362s] Level 5:colcon.colcon_core.verb:set package 'movement_functions' build argument 'catkin_skip_building_tests' from command line to 'False'
[0.362s] DEBUG:colcon.colcon_core.verb:Building package 'movement_functions' with the following arguments: {'ament_cmake_args': None, 'build_base': '/home/edrom-mini/edromufu/src/movement/Ros2_change/build/movement_functions', 'catkin_cmake_args': None, 'catkin_skip_building_tests': False, 'cmake_args': None, 'cmake_clean_cache': False, 'cmake_clean_first': False, 'cmake_force_configure': False, 'cmake_target': None, 'cmake_target_skip_unavailable': False, 'install_base': '/home/edrom-mini/edromufu/src/movement/Ros2_change/install/movement_functions', 'merge_install': False, 'path': '/home/edrom-mini/edromufu/src/movement/Ros2_change/src/movement_functions', 'symlink_install': False, 'test_result_base': None}
[0.362s] Level 5:colcon.colcon_core.verb:set package 'movement_pages' build argument 'cmake_args' from command line to 'None'
[0.362s] Level 5:colcon.colcon_core.verb:set package 'movement_pages' build argument 'cmake_target' from command line to 'None'
[0.362s] Level 5:colcon.colcon_core.verb:set package 'movement_pages' build argument 'cmake_target_skip_unavailable' from command line to 'False'
[0.362s] Level 5:colcon.colcon_core.verb:set package 'movement_pages' build argument 'cmake_clean_cache' from command line to 'False'
[0.362s] Level 5:colcon.colcon_core.verb:set package 'movement_pages' build argument 'cmake_clean_first' from command line to 'False'
[0.362s] Level 5:colcon.colcon_core.verb:set package 'movement_pages' build argument 'cmake_force_configure' from command line to 'False'
[0.362s] Level 5:colcon.colcon_core.verb:set package 'movement_pages' build argument 'ament_cmake_args' from command line to 'None'
[0.362s] Level 5:colcon.colcon_core.verb:set package 'movement_pages' build argument 'catkin_cmake_args' from command line to 'None'
[0.362s] Level 5:colcon.colcon_core.verb:set package 'movement_pages' build argument 'catkin_skip_building_tests' from command line to 'False'
[0.362s] DEBUG:colcon.colcon_core.verb:Building package 'movement_pages' with the following arguments: {'ament_cmake_args': None, 'build_base': '/home/edrom-mini/edromufu/src/movement/Ros2_change/build/movement_pages', 'catkin_cmake_args': None, 'catkin_skip_building_tests': False, 'cmake_args': None, 'cmake_clean_cache': False, 'cmake_clean_first': False, 'cmake_force_configure': False, 'cmake_target': None, 'cmake_target_skip_unavailable': False, 'install_base': '/home/edrom-mini/edromufu/src/movement/Ros2_change/install/movement_pages', 'merge_install': False, 'path': '/home/edrom-mini/edromufu/src/movement/Ros2_change/src/movement_pages', 'symlink_install': False, 'test_result_base': None}
[0.362s] Level 5:colcon.colcon_core.verb:set package 'u2d2_comm' build argument 'cmake_args' from command line to 'None'
[0.362s] Level 5:colcon.colcon_core.verb:set package 'u2d2_comm' build argument 'cmake_target' from command line to 'None'
[0.362s] Level 5:colcon.colcon_core.verb:set package 'u2d2_comm' build argument 'cmake_target_skip_unavailable' from command line to 'False'
[0.362s] Level 5:colcon.colcon_core.verb:set package 'u2d2_comm' build argument 'cmake_clean_cache' from command line to 'False'
[0.362s] Level 5:colcon.colcon_core.verb:set package 'u2d2_comm' build argument 'cmake_clean_first' from command line to 'False'
[0.363s] Level 5:colcon.colcon_core.verb:set package 'u2d2_comm' build argument 'cmake_force_configure' from command line to 'False'
[0.363s] Level 5:colcon.colcon_core.verb:set package 'u2d2_comm' build argument 'ament_cmake_args' from command line to 'None'
[0.363s] Level 5:colcon.colcon_core.verb:set package 'u2d2_comm' build argument 'catkin_cmake_args' from command line to 'None'
[0.363s] Level 5:colcon.colcon_core.verb:set package 'u2d2_comm' build argument 'catkin_skip_building_tests' from command line to 'False'
[0.363s] DEBUG:colcon.colcon_core.verb:Building package 'u2d2_comm' with the following arguments: {'ament_cmake_args': None, 'build_base': '/home/edrom-mini/edromufu/src/movement/Ros2_change/build/u2d2_comm', 'catkin_cmake_args': None, 'catkin_skip_building_tests': False, 'cmake_args': None, 'cmake_clean_cache': False, 'cmake_clean_first': False, 'cmake_force_configure': False, 'cmake_target': None, 'cmake_target_skip_unavailable': False, 'install_base': '/home/edrom-mini/edromufu/src/movement/Ros2_change/install/u2d2_comm', 'merge_install': False, 'path': '/home/edrom-mini/edromufu/src/movement/Ros2_change/src/u2d2_comm', 'symlink_install': False, 'test_result_base': None}
[0.363s] Level 5:colcon.colcon_core.verb:set package 'movement_core' build argument 'cmake_args' from command line to 'None'
[0.363s] Level 5:colcon.colcon_core.verb:set package 'movement_core' build argument 'cmake_target' from command line to 'None'
[0.363s] Level 5:colcon.colcon_core.verb:set package 'movement_core' build argument 'cmake_target_skip_unavailable' from command line to 'False'
[0.363s] Level 5:colcon.colcon_core.verb:set package 'movement_core' build argument 'cmake_clean_cache' from command line to 'False'
[0.363s] Level 5:colcon.colcon_core.verb:set package 'movement_core' build argument 'cmake_clean_first' from command line to 'False'
[0.363s] Level 5:colcon.colcon_core.verb:set package 'movement_core' build argument 'cmake_force_configure' from command line to 'False'
[0.363s] Level 5:colcon.colcon_core.verb:set package 'movement_core' build argument 'ament_cmake_args' from command line to 'None'
[0.363s] Level 5:colcon.colcon_core.verb:set package 'movement_core' build argument 'catkin_cmake_args' from command line to 'None'
[0.363s] Level 5:colcon.colcon_core.verb:set package 'movement_core' build argument 'catkin_skip_building_tests' from command line to 'False'
[0.363s] DEBUG:colcon.colcon_core.verb:Building package 'movement_core' with the following arguments: {'ament_cmake_args': None, 'build_base': '/home/edrom-mini/edromufu/src/movement/Ros2_change/build/movement_core', 'catkin_cmake_args': None, 'catkin_skip_building_tests': False, 'cmake_args': None, 'cmake_clean_cache': False, 'cmake_clean_first': False, 'cmake_force_configure': False, 'cmake_target': None, 'cmake_target_skip_unavailable': False, 'install_base': '/home/edrom-mini/edromufu/src/movement/Ros2_change/install/movement_core', 'merge_install': False, 'path': '/home/edrom-mini/edromufu/src/movement/Ros2_change/src/movement_core', 'symlink_install': False, 'test_result_base': None}
[0.363s] INFO:colcon.colcon_core.executor:Executing jobs using 'parallel' executor
[0.364s] DEBUG:colcon.colcon_parallel_executor.executor.parallel:run_until_complete
[0.365s] INFO:colcon.colcon_ros.task.ament_python.build:Building ROS package in '/home/edrom-mini/edromufu/src/movement/Ros2_change/src/kinematic_functions' with build type 'ament_python'
[0.365s] Level 1:colcon.colcon_core.shell:create_environment_hook('kinematic_functions', 'ament_prefix_path')
[0.370s] INFO:colcon.colcon_core.plugin_system:Skipping extension 'colcon_core.shell.bat': Not used on non-Windows systems
[0.370s] INFO:colcon.colcon_core.shell:Creating environment hook '/home/edrom-mini/edromufu/src/movement/Ros2_change/install/kinematic_functions/share/kinematic_functions/hook/ament_prefix_path.ps1'
[0.371s] INFO:colcon.colcon_core.shell:Creating environment descriptor '/home/edrom-mini/edromufu/src/movement/Ros2_change/install/kinematic_functions/share/kinematic_functions/hook/ament_prefix_path.dsv'
[0.371s] INFO:colcon.colcon_core.shell:Creating environment hook '/home/edrom-mini/edromufu/src/movement/Ros2_change/install/kinematic_functions/share/kinematic_functions/hook/ament_prefix_path.sh'
[0.372s] INFO:colcon.colcon_core.shell:Skip shell extension 'powershell' for command environment: Not usable outside of PowerShell
[0.372s] DEBUG:colcon.colcon_core.shell:Skip shell extension 'dsv' for command environment
[0.375s] INFO:colcon.colcon_ros.task.ament_cmake.build:Building ROS package in '/home/edrom-mini/edromufu/src/movement/Ros2_change/src/movement_utils' with build type 'ament_cmake'
[0.375s] INFO:colcon.colcon_cmake.task.cmake.build:Building CMake package in '/home/edrom-mini/edromufu/src/movement/Ros2_change/src/movement_utils'
[0.375s] INFO:colcon.colcon_core.shell:Skip shell extension 'powershell' for command environment: Not usable outside of PowerShell
[0.375s] DEBUG:colcon.colcon_core.shell:Skip shell extension 'dsv' for command environment
[0.378s] INFO:colcon.colcon_ros.task.ament_python.build:Building ROS package in '/home/edrom-mini/edromufu/src/movement/Ros2_change/src/erro_package' with build type 'ament_python'
[0.378s] Level 1:colcon.colcon_core.shell:create_environment_hook('erro_package', 'ament_prefix_path')
[0.379s] INFO:colcon.colcon_core.shell:Creating environment hook '/home/edrom-mini/edromufu/src/movement/Ros2_change/install/erro_package/share/erro_package/hook/ament_prefix_path.ps1'
[0.379s] INFO:colcon.colcon_core.shell:Creating environment descriptor '/home/edrom-mini/edromufu/src/movement/Ros2_change/install/erro_package/share/erro_package/hook/ament_prefix_path.dsv'
[0.380s] INFO:colcon.colcon_core.shell:Creating environment hook '/home/edrom-mini/edromufu/src/movement/Ros2_change/install/erro_package/share/erro_package/hook/ament_prefix_path.sh'
[0.380s] INFO:colcon.colcon_core.shell:Skip shell extension 'powershell' for command environment: Not usable outside of PowerShell
[0.380s] DEBUG:colcon.colcon_core.shell:Skip shell extension 'dsv' for command environment
[0.382s] INFO:colcon.colcon_ros.task.ament_cmake.build:Building ROS package in '/home/edrom-mini/edromufu/src/movement/Ros2_change/src/humanoid_visualization' with build type 'ament_cmake'
[0.382s] INFO:colcon.colcon_cmake.task.cmake.build:Building CMake package in '/home/edrom-mini/edromufu/src/movement/Ros2_change/src/humanoid_visualization'
[0.383s] INFO:colcon.colcon_core.shell:Skip shell extension 'powershell' for command environment: Not usable outside of PowerShell
[0.383s] DEBUG:colcon.colcon_core.shell:Skip shell extension 'dsv' for command environment
[0.630s] INFO:colcon.colcon_core.task.python.build:Building Python package in '/home/edrom-mini/edromufu/src/movement/Ros2_change/src/kinematic_functions'
[0.630s] INFO:colcon.colcon_core.shell:Skip shell extension 'powershell' for command environment: Not usable outside of PowerShell
[0.630s] DEBUG:colcon.colcon_core.shell:Skip shell extension 'dsv' for command environment
[0.636s] DEBUG:colcon.colcon_core.event_handler.log_command:Invoking command in '/home/edrom-mini/edromufu/src/movement/Ros2_change/build/movement_utils': CMAKE_PREFIX_PATH=/opt/ros/humble /home/edrom-mini/.local/bin/cmake /home/edrom-mini/edromufu/src/movement/Ros2_change/src/movement_utils -DCMAKE_INSTALL_PREFIX=/home/edrom-mini/edromufu/src/movement/Ros2_change/install/movement_utils
[0.904s] INFO:colcon.colcon_core.task.python.build:Building Python package in '/home/edrom-mini/edromufu/src/movement/Ros2_change/src/erro_package'
[0.904s] INFO:colcon.colcon_core.shell:Skip shell extension 'powershell' for command environment: Not usable outside of PowerShell
[0.904s] DEBUG:colcon.colcon_core.shell:Skip shell extension 'dsv' for command environment
[0.912s] DEBUG:colcon.colcon_core.event_handler.log_command:Invoking command in '/home/edrom-mini/edromufu/src/movement/Ros2_change/build/humanoid_visualization': CMAKE_PREFIX_PATH=/opt/ros/humble /home/edrom-mini/.local/bin/cmake /home/edrom-mini/edromufu/src/movement/Ros2_change/src/humanoid_visualization -DCMAKE_INSTALL_PREFIX=/home/edrom-mini/edromufu/src/movement/Ros2_change/install/humanoid_visualization
[1.404s] DEBUG:colcon.colcon_core.event_handler.log_command:Invoking command in '/home/edrom-mini/edromufu/src/movement/Ros2_change/src/erro_package': PYTHONPATH=/home/edrom-mini/edromufu/src/movement/Ros2_change/build/erro_package/prefix_override:/home/edrom-mini/edromufu/src/movement/Ros2_change/install/erro_package/lib/python3.10/site-packages:${PYTHONPATH} /usr/bin/python3 -W ignore:setup.py install is deprecated setup.py egg_info --egg-base ../../build/erro_package build --build-base /home/edrom-mini/edromufu/src/movement/Ros2_change/build/erro_package/build install --record /home/edrom-mini/edromufu/src/movement/Ros2_change/build/erro_package/install.log --single-version-externally-managed install_data
[1.412s] DEBUG:colcon.colcon_core.event_handler.log_command:Invoking command in '/home/edrom-mini/edromufu/src/movement/Ros2_change/src/kinematic_functions': PYTHONPATH=/home/edrom-mini/edromufu/src/movement/Ros2_change/build/kinematic_functions/prefix_override:/home/edrom-mini/edromufu/src/movement/Ros2_change/install/kinematic_functions/lib/python3.10/site-packages:${PYTHONPATH} /usr/bin/python3 -W ignore:setup.py install is deprecated setup.py egg_info --egg-base ../../build/kinematic_functions build --build-base /home/edrom-mini/edromufu/src/movement/Ros2_change/build/kinematic_functions/build install --record /home/edrom-mini/edromufu/src/movement/Ros2_change/build/kinematic_functions/install.log --single-version-externally-managed install_data
[1.865s] DEBUG:colcon.colcon_core.event_handler.log_command:Invoked command in '/home/edrom-mini/edromufu/src/movement/Ros2_change/src/erro_package' returned '0': PYTHONPATH=/home/edrom-mini/edromufu/src/movement/Ros2_change/build/erro_package/prefix_override:/home/edrom-mini/edromufu/src/movement/Ros2_change/install/erro_package/lib/python3.10/site-packages:${PYTHONPATH} /usr/bin/python3 -W ignore:setup.py install is deprecated setup.py egg_info --egg-base ../../build/erro_package build --build-base /home/edrom-mini/edromufu/src/movement/Ros2_change/build/erro_package/build install --record /home/edrom-mini/edromufu/src/movement/Ros2_change/build/erro_package/install.log --single-version-externally-managed install_data
[1.872s] Level 1:colcon.colcon_core.environment:checking '/home/edrom-mini/edromufu/src/movement/Ros2_change/install/erro_package' for CMake module files
[1.873s] Level 1:colcon.colcon_core.environment:checking '/home/edrom-mini/edromufu/src/movement/Ros2_change/install/erro_package' for CMake config files
[1.874s] Level 1:colcon.colcon_core.environment:checking '/home/edrom-mini/edromufu/src/movement/Ros2_change/install/erro_package/lib'
[1.875s] Level 1:colcon.colcon_core.environment:checking '/home/edrom-mini/edromufu/src/movement/Ros2_change/install/erro_package/bin'
[1.875s] Level 1:colcon.colcon_core.environment:checking '/home/edrom-mini/edromufu/src/movement/Ros2_change/install/erro_package/lib/pkgconfig/erro_package.pc'
[1.875s] Level 1:colcon.colcon_core.environment:checking '/home/edrom-mini/edromufu/src/movement/Ros2_change/install/erro_package/lib/python3.10/site-packages'
[1.875s] Level 1:colcon.colcon_core.shell:create_environment_hook('erro_package', 'pythonpath')
[1.876s] INFO:colcon.colcon_core.shell:Creating environment hook '/home/edrom-mini/edromufu/src/movement/Ros2_change/install/erro_package/share/erro_package/hook/pythonpath.ps1'
[1.876s] INFO:colcon.colcon_core.shell:Creating environment descriptor '/home/edrom-mini/edromufu/src/movement/Ros2_change/install/erro_package/share/erro_package/hook/pythonpath.dsv'
[1.877s] INFO:colcon.colcon_core.shell:Creating environment hook '/home/edrom-mini/edromufu/src/movement/Ros2_change/install/erro_package/share/erro_package/hook/pythonpath.sh'
[1.878s] Level 1:colcon.colcon_core.environment:checking '/home/edrom-mini/edromufu/src/movement/Ros2_change/install/erro_package/bin'
[1.878s] Level 1:colcon.colcon_core.environment:create_environment_scripts_only(erro_package)
[1.878s] INFO:colcon.colcon_core.shell:Creating package script '/home/edrom-mini/edromufu/src/movement/Ros2_change/install/erro_package/share/erro_package/package.ps1'
[1.880s] INFO:colcon.colcon_core.shell:Creating package descriptor '/home/edrom-mini/edromufu/src/movement/Ros2_change/install/erro_package/share/erro_package/package.dsv'
[1.881s] INFO:colcon.colcon_core.shell:Creating package script '/home/edrom-mini/edromufu/src/movement/Ros2_change/install/erro_package/share/erro_package/package.sh'
[1.882s] INFO:colcon.colcon_core.shell:Creating package script '/home/edrom-mini/edromufu/src/movement/Ros2_change/install/erro_package/share/erro_package/package.bash'
[1.884s] INFO:colcon.colcon_core.shell:Creating package script '/home/edrom-mini/edromufu/src/movement/Ros2_change/install/erro_package/share/erro_package/package.zsh'
[1.885s] Level 1:colcon.colcon_core.environment:create_file_with_runtime_dependencies(/home/edrom-mini/edromufu/src/movement/Ros2_change/install/erro_package/share/colcon-core/packages/erro_package)
[1.886s] INFO:colcon.colcon_ros.task.ament_python.build:Building ROS package in '/home/edrom-mini/edromufu/src/movement/Ros2_change/src/tahara_pages' with build type 'ament_python'
[1.886s] Level 1:colcon.colcon_core.shell:create_environment_hook('tahara_pages', 'ament_prefix_path')
[1.887s] INFO:colcon.colcon_core.shell:Creating environment hook '/home/edrom-mini/edromufu/src/movement/Ros2_change/install/tahara_pages/share/tahara_pages/hook/ament_prefix_path.ps1'
[1.887s] INFO:colcon.colcon_core.shell:Creating environment descriptor '/home/edrom-mini/edromufu/src/movement/Ros2_change/install/tahara_pages/share/tahara_pages/hook/ament_prefix_path.dsv'
[1.888s] INFO:colcon.colcon_core.shell:Creating environment hook '/home/edrom-mini/edromufu/src/movement/Ros2_change/install/tahara_pages/share/tahara_pages/hook/ament_prefix_path.sh'
[1.888s] INFO:colcon.colcon_core.shell:Skip shell extension 'powershell' for command environment: Not usable outside of PowerShell
[1.889s] DEBUG:colcon.colcon_core.shell:Skip shell extension 'dsv' for command environment
[1.892s] Level 1:colcon.colcon_core.environment:checking '/home/edrom-mini/edromufu/src/movement/Ros2_change/install/kinematic_functions' for CMake module files
[1.893s] DEBUG:colcon.colcon_core.event_handler.log_command:Invoked command in '/home/edrom-mini/edromufu/src/movement/Ros2_change/src/kinematic_functions' returned '0': PYTHONPATH=/home/edrom-mini/edromufu/src/movement/Ros2_change/build/kinematic_functions/prefix_override:/home/edrom-mini/edromufu/src/movement/Ros2_change/install/kinematic_functions/lib/python3.10/site-packages:${PYTHONPATH} /usr/bin/python3 -W ignore:setup.py install is deprecated setup.py egg_info --egg-base ../../build/kinematic_functions build --build-base /home/edrom-mini/edromufu/src/movement/Ros2_change/build/kinematic_functions/build install --record /home/edrom-mini/edromufu/src/movement/Ros2_change/build/kinematic_functions/install.log --single-version-externally-managed install_data
[1.894s] Level 1:colcon.colcon_core.environment:checking '/home/edrom-mini/edromufu/src/movement/Ros2_change/install/kinematic_functions' for CMake config files
[1.894s] Level 1:colcon.colcon_core.environment:checking '/home/edrom-mini/edromufu/src/movement/Ros2_change/install/kinematic_functions/lib'
[1.894s] Level 1:colcon.colcon_core.environment:checking '/home/edrom-mini/edromufu/src/movement/Ros2_change/install/kinematic_functions/bin'
[1.895s] Level 1:colcon.colcon_core.environment:checking '/home/edrom-mini/edromufu/src/movement/Ros2_change/install/kinematic_functions/lib/pkgconfig/kinematic_functions.pc'
[1.895s] Level 1:colcon.colcon_core.environment:checking '/home/edrom-mini/edromufu/src/movement/Ros2_change/install/kinematic_functions/lib/python3.10/site-packages'
[1.895s] Level 1:colcon.colcon_core.shell:create_environment_hook('kinematic_functions', 'pythonpath')
[1.895s] INFO:colcon.colcon_core.shell:Creating environment hook '/home/edrom-mini/edromufu/src/movement/Ros2_change/install/kinematic_functions/share/kinematic_functions/hook/pythonpath.ps1'
[1.896s] INFO:colcon.colcon_core.shell:Creating environment descriptor '/home/edrom-mini/edromufu/src/movement/Ros2_change/install/kinematic_functions/share/kinematic_functions/hook/pythonpath.dsv'
[1.896s] INFO:colcon.colcon_core.shell:Creating environment hook '/home/edrom-mini/edromufu/src/movement/Ros2_change/install/kinematic_functions/share/kinematic_functions/hook/pythonpath.sh'
[1.897s] Level 1:colcon.colcon_core.environment:checking '/home/edrom-mini/edromufu/src/movement/Ros2_change/install/kinematic_functions/bin'
[1.897s] Level 1:colcon.colcon_core.environment:create_environment_scripts_only(kinematic_functions)
[1.898s] INFO:colcon.colcon_core.shell:Creating package script '/home/edrom-mini/edromufu/src/movement/Ros2_change/install/kinematic_functions/share/kinematic_functions/package.ps1'
[1.899s] INFO:colcon.colcon_core.shell:Creating package descriptor '/home/edrom-mini/edromufu/src/movement/Ros2_change/install/kinematic_functions/share/kinematic_functions/package.dsv'
[1.899s] INFO:colcon.colcon_core.shell:Creating package script '/home/edrom-mini/edromufu/src/movement/Ros2_change/install/kinematic_functions/share/kinematic_functions/package.sh'
[1.900s] INFO:colcon.colcon_core.shell:Creating package script '/home/edrom-mini/edromufu/src/movement/Ros2_change/install/kinematic_functions/share/kinematic_functions/package.bash'
[1.900s] INFO:colcon.colcon_core.shell:Creating package script '/home/edrom-mini/edromufu/src/movement/Ros2_change/install/kinematic_functions/share/kinematic_functions/package.zsh'
[1.901s] Level 1:colcon.colcon_core.environment:create_file_with_runtime_dependencies(/home/edrom-mini/edromufu/src/movement/Ros2_change/install/kinematic_functions/share/colcon-core/packages/kinematic_functions)
[1.902s] INFO:colcon.colcon_ros.task.ament_python.build:Building ROS package in '/home/edrom-mini/edromufu/src/movement/Ros2_change/src/humanoid_definition' with build type 'ament_python'
[1.902s] Level 1:colcon.colcon_core.shell:create_environment_hook('humanoid_definition', 'ament_prefix_path')
[1.902s] INFO:colcon.colcon_core.shell:Creating environment hook '/home/edrom-mini/edromufu/src/movement/Ros2_change/install/humanoid_definition/share/humanoid_definition/hook/ament_prefix_path.ps1'
[1.903s] INFO:colcon.colcon_core.shell:Creating environment descriptor '/home/edrom-mini/edromufu/src/movement/Ros2_change/install/humanoid_definition/share/humanoid_definition/hook/ament_prefix_path.dsv'
[1.903s] INFO:colcon.colcon_core.shell:Creating environment hook '/home/edrom-mini/edromufu/src/movement/Ros2_change/install/humanoid_definition/share/humanoid_definition/hook/ament_prefix_path.sh'
[1.904s] INFO:colcon.colcon_core.shell:Skip shell extension 'powershell' for command environment: Not usable outside of PowerShell
[1.904s] DEBUG:colcon.colcon_core.shell:Skip shell extension 'dsv' for command environment
[1.908s] DEBUG:colcon.colcon_core.event_handler.log_command:Invoked command in '/home/edrom-mini/edromufu/src/movement/Ros2_change/build/humanoid_visualization' returned '0': CMAKE_PREFIX_PATH=/opt/ros/humble /home/edrom-mini/.local/bin/cmake /home/edrom-mini/edromufu/src/movement/Ros2_change/src/humanoid_visualization -DCMAKE_INSTALL_PREFIX=/home/edrom-mini/edromufu/src/movement/Ros2_change/install/humanoid_visualization
[1.910s] DEBUG:colcon.colcon_core.event_handler.log_command:Invoking command in '/home/edrom-mini/edromufu/src/movement/Ros2_change/build/humanoid_visualization': CMAKE_PREFIX_PATH=/opt/ros/humble /home/edrom-mini/.local/bin/cmake --build /home/edrom-mini/edromufu/src/movement/Ros2_change/build/humanoid_visualization -- -j4 -l4
[2.222s] INFO:colcon.colcon_core.task.python.build:Building Python package in '/home/edrom-mini/edromufu/src/movement/Ros2_change/src/tahara_pages'
[2.223s] INFO:colcon.colcon_core.shell:Skip shell extension 'powershell' for command environment: Not usable outside of PowerShell
[2.223s] DEBUG:colcon.colcon_core.shell:Skip shell extension 'dsv' for command environment
[2.505s] INFO:colcon.colcon_core.task.python.build:Building Python package in '/home/edrom-mini/edromufu/src/movement/Ros2_change/src/humanoid_definition'
[2.505s] INFO:colcon.colcon_core.shell:Skip shell extension 'powershell' for command environment: Not usable outside of PowerShell
[2.505s] DEBUG:colcon.colcon_core.shell:Skip shell extension 'dsv' for command environment
[2.509s] DEBUG:colcon.colcon_core.event_handler.log_command:Invoked command in '/home/edrom-mini/edromufu/src/movement/Ros2_change/build/humanoid_visualization' returned '0': CMAKE_PREFIX_PATH=/opt/ros/humble /home/edrom-mini/.local/bin/cmake --build /home/edrom-mini/edromufu/src/movement/Ros2_change/build/humanoid_visualization -- -j4 -l4
[2.774s] DEBUG:colcon.colcon_core.event_handler.log_command:Invoking command in '/home/edrom-mini/edromufu/src/movement/Ros2_change/build/humanoid_visualization': CMAKE_PREFIX_PATH=/opt/ros/humble /home/edrom-mini/.local/bin/cmake --install /home/edrom-mini/edromufu/src/movement/Ros2_change/build/humanoid_visualization
[2.924s] Level 1:colcon.colcon_core.environment:create_environment_scripts_only(humanoid_visualization)
[2.924s] Level 1:colcon.colcon_core.environment:checking '/home/edrom-mini/edromufu/src/movement/Ros2_change/install/humanoid_visualization' for CMake module files
[2.925s] Level 1:colcon.colcon_core.environment:checking '/home/edrom-mini/edromufu/src/movement/Ros2_change/install/humanoid_visualization' for CMake config files
[2.925s] Level 1:colcon.colcon_core.shell:create_environment_hook('humanoid_visualization', 'cmake_prefix_path')
[2.925s] INFO:colcon.colcon_core.shell:Creating environment hook '/home/edrom-mini/edromufu/src/movement/Ros2_change/install/humanoid_visualization/share/humanoid_visualization/hook/cmake_prefix_path.ps1'
[2.926s] DEBUG:colcon.colcon_core.event_handler.log_command:Invoked command in '/home/edrom-mini/edromufu/src/movement/Ros2_change/build/humanoid_visualization' returned '0': CMAKE_PREFIX_PATH=/opt/ros/humble /home/edrom-mini/.local/bin/cmake --install /home/edrom-mini/edromufu/src/movement/Ros2_change/build/humanoid_visualization
[2.927s] INFO:colcon.colcon_core.shell:Creating environment descriptor '/home/edrom-mini/edromufu/src/movement/Ros2_change/install/humanoid_visualization/share/humanoid_visualization/hook/cmake_prefix_path.dsv'
[2.928s] INFO:colcon.colcon_core.shell:Creating environment hook '/home/edrom-mini/edromufu/src/movement/Ros2_change/install/humanoid_visualization/share/humanoid_visualization/hook/cmake_prefix_path.sh'
[2.928s] Level 1:colcon.colcon_core.environment:checking '/home/edrom-mini/edromufu/src/movement/Ros2_change/install/humanoid_visualization/bin'
[2.929s] Level 1:colcon.colcon_core.environment:checking '/home/edrom-mini/edromufu/src/movement/Ros2_change/install/humanoid_visualization/lib/pkgconfig/humanoid_visualization.pc'
[2.929s] Level 1:colcon.colcon_core.environment:checking '/home/edrom-mini/edromufu/src/movement/Ros2_change/install/humanoid_visualization/lib/python3.10/site-packages'
[2.929s] Level 1:colcon.colcon_core.environment:checking '/home/edrom-mini/edromufu/src/movement/Ros2_change/install/humanoid_visualization/bin'
[2.930s] INFO:colcon.colcon_core.shell:Creating package script '/home/edrom-mini/edromufu/src/movement/Ros2_change/install/humanoid_visualization/share/humanoid_visualization/package.ps1'
[2.930s] INFO:colcon.colcon_core.shell:Creating package descriptor '/home/edrom-mini/edromufu/src/movement/Ros2_change/install/humanoid_visualization/share/humanoid_visualization/package.dsv'
[2.931s] INFO:colcon.colcon_core.shell:Creating package script '/home/edrom-mini/edromufu/src/movement/Ros2_change/install/humanoid_visualization/share/humanoid_visualization/package.sh'
[2.932s] INFO:colcon.colcon_core.shell:Creating package script '/home/edrom-mini/edromufu/src/movement/Ros2_change/install/humanoid_visualization/share/humanoid_visualization/package.bash'
[2.932s] INFO:colcon.colcon_core.shell:Creating package script '/home/edrom-mini/edromufu/src/movement/Ros2_change/install/humanoid_visualization/share/humanoid_visualization/package.zsh'
[2.933s] Level 1:colcon.colcon_core.environment:create_file_with_runtime_dependencies(/home/edrom-mini/edromufu/src/movement/Ros2_change/install/humanoid_visualization/share/colcon-core/packages/humanoid_visualization)
[3.001s] DEBUG:colcon.colcon_core.event_handler.log_command:Invoking command in '/home/edrom-mini/edromufu/src/movement/Ros2_change/src/tahara_pages': PYTHONPATH=/home/edrom-mini/edromufu/src/movement/Ros2_change/build/tahara_pages/prefix_override:/home/edrom-mini/edromufu/src/movement/Ros2_change/install/tahara_pages/lib/python3.10/site-packages:${PYTHONPATH} /usr/bin/python3 -W ignore:setup.py install is deprecated setup.py egg_info --egg-base ../../build/tahara_pages build --build-base /home/edrom-mini/edromufu/src/movement/Ros2_change/build/tahara_pages/build install --record /home/edrom-mini/edromufu/src/movement/Ros2_change/build/tahara_pages/install.log --single-version-externally-managed install_data
[3.022s] DEBUG:colcon.colcon_core.event_handler.log_command:Invoking command in '/home/edrom-mini/edromufu/src/movement/Ros2_change/src/humanoid_definition': AMENT_PREFIX_PATH=/home/edrom-mini/edromufu/src/movement/Ros2_change/install/kinematic_functions:${AMENT_PREFIX_PATH} PYTHONPATH=/home/edrom-mini/edromufu/src/movement/Ros2_change/build/humanoid_definition/prefix_override:/home/edrom-mini/edromufu/src/movement/Ros2_change/install/humanoid_definition/lib/python3.10/site-packages:/home/edrom-mini/edromufu/src/movement/Ros2_change/install/kinematic_functions/lib/python3.10/site-packages:${PYTHONPATH} /usr/bin/python3 -W ignore:setup.py install is deprecated setup.py egg_info --egg-base ../../build/humanoid_definition build --build-base /home/edrom-mini/edromufu/src/movement/Ros2_change/build/humanoid_definition/build install --record /home/edrom-mini/edromufu/src/movement/Ros2_change/build/humanoid_definition/install.log --single-version-externally-managed install_data
[3.094s] Level 1:colcon.colcon_core.environment:create_environment_scripts_only(humanoid_visualization)
[3.095s] Level 1:colcon.colcon_core.environment:checking '/home/edrom-mini/edromufu/src/movement/Ros2_change/install/humanoid_visualization' for CMake module files
[3.095s] Level 1:colcon.colcon_core.environment:checking '/home/edrom-mini/edromufu/src/movement/Ros2_change/install/humanoid_visualization' for CMake config files
[3.096s] Level 1:colcon.colcon_core.shell:create_environment_hook('humanoid_visualization', 'cmake_prefix_path')
[3.096s] INFO:colcon.colcon_core.shell:Creating environment hook '/home/edrom-mini/edromufu/src/movement/Ros2_change/install/humanoid_visualization/share/humanoid_visualization/hook/cmake_prefix_path.ps1'
[3.097s] INFO:colcon.colcon_core.shell:Creating environment descriptor '/home/edrom-mini/edromufu/src/movement/Ros2_change/install/humanoid_visualization/share/humanoid_visualization/hook/cmake_prefix_path.dsv'
[3.097s] INFO:colcon.colcon_core.shell:Creating environment hook '/home/edrom-mini/edromufu/src/movement/Ros2_change/install/humanoid_visualization/share/humanoid_visualization/hook/cmake_prefix_path.sh'
[3.098s] Level 1:colcon.colcon_core.environment:checking '/home/edrom-mini/edromufu/src/movement/Ros2_change/install/humanoid_visualization/bin'
[3.098s] Level 1:colcon.colcon_core.environment:checking '/home/edrom-mini/edromufu/src/movement/Ros2_change/install/humanoid_visualization/lib/pkgconfig/humanoid_visualization.pc'
[3.098s] Level 1:colcon.colcon_core.environment:checking '/home/edrom-mini/edromufu/src/movement/Ros2_change/install/humanoid_visualization/lib/python3.10/site-packages'
[3.099s] Level 1:colcon.colcon_core.environment:checking '/home/edrom-mini/edromufu/src/movement/Ros2_change/install/humanoid_visualization/bin'
[3.099s] INFO:colcon.colcon_core.shell:Creating package script '/home/edrom-mini/edromufu/src/movement/Ros2_change/install/humanoid_visualization/share/humanoid_visualization/package.ps1'
[3.100s] INFO:colcon.colcon_core.shell:Creating package descriptor '/home/edrom-mini/edromufu/src/movement/Ros2_change/install/humanoid_visualization/share/humanoid_visualization/package.dsv'
[3.101s] INFO:colcon.colcon_core.shell:Creating package script '/home/edrom-mini/edromufu/src/movement/Ros2_change/install/humanoid_visualization/share/humanoid_visualization/package.sh'
[3.101s] INFO:colcon.colcon_core.shell:Creating package script '/home/edrom-mini/edromufu/src/movement/Ros2_change/install/humanoid_visualization/share/humanoid_visualization/package.bash'
[3.102s] INFO:colcon.colcon_core.shell:Creating package script '/home/edrom-mini/edromufu/src/movement/Ros2_change/install/humanoid_visualization/share/humanoid_visualization/package.zsh'
[3.103s] Level 1:colcon.colcon_core.environment:create_file_with_runtime_dependencies(/home/edrom-mini/edromufu/src/movement/Ros2_change/install/humanoid_visualization/share/colcon-core/packages/humanoid_visualization)
[3.104s] INFO:colcon.colcon_ros.task.ament_python.build:Building ROS package in '/home/edrom-mini/edromufu/src/movement/Ros2_change/src/movement_functions' with build type 'ament_python'
[3.110s] Level 1:colcon.colcon_core.shell:create_environment_hook('movement_functions', 'ament_prefix_path')
[3.110s] INFO:colcon.colcon_core.shell:Creating environment hook '/home/edrom-mini/edromufu/src/movement/Ros2_change/install/movement_functions/share/movement_functions/hook/ament_prefix_path.ps1'
[3.111s] INFO:colcon.colcon_core.shell:Creating environment descriptor '/home/edrom-mini/edromufu/src/movement/Ros2_change/install/movement_functions/share/movement_functions/hook/ament_prefix_path.dsv'
[3.112s] INFO:colcon.colcon_core.shell:Creating environment hook '/home/edrom-mini/edromufu/src/movement/Ros2_change/install/movement_functions/share/movement_functions/hook/ament_prefix_path.sh'
[3.113s] INFO:colcon.colcon_core.shell:Skip shell extension 'powershell' for command environment: Not usable outside of PowerShell
[3.113s] DEBUG:colcon.colcon_core.shell:Skip shell extension 'dsv' for command environment
[3.522s] INFO:colcon.colcon_core.task.python.build:Building Python package in '/home/edrom-mini/edromufu/src/movement/Ros2_change/src/movement_functions'
[3.523s] INFO:colcon.colcon_core.shell:Skip shell extension 'powershell' for command environment: Not usable outside of PowerShell
[3.523s] DEBUG:colcon.colcon_core.shell:Skip shell extension 'dsv' for command environment
[3.527s] Level 1:colcon.colcon_core.environment:checking '/home/edrom-mini/edromufu/src/movement/Ros2_change/install/humanoid_definition' for CMake module files
[3.528s] DEBUG:colcon.colcon_core.event_handler.log_command:Invoked command in '/home/edrom-mini/edromufu/src/movement/Ros2_change/src/humanoid_definition' returned '0': AMENT_PREFIX_PATH=/home/edrom-mini/edromufu/src/movement/Ros2_change/install/kinematic_functions:${AMENT_PREFIX_PATH} PYTHONPATH=/home/edrom-mini/edromufu/src/movement/Ros2_change/build/humanoid_definition/prefix_override:/home/edrom-mini/edromufu/src/movement/Ros2_change/install/humanoid_definition/lib/python3.10/site-packages:/home/edrom-mini/edromufu/src/movement/Ros2_change/install/kinematic_functions/lib/python3.10/site-packages:${PYTHONPATH} /usr/bin/python3 -W ignore:setup.py install is deprecated setup.py egg_info --egg-base ../../build/humanoid_definition build --build-base /home/edrom-mini/edromufu/src/movement/Ros2_change/build/humanoid_definition/build install --record /home/edrom-mini/edromufu/src/movement/Ros2_change/build/humanoid_definition/install.log --single-version-externally-managed install_data
[3.528s] Level 1:colcon.colcon_core.environment:checking '/home/edrom-mini/edromufu/src/movement/Ros2_change/install/humanoid_definition' for CMake config files
[3.529s] Level 1:colcon.colcon_core.environment:checking '/home/edrom-mini/edromufu/src/movement/Ros2_change/install/humanoid_definition/lib'
[3.529s] Level 1:colcon.colcon_core.environment:checking '/home/edrom-mini/edromufu/src/movement/Ros2_change/install/humanoid_definition/bin'
[3.529s] Level 1:colcon.colcon_core.environment:checking '/home/edrom-mini/edromufu/src/movement/Ros2_change/install/humanoid_definition/lib/pkgconfig/humanoid_definition.pc'
[3.530s] Level 1:colcon.colcon_core.environment:checking '/home/edrom-mini/edromufu/src/movement/Ros2_change/install/humanoid_definition/lib/python3.10/site-packages'
[3.530s] Level 1:colcon.colcon_core.shell:create_environment_hook('humanoid_definition', 'pythonpath')
[3.530s] INFO:colcon.colcon_core.shell:Creating environment hook '/home/edrom-mini/edromufu/src/movement/Ros2_change/install/humanoid_definition/share/humanoid_definition/hook/pythonpath.ps1'
[3.531s] INFO:colcon.colcon_core.shell:Creating environment descriptor '/home/edrom-mini/edromufu/src/movement/Ros2_change/install/humanoid_definition/share/humanoid_definition/hook/pythonpath.dsv'
[3.531s] INFO:colcon.colcon_core.shell:Creating environment hook '/home/edrom-mini/edromufu/src/movement/Ros2_change/install/humanoid_definition/share/humanoid_definition/hook/pythonpath.sh'
[3.532s] Level 1:colcon.colcon_core.environment:checking '/home/edrom-mini/edromufu/src/movement/Ros2_change/install/humanoid_definition/bin'
[3.532s] Level 1:colcon.colcon_core.environment:create_environment_scripts_only(humanoid_definition)
[3.532s] INFO:colcon.colcon_core.shell:Creating package script '/home/edrom-mini/edromufu/src/movement/Ros2_change/install/humanoid_definition/share/humanoid_definition/package.ps1'
[3.533s] INFO:colcon.colcon_core.shell:Creating package descriptor '/home/edrom-mini/edromufu/src/movement/Ros2_change/install/humanoid_definition/share/humanoid_definition/package.dsv'
[3.533s] INFO:colcon.colcon_core.shell:Creating package script '/home/edrom-mini/edromufu/src/movement/Ros2_change/install/humanoid_definition/share/humanoid_definition/package.sh'
[3.534s] INFO:colcon.colcon_core.shell:Creating package script '/home/edrom-mini/edromufu/src/movement/Ros2_change/install/humanoid_definition/share/humanoid_definition/package.bash'
[3.534s] INFO:colcon.colcon_core.shell:Creating package script '/home/edrom-mini/edromufu/src/movement/Ros2_change/install/humanoid_definition/share/humanoid_definition/package.zsh'
[3.534s] Level 1:colcon.colcon_core.environment:create_file_with_runtime_dependencies(/home/edrom-mini/edromufu/src/movement/Ros2_change/install/humanoid_definition/share/colcon-core/packages/humanoid_definition)
[3.535s] Level 1:colcon.colcon_core.environment:checking '/home/edrom-mini/edromufu/src/movement/Ros2_change/install/tahara_pages' for CMake module files
[3.536s] DEBUG:colcon.colcon_core.event_handler.log_command:Invoked command in '/home/edrom-mini/edromufu/src/movement/Ros2_change/src/tahara_pages' returned '0': PYTHONPATH=/home/edrom-mini/edromufu/src/movement/Ros2_change/build/tahara_pages/prefix_override:/home/edrom-mini/edromufu/src/movement/Ros2_change/install/tahara_pages/lib/python3.10/site-packages:${PYTHONPATH} /usr/bin/python3 -W ignore:setup.py install is deprecated setup.py egg_info --egg-base ../../build/tahara_pages build --build-base /home/edrom-mini/edromufu/src/movement/Ros2_change/build/tahara_pages/build install --record /home/edrom-mini/edromufu/src/movement/Ros2_change/build/tahara_pages/install.log --single-version-externally-managed install_data
[3.536s] Level 1:colcon.colcon_core.environment:checking '/home/edrom-mini/edromufu/src/movement/Ros2_change/install/tahara_pages' for CMake config files
[3.537s] Level 1:colcon.colcon_core.environment:checking '/home/edrom-mini/edromufu/src/movement/Ros2_change/install/tahara_pages/lib'
[3.537s] Level 1:colcon.colcon_core.environment:checking '/home/edrom-mini/edromufu/src/movement/Ros2_change/install/tahara_pages/bin'
[3.537s] Level 1:colcon.colcon_core.environment:checking '/home/edrom-mini/edromufu/src/movement/Ros2_change/install/tahara_pages/lib/pkgconfig/tahara_pages.pc'
[3.538s] Level 1:colcon.colcon_core.environment:checking '/home/edrom-mini/edromufu/src/movement/Ros2_change/install/tahara_pages/lib/python3.10/site-packages'
[3.538s] Level 1:colcon.colcon_core.shell:create_environment_hook('tahara_pages', 'pythonpath')
[3.538s] INFO:colcon.colcon_core.shell:Creating environment hook '/home/edrom-mini/edromufu/src/movement/Ros2_change/install/tahara_pages/share/tahara_pages/hook/pythonpath.ps1'
[3.539s] INFO:colcon.colcon_core.shell:Creating environment descriptor '/home/edrom-mini/edromufu/src/movement/Ros2_change/install/tahara_pages/share/tahara_pages/hook/pythonpath.dsv'
[3.539s] INFO:colcon.colcon_core.shell:Creating environment hook '/home/edrom-mini/edromufu/src/movement/Ros2_change/install/tahara_pages/share/tahara_pages/hook/pythonpath.sh'
[3.540s] Level 1:colcon.colcon_core.environment:checking '/home/edrom-mini/edromufu/src/movement/Ros2_change/install/tahara_pages/bin'
[3.540s] Level 1:colcon.colcon_core.environment:create_environment_scripts_only(tahara_pages)
[3.541s] INFO:colcon.colcon_core.shell:Creating package script '/home/edrom-mini/edromufu/src/movement/Ros2_change/install/tahara_pages/share/tahara_pages/package.ps1'
[3.541s] INFO:colcon.colcon_core.shell:Creating package descriptor '/home/edrom-mini/edromufu/src/movement/Ros2_change/install/tahara_pages/share/tahara_pages/package.dsv'
[3.542s] INFO:colcon.colcon_core.shell:Creating package script '/home/edrom-mini/edromufu/src/movement/Ros2_change/install/tahara_pages/share/tahara_pages/package.sh'
[3.542s] INFO:colcon.colcon_core.shell:Creating package script '/home/edrom-mini/edromufu/src/movement/Ros2_change/install/tahara_pages/share/tahara_pages/package.bash'
[3.543s] INFO:colcon.colcon_core.shell:Creating package script '/home/edrom-mini/edromufu/src/movement/Ros2_change/install/tahara_pages/share/tahara_pages/package.zsh'
[3.543s] Level 1:colcon.colcon_core.environment:create_file_with_runtime_dependencies(/home/edrom-mini/edromufu/src/movement/Ros2_change/install/tahara_pages/share/colcon-core/packages/tahara_pages)
[3.544s] INFO:colcon.colcon_ros.task.ament_cmake.build:Building ROS package in '/home/edrom-mini/edromufu/src/movement/Ros2_change/src/urdf_example' with build type 'ament_cmake'
[3.544s] INFO:colcon.colcon_cmake.task.cmake.build:Building CMake package in '/home/edrom-mini/edromufu/src/movement/Ros2_change/src/urdf_example'
[3.544s] INFO:colcon.colcon_core.shell:Skip shell extension 'powershell' for command environment: Not usable outside of PowerShell
[3.544s] DEBUG:colcon.colcon_core.shell:Skip shell extension 'dsv' for command environment
[3.547s] INFO:colcon.colcon_ros.task.ament_cmake.build:Building ROS package in '/home/edrom-mini/edromufu/src/movement/Ros2_change/src/urdf_robox' with build type 'ament_cmake'
[3.547s] INFO:colcon.colcon_cmake.task.cmake.build:Building CMake package in '/home/edrom-mini/edromufu/src/movement/Ros2_change/src/urdf_robox'
[3.548s] INFO:colcon.colcon_core.shell:Skip shell extension 'powershell' for command environment: Not usable outside of PowerShell
[3.548s] DEBUG:colcon.colcon_core.shell:Skip shell extension 'dsv' for command environment
[3.559s] DEBUG:colcon.colcon_core.event_handler.log_command:Invoking command in '/home/edrom-mini/edromufu/src/movement/Ros2_change/build/urdf_example': CMAKE_PREFIX_PATH=/opt/ros/humble /home/edrom-mini/.local/bin/cmake /home/edrom-mini/edromufu/src/movement/Ros2_change/src/urdf_example -DCMAKE_INSTALL_PREFIX=/home/edrom-mini/edromufu/src/movement/Ros2_change/install/urdf_example
[3.560s] DEBUG:colcon.colcon_core.event_handler.log_command:Invoking command in '/home/edrom-mini/edromufu/src/movement/Ros2_change/build/urdf_robox': CMAKE_PREFIX_PATH=/opt/ros/humble /home/edrom-mini/.local/bin/cmake /home/edrom-mini/edromufu/src/movement/Ros2_change/src/urdf_robox -DCMAKE_INSTALL_PREFIX=/home/edrom-mini/edromufu/src/movement/Ros2_change/install/urdf_robox
[4.056s] DEBUG:colcon.colcon_core.event_handler.log_command:Invoking command in '/home/edrom-mini/edromufu/src/movement/Ros2_change/src/movement_functions': AMENT_PREFIX_PATH=/home/edrom-mini/edromufu/src/movement/Ros2_change/install/kinematic_functions:${AMENT_PREFIX_PATH} PYTHONPATH=/home/edrom-mini/edromufu/src/movement/Ros2_change/build/movement_functions/prefix_override:/home/edrom-mini/edromufu/src/movement/Ros2_change/install/movement_functions/lib/python3.10/site-packages:/home/edrom-mini/edromufu/src/movement/Ros2_change/install/kinematic_functions/lib/python3.10/site-packages:${PYTHONPATH} /usr/bin/python3 -W ignore:setup.py install is deprecated setup.py egg_info --egg-base ../../build/movement_functions build --build-base /home/edrom-mini/edromufu/src/movement/Ros2_change/build/movement_functions/build install --record /home/edrom-mini/edromufu/src/movement/Ros2_change/build/movement_functions/install.log --single-version-externally-managed install_data
[4.488s] DEBUG:colcon.colcon_core.event_handler.log_command:Invoked command in '/home/edrom-mini/edromufu/src/movement/Ros2_change/build/movement_utils' returned '0': CMAKE_PREFIX_PATH=/opt/ros/humble /home/edrom-mini/.local/bin/cmake /home/edrom-mini/edromufu/src/movement/Ros2_change/src/movement_utils -DCMAKE_INSTALL_PREFIX=/home/edrom-mini/edromufu/src/movement/Ros2_change/install/movement_utils
[4.488s] DEBUG:colcon.colcon_core.event_handler.log_command:Invoking command in '/home/edrom-mini/edromufu/src/movement/Ros2_change/build/movement_utils': CMAKE_PREFIX_PATH=/opt/ros/humble /home/edrom-mini/.local/bin/cmake --build /home/edrom-mini/edromufu/src/movement/Ros2_change/build/movement_utils -- -j4 -l4
[4.526s] Level 1:colcon.colcon_core.environment:checking '/home/edrom-mini/edromufu/src/movement/Ros2_change/install/movement_functions' for CMake module files
[4.527s] Level 1:colcon.colcon_core.environment:checking '/home/edrom-mini/edromufu/src/movement/Ros2_change/install/movement_functions' for CMake config files
[4.528s] DEBUG:colcon.colcon_core.event_handler.log_command:Invoked command in '/home/edrom-mini/edromufu/src/movement/Ros2_change/src/movement_functions' returned '0': AMENT_PREFIX_PATH=/home/edrom-mini/edromufu/src/movement/Ros2_change/install/kinematic_functions:${AMENT_PREFIX_PATH} PYTHONPATH=/home/edrom-mini/edromufu/src/movement/Ros2_change/build/movement_functions/prefix_override:/home/edrom-mini/edromufu/src/movement/Ros2_change/install/movement_functions/lib/python3.10/site-packages:/home/edrom-mini/edromufu/src/movement/Ros2_change/install/kinematic_functions/lib/python3.10/site-packages:${PYTHONPATH} /usr/bin/python3 -W ignore:setup.py install is deprecated setup.py egg_info --egg-base ../../build/movement_functions build --build-base /home/edrom-mini/edromufu/src/movement/Ros2_change/build/movement_functions/build install --record /home/edrom-mini/edromufu/src/movement/Ros2_change/build/movement_functions/install.log --single-version-externally-managed install_data
[4.529s] Level 1:colcon.colcon_core.environment:checking '/home/edrom-mini/edromufu/src/movement/Ros2_change/install/movement_functions/lib'
[4.529s] Level 1:colcon.colcon_core.environment:checking '/home/edrom-mini/edromufu/src/movement/Ros2_change/install/movement_functions/bin'
[4.529s] Level 1:colcon.colcon_core.environment:checking '/home/edrom-mini/edromufu/src/movement/Ros2_change/install/movement_functions/lib/pkgconfig/movement_functions.pc'
[4.529s] Level 1:colcon.colcon_core.environment:checking '/home/edrom-mini/edromufu/src/movement/Ros2_change/install/movement_functions/lib/python3.10/site-packages'
[4.530s] Level 1:colcon.colcon_core.shell:create_environment_hook('movement_functions', 'pythonpath')
[4.530s] INFO:colcon.colcon_core.shell:Creating environment hook '/home/edrom-mini/edromufu/src/movement/Ros2_change/install/movement_functions/share/movement_functions/hook/pythonpath.ps1'
[4.531s] INFO:colcon.colcon_core.shell:Creating environment descriptor '/home/edrom-mini/edromufu/src/movement/Ros2_change/install/movement_functions/share/movement_functions/hook/pythonpath.dsv'
[4.531s] INFO:colcon.colcon_core.shell:Creating environment hook '/home/edrom-mini/edromufu/src/movement/Ros2_change/install/movement_functions/share/movement_functions/hook/pythonpath.sh'
[4.532s] Level 1:colcon.colcon_core.environment:checking '/home/edrom-mini/edromufu/src/movement/Ros2_change/install/movement_functions/bin'
[4.532s] Level 1:colcon.colcon_core.environment:create_environment_scripts_only(movement_functions)
[4.533s] INFO:colcon.colcon_core.shell:Creating package script '/home/edrom-mini/edromufu/src/movement/Ros2_change/install/movement_functions/share/movement_functions/package.ps1'
[4.534s] INFO:colcon.colcon_core.shell:Creating package descriptor '/home/edrom-mini/edromufu/src/movement/Ros2_change/install/movement_functions/share/movement_functions/package.dsv'
[4.535s] INFO:colcon.colcon_core.shell:Creating package script '/home/edrom-mini/edromufu/src/movement/Ros2_change/install/movement_functions/share/movement_functions/package.sh'
[4.535s] INFO:colcon.colcon_core.shell:Creating package script '/home/edrom-mini/edromufu/src/movement/Ros2_change/install/movement_functions/share/movement_functions/package.bash'
[4.536s] INFO:colcon.colcon_core.shell:Creating package script '/home/edrom-mini/edromufu/src/movement/Ros2_change/install/movement_functions/share/movement_functions/package.zsh'
[4.536s] Level 1:colcon.colcon_core.environment:create_file_with_runtime_dependencies(/home/edrom-mini/edromufu/src/movement/Ros2_change/install/movement_functions/share/colcon-core/packages/movement_functions)
[4.581s] DEBUG:colcon.colcon_core.event_handler.log_command:Invoked command in '/home/edrom-mini/edromufu/src/movement/Ros2_change/build/urdf_robox' returned '0': CMAKE_PREFIX_PATH=/opt/ros/humble /home/edrom-mini/.local/bin/cmake /home/edrom-mini/edromufu/src/movement/Ros2_change/src/urdf_robox -DCMAKE_INSTALL_PREFIX=/home/edrom-mini/edromufu/src/movement/Ros2_change/install/urdf_robox
[4.582s] DEBUG:colcon.colcon_core.event_handler.log_command:Invoking command in '/home/edrom-mini/edromufu/src/movement/Ros2_change/build/urdf_robox': CMAKE_PREFIX_PATH=/opt/ros/humble /home/edrom-mini/.local/bin/cmake --build /home/edrom-mini/edromufu/src/movement/Ros2_change/build/urdf_robox -- -j4 -l4
[4.602s] DEBUG:colcon.colcon_core.event_handler.log_command:Invoked command in '/home/edrom-mini/edromufu/src/movement/Ros2_change/build/urdf_example' returned '0': CMAKE_PREFIX_PATH=/opt/ros/humble /home/edrom-mini/.local/bin/cmake /home/edrom-mini/edromufu/src/movement/Ros2_change/src/urdf_example -DCMAKE_INSTALL_PREFIX=/home/edrom-mini/edromufu/src/movement/Ros2_change/install/urdf_example
[4.603s] DEBUG:colcon.colcon_core.event_handler.log_command:Invoking command in '/home/edrom-mini/edromufu/src/movement/Ros2_change/build/urdf_example': CMAKE_PREFIX_PATH=/opt/ros/humble /home/edrom-mini/.local/bin/cmake --build /home/edrom-mini/edromufu/src/movement/Ros2_change/build/urdf_example -- -j4 -l4
[4.758s] DEBUG:colcon.colcon_core.event_handler.log_command:Invoked command in '/home/edrom-mini/edromufu/src/movement/Ros2_change/build/urdf_robox' returned '0': CMAKE_PREFIX_PATH=/opt/ros/humble /home/edrom-mini/.local/bin/cmake --build /home/edrom-mini/edromufu/src/movement/Ros2_change/build/urdf_robox -- -j4 -l4
[4.770s] DEBUG:colcon.colcon_core.event_handler.log_command:Invoked command in '/home/edrom-mini/edromufu/src/movement/Ros2_change/build/urdf_example' returned '0': CMAKE_PREFIX_PATH=/opt/ros/humble /home/edrom-mini/.local/bin/cmake --build /home/edrom-mini/edromufu/src/movement/Ros2_change/build/urdf_example -- -j4 -l4
[4.956s] DEBUG:colcon.colcon_core.event_handler.log_command:Invoking command in '/home/edrom-mini/edromufu/src/movement/Ros2_change/build/urdf_robox': CMAKE_PREFIX_PATH=/opt/ros/humble /home/edrom-mini/.local/bin/cmake --install /home/edrom-mini/edromufu/src/movement/Ros2_change/build/urdf_robox
[4.961s] DEBUG:colcon.colcon_core.event_handler.log_command:Invoking command in '/home/edrom-mini/edromufu/src/movement/Ros2_change/build/urdf_example': CMAKE_PREFIX_PATH=/opt/ros/humble /home/edrom-mini/.local/bin/cmake --install /home/edrom-mini/edromufu/src/movement/Ros2_change/build/urdf_example
[5.141s] Level 1:colcon.colcon_core.environment:create_environment_scripts_only(urdf_example)
[5.141s] Level 1:colcon.colcon_core.environment:checking '/home/edrom-mini/edromufu/src/movement/Ros2_change/install/urdf_example' for CMake module files
[5.142s] DEBUG:colcon.colcon_core.event_handler.log_command:Invoked command in '/home/edrom-mini/edromufu/src/movement/Ros2_change/build/urdf_example' returned '0': CMAKE_PREFIX_PATH=/opt/ros/humble /home/edrom-mini/.local/bin/cmake --install /home/edrom-mini/edromufu/src/movement/Ros2_change/build/urdf_example
[5.142s] Level 1:colcon.colcon_core.environment:checking '/home/edrom-mini/edromufu/src/movement/Ros2_change/install/urdf_example' for CMake config files
[5.143s] Level 1:colcon.colcon_core.shell:create_environment_hook('urdf_example', 'cmake_prefix_path')
[5.143s] INFO:colcon.colcon_core.shell:Creating environment hook '/home/edrom-mini/edromufu/src/movement/Ros2_change/install/urdf_example/share/urdf_example/hook/cmake_prefix_path.ps1'
[5.144s] INFO:colcon.colcon_core.shell:Creating environment descriptor '/home/edrom-mini/edromufu/src/movement/Ros2_change/install/urdf_example/share/urdf_example/hook/cmake_prefix_path.dsv'
[5.144s] INFO:colcon.colcon_core.shell:Creating environment hook '/home/edrom-mini/edromufu/src/movement/Ros2_change/install/urdf_example/share/urdf_example/hook/cmake_prefix_path.sh'
[5.145s] Level 1:colcon.colcon_core.environment:checking '/home/edrom-mini/edromufu/src/movement/Ros2_change/install/urdf_example/bin'
[5.145s] Level 1:colcon.colcon_core.environment:checking '/home/edrom-mini/edromufu/src/movement/Ros2_change/install/urdf_example/lib/pkgconfig/urdf_example.pc'
[5.145s] Level 1:colcon.colcon_core.environment:checking '/home/edrom-mini/edromufu/src/movement/Ros2_change/install/urdf_example/lib/python3.10/site-packages'
[5.145s] Level 1:colcon.colcon_core.environment:checking '/home/edrom-mini/edromufu/src/movement/Ros2_change/install/urdf_example/bin'
[5.146s] INFO:colcon.colcon_core.shell:Creating package script '/home/edrom-mini/edromufu/src/movement/Ros2_change/install/urdf_example/share/urdf_example/package.ps1'
[5.146s] INFO:colcon.colcon_core.shell:Creating package descriptor '/home/edrom-mini/edromufu/src/movement/Ros2_change/install/urdf_example/share/urdf_example/package.dsv'
[5.147s] INFO:colcon.colcon_core.shell:Creating package script '/home/edrom-mini/edromufu/src/movement/Ros2_change/install/urdf_example/share/urdf_example/package.sh'
[5.147s] INFO:colcon.colcon_core.shell:Creating package script '/home/edrom-mini/edromufu/src/movement/Ros2_change/install/urdf_example/share/urdf_example/package.bash'
[5.148s] INFO:colcon.colcon_core.shell:Creating package script '/home/edrom-mini/edromufu/src/movement/Ros2_change/install/urdf_example/share/urdf_example/package.zsh'
[5.148s] Level 1:colcon.colcon_core.environment:create_file_with_runtime_dependencies(/home/edrom-mini/edromufu/src/movement/Ros2_change/install/urdf_example/share/colcon-core/packages/urdf_example)
[5.149s] Level 1:colcon.colcon_core.environment:create_environment_scripts_only(urdf_robox)
[5.150s] Level 1:colcon.colcon_core.environment:checking '/home/edrom-mini/edromufu/src/movement/Ros2_change/install/urdf_robox' for CMake module files
[5.151s] Level 1:colcon.colcon_core.environment:checking '/home/edrom-mini/edromufu/src/movement/Ros2_change/install/urdf_robox' for CMake config files
[5.151s] Level 1:colcon.colcon_core.shell:create_environment_hook('urdf_robox', 'cmake_prefix_path')
[5.151s] INFO:colcon.colcon_core.shell:Creating environment hook '/home/edrom-mini/edromufu/src/movement/Ros2_change/install/urdf_robox/share/urdf_robox/hook/cmake_prefix_path.ps1'
[5.152s] DEBUG:colcon.colcon_core.event_handler.log_command:Invoked command in '/home/edrom-mini/edromufu/src/movement/Ros2_change/build/urdf_robox' returned '0': CMAKE_PREFIX_PATH=/opt/ros/humble /home/edrom-mini/.local/bin/cmake --install /home/edrom-mini/edromufu/src/movement/Ros2_change/build/urdf_robox
[5.153s] INFO:colcon.colcon_core.shell:Creating environment descriptor '/home/edrom-mini/edromufu/src/movement/Ros2_change/install/urdf_robox/share/urdf_robox/hook/cmake_prefix_path.dsv'
[5.153s] INFO:colcon.colcon_core.shell:Creating environment hook '/home/edrom-mini/edromufu/src/movement/Ros2_change/install/urdf_robox/share/urdf_robox/hook/cmake_prefix_path.sh'
[5.154s] Level 1:colcon.colcon_core.environment:checking '/home/edrom-mini/edromufu/src/movement/Ros2_change/install/urdf_robox/bin'
[5.154s] Level 1:colcon.colcon_core.environment:checking '/home/edrom-mini/edromufu/src/movement/Ros2_change/install/urdf_robox/lib/pkgconfig/urdf_robox.pc'
[5.154s] Level 1:colcon.colcon_core.environment:checking '/home/edrom-mini/edromufu/src/movement/Ros2_change/install/urdf_robox/lib/python3.10/site-packages'
[5.154s] Level 1:colcon.colcon_core.environment:checking '/home/edrom-mini/edromufu/src/movement/Ros2_change/install/urdf_robox/bin'
[5.155s] INFO:colcon.colcon_core.shell:Creating package script '/home/edrom-mini/edromufu/src/movement/Ros2_change/install/urdf_robox/share/urdf_robox/package.ps1'
[5.156s] INFO:colcon.colcon_core.shell:Creating package descriptor '/home/edrom-mini/edromufu/src/movement/Ros2_change/install/urdf_robox/share/urdf_robox/package.dsv'
[5.156s] INFO:colcon.colcon_core.shell:Creating package script '/home/edrom-mini/edromufu/src/movement/Ros2_change/install/urdf_robox/share/urdf_robox/package.sh'
[5.157s] INFO:colcon.colcon_core.shell:Creating package script '/home/edrom-mini/edromufu/src/movement/Ros2_change/install/urdf_robox/share/urdf_robox/package.bash'
[5.157s] INFO:colcon.colcon_core.shell:Creating package script '/home/edrom-mini/edromufu/src/movement/Ros2_change/install/urdf_robox/share/urdf_robox/package.zsh'
[5.157s] Level 1:colcon.colcon_core.environment:create_file_with_runtime_dependencies(/home/edrom-mini/edromufu/src/movement/Ros2_change/install/urdf_robox/share/colcon-core/packages/urdf_robox)
[5.295s] Level 1:colcon.colcon_core.environment:create_environment_scripts_only(urdf_example)
[5.295s] Level 1:colcon.colcon_core.environment:checking '/home/edrom-mini/edromufu/src/movement/Ros2_change/install/urdf_example' for CMake module files
[5.296s] Level 1:colcon.colcon_core.environment:checking '/home/edrom-mini/edromufu/src/movement/Ros2_change/install/urdf_example' for CMake config files
[5.296s] Level 1:colcon.colcon_core.shell:create_environment_hook('urdf_example', 'cmake_prefix_path')
[5.297s] INFO:colcon.colcon_core.shell:Creating environment hook '/home/edrom-mini/edromufu/src/movement/Ros2_change/install/urdf_example/share/urdf_example/hook/cmake_prefix_path.ps1'
[5.297s] INFO:colcon.colcon_core.shell:Creating environment descriptor '/home/edrom-mini/edromufu/src/movement/Ros2_change/install/urdf_example/share/urdf_example/hook/cmake_prefix_path.dsv'
[5.298s] INFO:colcon.colcon_core.shell:Creating environment hook '/home/edrom-mini/edromufu/src/movement/Ros2_change/install/urdf_example/share/urdf_example/hook/cmake_prefix_path.sh'
[5.299s] Level 1:colcon.colcon_core.environment:checking '/home/edrom-mini/edromufu/src/movement/Ros2_change/install/urdf_example/bin'
[5.299s] Level 1:colcon.colcon_core.environment:checking '/home/edrom-mini/edromufu/src/movement/Ros2_change/install/urdf_example/lib/pkgconfig/urdf_example.pc'
[5.299s] Level 1:colcon.colcon_core.environment:checking '/home/edrom-mini/edromufu/src/movement/Ros2_change/install/urdf_example/lib/python3.10/site-packages'
[5.300s] Level 1:colcon.colcon_core.environment:checking '/home/edrom-mini/edromufu/src/movement/Ros2_change/install/urdf_example/bin'
[5.300s] INFO:colcon.colcon_core.shell:Creating package script '/home/edrom-mini/edromufu/src/movement/Ros2_change/install/urdf_example/share/urdf_example/package.ps1'
[5.301s] INFO:colcon.colcon_core.shell:Creating package descriptor '/home/edrom-mini/edromufu/src/movement/Ros2_change/install/urdf_example/share/urdf_example/package.dsv'
[5.302s] INFO:colcon.colcon_core.shell:Creating package script '/home/edrom-mini/edromufu/src/movement/Ros2_change/install/urdf_example/share/urdf_example/package.sh'
[5.302s] INFO:colcon.colcon_core.shell:Creating package script '/home/edrom-mini/edromufu/src/movement/Ros2_change/install/urdf_example/share/urdf_example/package.bash'
[5.303s] INFO:colcon.colcon_core.shell:Creating package script '/home/edrom-mini/edromufu/src/movement/Ros2_change/install/urdf_example/share/urdf_example/package.zsh'
[5.303s] Level 1:colcon.colcon_core.environment:create_file_with_runtime_dependencies(/home/edrom-mini/edromufu/src/movement/Ros2_change/install/urdf_example/share/colcon-core/packages/urdf_example)
[5.305s] Level 1:colcon.colcon_core.environment:create_environment_scripts_only(urdf_robox)
[5.305s] Level 1:colcon.colcon_core.environment:checking '/home/edrom-mini/edromufu/src/movement/Ros2_change/install/urdf_robox' for CMake module files
[5.306s] Level 1:colcon.colcon_core.environment:checking '/home/edrom-mini/edromufu/src/movement/Ros2_change/install/urdf_robox' for CMake config files
[5.306s] Level 1:colcon.colcon_core.shell:create_environment_hook('urdf_robox', 'cmake_prefix_path')
[5.307s] INFO:colcon.colcon_core.shell:Creating environment hook '/home/edrom-mini/edromufu/src/movement/Ros2_change/install/urdf_robox/share/urdf_robox/hook/cmake_prefix_path.ps1'
[5.307s] INFO:colcon.colcon_core.shell:Creating environment descriptor '/home/edrom-mini/edromufu/src/movement/Ros2_change/install/urdf_robox/share/urdf_robox/hook/cmake_prefix_path.dsv'
[5.307s] INFO:colcon.colcon_core.shell:Creating environment hook '/home/edrom-mini/edromufu/src/movement/Ros2_change/install/urdf_robox/share/urdf_robox/hook/cmake_prefix_path.sh'
[5.308s] Level 1:colcon.colcon_core.environment:checking '/home/edrom-mini/edromufu/src/movement/Ros2_change/install/urdf_robox/bin'
[5.308s] Level 1:colcon.colcon_core.environment:checking '/home/edrom-mini/edromufu/src/movement/Ros2_change/install/urdf_robox/lib/pkgconfig/urdf_robox.pc'
[5.309s] Level 1:colcon.colcon_core.environment:checking '/home/edrom-mini/edromufu/src/movement/Ros2_change/install/urdf_robox/lib/python3.10/site-packages'
[5.309s] Level 1:colcon.colcon_core.environment:checking '/home/edrom-mini/edromufu/src/movement/Ros2_change/install/urdf_robox/bin'
[5.309s] INFO:colcon.colcon_core.shell:Creating package script '/home/edrom-mini/edromufu/src/movement/Ros2_change/install/urdf_robox/share/urdf_robox/package.ps1'
[5.310s] INFO:colcon.colcon_core.shell:Creating package descriptor '/home/edrom-mini/edromufu/src/movement/Ros2_change/install/urdf_robox/share/urdf_robox/package.dsv'
[5.310s] INFO:colcon.colcon_core.shell:Creating package script '/home/edrom-mini/edromufu/src/movement/Ros2_change/install/urdf_robox/share/urdf_robox/package.sh'
[5.311s] INFO:colcon.colcon_core.shell:Creating package script '/home/edrom-mini/edromufu/src/movement/Ros2_change/install/urdf_robox/share/urdf_robox/package.bash'
[5.312s] INFO:colcon.colcon_core.shell:Creating package script '/home/edrom-mini/edromufu/src/movement/Ros2_change/install/urdf_robox/share/urdf_robox/package.zsh'
[5.312s] Level 1:colcon.colcon_core.environment:create_file_with_runtime_dependencies(/home/edrom-mini/edromufu/src/movement/Ros2_change/install/urdf_robox/share/colcon-core/packages/urdf_robox)
[14.123s] DEBUG:colcon.colcon_core.event_handler.log_command:Invoked command in '/home/edrom-mini/edromufu/src/movement/Ros2_change/build/movement_utils' returned '0': CMAKE_PREFIX_PATH=/opt/ros/humble /home/edrom-mini/.local/bin/cmake --build /home/edrom-mini/edromufu/src/movement/Ros2_change/build/movement_utils -- -j4 -l4
[14.385s] DEBUG:colcon.colcon_core.event_handler.log_command:Invoking command in '/home/edrom-mini/edromufu/src/movement/Ros2_change/build/movement_utils': CMAKE_PREFIX_PATH=/opt/ros/humble /home/edrom-mini/.local/bin/cmake --install /home/edrom-mini/edromufu/src/movement/Ros2_change/build/movement_utils
[14.557s] Level 1:colcon.colcon_core.environment:create_environment_scripts_only(movement_utils)
[14.557s] Level 1:colcon.colcon_core.environment:checking '/home/edrom-mini/edromufu/src/movement/Ros2_change/install/movement_utils' for CMake module files
[14.558s] DEBUG:colcon.colcon_core.event_handler.log_command:Invoked command in '/home/edrom-mini/edromufu/src/movement/Ros2_change/build/movement_utils' returned '0': CMAKE_PREFIX_PATH=/opt/ros/humble /home/edrom-mini/.local/bin/cmake --install /home/edrom-mini/edromufu/src/movement/Ros2_change/build/movement_utils
[14.558s] Level 1:colcon.colcon_core.environment:checking '/home/edrom-mini/edromufu/src/movement/Ros2_change/install/movement_utils' for CMake config files
[14.559s] Level 1:colcon.colcon_core.shell:create_environment_hook('movement_utils', 'cmake_prefix_path')
[14.560s] INFO:colcon.colcon_core.shell:Creating environment hook '/home/edrom-mini/edromufu/src/movement/Ros2_change/install/movement_utils/share/movement_utils/hook/cmake_prefix_path.ps1'
[14.560s] INFO:colcon.colcon_core.shell:Creating environment descriptor '/home/edrom-mini/edromufu/src/movement/Ros2_change/install/movement_utils/share/movement_utils/hook/cmake_prefix_path.dsv'
[14.560s] INFO:colcon.colcon_core.shell:Creating environment hook '/home/edrom-mini/edromufu/src/movement/Ros2_change/install/movement_utils/share/movement_utils/hook/cmake_prefix_path.sh'
[14.561s] Level 1:colcon.colcon_core.environment:checking '/home/edrom-mini/edromufu/src/movement/Ros2_change/install/movement_utils/lib'
[14.561s] Level 1:colcon.colcon_core.shell:create_environment_hook('movement_utils', 'ld_library_path_lib')
[14.561s] INFO:colcon.colcon_core.shell:Creating environment hook '/home/edrom-mini/edromufu/src/movement/Ros2_change/install/movement_utils/share/movement_utils/hook/ld_library_path_lib.ps1'
[14.562s] INFO:colcon.colcon_core.shell:Creating environment descriptor '/home/edrom-mini/edromufu/src/movement/Ros2_change/install/movement_utils/share/movement_utils/hook/ld_library_path_lib.dsv'
[14.562s] INFO:colcon.colcon_core.shell:Creating environment hook '/home/edrom-mini/edromufu/src/movement/Ros2_change/install/movement_utils/share/movement_utils/hook/ld_library_path_lib.sh'
[14.562s] Level 1:colcon.colcon_core.environment:checking '/home/edrom-mini/edromufu/src/movement/Ros2_change/install/movement_utils/bin'
[14.562s] Level 1:colcon.colcon_core.environment:checking '/home/edrom-mini/edromufu/src/movement/Ros2_change/install/movement_utils/lib/pkgconfig/movement_utils.pc'
[14.563s] Level 1:colcon.colcon_core.environment:checking '/home/edrom-mini/edromufu/src/movement/Ros2_change/install/movement_utils/lib/python3.10/site-packages'
[14.563s] Level 1:colcon.colcon_core.environment:checking '/home/edrom-mini/edromufu/src/movement/Ros2_change/install/movement_utils/bin'
[14.563s] INFO:colcon.colcon_core.shell:Creating package script '/home/edrom-mini/edromufu/src/movement/Ros2_change/install/movement_utils/share/movement_utils/package.ps1'
[14.564s] INFO:colcon.colcon_core.shell:Creating package descriptor '/home/edrom-mini/edromufu/src/movement/Ros2_change/install/movement_utils/share/movement_utils/package.dsv'
[14.564s] INFO:colcon.colcon_core.shell:Creating package script '/home/edrom-mini/edromufu/src/movement/Ros2_change/install/movement_utils/share/movement_utils/package.sh'
[14.565s] INFO:colcon.colcon_core.shell:Creating package script '/home/edrom-mini/edromufu/src/movement/Ros2_change/install/movement_utils/share/movement_utils/package.bash'
[14.565s] INFO:colcon.colcon_core.shell:Creating package script '/home/edrom-mini/edromufu/src/movement/Ros2_change/install/movement_utils/share/movement_utils/package.zsh'
[14.565s] Level 1:colcon.colcon_core.environment:create_file_with_runtime_dependencies(/home/edrom-mini/edromufu/src/movement/Ros2_change/install/movement_utils/share/colcon-core/packages/movement_utils)
[14.856s] Level 1:colcon.colcon_core.environment:create_environment_scripts_only(movement_utils)
[14.856s] Level 1:colcon.colcon_core.environment:checking '/home/edrom-mini/edromufu/src/movement/Ros2_change/install/movement_utils' for CMake module files
[14.857s] Level 1:colcon.colcon_core.environment:checking '/home/edrom-mini/edromufu/src/movement/Ros2_change/install/movement_utils' for CMake config files
[14.858s] Level 1:colcon.colcon_core.shell:create_environment_hook('movement_utils', 'cmake_prefix_path')
[14.858s] INFO:colcon.colcon_core.shell:Creating environment hook '/home/edrom-mini/edromufu/src/movement/Ros2_change/install/movement_utils/share/movement_utils/hook/cmake_prefix_path.ps1'
[14.859s] INFO:colcon.colcon_core.shell:Creating environment descriptor '/home/edrom-mini/edromufu/src/movement/Ros2_change/install/movement_utils/share/movement_utils/hook/cmake_prefix_path.dsv'
[14.859s] INFO:colcon.colcon_core.shell:Creating environment hook '/home/edrom-mini/edromufu/src/movement/Ros2_change/install/movement_utils/share/movement_utils/hook/cmake_prefix_path.sh'
[14.859s] Level 1:colcon.colcon_core.environment:checking '/home/edrom-mini/edromufu/src/movement/Ros2_change/install/movement_utils/lib'
[14.860s] Level 1:colcon.colcon_core.shell:create_environment_hook('movement_utils', 'ld_library_path_lib')
[14.860s] INFO:colcon.colcon_core.shell:Creating environment hook '/home/edrom-mini/edromufu/src/movement/Ros2_change/install/movement_utils/share/movement_utils/hook/ld_library_path_lib.ps1'
[14.860s] INFO:colcon.colcon_core.shell:Creating environment descriptor '/home/edrom-mini/edromufu/src/movement/Ros2_change/install/movement_utils/share/movement_utils/hook/ld_library_path_lib.dsv'
[14.860s] INFO:colcon.colcon_core.shell:Creating environment hook '/home/edrom-mini/edromufu/src/movement/Ros2_change/install/movement_utils/share/movement_utils/hook/ld_library_path_lib.sh'
[14.861s] Level 1:colcon.colcon_core.environment:checking '/home/edrom-mini/edromufu/src/movement/Ros2_change/install/movement_utils/bin'
[14.861s] Level 1:colcon.colcon_core.environment:checking '/home/edrom-mini/edromufu/src/movement/Ros2_change/install/movement_utils/lib/pkgconfig/movement_utils.pc'
[14.861s] Level 1:colcon.colcon_core.environment:checking '/home/edrom-mini/edromufu/src/movement/Ros2_change/install/movement_utils/lib/python3.10/site-packages'
[14.861s] Level 1:colcon.colcon_core.environment:checking '/home/edrom-mini/edromufu/src/movement/Ros2_change/install/movement_utils/bin'
[14.861s] INFO:colcon.colcon_core.shell:Creating package script '/home/edrom-mini/edromufu/src/movement/Ros2_change/install/movement_utils/share/movement_utils/package.ps1'
[14.862s] INFO:colcon.colcon_core.shell:Creating package descriptor '/home/edrom-mini/edromufu/src/movement/Ros2_change/install/movement_utils/share/movement_utils/package.dsv'
[14.863s] INFO:colcon.colcon_core.shell:Creating package script '/home/edrom-mini/edromufu/src/movement/Ros2_change/install/movement_utils/share/movement_utils/package.sh'
[14.863s] INFO:colcon.colcon_core.shell:Creating package script '/home/edrom-mini/edromufu/src/movement/Ros2_change/install/movement_utils/share/movement_utils/package.bash'
[14.863s] INFO:colcon.colcon_core.shell:Creating package script '/home/edrom-mini/edromufu/src/movement/Ros2_change/install/movement_utils/share/movement_utils/package.zsh'
[14.864s] Level 1:colcon.colcon_core.environment:create_file_with_runtime_dependencies(/home/edrom-mini/edromufu/src/movement/Ros2_change/install/movement_utils/share/colcon-core/packages/movement_utils)
[14.864s] INFO:colcon.colcon_ros.task.ament_python.build:Building ROS package in '/home/edrom-mini/edromufu/src/movement/Ros2_change/src/movement_pages' with build type 'ament_python'
[14.864s] Level 1:colcon.colcon_core.shell:create_environment_hook('movement_pages', 'ament_prefix_path')
[14.865s] INFO:colcon.colcon_core.shell:Creating environment hook '/home/edrom-mini/edromufu/src/movement/Ros2_change/install/movement_pages/share/movement_pages/hook/ament_prefix_path.ps1'
[14.865s] INFO:colcon.colcon_core.shell:Creating environment descriptor '/home/edrom-mini/edromufu/src/movement/Ros2_change/install/movement_pages/share/movement_pages/hook/ament_prefix_path.dsv'
[14.866s] INFO:colcon.colcon_core.shell:Creating environment hook '/home/edrom-mini/edromufu/src/movement/Ros2_change/install/movement_pages/share/movement_pages/hook/ament_prefix_path.sh'
[14.866s] INFO:colcon.colcon_core.shell:Skip shell extension 'powershell' for command environment: Not usable outside of PowerShell
[14.866s] DEBUG:colcon.colcon_core.shell:Skip shell extension 'dsv' for command environment
[14.869s] INFO:colcon.colcon_ros.task.ament_python.build:Building ROS package in '/home/edrom-mini/edromufu/src/movement/Ros2_change/src/u2d2_comm' with build type 'ament_python'
[14.869s] Level 1:colcon.colcon_core.shell:create_environment_hook('u2d2_comm', 'ament_prefix_path')
[14.869s] INFO:colcon.colcon_core.shell:Creating environment hook '/home/edrom-mini/edromufu/src/movement/Ros2_change/install/u2d2_comm/share/u2d2_comm/hook/ament_prefix_path.ps1'
[14.870s] INFO:colcon.colcon_core.shell:Creating environment descriptor '/home/edrom-mini/edromufu/src/movement/Ros2_change/install/u2d2_comm/share/u2d2_comm/hook/ament_prefix_path.dsv'
[14.870s] INFO:colcon.colcon_core.shell:Creating environment hook '/home/edrom-mini/edromufu/src/movement/Ros2_change/install/u2d2_comm/share/u2d2_comm/hook/ament_prefix_path.sh'
[14.871s] INFO:colcon.colcon_core.shell:Skip shell extension 'powershell' for command environment: Not usable outside of PowerShell
[14.871s] DEBUG:colcon.colcon_core.shell:Skip shell extension 'dsv' for command environment
[15.115s] INFO:colcon.colcon_core.task.python.build:Building Python package in '/home/edrom-mini/edromufu/src/movement/Ros2_change/src/movement_pages'
[15.116s] INFO:colcon.colcon_core.shell:Skip shell extension 'powershell' for command environment: Not usable outside of PowerShell
[15.116s] DEBUG:colcon.colcon_core.shell:Skip shell extension 'dsv' for command environment
[15.357s] INFO:colcon.colcon_core.task.python.build:Building Python package in '/home/edrom-mini/edromufu/src/movement/Ros2_change/src/u2d2_comm'
[15.358s] INFO:colcon.colcon_core.shell:Skip shell extension 'powershell' for command environment: Not usable outside of PowerShell
[15.358s] DEBUG:colcon.colcon_core.shell:Skip shell extension 'dsv' for command environment
[15.712s] DEBUG:colcon.colcon_core.event_handler.log_command:Invoking command in '/home/edrom-mini/edromufu/src/movement/Ros2_change/src/u2d2_comm': AMENT_PREFIX_PATH=/home/edrom-mini/edromufu/src/movement/Ros2_change/install/movement_utils:${AMENT_PREFIX_PATH} CMAKE_PREFIX_PATH=/home/edrom-mini/edromufu/src/movement/Ros2_change/install/movement_utils LD_LIBRARY_PATH=/home/edrom-mini/edromufu/src/movement/Ros2_change/install/movement_utils/lib:${LD_LIBRARY_PATH} PYTHONPATH=/home/edrom-mini/edromufu/src/movement/Ros2_change/build/u2d2_comm/prefix_override:/home/edrom-mini/edromufu/src/movement/Ros2_change/install/u2d2_comm/lib/python3.10/site-packages:/home/edrom-mini/edromufu/src/movement/Ros2_change/install/movement_utils/local/lib/python3.10/dist-packages:${PYTHONPATH} /usr/bin/python3 -W ignore:setup.py install is deprecated setup.py egg_info --egg-base ../../build/u2d2_comm build --build-base /home/edrom-mini/edromufu/src/movement/Ros2_change/build/u2d2_comm/build install --record /home/edrom-mini/edromufu/src/movement/Ros2_change/build/u2d2_comm/install.log --single-version-externally-managed install_data
[15.713s] DEBUG:colcon.colcon_core.event_handler.log_command:Invoking command in '/home/edrom-mini/edromufu/src/movement/Ros2_change/src/movement_pages': AMENT_PREFIX_PATH=/home/edrom-mini/edromufu/src/movement/Ros2_change/install/movement_utils:${AMENT_PREFIX_PATH} CMAKE_PREFIX_PATH=/home/edrom-mini/edromufu/src/movement/Ros2_change/install/movement_utils LD_LIBRARY_PATH=/home/edrom-mini/edromufu/src/movement/Ros2_change/install/movement_utils/lib:${LD_LIBRARY_PATH} PYTHONPATH=/home/edrom-mini/edromufu/src/movement/Ros2_change/build/movement_pages/prefix_override:/home/edrom-mini/edromufu/src/movement/Ros2_change/install/movement_pages/lib/python3.10/site-packages:/home/edrom-mini/edromufu/src/movement/Ros2_change/install/movement_utils/local/lib/python3.10/dist-packages:${PYTHONPATH} /usr/bin/python3 -W ignore:setup.py install is deprecated setup.py egg_info --egg-base ../../build/movement_pages build --build-base /home/edrom-mini/edromufu/src/movement/Ros2_change/build/movement_pages/build install --record /home/edrom-mini/edromufu/src/movement/Ros2_change/build/movement_pages/install.log --single-version-externally-managed install_data
[16.033s] Level 1:colcon.colcon_core.environment:checking '/home/edrom-mini/edromufu/src/movement/Ros2_change/install/u2d2_comm' for CMake module files
[16.034s] DEBUG:colcon.colcon_core.event_handler.log_command:Invoked command in '/home/edrom-mini/edromufu/src/movement/Ros2_change/src/u2d2_comm' returned '0': AMENT_PREFIX_PATH=/home/edrom-mini/edromufu/src/movement/Ros2_change/install/movement_utils:${AMENT_PREFIX_PATH} CMAKE_PREFIX_PATH=/home/edrom-mini/edromufu/src/movement/Ros2_change/install/movement_utils LD_LIBRARY_PATH=/home/edrom-mini/edromufu/src/movement/Ros2_change/install/movement_utils/lib:${LD_LIBRARY_PATH} PYTHONPATH=/home/edrom-mini/edromufu/src/movement/Ros2_change/build/u2d2_comm/prefix_override:/home/edrom-mini/edromufu/src/movement/Ros2_change/install/u2d2_comm/lib/python3.10/site-packages:/home/edrom-mini/edromufu/src/movement/Ros2_change/install/movement_utils/local/lib/python3.10/dist-packages:${PYTHONPATH} /usr/bin/python3 -W ignore:setup.py install is deprecated setup.py egg_info --egg-base ../../build/u2d2_comm build --build-base /home/edrom-mini/edromufu/src/movement/Ros2_change/build/u2d2_comm/build install --record /home/edrom-mini/edromufu/src/movement/Ros2_change/build/u2d2_comm/install.log --single-version-externally-managed install_data
[16.034s] Level 1:colcon.colcon_core.environment:checking '/home/edrom-mini/edromufu/src/movement/Ros2_change/install/u2d2_comm' for CMake config files
[16.035s] Level 1:colcon.colcon_core.environment:checking '/home/edrom-mini/edromufu/src/movement/Ros2_change/install/u2d2_comm/lib'
[16.035s] Level 1:colcon.colcon_core.environment:checking '/home/edrom-mini/edromufu/src/movement/Ros2_change/install/u2d2_comm/bin'
[16.035s] Level 1:colcon.colcon_core.environment:checking '/home/edrom-mini/edromufu/src/movement/Ros2_change/install/u2d2_comm/lib/pkgconfig/u2d2_comm.pc'
[16.035s] Level 1:colcon.colcon_core.environment:checking '/home/edrom-mini/edromufu/src/movement/Ros2_change/install/u2d2_comm/lib/python3.10/site-packages'
[16.036s] Level 1:colcon.colcon_core.shell:create_environment_hook('u2d2_comm', 'pythonpath')
[16.036s] INFO:colcon.colcon_core.shell:Creating environment hook '/home/edrom-mini/edromufu/src/movement/Ros2_change/install/u2d2_comm/share/u2d2_comm/hook/pythonpath.ps1'
[16.036s] INFO:colcon.colcon_core.shell:Creating environment descriptor '/home/edrom-mini/edromufu/src/movement/Ros2_change/install/u2d2_comm/share/u2d2_comm/hook/pythonpath.dsv'
[16.037s] INFO:colcon.colcon_core.shell:Creating environment hook '/home/edrom-mini/edromufu/src/movement/Ros2_change/install/u2d2_comm/share/u2d2_comm/hook/pythonpath.sh'
[16.038s] Level 1:colcon.colcon_core.environment:checking '/home/edrom-mini/edromufu/src/movement/Ros2_change/install/u2d2_comm/bin'
[16.038s] Level 1:colcon.colcon_core.environment:create_environment_scripts_only(u2d2_comm)
[16.038s] INFO:colcon.colcon_core.shell:Creating package script '/home/edrom-mini/edromufu/src/movement/Ros2_change/install/u2d2_comm/share/u2d2_comm/package.ps1'
[16.039s] INFO:colcon.colcon_core.shell:Creating package descriptor '/home/edrom-mini/edromufu/src/movement/Ros2_change/install/u2d2_comm/share/u2d2_comm/package.dsv'
[16.039s] INFO:colcon.colcon_core.shell:Creating package script '/home/edrom-mini/edromufu/src/movement/Ros2_change/install/u2d2_comm/share/u2d2_comm/package.sh'
[16.040s] INFO:colcon.colcon_core.shell:Creating package script '/home/edrom-mini/edromufu/src/movement/Ros2_change/install/u2d2_comm/share/u2d2_comm/package.bash'
[16.040s] INFO:colcon.colcon_core.shell:Creating package script '/home/edrom-mini/edromufu/src/movement/Ros2_change/install/u2d2_comm/share/u2d2_comm/package.zsh'
[16.041s] Level 1:colcon.colcon_core.environment:create_file_with_runtime_dependencies(/home/edrom-mini/edromufu/src/movement/Ros2_change/install/u2d2_comm/share/colcon-core/packages/u2d2_comm)
[16.059s] Level 1:colcon.colcon_core.environment:checking '/home/edrom-mini/edromufu/src/movement/Ros2_change/install/movement_pages' for CMake module files
[16.060s] DEBUG:colcon.colcon_core.event_handler.log_command:Invoked command in '/home/edrom-mini/edromufu/src/movement/Ros2_change/src/movement_pages' returned '0': AMENT_PREFIX_PATH=/home/edrom-mini/edromufu/src/movement/Ros2_change/install/movement_utils:${AMENT_PREFIX_PATH} CMAKE_PREFIX_PATH=/home/edrom-mini/edromufu/src/movement/Ros2_change/install/movement_utils LD_LIBRARY_PATH=/home/edrom-mini/edromufu/src/movement/Ros2_change/install/movement_utils/lib:${LD_LIBRARY_PATH} PYTHONPATH=/home/edrom-mini/edromufu/src/movement/Ros2_change/build/movement_pages/prefix_override:/home/edrom-mini/edromufu/src/movement/Ros2_change/install/movement_pages/lib/python3.10/site-packages:/home/edrom-mini/edromufu/src/movement/Ros2_change/install/movement_utils/local/lib/python3.10/dist-packages:${PYTHONPATH} /usr/bin/python3 -W ignore:setup.py install is deprecated setup.py egg_info --egg-base ../../build/movement_pages build --build-base /home/edrom-mini/edromufu/src/movement/Ros2_change/build/movement_pages/build install --record /home/edrom-mini/edromufu/src/movement/Ros2_change/build/movement_pages/install.log --single-version-externally-managed install_data
[16.060s] Level 1:colcon.colcon_core.environment:checking '/home/edrom-mini/edromufu/src/movement/Ros2_change/install/movement_pages' for CMake config files
[16.061s] Level 1:colcon.colcon_core.environment:checking '/home/edrom-mini/edromufu/src/movement/Ros2_change/install/movement_pages/lib'
[16.061s] Level 1:colcon.colcon_core.environment:checking '/home/edrom-mini/edromufu/src/movement/Ros2_change/install/movement_pages/bin'
[16.061s] Level 1:colcon.colcon_core.environment:checking '/home/edrom-mini/edromufu/src/movement/Ros2_change/install/movement_pages/lib/pkgconfig/movement_pages.pc'
[16.062s] Level 1:colcon.colcon_core.environment:checking '/home/edrom-mini/edromufu/src/movement/Ros2_change/install/movement_pages/lib/python3.10/site-packages'
[16.062s] Level 1:colcon.colcon_core.shell:create_environment_hook('movement_pages', 'pythonpath')
[16.062s] INFO:colcon.colcon_core.shell:Creating environment hook '/home/edrom-mini/edromufu/src/movement/Ros2_change/install/movement_pages/share/movement_pages/hook/pythonpath.ps1'
[16.062s] INFO:colcon.colcon_core.shell:Creating environment descriptor '/home/edrom-mini/edromufu/src/movement/Ros2_change/install/movement_pages/share/movement_pages/hook/pythonpath.dsv'
[16.063s] INFO:colcon.colcon_core.shell:Creating environment hook '/home/edrom-mini/edromufu/src/movement/Ros2_change/install/movement_pages/share/movement_pages/hook/pythonpath.sh'
[16.063s] Level 1:colcon.colcon_core.environment:checking '/home/edrom-mini/edromufu/src/movement/Ros2_change/install/movement_pages/bin'
[16.063s] Level 1:colcon.colcon_core.environment:create_environment_scripts_only(movement_pages)
[16.064s] INFO:colcon.colcon_core.shell:Creating package script '/home/edrom-mini/edromufu/src/movement/Ros2_change/install/movement_pages/share/movement_pages/package.ps1'
[16.064s] INFO:colcon.colcon_core.shell:Creating package descriptor '/home/edrom-mini/edromufu/src/movement/Ros2_change/install/movement_pages/share/movement_pages/package.dsv'
[16.065s] INFO:colcon.colcon_core.shell:Creating package script '/home/edrom-mini/edromufu/src/movement/Ros2_change/install/movement_pages/share/movement_pages/package.sh'
[16.065s] INFO:colcon.colcon_core.shell:Creating package script '/home/edrom-mini/edromufu/src/movement/Ros2_change/install/movement_pages/share/movement_pages/package.bash'
[16.065s] INFO:colcon.colcon_core.shell:Creating package script '/home/edrom-mini/edromufu/src/movement/Ros2_change/install/movement_pages/share/movement_pages/package.zsh'
[16.066s] Level 1:colcon.colcon_core.environment:create_file_with_runtime_dependencies(/home/edrom-mini/edromufu/src/movement/Ros2_change/install/movement_pages/share/colcon-core/packages/movement_pages)
[16.066s] INFO:colcon.colcon_ros.task.ament_python.build:Building ROS package in '/home/edrom-mini/edromufu/src/movement/Ros2_change/src/movement_core' with build type 'ament_python'
[16.066s] Level 1:colcon.colcon_core.shell:create_environment_hook('movement_core', 'ament_prefix_path')
[16.067s] INFO:colcon.colcon_core.shell:Creating environment hook '/home/edrom-mini/edromufu/src/movement/Ros2_change/install/movement_core/share/movement_core/hook/ament_prefix_path.ps1'
[16.067s] INFO:colcon.colcon_core.shell:Creating environment descriptor '/home/edrom-mini/edromufu/src/movement/Ros2_change/install/movement_core/share/movement_core/hook/ament_prefix_path.dsv'
[16.068s] INFO:colcon.colcon_core.shell:Creating environment hook '/home/edrom-mini/edromufu/src/movement/Ros2_change/install/movement_core/share/movement_core/hook/ament_prefix_path.sh'
[16.068s] INFO:colcon.colcon_core.shell:Skip shell extension 'powershell' for command environment: Not usable outside of PowerShell
[16.068s] DEBUG:colcon.colcon_core.shell:Skip shell extension 'dsv' for command environment
[16.326s] INFO:colcon.colcon_core.task.python.build:Building Python package in '/home/edrom-mini/edromufu/src/movement/Ros2_change/src/movement_core'
[16.326s] INFO:colcon.colcon_core.shell:Skip shell extension 'powershell' for command environment: Not usable outside of PowerShell
[16.326s] DEBUG:colcon.colcon_core.shell:Skip shell extension 'dsv' for command environment
[16.649s] DEBUG:colcon.colcon_core.event_handler.log_command:Invoking command in '/home/edrom-mini/edromufu/src/movement/Ros2_change/src/movement_core': AMENT_PREFIX_PATH=/home/edrom-mini/edromufu/src/movement/Ros2_change/install/movement_pages:/home/edrom-mini/edromufu/src/movement/Ros2_change/install/movement_functions:/home/edrom-mini/edromufu/src/movement/Ros2_change/install/humanoid_definition:/home/edrom-mini/edromufu/src/movement/Ros2_change/install/movement_utils:/home/edrom-mini/edromufu/src/movement/Ros2_change/install/kinematic_functions:${AMENT_PREFIX_PATH} CMAKE_PREFIX_PATH=/home/edrom-mini/edromufu/src/movement/Ros2_change/install/movement_utils LD_LIBRARY_PATH=/home/edrom-mini/edromufu/src/movement/Ros2_change/install/movement_utils/lib:${LD_LIBRARY_PATH} PYTHONPATH=/home/edrom-mini/edromufu/src/movement/Ros2_change/build/movement_core/prefix_override:/home/edrom-mini/edromufu/src/movement/Ros2_change/install/movement_core/lib/python3.10/site-packages:/home/edrom-mini/edromufu/src/movement/Ros2_change/install/movement_pages/lib/python3.10/site-packages:/home/edrom-mini/edromufu/src/movement/Ros2_change/install/movement_functions/lib/python3.10/site-packages:/home/edrom-mini/edromufu/src/movement/Ros2_change/install/humanoid_definition/lib/python3.10/site-packages:/home/edrom-mini/edromufu/src/movement/Ros2_change/install/movement_utils/local/lib/python3.10/dist-packages:/home/edrom-mini/edromufu/src/movement/Ros2_change/install/kinematic_functions/lib/python3.10/site-packages:${PYTHONPATH} /usr/bin/python3 -W ignore:setup.py install is deprecated setup.py egg_info --egg-base ../../build/movement_core build --build-base /home/edrom-mini/edromufu/src/movement/Ros2_change/build/movement_core/build install --record /home/edrom-mini/edromufu/src/movement/Ros2_change/build/movement_core/install.log --single-version-externally-managed install_data
[16.937s] Level 1:colcon.colcon_core.environment:checking '/home/edrom-mini/edromufu/src/movement/Ros2_change/install/movement_core' for CMake module files
[16.938s] DEBUG:colcon.colcon_core.event_handler.log_command:Invoked command in '/home/edrom-mini/edromufu/src/movement/Ros2_change/src/movement_core' returned '0': AMENT_PREFIX_PATH=/home/edrom-mini/edromufu/src/movement/Ros2_change/install/movement_pages:/home/edrom-mini/edromufu/src/movement/Ros2_change/install/movement_functions:/home/edrom-mini/edromufu/src/movement/Ros2_change/install/humanoid_definition:/home/edrom-mini/edromufu/src/movement/Ros2_change/install/movement_utils:/home/edrom-mini/edromufu/src/movement/Ros2_change/install/kinematic_functions:${AMENT_PREFIX_PATH} CMAKE_PREFIX_PATH=/home/edrom-mini/edromufu/src/movement/Ros2_change/install/movement_utils LD_LIBRARY_PATH=/home/edrom-mini/edromufu/src/movement/Ros2_change/install/movement_utils/lib:${LD_LIBRARY_PATH} PYTHONPATH=/home/edrom-mini/edromufu/src/movement/Ros2_change/build/movement_core/prefix_override:/home/edrom-mini/edromufu/src/movement/Ros2_change/install/movement_core/lib/python3.10/site-packages:/home/edrom-mini/edromufu/src/movement/Ros2_change/install/movement_pages/lib/python3.10/site-packages:/home/edrom-mini/edromufu/src/movement/Ros2_change/install/movement_functions/lib/python3.10/site-packages:/home/edrom-mini/edromufu/src/movement/Ros2_change/install/humanoid_definition/lib/python3.10/site-packages:/home/edrom-mini/edromufu/src/movement/Ros2_change/install/movement_utils/local/lib/python3.10/dist-packages:/home/edrom-mini/edromufu/src/movement/Ros2_change/install/kinematic_functions/lib/python3.10/site-packages:${PYTHONPATH} /usr/bin/python3 -W ignore:setup.py install is deprecated setup.py egg_info --egg-base ../../build/movement_core build --build-base /home/edrom-mini/edromufu/src/movement/Ros2_change/build/movement_core/build install --record /home/edrom-mini/edromufu/src/movement/Ros2_change/build/movement_core/install.log --single-version-externally-managed install_data
[16.938s] Level 1:colcon.colcon_core.environment:checking '/home/edrom-mini/edromufu/src/movement/Ros2_change/install/movement_core' for CMake config files
[16.939s] Level 1:colcon.colcon_core.environment:checking '/home/edrom-mini/edromufu/src/movement/Ros2_change/install/movement_core/lib'
[16.939s] Level 1:colcon.colcon_core.environment:checking '/home/edrom-mini/edromufu/src/movement/Ros2_change/install/movement_core/bin'
[16.939s] Level 1:colcon.colcon_core.environment:checking '/home/edrom-mini/edromufu/src/movement/Ros2_change/install/movement_core/lib/pkgconfig/movement_core.pc'
[16.939s] Level 1:colcon.colcon_core.environment:checking '/home/edrom-mini/edromufu/src/movement/Ros2_change/install/movement_core/lib/python3.10/site-packages'
[16.939s] Level 1:colcon.colcon_core.shell:create_environment_hook('movement_core', 'pythonpath')
[16.939s] INFO:colcon.colcon_core.shell:Creating environment hook '/home/edrom-mini/edromufu/src/movement/Ros2_change/install/movement_core/share/movement_core/hook/pythonpath.ps1'
[16.940s] INFO:colcon.colcon_core.shell:Creating environment descriptor '/home/edrom-mini/edromufu/src/movement/Ros2_change/install/movement_core/share/movement_core/hook/pythonpath.dsv'
[16.940s] INFO:colcon.colcon_core.shell:Creating environment hook '/home/edrom-mini/edromufu/src/movement/Ros2_change/install/movement_core/share/movement_core/hook/pythonpath.sh'
[16.941s] Level 1:colcon.colcon_core.environment:checking '/home/edrom-mini/edromufu/src/movement/Ros2_change/install/movement_core/bin'
[16.941s] Level 1:colcon.colcon_core.environment:create_environment_scripts_only(movement_core)
[16.941s] INFO:colcon.colcon_core.shell:Creating package script '/home/edrom-mini/edromufu/src/movement/Ros2_change/install/movement_core/share/movement_core/package.ps1'
[16.941s] INFO:colcon.colcon_core.shell:Creating package descriptor '/home/edrom-mini/edromufu/src/movement/Ros2_change/install/movement_core/share/movement_core/package.dsv'
[16.942s] INFO:colcon.colcon_core.shell:Creating package script '/home/edrom-mini/edromufu/src/movement/Ros2_change/install/movement_core/share/movement_core/package.sh'
[16.942s] INFO:colcon.colcon_core.shell:Creating package script '/home/edrom-mini/edromufu/src/movement/Ros2_change/install/movement_core/share/movement_core/package.bash'
[16.942s] INFO:colcon.colcon_core.shell:Creating package script '/home/edrom-mini/edromufu/src/movement/Ros2_change/install/movement_core/share/movement_core/package.zsh'
[16.943s] Level 1:colcon.colcon_core.environment:create_file_with_runtime_dependencies(/home/edrom-mini/edromufu/src/movement/Ros2_change/install/movement_core/share/colcon-core/packages/movement_core)
[16.943s] DEBUG:colcon.colcon_parallel_executor.executor.parallel:closing loop
[16.943s] DEBUG:colcon.colcon_parallel_executor.executor.parallel:loop closed
[16.943s] DEBUG:colcon.colcon_parallel_executor.executor.parallel:run_until_complete finished with '0'
[16.943s] DEBUG:colcon.colcon_core.event_reactor:joining thread
[16.950s] INFO:colcon.colcon_core.plugin_system:Skipping extension 'colcon_notification.desktop_notification.terminal_notifier': Not used on non-Darwin systems
[16.951s] INFO:colcon.colcon_core.plugin_system:Skipping extension 'colcon_notification.desktop_notification.win32': Not used on non-Windows systems
[16.951s] INFO:colcon.colcon_notification.desktop_notification:Sending desktop notification using 'notify2'
[16.969s] DEBUG:colcon.colcon_core.event_reactor:joined thread
[16.969s] INFO:colcon.colcon_core.shell:Creating prefix script '/home/edrom-mini/edromufu/src/movement/Ros2_change/install/local_setup.ps1'
[16.971s] INFO:colcon.colcon_core.shell:Creating prefix util module '/home/edrom-mini/edromufu/src/movement/Ros2_change/install/_local_setup_util_ps1.py'
[16.972s] INFO:colcon.colcon_core.shell:Creating prefix chain script '/home/edrom-mini/edromufu/src/movement/Ros2_change/install/setup.ps1'
[16.974s] INFO:colcon.colcon_core.shell:Creating prefix script '/home/edrom-mini/edromufu/src/movement/Ros2_change/install/local_setup.sh'
[16.975s] INFO:colcon.colcon_core.shell:Creating prefix util module '/home/edrom-mini/edromufu/src/movement/Ros2_change/install/_local_setup_util_sh.py'
[16.976s] INFO:colcon.colcon_core.shell:Creating prefix chain script '/home/edrom-mini/edromufu/src/movement/Ros2_change/install/setup.sh'
[16.977s] INFO:colcon.colcon_core.shell:Creating prefix script '/home/edrom-mini/edromufu/src/movement/Ros2_change/install/local_setup.bash'
[16.978s] INFO:colcon.colcon_core.shell:Creating prefix chain script '/home/edrom-mini/edromufu/src/movement/Ros2_change/install/setup.bash'
[16.980s] INFO:colcon.colcon_core.shell:Creating prefix script '/home/edrom-mini/edromufu/src/movement/Ros2_change/install/local_setup.zsh'
[16.981s] INFO:colcon.colcon_core.shell:Creating prefix chain script '/home/edrom-mini/edromufu/src/movement/Ros2_change/install/setup.zsh'
