[0.062s] DEBUG:colcon:Command line arguments: ['/usr/bin/colcon', 'build']
[0.062s] DEBUG:colcon:Parsed command line arguments: Namespace(log_base=None, log_level=None, verb_name='build', build_base='build', install_base='install', merge_install=False, symlink_install=False, test_result_base=None, continue_on_error=False, executor='parallel', parallel_workers=12, event_handlers=None, ignore_user_meta=False, metas=['./colcon.meta'], base_paths=['.'], packages_ignore=None, packages_ignore_regex=None, paths=None, packages_up_to=None, packages_up_to_regex=None, packages_above=None, packages_above_and_dependencies=None, packages_above_depth=None, packages_select_by_dep=None, packages_skip_by_dep=None, packages_skip_up_to=None, packages_select_build_failed=False, packages_skip_build_finished=False, packages_select_test_failures=False, packages_skip_test_passed=False, packages_select=None, packages_skip=None, packages_select_regex=None, packages_skip_regex=None, packages_start=None, packages_end=None, allow_overriding=[], cmake_args=None, cmake_target=None, cmake_target_skip_unavailable=False, cmake_clean_cache=False, cmake_clean_first=False, cmake_force_configure=False, ament_cmake_args=None, catkin_cmake_args=None, catkin_skip_building_tests=False, verb_parser=<colcon_defaults.argument_parser.defaults.DefaultArgumentsDecorator object at 0x74071543b310>, verb_extension=<colcon_core.verb.build.BuildVerb object at 0x74071543ad70>, main=<bound method BuildVerb.main of <colcon_core.verb.build.BuildVerb object at 0x74071543ad70>>)
[0.167s] Level 1:colcon.colcon_core.package_discovery:discover_packages(colcon_meta) check parameters
[0.168s] Level 1:colcon.colcon_core.package_discovery:discover_packages(recursive) check parameters
[0.168s] Level 1:colcon.colcon_core.package_discovery:discover_packages(ignore) check parameters
[0.168s] Level 1:colcon.colcon_core.package_discovery:discover_packages(path) check parameters
[0.168s] Level 1:colcon.colcon_core.package_discovery:discover_packages(colcon_meta) discover
[0.168s] Level 1:colcon.colcon_core.package_discovery:discover_packages(recursive) discover
[0.168s] INFO:colcon.colcon_core.package_discovery:Crawling recursively for packages in '/home/paulo/edromufu/src/movement/Ros2_change'
[0.168s] Level 1:colcon.colcon_core.package_identification:_identify(.) by extensions ['ignore', 'ignore_ament_install']
[0.168s] Level 1:colcon.colcon_core.package_identification:_identify(.) by extension 'ignore'
[0.168s] Level 1:colcon.colcon_core.package_identification:_identify(.) by extension 'ignore_ament_install'
[0.168s] Level 1:colcon.colcon_core.package_identification:_identify(.) by extensions ['colcon_pkg']
[0.168s] Level 1:colcon.colcon_core.package_identification:_identify(.) by extension 'colcon_pkg'
[0.168s] Level 1:colcon.colcon_core.package_identification:_identify(.) by extensions ['colcon_meta']
[0.168s] Level 1:colcon.colcon_core.package_identification:_identify(.) by extension 'colcon_meta'
[0.168s] Level 1:colcon.colcon_core.package_identification:_identify(.) by extensions ['ros']
[0.168s] Level 1:colcon.colcon_core.package_identification:_identify(.) by extension 'ros'
[0.187s] Level 1:colcon.colcon_core.package_identification:_identify(.) by extensions ['cmake', 'python']
[0.187s] Level 1:colcon.colcon_core.package_identification:_identify(.) by extension 'cmake'
[0.187s] Level 1:colcon.colcon_core.package_identification:_identify(.) by extension 'python'
[0.187s] Level 1:colcon.colcon_core.package_identification:_identify(.) by extensions ['python_setup_py']
[0.187s] Level 1:colcon.colcon_core.package_identification:_identify(.) by extension 'python_setup_py'
[0.187s] Level 1:colcon.colcon_core.package_identification:_identify(build) by extensions ['ignore', 'ignore_ament_install']
[0.187s] Level 1:colcon.colcon_core.package_identification:_identify(build) by extension 'ignore'
[0.187s] Level 1:colcon.colcon_core.package_identification:_identify(build) ignored
[0.188s] Level 1:colcon.colcon_core.package_identification:_identify(install) by extensions ['ignore', 'ignore_ament_install']
[0.188s] Level 1:colcon.colcon_core.package_identification:_identify(install) by extension 'ignore'
[0.188s] Level 1:colcon.colcon_core.package_identification:_identify(install) ignored
[0.188s] Level 1:colcon.colcon_core.package_identification:_identify(log) by extensions ['ignore', 'ignore_ament_install']
[0.188s] Level 1:colcon.colcon_core.package_identification:_identify(log) by extension 'ignore'
[0.188s] Level 1:colcon.colcon_core.package_identification:_identify(log) ignored
[0.188s] Level 1:colcon.colcon_core.package_identification:_identify(src) by extensions ['ignore', 'ignore_ament_install']
[0.188s] Level 1:colcon.colcon_core.package_identification:_identify(src) by extension 'ignore'
[0.188s] Level 1:colcon.colcon_core.package_identification:_identify(src) by extension 'ignore_ament_install'
[0.188s] Level 1:colcon.colcon_core.package_identification:_identify(src) by extensions ['colcon_pkg']
[0.188s] Level 1:colcon.colcon_core.package_identification:_identify(src) by extension 'colcon_pkg'
[0.188s] Level 1:colcon.colcon_core.package_identification:_identify(src) by extensions ['colcon_meta']
[0.188s] Level 1:colcon.colcon_core.package_identification:_identify(src) by extension 'colcon_meta'
[0.188s] Level 1:colcon.colcon_core.package_identification:_identify(src) by extensions ['ros']
[0.188s] Level 1:colcon.colcon_core.package_identification:_identify(src) by extension 'ros'
[0.188s] Level 1:colcon.colcon_core.package_identification:_identify(src) by extensions ['cmake', 'python']
[0.188s] Level 1:colcon.colcon_core.package_identification:_identify(src) by extension 'cmake'
[0.188s] Level 1:colcon.colcon_core.package_identification:_identify(src) by extension 'python'
[0.188s] Level 1:colcon.colcon_core.package_identification:_identify(src) by extensions ['python_setup_py']
[0.188s] Level 1:colcon.colcon_core.package_identification:_identify(src) by extension 'python_setup_py'
[0.188s] Level 1:colcon.colcon_core.package_identification:_identify(src/erro_package) by extensions ['ignore', 'ignore_ament_install']
[0.188s] Level 1:colcon.colcon_core.package_identification:_identify(src/erro_package) by extension 'ignore'
[0.188s] Level 1:colcon.colcon_core.package_identification:_identify(src/erro_package) by extension 'ignore_ament_install'
[0.189s] Level 1:colcon.colcon_core.package_identification:_identify(src/erro_package) by extensions ['colcon_pkg']
[0.189s] Level 1:colcon.colcon_core.package_identification:_identify(src/erro_package) by extension 'colcon_pkg'
[0.189s] Level 1:colcon.colcon_core.package_identification:_identify(src/erro_package) by extensions ['colcon_meta']
[0.189s] Level 1:colcon.colcon_core.package_identification:_identify(src/erro_package) by extension 'colcon_meta'
[0.189s] Level 1:colcon.colcon_core.package_identification:_identify(src/erro_package) by extensions ['ros']
[0.189s] Level 1:colcon.colcon_core.package_identification:_identify(src/erro_package) by extension 'ros'
[0.190s] DEBUG:colcon.colcon_core.package_identification:Package 'src/erro_package' with type 'ros.ament_python' and name 'erro_package'
[0.190s] Level 1:colcon.colcon_core.package_identification:_identify(src/humanoid_definition) by extensions ['ignore', 'ignore_ament_install']
[0.190s] Level 1:colcon.colcon_core.package_identification:_identify(src/humanoid_definition) by extension 'ignore'
[0.190s] Level 1:colcon.colcon_core.package_identification:_identify(src/humanoid_definition) by extension 'ignore_ament_install'
[0.190s] Level 1:colcon.colcon_core.package_identification:_identify(src/humanoid_definition) by extensions ['colcon_pkg']
[0.190s] Level 1:colcon.colcon_core.package_identification:_identify(src/humanoid_definition) by extension 'colcon_pkg'
[0.190s] Level 1:colcon.colcon_core.package_identification:_identify(src/humanoid_definition) by extensions ['colcon_meta']
[0.190s] Level 1:colcon.colcon_core.package_identification:_identify(src/humanoid_definition) by extension 'colcon_meta'
[0.190s] Level 1:colcon.colcon_core.package_identification:_identify(src/humanoid_definition) by extensions ['ros']
[0.190s] Level 1:colcon.colcon_core.package_identification:_identify(src/humanoid_definition) by extension 'ros'
[0.191s] DEBUG:colcon.colcon_core.package_identification:Package 'src/humanoid_definition' with type 'ros.ament_python' and name 'humanoid_definition'
[0.191s] Level 1:colcon.colcon_core.package_identification:_identify(src/humanoid_visualization) by extensions ['ignore', 'ignore_ament_install']
[0.191s] Level 1:colcon.colcon_core.package_identification:_identify(src/humanoid_visualization) by extension 'ignore'
[0.191s] Level 1:colcon.colcon_core.package_identification:_identify(src/humanoid_visualization) by extension 'ignore_ament_install'
[0.191s] Level 1:colcon.colcon_core.package_identification:_identify(src/humanoid_visualization) by extensions ['colcon_pkg']
[0.191s] Level 1:colcon.colcon_core.package_identification:_identify(src/humanoid_visualization) by extension 'colcon_pkg'
[0.191s] Level 1:colcon.colcon_core.package_identification:_identify(src/humanoid_visualization) by extensions ['colcon_meta']
[0.191s] Level 1:colcon.colcon_core.package_identification:_identify(src/humanoid_visualization) by extension 'colcon_meta'
[0.191s] Level 1:colcon.colcon_core.package_identification:_identify(src/humanoid_visualization) by extensions ['ros']
[0.191s] Level 1:colcon.colcon_core.package_identification:_identify(src/humanoid_visualization) by extension 'ros'
[0.191s] DEBUG:colcon.colcon_core.package_identification:Package 'src/humanoid_visualization' with type 'ros.ament_cmake' and name 'humanoid_visualization'
[0.192s] Level 1:colcon.colcon_core.package_identification:_identify(src/kinematic_functions) by extensions ['ignore', 'ignore_ament_install']
[0.192s] Level 1:colcon.colcon_core.package_identification:_identify(src/kinematic_functions) by extension 'ignore'
[0.192s] Level 1:colcon.colcon_core.package_identification:_identify(src/kinematic_functions) by extension 'ignore_ament_install'
[0.192s] Level 1:colcon.colcon_core.package_identification:_identify(src/kinematic_functions) by extensions ['colcon_pkg']
[0.192s] Level 1:colcon.colcon_core.package_identification:_identify(src/kinematic_functions) by extension 'colcon_pkg'
[0.192s] Level 1:colcon.colcon_core.package_identification:_identify(src/kinematic_functions) by extensions ['colcon_meta']
[0.192s] Level 1:colcon.colcon_core.package_identification:_identify(src/kinematic_functions) by extension 'colcon_meta'
[0.192s] Level 1:colcon.colcon_core.package_identification:_identify(src/kinematic_functions) by extensions ['ros']
[0.192s] Level 1:colcon.colcon_core.package_identification:_identify(src/kinematic_functions) by extension 'ros'
[0.192s] DEBUG:colcon.colcon_core.package_identification:Package 'src/kinematic_functions' with type 'ros.ament_python' and name 'kinematic_functions'
[0.192s] Level 1:colcon.colcon_core.package_identification:_identify(src/matlab_codes) by extensions ['ignore', 'ignore_ament_install']
[0.192s] Level 1:colcon.colcon_core.package_identification:_identify(src/matlab_codes) by extension 'ignore'
[0.192s] Level 1:colcon.colcon_core.package_identification:_identify(src/matlab_codes) by extension 'ignore_ament_install'
[0.192s] Level 1:colcon.colcon_core.package_identification:_identify(src/matlab_codes) by extensions ['colcon_pkg']
[0.192s] Level 1:colcon.colcon_core.package_identification:_identify(src/matlab_codes) by extension 'colcon_pkg'
[0.192s] Level 1:colcon.colcon_core.package_identification:_identify(src/matlab_codes) by extensions ['colcon_meta']
[0.192s] Level 1:colcon.colcon_core.package_identification:_identify(src/matlab_codes) by extension 'colcon_meta'
[0.192s] Level 1:colcon.colcon_core.package_identification:_identify(src/matlab_codes) by extensions ['ros']
[0.192s] Level 1:colcon.colcon_core.package_identification:_identify(src/matlab_codes) by extension 'ros'
[0.192s] Level 1:colcon.colcon_core.package_identification:_identify(src/matlab_codes) by extensions ['cmake', 'python']
[0.192s] Level 1:colcon.colcon_core.package_identification:_identify(src/matlab_codes) by extension 'cmake'
[0.192s] Level 1:colcon.colcon_core.package_identification:_identify(src/matlab_codes) by extension 'python'
[0.192s] Level 1:colcon.colcon_core.package_identification:_identify(src/matlab_codes) by extensions ['python_setup_py']
[0.193s] Level 1:colcon.colcon_core.package_identification:_identify(src/matlab_codes) by extension 'python_setup_py'
[0.193s] Level 1:colcon.colcon_core.package_identification:_identify(src/micro_ros) by extensions ['ignore', 'ignore_ament_install']
[0.193s] Level 1:colcon.colcon_core.package_identification:_identify(src/micro_ros) by extension 'ignore'
[0.193s] Level 1:colcon.colcon_core.package_identification:_identify(src/micro_ros) by extension 'ignore_ament_install'
[0.193s] Level 1:colcon.colcon_core.package_identification:_identify(src/micro_ros) by extensions ['colcon_pkg']
[0.193s] Level 1:colcon.colcon_core.package_identification:_identify(src/micro_ros) by extension 'colcon_pkg'
[0.193s] Level 1:colcon.colcon_core.package_identification:_identify(src/micro_ros) by extensions ['colcon_meta']
[0.193s] Level 1:colcon.colcon_core.package_identification:_identify(src/micro_ros) by extension 'colcon_meta'
[0.193s] Level 1:colcon.colcon_core.package_identification:_identify(src/micro_ros) by extensions ['ros']
[0.193s] Level 1:colcon.colcon_core.package_identification:_identify(src/micro_ros) by extension 'ros'
[0.193s] Level 1:colcon.colcon_core.package_identification:_identify(src/micro_ros) by extensions ['cmake', 'python']
[0.193s] Level 1:colcon.colcon_core.package_identification:_identify(src/micro_ros) by extension 'cmake'
[0.193s] Level 1:colcon.colcon_core.package_identification:_identify(src/micro_ros) by extension 'python'
[0.193s] Level 1:colcon.colcon_core.package_identification:_identify(src/micro_ros) by extensions ['python_setup_py']
[0.193s] Level 1:colcon.colcon_core.package_identification:_identify(src/micro_ros) by extension 'python_setup_py'
[0.193s] Level 1:colcon.colcon_core.package_identification:_identify(src/micro_ros/Tinyxml2) by extensions ['ignore', 'ignore_ament_install']
[0.193s] Level 1:colcon.colcon_core.package_identification:_identify(src/micro_ros/Tinyxml2) by extension 'ignore'
[0.193s] Level 1:colcon.colcon_core.package_identification:_identify(src/micro_ros/Tinyxml2) by extension 'ignore_ament_install'
[0.193s] Level 1:colcon.colcon_core.package_identification:_identify(src/micro_ros/Tinyxml2) by extensions ['colcon_pkg']
[0.193s] Level 1:colcon.colcon_core.package_identification:_identify(src/micro_ros/Tinyxml2) by extension 'colcon_pkg'
[0.193s] Level 1:colcon.colcon_core.package_identification:_identify(src/micro_ros/Tinyxml2) by extensions ['colcon_meta']
[0.193s] Level 1:colcon.colcon_core.package_identification:_identify(src/micro_ros/Tinyxml2) by extension 'colcon_meta'
[0.193s] Level 1:colcon.colcon_core.package_identification:_identify(src/micro_ros/Tinyxml2) by extensions ['ros']
[0.193s] Level 1:colcon.colcon_core.package_identification:_identify(src/micro_ros/Tinyxml2) by extension 'ros'
[0.193s] Level 1:colcon.colcon_core.package_identification:_identify(src/micro_ros/Tinyxml2) by extensions ['cmake', 'python']
[0.193s] Level 1:colcon.colcon_core.package_identification:_identify(src/micro_ros/Tinyxml2) by extension 'cmake'
[0.193s] Level 1:colcon.colcon_core.package_identification:_identify(src/micro_ros/Tinyxml2) by extension 'python'
[0.193s] Level 1:colcon.colcon_core.package_identification:_identify(src/micro_ros/Tinyxml2) by extensions ['python_setup_py']
[0.193s] Level 1:colcon.colcon_core.package_identification:_identify(src/micro_ros/Tinyxml2) by extension 'python_setup_py'
[0.193s] Level 1:colcon.colcon_core.package_identification:_identify(src/micro_ros/uros) by extensions ['ignore', 'ignore_ament_install']
[0.193s] Level 1:colcon.colcon_core.package_identification:_identify(src/micro_ros/uros) by extension 'ignore'
[0.193s] Level 1:colcon.colcon_core.package_identification:_identify(src/micro_ros/uros) by extension 'ignore_ament_install'
[0.194s] Level 1:colcon.colcon_core.package_identification:_identify(src/micro_ros/uros) by extensions ['colcon_pkg']
[0.194s] Level 1:colcon.colcon_core.package_identification:_identify(src/micro_ros/uros) by extension 'colcon_pkg'
[0.194s] Level 1:colcon.colcon_core.package_identification:_identify(src/micro_ros/uros) by extensions ['colcon_meta']
[0.194s] Level 1:colcon.colcon_core.package_identification:_identify(src/micro_ros/uros) by extension 'colcon_meta'
[0.194s] Level 1:colcon.colcon_core.package_identification:_identify(src/micro_ros/uros) by extensions ['ros']
[0.194s] Level 1:colcon.colcon_core.package_identification:_identify(src/micro_ros/uros) by extension 'ros'
[0.194s] Level 1:colcon.colcon_core.package_identification:_identify(src/micro_ros/uros) by extensions ['cmake', 'python']
[0.194s] Level 1:colcon.colcon_core.package_identification:_identify(src/micro_ros/uros) by extension 'cmake'
[0.194s] Level 1:colcon.colcon_core.package_identification:_identify(src/micro_ros/uros) by extension 'python'
[0.194s] Level 1:colcon.colcon_core.package_identification:_identify(src/micro_ros/uros) by extensions ['python_setup_py']
[0.194s] Level 1:colcon.colcon_core.package_identification:_identify(src/micro_ros/uros) by extension 'python_setup_py'
[0.194s] Level 1:colcon.colcon_core.package_identification:_identify(src/micro_ros/uros/micro-ROS-Agent) by extensions ['ignore', 'ignore_ament_install']
[0.194s] Level 1:colcon.colcon_core.package_identification:_identify(src/micro_ros/uros/micro-ROS-Agent) by extension 'ignore'
[0.194s] Level 1:colcon.colcon_core.package_identification:_identify(src/micro_ros/uros/micro-ROS-Agent) by extension 'ignore_ament_install'
[0.194s] Level 1:colcon.colcon_core.package_identification:_identify(src/micro_ros/uros/micro-ROS-Agent) by extensions ['colcon_pkg']
[0.194s] Level 1:colcon.colcon_core.package_identification:_identify(src/micro_ros/uros/micro-ROS-Agent) by extension 'colcon_pkg'
[0.194s] Level 1:colcon.colcon_core.package_identification:_identify(src/micro_ros/uros/micro-ROS-Agent) by extensions ['colcon_meta']
[0.194s] Level 1:colcon.colcon_core.package_identification:_identify(src/micro_ros/uros/micro-ROS-Agent) by extension 'colcon_meta'
[0.194s] Level 1:colcon.colcon_core.package_identification:_identify(src/micro_ros/uros/micro-ROS-Agent) by extensions ['ros']
[0.194s] Level 1:colcon.colcon_core.package_identification:_identify(src/micro_ros/uros/micro-ROS-Agent) by extension 'ros'
[0.194s] Level 1:colcon.colcon_core.package_identification:_identify(src/micro_ros/uros/micro-ROS-Agent) by extensions ['cmake', 'python']
[0.194s] Level 1:colcon.colcon_core.package_identification:_identify(src/micro_ros/uros/micro-ROS-Agent) by extension 'cmake'
[0.194s] Level 1:colcon.colcon_core.package_identification:_identify(src/micro_ros/uros/micro-ROS-Agent) by extension 'python'
[0.194s] Level 1:colcon.colcon_core.package_identification:_identify(src/micro_ros/uros/micro-ROS-Agent) by extensions ['python_setup_py']
[0.194s] Level 1:colcon.colcon_core.package_identification:_identify(src/micro_ros/uros/micro-ROS-Agent) by extension 'python_setup_py'
[0.194s] Level 1:colcon.colcon_core.package_identification:_identify(src/micro_ros/uros/micro-ROS-Agent/micro_ros_agent) by extensions ['ignore', 'ignore_ament_install']
[0.194s] Level 1:colcon.colcon_core.package_identification:_identify(src/micro_ros/uros/micro-ROS-Agent/micro_ros_agent) by extension 'ignore'
[0.194s] Level 1:colcon.colcon_core.package_identification:_identify(src/micro_ros/uros/micro-ROS-Agent/micro_ros_agent) by extension 'ignore_ament_install'
[0.194s] Level 1:colcon.colcon_core.package_identification:_identify(src/micro_ros/uros/micro-ROS-Agent/micro_ros_agent) by extensions ['colcon_pkg']
[0.194s] Level 1:colcon.colcon_core.package_identification:_identify(src/micro_ros/uros/micro-ROS-Agent/micro_ros_agent) by extension 'colcon_pkg'
[0.194s] Level 1:colcon.colcon_core.package_identification:_identify(src/micro_ros/uros/micro-ROS-Agent/micro_ros_agent) by extensions ['colcon_meta']
[0.194s] Level 1:colcon.colcon_core.package_identification:_identify(src/micro_ros/uros/micro-ROS-Agent/micro_ros_agent) by extension 'colcon_meta'
[0.194s] Level 1:colcon.colcon_core.package_identification:_identify(src/micro_ros/uros/micro-ROS-Agent/micro_ros_agent) by extensions ['ros']
[0.194s] Level 1:colcon.colcon_core.package_identification:_identify(src/micro_ros/uros/micro-ROS-Agent/micro_ros_agent) by extension 'ros'
[0.195s] DEBUG:colcon.colcon_core.package_identification:Package 'src/micro_ros/uros/micro-ROS-Agent/micro_ros_agent' with type 'ros.ament_cmake' and name 'micro_ros_agent'
[0.195s] Level 1:colcon.colcon_core.package_identification:_identify(src/micro_ros/uros/micro-ROS-Agent/snap) by extensions ['ignore', 'ignore_ament_install']
[0.195s] Level 1:colcon.colcon_core.package_identification:_identify(src/micro_ros/uros/micro-ROS-Agent/snap) by extension 'ignore'
[0.195s] Level 1:colcon.colcon_core.package_identification:_identify(src/micro_ros/uros/micro-ROS-Agent/snap) by extension 'ignore_ament_install'
[0.195s] Level 1:colcon.colcon_core.package_identification:_identify(src/micro_ros/uros/micro-ROS-Agent/snap) by extensions ['colcon_pkg']
[0.195s] Level 1:colcon.colcon_core.package_identification:_identify(src/micro_ros/uros/micro-ROS-Agent/snap) by extension 'colcon_pkg'
[0.195s] Level 1:colcon.colcon_core.package_identification:_identify(src/micro_ros/uros/micro-ROS-Agent/snap) by extensions ['colcon_meta']
[0.195s] Level 1:colcon.colcon_core.package_identification:_identify(src/micro_ros/uros/micro-ROS-Agent/snap) by extension 'colcon_meta'
[0.195s] Level 1:colcon.colcon_core.package_identification:_identify(src/micro_ros/uros/micro-ROS-Agent/snap) by extensions ['ros']
[0.195s] Level 1:colcon.colcon_core.package_identification:_identify(src/micro_ros/uros/micro-ROS-Agent/snap) by extension 'ros'
[0.195s] Level 1:colcon.colcon_core.package_identification:_identify(src/micro_ros/uros/micro-ROS-Agent/snap) by extensions ['cmake', 'python']
[0.195s] Level 1:colcon.colcon_core.package_identification:_identify(src/micro_ros/uros/micro-ROS-Agent/snap) by extension 'cmake'
[0.195s] Level 1:colcon.colcon_core.package_identification:_identify(src/micro_ros/uros/micro-ROS-Agent/snap) by extension 'python'
[0.195s] Level 1:colcon.colcon_core.package_identification:_identify(src/micro_ros/uros/micro-ROS-Agent/snap) by extensions ['python_setup_py']
[0.195s] Level 1:colcon.colcon_core.package_identification:_identify(src/micro_ros/uros/micro-ROS-Agent/snap) by extension 'python_setup_py'
[0.195s] Level 1:colcon.colcon_core.package_identification:_identify(src/micro_ros/uros/micro-ROS-Agent/snap/hooks) by extensions ['ignore', 'ignore_ament_install']
[0.196s] Level 1:colcon.colcon_core.package_identification:_identify(src/micro_ros/uros/micro-ROS-Agent/snap/hooks) by extension 'ignore'
[0.196s] Level 1:colcon.colcon_core.package_identification:_identify(src/micro_ros/uros/micro-ROS-Agent/snap/hooks) by extension 'ignore_ament_install'
[0.196s] Level 1:colcon.colcon_core.package_identification:_identify(src/micro_ros/uros/micro-ROS-Agent/snap/hooks) by extensions ['colcon_pkg']
[0.196s] Level 1:colcon.colcon_core.package_identification:_identify(src/micro_ros/uros/micro-ROS-Agent/snap/hooks) by extension 'colcon_pkg'
[0.196s] Level 1:colcon.colcon_core.package_identification:_identify(src/micro_ros/uros/micro-ROS-Agent/snap/hooks) by extensions ['colcon_meta']
[0.196s] Level 1:colcon.colcon_core.package_identification:_identify(src/micro_ros/uros/micro-ROS-Agent/snap/hooks) by extension 'colcon_meta'
[0.196s] Level 1:colcon.colcon_core.package_identification:_identify(src/micro_ros/uros/micro-ROS-Agent/snap/hooks) by extensions ['ros']
[0.196s] Level 1:colcon.colcon_core.package_identification:_identify(src/micro_ros/uros/micro-ROS-Agent/snap/hooks) by extension 'ros'
[0.196s] Level 1:colcon.colcon_core.package_identification:_identify(src/micro_ros/uros/micro-ROS-Agent/snap/hooks) by extensions ['cmake', 'python']
[0.196s] Level 1:colcon.colcon_core.package_identification:_identify(src/micro_ros/uros/micro-ROS-Agent/snap/hooks) by extension 'cmake'
[0.196s] Level 1:colcon.colcon_core.package_identification:_identify(src/micro_ros/uros/micro-ROS-Agent/snap/hooks) by extension 'python'
[0.196s] Level 1:colcon.colcon_core.package_identification:_identify(src/micro_ros/uros/micro-ROS-Agent/snap/hooks) by extensions ['python_setup_py']
[0.196s] Level 1:colcon.colcon_core.package_identification:_identify(src/micro_ros/uros/micro-ROS-Agent/snap/hooks) by extension 'python_setup_py'
[0.196s] Level 1:colcon.colcon_core.package_identification:_identify(src/micro_ros/uros/micro-ROS-Agent/snap/local) by extensions ['ignore', 'ignore_ament_install']
[0.196s] Level 1:colcon.colcon_core.package_identification:_identify(src/micro_ros/uros/micro-ROS-Agent/snap/local) by extension 'ignore'
[0.196s] Level 1:colcon.colcon_core.package_identification:_identify(src/micro_ros/uros/micro-ROS-Agent/snap/local) by extension 'ignore_ament_install'
[0.196s] Level 1:colcon.colcon_core.package_identification:_identify(src/micro_ros/uros/micro-ROS-Agent/snap/local) by extensions ['colcon_pkg']
[0.196s] Level 1:colcon.colcon_core.package_identification:_identify(src/micro_ros/uros/micro-ROS-Agent/snap/local) by extension 'colcon_pkg'
[0.196s] Level 1:colcon.colcon_core.package_identification:_identify(src/micro_ros/uros/micro-ROS-Agent/snap/local) by extensions ['colcon_meta']
[0.196s] Level 1:colcon.colcon_core.package_identification:_identify(src/micro_ros/uros/micro-ROS-Agent/snap/local) by extension 'colcon_meta'
[0.196s] Level 1:colcon.colcon_core.package_identification:_identify(src/micro_ros/uros/micro-ROS-Agent/snap/local) by extensions ['ros']
[0.196s] Level 1:colcon.colcon_core.package_identification:_identify(src/micro_ros/uros/micro-ROS-Agent/snap/local) by extension 'ros'
[0.196s] Level 1:colcon.colcon_core.package_identification:_identify(src/micro_ros/uros/micro-ROS-Agent/snap/local) by extensions ['cmake', 'python']
[0.196s] Level 1:colcon.colcon_core.package_identification:_identify(src/micro_ros/uros/micro-ROS-Agent/snap/local) by extension 'cmake'
[0.196s] Level 1:colcon.colcon_core.package_identification:_identify(src/micro_ros/uros/micro-ROS-Agent/snap/local) by extension 'python'
[0.196s] Level 1:colcon.colcon_core.package_identification:_identify(src/micro_ros/uros/micro-ROS-Agent/snap/local) by extensions ['python_setup_py']
[0.196s] Level 1:colcon.colcon_core.package_identification:_identify(src/micro_ros/uros/micro-ROS-Agent/snap/local) by extension 'python_setup_py'
[0.196s] Level 1:colcon.colcon_core.package_identification:_identify(src/micro_ros/uros/micro_ros_msgs) by extensions ['ignore', 'ignore_ament_install']
[0.196s] Level 1:colcon.colcon_core.package_identification:_identify(src/micro_ros/uros/micro_ros_msgs) by extension 'ignore'
[0.196s] Level 1:colcon.colcon_core.package_identification:_identify(src/micro_ros/uros/micro_ros_msgs) by extension 'ignore_ament_install'
[0.196s] Level 1:colcon.colcon_core.package_identification:_identify(src/micro_ros/uros/micro_ros_msgs) by extensions ['colcon_pkg']
[0.196s] Level 1:colcon.colcon_core.package_identification:_identify(src/micro_ros/uros/micro_ros_msgs) by extension 'colcon_pkg'
[0.196s] Level 1:colcon.colcon_core.package_identification:_identify(src/micro_ros/uros/micro_ros_msgs) by extensions ['colcon_meta']
[0.196s] Level 1:colcon.colcon_core.package_identification:_identify(src/micro_ros/uros/micro_ros_msgs) by extension 'colcon_meta'
[0.197s] Level 1:colcon.colcon_core.package_identification:_identify(src/micro_ros/uros/micro_ros_msgs) by extensions ['ros']
[0.197s] Level 1:colcon.colcon_core.package_identification:_identify(src/micro_ros/uros/micro_ros_msgs) by extension 'ros'
[0.197s] DEBUG:colcon.colcon_core.package_identification:Package 'src/micro_ros/uros/micro_ros_msgs' with type 'ros.ament_cmake' and name 'micro_ros_msgs'
[0.197s] Level 1:colcon.colcon_core.package_identification:_identify(src/movement_core) by extensions ['ignore', 'ignore_ament_install']
[0.197s] Level 1:colcon.colcon_core.package_identification:_identify(src/movement_core) by extension 'ignore'
[0.197s] Level 1:colcon.colcon_core.package_identification:_identify(src/movement_core) by extension 'ignore_ament_install'
[0.197s] Level 1:colcon.colcon_core.package_identification:_identify(src/movement_core) by extensions ['colcon_pkg']
[0.197s] Level 1:colcon.colcon_core.package_identification:_identify(src/movement_core) by extension 'colcon_pkg'
[0.197s] Level 1:colcon.colcon_core.package_identification:_identify(src/movement_core) by extensions ['colcon_meta']
[0.197s] Level 1:colcon.colcon_core.package_identification:_identify(src/movement_core) by extension 'colcon_meta'
[0.197s] Level 1:colcon.colcon_core.package_identification:_identify(src/movement_core) by extensions ['ros']
[0.197s] Level 1:colcon.colcon_core.package_identification:_identify(src/movement_core) by extension 'ros'
[0.198s] DEBUG:colcon.colcon_core.package_identification:Package 'src/movement_core' with type 'ros.ament_python' and name 'movement_core'
[0.198s] Level 1:colcon.colcon_core.package_identification:_identify(src/movement_functions) by extensions ['ignore', 'ignore_ament_install']
[0.198s] Level 1:colcon.colcon_core.package_identification:_identify(src/movement_functions) by extension 'ignore'
[0.198s] Level 1:colcon.colcon_core.package_identification:_identify(src/movement_functions) by extension 'ignore_ament_install'
[0.198s] Level 1:colcon.colcon_core.package_identification:_identify(src/movement_functions) by extensions ['colcon_pkg']
[0.198s] Level 1:colcon.colcon_core.package_identification:_identify(src/movement_functions) by extension 'colcon_pkg'
[0.198s] Level 1:colcon.colcon_core.package_identification:_identify(src/movement_functions) by extensions ['colcon_meta']
[0.198s] Level 1:colcon.colcon_core.package_identification:_identify(src/movement_functions) by extension 'colcon_meta'
[0.198s] Level 1:colcon.colcon_core.package_identification:_identify(src/movement_functions) by extensions ['ros']
[0.198s] Level 1:colcon.colcon_core.package_identification:_identify(src/movement_functions) by extension 'ros'
[0.199s] DEBUG:colcon.colcon_core.package_identification:Package 'src/movement_functions' with type 'ros.ament_python' and name 'movement_functions'
[0.199s] Level 1:colcon.colcon_core.package_identification:_identify(src/movement_pages) by extensions ['ignore', 'ignore_ament_install']
[0.199s] Level 1:colcon.colcon_core.package_identification:_identify(src/movement_pages) by extension 'ignore'
[0.199s] Level 1:colcon.colcon_core.package_identification:_identify(src/movement_pages) by extension 'ignore_ament_install'
[0.199s] Level 1:colcon.colcon_core.package_identification:_identify(src/movement_pages) by extensions ['colcon_pkg']
[0.199s] Level 1:colcon.colcon_core.package_identification:_identify(src/movement_pages) by extension 'colcon_pkg'
[0.199s] Level 1:colcon.colcon_core.package_identification:_identify(src/movement_pages) by extensions ['colcon_meta']
[0.199s] Level 1:colcon.colcon_core.package_identification:_identify(src/movement_pages) by extension 'colcon_meta'
[0.199s] Level 1:colcon.colcon_core.package_identification:_identify(src/movement_pages) by extensions ['ros']
[0.199s] Level 1:colcon.colcon_core.package_identification:_identify(src/movement_pages) by extension 'ros'
[0.199s] DEBUG:colcon.colcon_core.package_identification:Package 'src/movement_pages' with type 'ros.ament_python' and name 'movement_pages'
[0.199s] Level 1:colcon.colcon_core.package_identification:_identify(src/movement_utils) by extensions ['ignore', 'ignore_ament_install']
[0.199s] Level 1:colcon.colcon_core.package_identification:_identify(src/movement_utils) by extension 'ignore'
[0.199s] Level 1:colcon.colcon_core.package_identification:_identify(src/movement_utils) by extension 'ignore_ament_install'
[0.199s] Level 1:colcon.colcon_core.package_identification:_identify(src/movement_utils) by extensions ['colcon_pkg']
[0.199s] Level 1:colcon.colcon_core.package_identification:_identify(src/movement_utils) by extension 'colcon_pkg'
[0.199s] Level 1:colcon.colcon_core.package_identification:_identify(src/movement_utils) by extensions ['colcon_meta']
[0.199s] Level 1:colcon.colcon_core.package_identification:_identify(src/movement_utils) by extension 'colcon_meta'
[0.199s] Level 1:colcon.colcon_core.package_identification:_identify(src/movement_utils) by extensions ['ros']
[0.199s] Level 1:colcon.colcon_core.package_identification:_identify(src/movement_utils) by extension 'ros'
[0.200s] DEBUG:colcon.colcon_core.package_identification:Package 'src/movement_utils' with type 'ros.ament_cmake' and name 'movement_utils'
[0.200s] Level 1:colcon.colcon_core.package_identification:_identify(src/tahara_pages) by extensions ['ignore', 'ignore_ament_install']
[0.200s] Level 1:colcon.colcon_core.package_identification:_identify(src/tahara_pages) by extension 'ignore'
[0.200s] Level 1:colcon.colcon_core.package_identification:_identify(src/tahara_pages) by extension 'ignore_ament_install'
[0.200s] Level 1:colcon.colcon_core.package_identification:_identify(src/tahara_pages) by extensions ['colcon_pkg']
[0.200s] Level 1:colcon.colcon_core.package_identification:_identify(src/tahara_pages) by extension 'colcon_pkg'
[0.200s] Level 1:colcon.colcon_core.package_identification:_identify(src/tahara_pages) by extensions ['colcon_meta']
[0.200s] Level 1:colcon.colcon_core.package_identification:_identify(src/tahara_pages) by extension 'colcon_meta'
[0.200s] Level 1:colcon.colcon_core.package_identification:_identify(src/tahara_pages) by extensions ['ros']
[0.200s] Level 1:colcon.colcon_core.package_identification:_identify(src/tahara_pages) by extension 'ros'
[0.201s] DEBUG:colcon.colcon_core.package_identification:Package 'src/tahara_pages' with type 'ros.ament_python' and name 'tahara_pages'
[0.201s] Level 1:colcon.colcon_core.package_identification:_identify(src/u2d2_comm) by extensions ['ignore', 'ignore_ament_install']
[0.201s] Level 1:colcon.colcon_core.package_identification:_identify(src/u2d2_comm) by extension 'ignore'
[0.201s] Level 1:colcon.colcon_core.package_identification:_identify(src/u2d2_comm) by extension 'ignore_ament_install'
[0.201s] Level 1:colcon.colcon_core.package_identification:_identify(src/u2d2_comm) by extensions ['colcon_pkg']
[0.201s] Level 1:colcon.colcon_core.package_identification:_identify(src/u2d2_comm) by extension 'colcon_pkg'
[0.201s] Level 1:colcon.colcon_core.package_identification:_identify(src/u2d2_comm) by extensions ['colcon_meta']
[0.201s] Level 1:colcon.colcon_core.package_identification:_identify(src/u2d2_comm) by extension 'colcon_meta'
[0.201s] Level 1:colcon.colcon_core.package_identification:_identify(src/u2d2_comm) by extensions ['ros']
[0.201s] Level 1:colcon.colcon_core.package_identification:_identify(src/u2d2_comm) by extension 'ros'
[0.201s] DEBUG:colcon.colcon_core.package_identification:Package 'src/u2d2_comm' with type 'ros.ament_python' and name 'u2d2_comm'
[0.201s] Level 1:colcon.colcon_core.package_identification:_identify(src/urdf_example) by extensions ['ignore', 'ignore_ament_install']
[0.201s] Level 1:colcon.colcon_core.package_identification:_identify(src/urdf_example) by extension 'ignore'
[0.201s] Level 1:colcon.colcon_core.package_identification:_identify(src/urdf_example) by extension 'ignore_ament_install'
[0.202s] Level 1:colcon.colcon_core.package_identification:_identify(src/urdf_example) by extensions ['colcon_pkg']
[0.202s] Level 1:colcon.colcon_core.package_identification:_identify(src/urdf_example) by extension 'colcon_pkg'
[0.202s] Level 1:colcon.colcon_core.package_identification:_identify(src/urdf_example) by extensions ['colcon_meta']
[0.202s] Level 1:colcon.colcon_core.package_identification:_identify(src/urdf_example) by extension 'colcon_meta'
[0.202s] Level 1:colcon.colcon_core.package_identification:_identify(src/urdf_example) by extensions ['ros']
[0.202s] Level 1:colcon.colcon_core.package_identification:_identify(src/urdf_example) by extension 'ros'
[0.202s] DEBUG:colcon.colcon_core.package_identification:Package 'src/urdf_example' with type 'ros.ament_cmake' and name 'urdf_example'
[0.202s] Level 1:colcon.colcon_core.package_identification:_identify(src/urdf_robox) by extensions ['ignore', 'ignore_ament_install']
[0.202s] Level 1:colcon.colcon_core.package_identification:_identify(src/urdf_robox) by extension 'ignore'
[0.202s] Level 1:colcon.colcon_core.package_identification:_identify(src/urdf_robox) by extension 'ignore_ament_install'
[0.202s] Level 1:colcon.colcon_core.package_identification:_identify(src/urdf_robox) by extensions ['colcon_pkg']
[0.202s] Level 1:colcon.colcon_core.package_identification:_identify(src/urdf_robox) by extension 'colcon_pkg'
[0.202s] Level 1:colcon.colcon_core.package_identification:_identify(src/urdf_robox) by extensions ['colcon_meta']
[0.202s] Level 1:colcon.colcon_core.package_identification:_identify(src/urdf_robox) by extension 'colcon_meta'
[0.202s] Level 1:colcon.colcon_core.package_identification:_identify(src/urdf_robox) by extensions ['ros']
[0.202s] Level 1:colcon.colcon_core.package_identification:_identify(src/urdf_robox) by extension 'ros'
[0.203s] DEBUG:colcon.colcon_core.package_identification:Package 'src/urdf_robox' with type 'ros.ament_cmake' and name 'urdf_robox'
[0.203s] Level 1:colcon.colcon_core.package_discovery:discover_packages(recursive) using defaults
[0.203s] Level 1:colcon.colcon_core.package_discovery:discover_packages(ignore) discover
[0.203s] Level 1:colcon.colcon_core.package_discovery:discover_packages(ignore) using defaults
[0.203s] Level 1:colcon.colcon_core.package_discovery:discover_packages(path) discover
[0.203s] Level 1:colcon.colcon_core.package_discovery:discover_packages(path) using defaults
[0.216s] Level 1:colcon.colcon_core.package_discovery:discover_packages(prefix_path) check parameters
[0.216s] Level 1:colcon.colcon_core.package_discovery:discover_packages(prefix_path) discover
[0.218s] DEBUG:colcon.colcon_installed_package_information.package_discovery:Found 15 installed packages in /home/paulo/edromufu/src/movement/Ros2_change/install
[0.218s] DEBUG:colcon.colcon_installed_package_information.package_discovery:Found 295 installed packages in /opt/ros/humble
[0.219s] Level 1:colcon.colcon_core.package_discovery:discover_packages(prefix_path) using defaults
[0.239s] Level 5:colcon.colcon_core.verb:set package 'erro_package' build argument 'cmake_args' from command line to 'None'
[0.239s] Level 5:colcon.colcon_core.verb:set package 'erro_package' build argument 'cmake_target' from command line to 'None'
[0.239s] Level 5:colcon.colcon_core.verb:set package 'erro_package' build argument 'cmake_target_skip_unavailable' from command line to 'False'
[0.239s] Level 5:colcon.colcon_core.verb:set package 'erro_package' build argument 'cmake_clean_cache' from command line to 'False'
[0.239s] Level 5:colcon.colcon_core.verb:set package 'erro_package' build argument 'cmake_clean_first' from command line to 'False'
[0.239s] Level 5:colcon.colcon_core.verb:set package 'erro_package' build argument 'cmake_force_configure' from command line to 'False'
[0.239s] Level 5:colcon.colcon_core.verb:set package 'erro_package' build argument 'ament_cmake_args' from command line to 'None'
[0.239s] Level 5:colcon.colcon_core.verb:set package 'erro_package' build argument 'catkin_cmake_args' from command line to 'None'
[0.239s] Level 5:colcon.colcon_core.verb:set package 'erro_package' build argument 'catkin_skip_building_tests' from command line to 'False'
[0.240s] DEBUG:colcon.colcon_core.verb:Building package 'erro_package' with the following arguments: {'ament_cmake_args': None, 'build_base': '/home/paulo/edromufu/src/movement/Ros2_change/build/erro_package', 'catkin_cmake_args': None, 'catkin_skip_building_tests': False, 'cmake_args': None, 'cmake_clean_cache': False, 'cmake_clean_first': False, 'cmake_force_configure': False, 'cmake_target': None, 'cmake_target_skip_unavailable': False, 'install_base': '/home/paulo/edromufu/src/movement/Ros2_change/install/erro_package', 'merge_install': False, 'path': '/home/paulo/edromufu/src/movement/Ros2_change/src/erro_package', 'symlink_install': False, 'test_result_base': None}
[0.240s] Level 5:colcon.colcon_core.verb:set package 'humanoid_visualization' build argument 'cmake_args' from command line to 'None'
[0.240s] Level 5:colcon.colcon_core.verb:set package 'humanoid_visualization' build argument 'cmake_target' from command line to 'None'
[0.240s] Level 5:colcon.colcon_core.verb:set package 'humanoid_visualization' build argument 'cmake_target_skip_unavailable' from command line to 'False'
[0.240s] Level 5:colcon.colcon_core.verb:set package 'humanoid_visualization' build argument 'cmake_clean_cache' from command line to 'False'
[0.240s] Level 5:colcon.colcon_core.verb:set package 'humanoid_visualization' build argument 'cmake_clean_first' from command line to 'False'
[0.240s] Level 5:colcon.colcon_core.verb:set package 'humanoid_visualization' build argument 'cmake_force_configure' from command line to 'False'
[0.240s] Level 5:colcon.colcon_core.verb:set package 'humanoid_visualization' build argument 'ament_cmake_args' from command line to 'None'
[0.240s] Level 5:colcon.colcon_core.verb:set package 'humanoid_visualization' build argument 'catkin_cmake_args' from command line to 'None'
[0.240s] Level 5:colcon.colcon_core.verb:set package 'humanoid_visualization' build argument 'catkin_skip_building_tests' from command line to 'False'
[0.240s] DEBUG:colcon.colcon_core.verb:Building package 'humanoid_visualization' with the following arguments: {'ament_cmake_args': None, 'build_base': '/home/paulo/edromufu/src/movement/Ros2_change/build/humanoid_visualization', 'catkin_cmake_args': None, 'catkin_skip_building_tests': False, 'cmake_args': None, 'cmake_clean_cache': False, 'cmake_clean_first': False, 'cmake_force_configure': False, 'cmake_target': None, 'cmake_target_skip_unavailable': False, 'install_base': '/home/paulo/edromufu/src/movement/Ros2_change/install/humanoid_visualization', 'merge_install': False, 'path': '/home/paulo/edromufu/src/movement/Ros2_change/src/humanoid_visualization', 'symlink_install': False, 'test_result_base': None}
[0.240s] Level 5:colcon.colcon_core.verb:set package 'kinematic_functions' build argument 'cmake_args' from command line to 'None'
[0.240s] Level 5:colcon.colcon_core.verb:set package 'kinematic_functions' build argument 'cmake_target' from command line to 'None'
[0.240s] Level 5:colcon.colcon_core.verb:set package 'kinematic_functions' build argument 'cmake_target_skip_unavailable' from command line to 'False'
[0.240s] Level 5:colcon.colcon_core.verb:set package 'kinematic_functions' build argument 'cmake_clean_cache' from command line to 'False'
[0.240s] Level 5:colcon.colcon_core.verb:set package 'kinematic_functions' build argument 'cmake_clean_first' from command line to 'False'
[0.240s] Level 5:colcon.colcon_core.verb:set package 'kinematic_functions' build argument 'cmake_force_configure' from command line to 'False'
[0.240s] Level 5:colcon.colcon_core.verb:set package 'kinematic_functions' build argument 'ament_cmake_args' from command line to 'None'
[0.240s] Level 5:colcon.colcon_core.verb:set package 'kinematic_functions' build argument 'catkin_cmake_args' from command line to 'None'
[0.240s] Level 5:colcon.colcon_core.verb:set package 'kinematic_functions' build argument 'catkin_skip_building_tests' from command line to 'False'
[0.240s] DEBUG:colcon.colcon_core.verb:Building package 'kinematic_functions' with the following arguments: {'ament_cmake_args': None, 'build_base': '/home/paulo/edromufu/src/movement/Ros2_change/build/kinematic_functions', 'catkin_cmake_args': None, 'catkin_skip_building_tests': False, 'cmake_args': None, 'cmake_clean_cache': False, 'cmake_clean_first': False, 'cmake_force_configure': False, 'cmake_target': None, 'cmake_target_skip_unavailable': False, 'install_base': '/home/paulo/edromufu/src/movement/Ros2_change/install/kinematic_functions', 'merge_install': False, 'path': '/home/paulo/edromufu/src/movement/Ros2_change/src/kinematic_functions', 'symlink_install': False, 'test_result_base': None}
[0.241s] Level 5:colcon.colcon_core.verb:set package 'micro_ros_msgs' build argument 'cmake_args' from command line to 'None'
[0.241s] Level 5:colcon.colcon_core.verb:set package 'micro_ros_msgs' build argument 'cmake_target' from command line to 'None'
[0.241s] Level 5:colcon.colcon_core.verb:set package 'micro_ros_msgs' build argument 'cmake_target_skip_unavailable' from command line to 'False'
[0.241s] Level 5:colcon.colcon_core.verb:set package 'micro_ros_msgs' build argument 'cmake_clean_cache' from command line to 'False'
[0.241s] Level 5:colcon.colcon_core.verb:set package 'micro_ros_msgs' build argument 'cmake_clean_first' from command line to 'False'
[0.241s] Level 5:colcon.colcon_core.verb:set package 'micro_ros_msgs' build argument 'cmake_force_configure' from command line to 'False'
[0.241s] Level 5:colcon.colcon_core.verb:set package 'micro_ros_msgs' build argument 'ament_cmake_args' from command line to 'None'
[0.241s] Level 5:colcon.colcon_core.verb:set package 'micro_ros_msgs' build argument 'catkin_cmake_args' from command line to 'None'
[0.241s] Level 5:colcon.colcon_core.verb:set package 'micro_ros_msgs' build argument 'catkin_skip_building_tests' from command line to 'False'
[0.241s] DEBUG:colcon.colcon_core.verb:Building package 'micro_ros_msgs' with the following arguments: {'ament_cmake_args': None, 'build_base': '/home/paulo/edromufu/src/movement/Ros2_change/build/micro_ros_msgs', 'catkin_cmake_args': None, 'catkin_skip_building_tests': False, 'cmake_args': None, 'cmake_clean_cache': False, 'cmake_clean_first': False, 'cmake_force_configure': False, 'cmake_target': None, 'cmake_target_skip_unavailable': False, 'install_base': '/home/paulo/edromufu/src/movement/Ros2_change/install/micro_ros_msgs', 'merge_install': False, 'path': '/home/paulo/edromufu/src/movement/Ros2_change/src/micro_ros/uros/micro_ros_msgs', 'symlink_install': False, 'test_result_base': None}
[0.241s] Level 5:colcon.colcon_core.verb:set package 'movement_utils' build argument 'cmake_args' from command line to 'None'
[0.241s] Level 5:colcon.colcon_core.verb:set package 'movement_utils' build argument 'cmake_target' from command line to 'None'
[0.241s] Level 5:colcon.colcon_core.verb:set package 'movement_utils' build argument 'cmake_target_skip_unavailable' from command line to 'False'
[0.241s] Level 5:colcon.colcon_core.verb:set package 'movement_utils' build argument 'cmake_clean_cache' from command line to 'False'
[0.241s] Level 5:colcon.colcon_core.verb:set package 'movement_utils' build argument 'cmake_clean_first' from command line to 'False'
[0.241s] Level 5:colcon.colcon_core.verb:set package 'movement_utils' build argument 'cmake_force_configure' from command line to 'False'
[0.241s] Level 5:colcon.colcon_core.verb:set package 'movement_utils' build argument 'ament_cmake_args' from command line to 'None'
[0.241s] Level 5:colcon.colcon_core.verb:set package 'movement_utils' build argument 'catkin_cmake_args' from command line to 'None'
[0.241s] Level 5:colcon.colcon_core.verb:set package 'movement_utils' build argument 'catkin_skip_building_tests' from command line to 'False'
[0.241s] DEBUG:colcon.colcon_core.verb:Building package 'movement_utils' with the following arguments: {'ament_cmake_args': None, 'build_base': '/home/paulo/edromufu/src/movement/Ros2_change/build/movement_utils', 'catkin_cmake_args': None, 'catkin_skip_building_tests': False, 'cmake_args': None, 'cmake_clean_cache': False, 'cmake_clean_first': False, 'cmake_force_configure': False, 'cmake_target': None, 'cmake_target_skip_unavailable': False, 'install_base': '/home/paulo/edromufu/src/movement/Ros2_change/install/movement_utils', 'merge_install': False, 'path': '/home/paulo/edromufu/src/movement/Ros2_change/src/movement_utils', 'symlink_install': False, 'test_result_base': None}
[0.241s] Level 5:colcon.colcon_core.verb:set package 'tahara_pages' build argument 'cmake_args' from command line to 'None'
[0.241s] Level 5:colcon.colcon_core.verb:set package 'tahara_pages' build argument 'cmake_target' from command line to 'None'
[0.241s] Level 5:colcon.colcon_core.verb:set package 'tahara_pages' build argument 'cmake_target_skip_unavailable' from command line to 'False'
[0.241s] Level 5:colcon.colcon_core.verb:set package 'tahara_pages' build argument 'cmake_clean_cache' from command line to 'False'
[0.241s] Level 5:colcon.colcon_core.verb:set package 'tahara_pages' build argument 'cmake_clean_first' from command line to 'False'
[0.241s] Level 5:colcon.colcon_core.verb:set package 'tahara_pages' build argument 'cmake_force_configure' from command line to 'False'
[0.241s] Level 5:colcon.colcon_core.verb:set package 'tahara_pages' build argument 'ament_cmake_args' from command line to 'None'
[0.242s] Level 5:colcon.colcon_core.verb:set package 'tahara_pages' build argument 'catkin_cmake_args' from command line to 'None'
[0.242s] Level 5:colcon.colcon_core.verb:set package 'tahara_pages' build argument 'catkin_skip_building_tests' from command line to 'False'
[0.242s] DEBUG:colcon.colcon_core.verb:Building package 'tahara_pages' with the following arguments: {'ament_cmake_args': None, 'build_base': '/home/paulo/edromufu/src/movement/Ros2_change/build/tahara_pages', 'catkin_cmake_args': None, 'catkin_skip_building_tests': False, 'cmake_args': None, 'cmake_clean_cache': False, 'cmake_clean_first': False, 'cmake_force_configure': False, 'cmake_target': None, 'cmake_target_skip_unavailable': False, 'install_base': '/home/paulo/edromufu/src/movement/Ros2_change/install/tahara_pages', 'merge_install': False, 'path': '/home/paulo/edromufu/src/movement/Ros2_change/src/tahara_pages', 'symlink_install': False, 'test_result_base': None}
[0.242s] Level 5:colcon.colcon_core.verb:set package 'urdf_example' build argument 'cmake_args' from command line to 'None'
[0.242s] Level 5:colcon.colcon_core.verb:set package 'urdf_example' build argument 'cmake_target' from command line to 'None'
[0.242s] Level 5:colcon.colcon_core.verb:set package 'urdf_example' build argument 'cmake_target_skip_unavailable' from command line to 'False'
[0.242s] Level 5:colcon.colcon_core.verb:set package 'urdf_example' build argument 'cmake_clean_cache' from command line to 'False'
[0.242s] Level 5:colcon.colcon_core.verb:set package 'urdf_example' build argument 'cmake_clean_first' from command line to 'False'
[0.242s] Level 5:colcon.colcon_core.verb:set package 'urdf_example' build argument 'cmake_force_configure' from command line to 'False'
[0.242s] Level 5:colcon.colcon_core.verb:set package 'urdf_example' build argument 'ament_cmake_args' from command line to 'None'
[0.242s] Level 5:colcon.colcon_core.verb:set package 'urdf_example' build argument 'catkin_cmake_args' from command line to 'None'
[0.242s] Level 5:colcon.colcon_core.verb:set package 'urdf_example' build argument 'catkin_skip_building_tests' from command line to 'False'
[0.242s] DEBUG:colcon.colcon_core.verb:Building package 'urdf_example' with the following arguments: {'ament_cmake_args': None, 'build_base': '/home/paulo/edromufu/src/movement/Ros2_change/build/urdf_example', 'catkin_cmake_args': None, 'catkin_skip_building_tests': False, 'cmake_args': None, 'cmake_clean_cache': False, 'cmake_clean_first': False, 'cmake_force_configure': False, 'cmake_target': None, 'cmake_target_skip_unavailable': False, 'install_base': '/home/paulo/edromufu/src/movement/Ros2_change/install/urdf_example', 'merge_install': False, 'path': '/home/paulo/edromufu/src/movement/Ros2_change/src/urdf_example', 'symlink_install': False, 'test_result_base': None}
[0.242s] Level 5:colcon.colcon_core.verb:set package 'urdf_robox' build argument 'cmake_args' from command line to 'None'
[0.242s] Level 5:colcon.colcon_core.verb:set package 'urdf_robox' build argument 'cmake_target' from command line to 'None'
[0.242s] Level 5:colcon.colcon_core.verb:set package 'urdf_robox' build argument 'cmake_target_skip_unavailable' from command line to 'False'
[0.242s] Level 5:colcon.colcon_core.verb:set package 'urdf_robox' build argument 'cmake_clean_cache' from command line to 'False'
[0.242s] Level 5:colcon.colcon_core.verb:set package 'urdf_robox' build argument 'cmake_clean_first' from command line to 'False'
[0.242s] Level 5:colcon.colcon_core.verb:set package 'urdf_robox' build argument 'cmake_force_configure' from command line to 'False'
[0.242s] Level 5:colcon.colcon_core.verb:set package 'urdf_robox' build argument 'ament_cmake_args' from command line to 'None'
[0.242s] Level 5:colcon.colcon_core.verb:set package 'urdf_robox' build argument 'catkin_cmake_args' from command line to 'None'
[0.242s] Level 5:colcon.colcon_core.verb:set package 'urdf_robox' build argument 'catkin_skip_building_tests' from command line to 'False'
[0.242s] DEBUG:colcon.colcon_core.verb:Building package 'urdf_robox' with the following arguments: {'ament_cmake_args': None, 'build_base': '/home/paulo/edromufu/src/movement/Ros2_change/build/urdf_robox', 'catkin_cmake_args': None, 'catkin_skip_building_tests': False, 'cmake_args': None, 'cmake_clean_cache': False, 'cmake_clean_first': False, 'cmake_force_configure': False, 'cmake_target': None, 'cmake_target_skip_unavailable': False, 'install_base': '/home/paulo/edromufu/src/movement/Ros2_change/install/urdf_robox', 'merge_install': False, 'path': '/home/paulo/edromufu/src/movement/Ros2_change/src/urdf_robox', 'symlink_install': False, 'test_result_base': None}
[0.243s] Level 5:colcon.colcon_core.verb:set package 'humanoid_definition' build argument 'cmake_args' from command line to 'None'
[0.243s] Level 5:colcon.colcon_core.verb:set package 'humanoid_definition' build argument 'cmake_target' from command line to 'None'
[0.243s] Level 5:colcon.colcon_core.verb:set package 'humanoid_definition' build argument 'cmake_target_skip_unavailable' from command line to 'False'
[0.243s] Level 5:colcon.colcon_core.verb:set package 'humanoid_definition' build argument 'cmake_clean_cache' from command line to 'False'
[0.243s] Level 5:colcon.colcon_core.verb:set package 'humanoid_definition' build argument 'cmake_clean_first' from command line to 'False'
[0.243s] Level 5:colcon.colcon_core.verb:set package 'humanoid_definition' build argument 'cmake_force_configure' from command line to 'False'
[0.243s] Level 5:colcon.colcon_core.verb:set package 'humanoid_definition' build argument 'ament_cmake_args' from command line to 'None'
[0.243s] Level 5:colcon.colcon_core.verb:set package 'humanoid_definition' build argument 'catkin_cmake_args' from command line to 'None'
[0.243s] Level 5:colcon.colcon_core.verb:set package 'humanoid_definition' build argument 'catkin_skip_building_tests' from command line to 'False'
[0.243s] DEBUG:colcon.colcon_core.verb:Building package 'humanoid_definition' with the following arguments: {'ament_cmake_args': None, 'build_base': '/home/paulo/edromufu/src/movement/Ros2_change/build/humanoid_definition', 'catkin_cmake_args': None, 'catkin_skip_building_tests': False, 'cmake_args': None, 'cmake_clean_cache': False, 'cmake_clean_first': False, 'cmake_force_configure': False, 'cmake_target': None, 'cmake_target_skip_unavailable': False, 'install_base': '/home/paulo/edromufu/src/movement/Ros2_change/install/humanoid_definition', 'merge_install': False, 'path': '/home/paulo/edromufu/src/movement/Ros2_change/src/humanoid_definition', 'symlink_install': False, 'test_result_base': None}
[0.243s] Level 5:colcon.colcon_core.verb:set package 'micro_ros_agent' build argument 'cmake_args' from command line to 'None'
[0.243s] Level 5:colcon.colcon_core.verb:set package 'micro_ros_agent' build argument 'cmake_target' from command line to 'None'
[0.243s] Level 5:colcon.colcon_core.verb:set package 'micro_ros_agent' build argument 'cmake_target_skip_unavailable' from command line to 'False'
[0.243s] Level 5:colcon.colcon_core.verb:set package 'micro_ros_agent' build argument 'cmake_clean_cache' from command line to 'False'
[0.243s] Level 5:colcon.colcon_core.verb:set package 'micro_ros_agent' build argument 'cmake_clean_first' from command line to 'False'
[0.243s] Level 5:colcon.colcon_core.verb:set package 'micro_ros_agent' build argument 'cmake_force_configure' from command line to 'False'
[0.243s] Level 5:colcon.colcon_core.verb:set package 'micro_ros_agent' build argument 'ament_cmake_args' from command line to 'None'
[0.243s] Level 5:colcon.colcon_core.verb:set package 'micro_ros_agent' build argument 'catkin_cmake_args' from command line to 'None'
[0.243s] Level 5:colcon.colcon_core.verb:set package 'micro_ros_agent' build argument 'catkin_skip_building_tests' from command line to 'False'
[0.243s] DEBUG:colcon.colcon_core.verb:Building package 'micro_ros_agent' with the following arguments: {'ament_cmake_args': None, 'build_base': '/home/paulo/edromufu/src/movement/Ros2_change/build/micro_ros_agent', 'catkin_cmake_args': None, 'catkin_skip_building_tests': False, 'cmake_args': None, 'cmake_clean_cache': False, 'cmake_clean_first': False, 'cmake_force_configure': False, 'cmake_target': None, 'cmake_target_skip_unavailable': False, 'install_base': '/home/paulo/edromufu/src/movement/Ros2_change/install/micro_ros_agent', 'merge_install': False, 'path': '/home/paulo/edromufu/src/movement/Ros2_change/src/micro_ros/uros/micro-ROS-Agent/micro_ros_agent', 'symlink_install': False, 'test_result_base': None}
[0.244s] Level 5:colcon.colcon_core.verb:set package 'movement_functions' build argument 'cmake_args' from command line to 'None'
[0.244s] Level 5:colcon.colcon_core.verb:set package 'movement_functions' build argument 'cmake_target' from command line to 'None'
[0.244s] Level 5:colcon.colcon_core.verb:set package 'movement_functions' build argument 'cmake_target_skip_unavailable' from command line to 'False'
[0.244s] Level 5:colcon.colcon_core.verb:set package 'movement_functions' build argument 'cmake_clean_cache' from command line to 'False'
[0.244s] Level 5:colcon.colcon_core.verb:set package 'movement_functions' build argument 'cmake_clean_first' from command line to 'False'
[0.244s] Level 5:colcon.colcon_core.verb:set package 'movement_functions' build argument 'cmake_force_configure' from command line to 'False'
[0.244s] Level 5:colcon.colcon_core.verb:set package 'movement_functions' build argument 'ament_cmake_args' from command line to 'None'
[0.244s] Level 5:colcon.colcon_core.verb:set package 'movement_functions' build argument 'catkin_cmake_args' from command line to 'None'
[0.244s] Level 5:colcon.colcon_core.verb:set package 'movement_functions' build argument 'catkin_skip_building_tests' from command line to 'False'
[0.244s] DEBUG:colcon.colcon_core.verb:Building package 'movement_functions' with the following arguments: {'ament_cmake_args': None, 'build_base': '/home/paulo/edromufu/src/movement/Ros2_change/build/movement_functions', 'catkin_cmake_args': None, 'catkin_skip_building_tests': False, 'cmake_args': None, 'cmake_clean_cache': False, 'cmake_clean_first': False, 'cmake_force_configure': False, 'cmake_target': None, 'cmake_target_skip_unavailable': False, 'install_base': '/home/paulo/edromufu/src/movement/Ros2_change/install/movement_functions', 'merge_install': False, 'path': '/home/paulo/edromufu/src/movement/Ros2_change/src/movement_functions', 'symlink_install': False, 'test_result_base': None}
[0.244s] Level 5:colcon.colcon_core.verb:set package 'movement_pages' build argument 'cmake_args' from command line to 'None'
[0.244s] Level 5:colcon.colcon_core.verb:set package 'movement_pages' build argument 'cmake_target' from command line to 'None'
[0.244s] Level 5:colcon.colcon_core.verb:set package 'movement_pages' build argument 'cmake_target_skip_unavailable' from command line to 'False'
[0.244s] Level 5:colcon.colcon_core.verb:set package 'movement_pages' build argument 'cmake_clean_cache' from command line to 'False'
[0.244s] Level 5:colcon.colcon_core.verb:set package 'movement_pages' build argument 'cmake_clean_first' from command line to 'False'
[0.244s] Level 5:colcon.colcon_core.verb:set package 'movement_pages' build argument 'cmake_force_configure' from command line to 'False'
[0.244s] Level 5:colcon.colcon_core.verb:set package 'movement_pages' build argument 'ament_cmake_args' from command line to 'None'
[0.244s] Level 5:colcon.colcon_core.verb:set package 'movement_pages' build argument 'catkin_cmake_args' from command line to 'None'
[0.244s] Level 5:colcon.colcon_core.verb:set package 'movement_pages' build argument 'catkin_skip_building_tests' from command line to 'False'
[0.244s] DEBUG:colcon.colcon_core.verb:Building package 'movement_pages' with the following arguments: {'ament_cmake_args': None, 'build_base': '/home/paulo/edromufu/src/movement/Ros2_change/build/movement_pages', 'catkin_cmake_args': None, 'catkin_skip_building_tests': False, 'cmake_args': None, 'cmake_clean_cache': False, 'cmake_clean_first': False, 'cmake_force_configure': False, 'cmake_target': None, 'cmake_target_skip_unavailable': False, 'install_base': '/home/paulo/edromufu/src/movement/Ros2_change/install/movement_pages', 'merge_install': False, 'path': '/home/paulo/edromufu/src/movement/Ros2_change/src/movement_pages', 'symlink_install': False, 'test_result_base': None}
[0.244s] Level 5:colcon.colcon_core.verb:set package 'u2d2_comm' build argument 'cmake_args' from command line to 'None'
[0.244s] Level 5:colcon.colcon_core.verb:set package 'u2d2_comm' build argument 'cmake_target' from command line to 'None'
[0.244s] Level 5:colcon.colcon_core.verb:set package 'u2d2_comm' build argument 'cmake_target_skip_unavailable' from command line to 'False'
[0.245s] Level 5:colcon.colcon_core.verb:set package 'u2d2_comm' build argument 'cmake_clean_cache' from command line to 'False'
[0.245s] Level 5:colcon.colcon_core.verb:set package 'u2d2_comm' build argument 'cmake_clean_first' from command line to 'False'
[0.245s] Level 5:colcon.colcon_core.verb:set package 'u2d2_comm' build argument 'cmake_force_configure' from command line to 'False'
[0.245s] Level 5:colcon.colcon_core.verb:set package 'u2d2_comm' build argument 'ament_cmake_args' from command line to 'None'
[0.245s] Level 5:colcon.colcon_core.verb:set package 'u2d2_comm' build argument 'catkin_cmake_args' from command line to 'None'
[0.245s] Level 5:colcon.colcon_core.verb:set package 'u2d2_comm' build argument 'catkin_skip_building_tests' from command line to 'False'
[0.245s] DEBUG:colcon.colcon_core.verb:Building package 'u2d2_comm' with the following arguments: {'ament_cmake_args': None, 'build_base': '/home/paulo/edromufu/src/movement/Ros2_change/build/u2d2_comm', 'catkin_cmake_args': None, 'catkin_skip_building_tests': False, 'cmake_args': None, 'cmake_clean_cache': False, 'cmake_clean_first': False, 'cmake_force_configure': False, 'cmake_target': None, 'cmake_target_skip_unavailable': False, 'install_base': '/home/paulo/edromufu/src/movement/Ros2_change/install/u2d2_comm', 'merge_install': False, 'path': '/home/paulo/edromufu/src/movement/Ros2_change/src/u2d2_comm', 'symlink_install': False, 'test_result_base': None}
[0.245s] Level 5:colcon.colcon_core.verb:set package 'movement_core' build argument 'cmake_args' from command line to 'None'
[0.245s] Level 5:colcon.colcon_core.verb:set package 'movement_core' build argument 'cmake_target' from command line to 'None'
[0.245s] Level 5:colcon.colcon_core.verb:set package 'movement_core' build argument 'cmake_target_skip_unavailable' from command line to 'False'
[0.245s] Level 5:colcon.colcon_core.verb:set package 'movement_core' build argument 'cmake_clean_cache' from command line to 'False'
[0.245s] Level 5:colcon.colcon_core.verb:set package 'movement_core' build argument 'cmake_clean_first' from command line to 'False'
[0.245s] Level 5:colcon.colcon_core.verb:set package 'movement_core' build argument 'cmake_force_configure' from command line to 'False'
[0.245s] Level 5:colcon.colcon_core.verb:set package 'movement_core' build argument 'ament_cmake_args' from command line to 'None'
[0.245s] Level 5:colcon.colcon_core.verb:set package 'movement_core' build argument 'catkin_cmake_args' from command line to 'None'
[0.245s] Level 5:colcon.colcon_core.verb:set package 'movement_core' build argument 'catkin_skip_building_tests' from command line to 'False'
[0.245s] DEBUG:colcon.colcon_core.verb:Building package 'movement_core' with the following arguments: {'ament_cmake_args': None, 'build_base': '/home/paulo/edromufu/src/movement/Ros2_change/build/movement_core', 'catkin_cmake_args': None, 'catkin_skip_building_tests': False, 'cmake_args': None, 'cmake_clean_cache': False, 'cmake_clean_first': False, 'cmake_force_configure': False, 'cmake_target': None, 'cmake_target_skip_unavailable': False, 'install_base': '/home/paulo/edromufu/src/movement/Ros2_change/install/movement_core', 'merge_install': False, 'path': '/home/paulo/edromufu/src/movement/Ros2_change/src/movement_core', 'symlink_install': False, 'test_result_base': None}
[0.245s] INFO:colcon.colcon_core.executor:Executing jobs using 'parallel' executor
[0.247s] DEBUG:colcon.colcon_parallel_executor.executor.parallel:run_until_complete
[0.247s] INFO:colcon.colcon_ros.task.ament_python.build:Building ROS package in '/home/paulo/edromufu/src/movement/Ros2_change/src/kinematic_functions' with build type 'ament_python'
[0.247s] Level 1:colcon.colcon_core.shell:create_environment_hook('kinematic_functions', 'ament_prefix_path')
[0.249s] INFO:colcon.colcon_core.plugin_system:Skipping extension 'colcon_core.shell.bat': Not used on non-Windows systems
[0.249s] INFO:colcon.colcon_core.shell:Creating environment hook '/home/paulo/edromufu/src/movement/Ros2_change/install/kinematic_functions/share/kinematic_functions/hook/ament_prefix_path.ps1'
[0.249s] INFO:colcon.colcon_core.shell:Creating environment descriptor '/home/paulo/edromufu/src/movement/Ros2_change/install/kinematic_functions/share/kinematic_functions/hook/ament_prefix_path.dsv'
[0.250s] INFO:colcon.colcon_core.shell:Creating environment hook '/home/paulo/edromufu/src/movement/Ros2_change/install/kinematic_functions/share/kinematic_functions/hook/ament_prefix_path.sh'
[0.250s] INFO:colcon.colcon_core.shell:Skip shell extension 'powershell' for command environment: Not usable outside of PowerShell
[0.250s] DEBUG:colcon.colcon_core.shell:Skip shell extension 'dsv' for command environment
[0.253s] INFO:colcon.colcon_ros.task.ament_cmake.build:Building ROS package in '/home/paulo/edromufu/src/movement/Ros2_change/src/movement_utils' with build type 'ament_cmake'
[0.253s] INFO:colcon.colcon_cmake.task.cmake.build:Building CMake package in '/home/paulo/edromufu/src/movement/Ros2_change/src/movement_utils'
[0.253s] INFO:colcon.colcon_core.shell:Skip shell extension 'powershell' for command environment: Not usable outside of PowerShell
[0.253s] DEBUG:colcon.colcon_core.shell:Skip shell extension 'dsv' for command environment
[0.255s] INFO:colcon.colcon_ros.task.ament_cmake.build:Building ROS package in '/home/paulo/edromufu/src/movement/Ros2_change/src/micro_ros/uros/micro_ros_msgs' with build type 'ament_cmake'
[0.255s] INFO:colcon.colcon_cmake.task.cmake.build:Building CMake package in '/home/paulo/edromufu/src/movement/Ros2_change/src/micro_ros/uros/micro_ros_msgs'
[0.255s] INFO:colcon.colcon_core.shell:Skip shell extension 'powershell' for command environment: Not usable outside of PowerShell
[0.255s] DEBUG:colcon.colcon_core.shell:Skip shell extension 'dsv' for command environment
[0.258s] INFO:colcon.colcon_ros.task.ament_python.build:Building ROS package in '/home/paulo/edromufu/src/movement/Ros2_change/src/erro_package' with build type 'ament_python'
[0.259s] Level 1:colcon.colcon_core.shell:create_environment_hook('erro_package', 'ament_prefix_path')
[0.259s] INFO:colcon.colcon_core.shell:Creating environment hook '/home/paulo/edromufu/src/movement/Ros2_change/install/erro_package/share/erro_package/hook/ament_prefix_path.ps1'
[0.259s] INFO:colcon.colcon_core.shell:Creating environment descriptor '/home/paulo/edromufu/src/movement/Ros2_change/install/erro_package/share/erro_package/hook/ament_prefix_path.dsv'
[0.275s] INFO:colcon.colcon_core.shell:Creating environment hook '/home/paulo/edromufu/src/movement/Ros2_change/install/erro_package/share/erro_package/hook/ament_prefix_path.sh'
[0.276s] INFO:colcon.colcon_core.shell:Skip shell extension 'powershell' for command environment: Not usable outside of PowerShell
[0.276s] DEBUG:colcon.colcon_core.shell:Skip shell extension 'dsv' for command environment
[0.279s] INFO:colcon.colcon_ros.task.ament_cmake.build:Building ROS package in '/home/paulo/edromufu/src/movement/Ros2_change/src/humanoid_visualization' with build type 'ament_cmake'
[0.279s] INFO:colcon.colcon_cmake.task.cmake.build:Building CMake package in '/home/paulo/edromufu/src/movement/Ros2_change/src/humanoid_visualization'
[0.279s] INFO:colcon.colcon_core.shell:Skip shell extension 'powershell' for command environment: Not usable outside of PowerShell
[0.279s] DEBUG:colcon.colcon_core.shell:Skip shell extension 'dsv' for command environment
[0.283s] INFO:colcon.colcon_ros.task.ament_python.build:Building ROS package in '/home/paulo/edromufu/src/movement/Ros2_change/src/tahara_pages' with build type 'ament_python'
[0.283s] Level 1:colcon.colcon_core.shell:create_environment_hook('tahara_pages', 'ament_prefix_path')
[0.283s] INFO:colcon.colcon_core.shell:Creating environment hook '/home/paulo/edromufu/src/movement/Ros2_change/install/tahara_pages/share/tahara_pages/hook/ament_prefix_path.ps1'
[0.283s] INFO:colcon.colcon_core.shell:Creating environment descriptor '/home/paulo/edromufu/src/movement/Ros2_change/install/tahara_pages/share/tahara_pages/hook/ament_prefix_path.dsv'
[0.284s] INFO:colcon.colcon_core.shell:Creating environment hook '/home/paulo/edromufu/src/movement/Ros2_change/install/tahara_pages/share/tahara_pages/hook/ament_prefix_path.sh'
[0.284s] INFO:colcon.colcon_core.shell:Skip shell extension 'powershell' for command environment: Not usable outside of PowerShell
[0.284s] DEBUG:colcon.colcon_core.shell:Skip shell extension 'dsv' for command environment
[0.287s] INFO:colcon.colcon_ros.task.ament_cmake.build:Building ROS package in '/home/paulo/edromufu/src/movement/Ros2_change/src/urdf_example' with build type 'ament_cmake'
[0.287s] INFO:colcon.colcon_cmake.task.cmake.build:Building CMake package in '/home/paulo/edromufu/src/movement/Ros2_change/src/urdf_example'
[0.287s] INFO:colcon.colcon_core.shell:Skip shell extension 'powershell' for command environment: Not usable outside of PowerShell
[0.287s] DEBUG:colcon.colcon_core.shell:Skip shell extension 'dsv' for command environment
[0.290s] INFO:colcon.colcon_ros.task.ament_cmake.build:Building ROS package in '/home/paulo/edromufu/src/movement/Ros2_change/src/urdf_robox' with build type 'ament_cmake'
[0.290s] INFO:colcon.colcon_cmake.task.cmake.build:Building CMake package in '/home/paulo/edromufu/src/movement/Ros2_change/src/urdf_robox'
[0.290s] INFO:colcon.colcon_core.shell:Skip shell extension 'powershell' for command environment: Not usable outside of PowerShell
[0.290s] DEBUG:colcon.colcon_core.shell:Skip shell extension 'dsv' for command environment
[0.457s] INFO:colcon.colcon_core.task.python.build:Building Python package in '/home/paulo/edromufu/src/movement/Ros2_change/src/kinematic_functions'
[0.458s] INFO:colcon.colcon_core.shell:Skip shell extension 'powershell' for command environment: Not usable outside of PowerShell
[0.458s] DEBUG:colcon.colcon_core.shell:Skip shell extension 'dsv' for command environment
[0.463s] DEBUG:colcon.colcon_core.event_handler.log_command:Invoking command in '/home/paulo/edromufu/src/movement/Ros2_change/build/movement_utils': CMAKE_PREFIX_PATH=${CMAKE_PREFIX_PATH}:/home/paulo/edromufu/src/movement/Ros2_change/install/u2d2_comm:/home/paulo/edromufu/src/movement/Ros2_change/install/tahara_pages:/home/paulo/edromufu/src/movement/Ros2_change/install/pot_package:/home/paulo/edromufu/src/movement/Ros2_change/install/movement_core:/home/paulo/edromufu/src/movement/Ros2_change/install/movement_pages:/home/paulo/edromufu/src/movement/Ros2_change/install/movement_functions:/home/paulo/edromufu/src/movement/Ros2_change/install/humanoid_definition:/home/paulo/edromufu/src/movement/Ros2_change/install/kinematic_functions:/home/paulo/edromufu/src/movement/Ros2_change/install/erro_package:/opt/ros/humble /usr/bin/cmake --build /home/paulo/edromufu/src/movement/Ros2_change/build/movement_utils -- -j12 -l12
[0.465s] DEBUG:colcon.colcon_core.event_handler.log_command:Invoking command in '/home/paulo/edromufu/src/movement/Ros2_change/build/micro_ros_msgs': CMAKE_PREFIX_PATH=${CMAKE_PREFIX_PATH}:/home/paulo/edromufu/src/movement/Ros2_change/install/u2d2_comm:/home/paulo/edromufu/src/movement/Ros2_change/install/tahara_pages:/home/paulo/edromufu/src/movement/Ros2_change/install/pot_package:/home/paulo/edromufu/src/movement/Ros2_change/install/movement_core:/home/paulo/edromufu/src/movement/Ros2_change/install/movement_pages:/home/paulo/edromufu/src/movement/Ros2_change/install/movement_functions:/home/paulo/edromufu/src/movement/Ros2_change/install/humanoid_definition:/home/paulo/edromufu/src/movement/Ros2_change/install/kinematic_functions:/home/paulo/edromufu/src/movement/Ros2_change/install/erro_package:/opt/ros/humble /usr/bin/cmake --build /home/paulo/edromufu/src/movement/Ros2_change/build/micro_ros_msgs -- -j12 -l12
[0.717s] INFO:colcon.colcon_core.task.python.build:Building Python package in '/home/paulo/edromufu/src/movement/Ros2_change/src/erro_package'
[0.717s] INFO:colcon.colcon_core.shell:Skip shell extension 'powershell' for command environment: Not usable outside of PowerShell
[0.717s] DEBUG:colcon.colcon_core.shell:Skip shell extension 'dsv' for command environment
[0.726s] DEBUG:colcon.colcon_core.event_handler.log_command:Invoking command in '/home/paulo/edromufu/src/movement/Ros2_change/build/humanoid_visualization': CMAKE_PREFIX_PATH=${CMAKE_PREFIX_PATH}:/home/paulo/edromufu/src/movement/Ros2_change/install/u2d2_comm:/home/paulo/edromufu/src/movement/Ros2_change/install/tahara_pages:/home/paulo/edromufu/src/movement/Ros2_change/install/pot_package:/home/paulo/edromufu/src/movement/Ros2_change/install/movement_core:/home/paulo/edromufu/src/movement/Ros2_change/install/movement_pages:/home/paulo/edromufu/src/movement/Ros2_change/install/movement_functions:/home/paulo/edromufu/src/movement/Ros2_change/install/humanoid_definition:/home/paulo/edromufu/src/movement/Ros2_change/install/kinematic_functions:/home/paulo/edromufu/src/movement/Ros2_change/install/erro_package:/opt/ros/humble /usr/bin/cmake --build /home/paulo/edromufu/src/movement/Ros2_change/build/humanoid_visualization -- -j12 -l12
[0.918s] INFO:colcon.colcon_core.task.python.build:Building Python package in '/home/paulo/edromufu/src/movement/Ros2_change/src/tahara_pages'
[0.918s] INFO:colcon.colcon_core.shell:Skip shell extension 'powershell' for command environment: Not usable outside of PowerShell
[0.918s] DEBUG:colcon.colcon_core.shell:Skip shell extension 'dsv' for command environment
[0.924s] DEBUG:colcon.colcon_core.event_handler.log_command:Invoking command in '/home/paulo/edromufu/src/movement/Ros2_change/build/urdf_example': CMAKE_PREFIX_PATH=${CMAKE_PREFIX_PATH}:/home/paulo/edromufu/src/movement/Ros2_change/install/u2d2_comm:/home/paulo/edromufu/src/movement/Ros2_change/install/tahara_pages:/home/paulo/edromufu/src/movement/Ros2_change/install/pot_package:/home/paulo/edromufu/src/movement/Ros2_change/install/movement_core:/home/paulo/edromufu/src/movement/Ros2_change/install/movement_pages:/home/paulo/edromufu/src/movement/Ros2_change/install/movement_functions:/home/paulo/edromufu/src/movement/Ros2_change/install/humanoid_definition:/home/paulo/edromufu/src/movement/Ros2_change/install/kinematic_functions:/home/paulo/edromufu/src/movement/Ros2_change/install/erro_package:/opt/ros/humble /usr/bin/cmake --build /home/paulo/edromufu/src/movement/Ros2_change/build/urdf_example -- -j12 -l12
[0.937s] DEBUG:colcon.colcon_core.event_handler.log_command:Invoking command in '/home/paulo/edromufu/src/movement/Ros2_change/build/urdf_robox': CMAKE_PREFIX_PATH=${CMAKE_PREFIX_PATH}:/home/paulo/edromufu/src/movement/Ros2_change/install/u2d2_comm:/home/paulo/edromufu/src/movement/Ros2_change/install/tahara_pages:/home/paulo/edromufu/src/movement/Ros2_change/install/pot_package:/home/paulo/edromufu/src/movement/Ros2_change/install/movement_core:/home/paulo/edromufu/src/movement/Ros2_change/install/movement_pages:/home/paulo/edromufu/src/movement/Ros2_change/install/movement_functions:/home/paulo/edromufu/src/movement/Ros2_change/install/humanoid_definition:/home/paulo/edromufu/src/movement/Ros2_change/install/kinematic_functions:/home/paulo/edromufu/src/movement/Ros2_change/install/erro_package:/opt/ros/humble /usr/bin/cmake --build /home/paulo/edromufu/src/movement/Ros2_change/build/urdf_robox -- -j12 -l12
[0.937s] DEBUG:colcon.colcon_core.event_handler.log_command:Invoked command in '/home/paulo/edromufu/src/movement/Ros2_change/build/humanoid_visualization' returned '0': CMAKE_PREFIX_PATH=${CMAKE_PREFIX_PATH}:/home/paulo/edromufu/src/movement/Ros2_change/install/u2d2_comm:/home/paulo/edromufu/src/movement/Ros2_change/install/tahara_pages:/home/paulo/edromufu/src/movement/Ros2_change/install/pot_package:/home/paulo/edromufu/src/movement/Ros2_change/install/movement_core:/home/paulo/edromufu/src/movement/Ros2_change/install/movement_pages:/home/paulo/edromufu/src/movement/Ros2_change/install/movement_functions:/home/paulo/edromufu/src/movement/Ros2_change/install/humanoid_definition:/home/paulo/edromufu/src/movement/Ros2_change/install/kinematic_functions:/home/paulo/edromufu/src/movement/Ros2_change/install/erro_package:/opt/ros/humble /usr/bin/cmake --build /home/paulo/edromufu/src/movement/Ros2_change/build/humanoid_visualization -- -j12 -l12
[0.938s] DEBUG:colcon.colcon_core.event_handler.log_command:Invoked command in '/home/paulo/edromufu/src/movement/Ros2_change/build/movement_utils' returned '0': CMAKE_PREFIX_PATH=${CMAKE_PREFIX_PATH}:/home/paulo/edromufu/src/movement/Ros2_change/install/u2d2_comm:/home/paulo/edromufu/src/movement/Ros2_change/install/tahara_pages:/home/paulo/edromufu/src/movement/Ros2_change/install/pot_package:/home/paulo/edromufu/src/movement/Ros2_change/install/movement_core:/home/paulo/edromufu/src/movement/Ros2_change/install/movement_pages:/home/paulo/edromufu/src/movement/Ros2_change/install/movement_functions:/home/paulo/edromufu/src/movement/Ros2_change/install/humanoid_definition:/home/paulo/edromufu/src/movement/Ros2_change/install/kinematic_functions:/home/paulo/edromufu/src/movement/Ros2_change/install/erro_package:/opt/ros/humble /usr/bin/cmake --build /home/paulo/edromufu/src/movement/Ros2_change/build/movement_utils -- -j12 -l12
[0.939s] DEBUG:colcon.colcon_core.event_handler.log_command:Invoked command in '/home/paulo/edromufu/src/movement/Ros2_change/build/micro_ros_msgs' returned '0': CMAKE_PREFIX_PATH=${CMAKE_PREFIX_PATH}:/home/paulo/edromufu/src/movement/Ros2_change/install/u2d2_comm:/home/paulo/edromufu/src/movement/Ros2_change/install/tahara_pages:/home/paulo/edromufu/src/movement/Ros2_change/install/pot_package:/home/paulo/edromufu/src/movement/Ros2_change/install/movement_core:/home/paulo/edromufu/src/movement/Ros2_change/install/movement_pages:/home/paulo/edromufu/src/movement/Ros2_change/install/movement_functions:/home/paulo/edromufu/src/movement/Ros2_change/install/humanoid_definition:/home/paulo/edromufu/src/movement/Ros2_change/install/kinematic_functions:/home/paulo/edromufu/src/movement/Ros2_change/install/erro_package:/opt/ros/humble /usr/bin/cmake --build /home/paulo/edromufu/src/movement/Ros2_change/build/micro_ros_msgs -- -j12 -l12
[0.960s] DEBUG:colcon.colcon_core.event_handler.log_command:Invoking command in '/home/paulo/edromufu/src/movement/Ros2_change/build/humanoid_visualization': CMAKE_PREFIX_PATH=${CMAKE_PREFIX_PATH}:/home/paulo/edromufu/src/movement/Ros2_change/install/u2d2_comm:/home/paulo/edromufu/src/movement/Ros2_change/install/tahara_pages:/home/paulo/edromufu/src/movement/Ros2_change/install/pot_package:/home/paulo/edromufu/src/movement/Ros2_change/install/movement_core:/home/paulo/edromufu/src/movement/Ros2_change/install/movement_pages:/home/paulo/edromufu/src/movement/Ros2_change/install/movement_functions:/home/paulo/edromufu/src/movement/Ros2_change/install/humanoid_definition:/home/paulo/edromufu/src/movement/Ros2_change/install/kinematic_functions:/home/paulo/edromufu/src/movement/Ros2_change/install/erro_package:/opt/ros/humble /usr/bin/cmake --install /home/paulo/edromufu/src/movement/Ros2_change/build/humanoid_visualization
[0.962s] DEBUG:colcon.colcon_core.event_handler.log_command:Invoked command in '/home/paulo/edromufu/src/movement/Ros2_change/build/urdf_example' returned '0': CMAKE_PREFIX_PATH=${CMAKE_PREFIX_PATH}:/home/paulo/edromufu/src/movement/Ros2_change/install/u2d2_comm:/home/paulo/edromufu/src/movement/Ros2_change/install/tahara_pages:/home/paulo/edromufu/src/movement/Ros2_change/install/pot_package:/home/paulo/edromufu/src/movement/Ros2_change/install/movement_core:/home/paulo/edromufu/src/movement/Ros2_change/install/movement_pages:/home/paulo/edromufu/src/movement/Ros2_change/install/movement_functions:/home/paulo/edromufu/src/movement/Ros2_change/install/humanoid_definition:/home/paulo/edromufu/src/movement/Ros2_change/install/kinematic_functions:/home/paulo/edromufu/src/movement/Ros2_change/install/erro_package:/opt/ros/humble /usr/bin/cmake --build /home/paulo/edromufu/src/movement/Ros2_change/build/urdf_example -- -j12 -l12
[0.967s] DEBUG:colcon.colcon_core.event_handler.log_command:Invoked command in '/home/paulo/edromufu/src/movement/Ros2_change/build/urdf_robox' returned '0': CMAKE_PREFIX_PATH=${CMAKE_PREFIX_PATH}:/home/paulo/edromufu/src/movement/Ros2_change/install/u2d2_comm:/home/paulo/edromufu/src/movement/Ros2_change/install/tahara_pages:/home/paulo/edromufu/src/movement/Ros2_change/install/pot_package:/home/paulo/edromufu/src/movement/Ros2_change/install/movement_core:/home/paulo/edromufu/src/movement/Ros2_change/install/movement_pages:/home/paulo/edromufu/src/movement/Ros2_change/install/movement_functions:/home/paulo/edromufu/src/movement/Ros2_change/install/humanoid_definition:/home/paulo/edromufu/src/movement/Ros2_change/install/kinematic_functions:/home/paulo/edromufu/src/movement/Ros2_change/install/erro_package:/opt/ros/humble /usr/bin/cmake --build /home/paulo/edromufu/src/movement/Ros2_change/build/urdf_robox -- -j12 -l12
[0.971s] Level 1:colcon.colcon_core.environment:create_environment_scripts_only(humanoid_visualization)
[0.972s] DEBUG:colcon.colcon_core.event_handler.log_command:Invoked command in '/home/paulo/edromufu/src/movement/Ros2_change/build/humanoid_visualization' returned '0': CMAKE_PREFIX_PATH=${CMAKE_PREFIX_PATH}:/home/paulo/edromufu/src/movement/Ros2_change/install/u2d2_comm:/home/paulo/edromufu/src/movement/Ros2_change/install/tahara_pages:/home/paulo/edromufu/src/movement/Ros2_change/install/pot_package:/home/paulo/edromufu/src/movement/Ros2_change/install/movement_core:/home/paulo/edromufu/src/movement/Ros2_change/install/movement_pages:/home/paulo/edromufu/src/movement/Ros2_change/install/movement_functions:/home/paulo/edromufu/src/movement/Ros2_change/install/humanoid_definition:/home/paulo/edromufu/src/movement/Ros2_change/install/kinematic_functions:/home/paulo/edromufu/src/movement/Ros2_change/install/erro_package:/opt/ros/humble /usr/bin/cmake --install /home/paulo/edromufu/src/movement/Ros2_change/build/humanoid_visualization
[0.975s] Level 1:colcon.colcon_core.environment:checking '/home/paulo/edromufu/src/movement/Ros2_change/install/humanoid_visualization' for CMake module files
[0.976s] Level 1:colcon.colcon_core.environment:checking '/home/paulo/edromufu/src/movement/Ros2_change/install/humanoid_visualization' for CMake config files
[0.976s] Level 1:colcon.colcon_core.shell:create_environment_hook('humanoid_visualization', 'cmake_prefix_path')
[0.977s] INFO:colcon.colcon_core.shell:Creating environment hook '/home/paulo/edromufu/src/movement/Ros2_change/install/humanoid_visualization/share/humanoid_visualization/hook/cmake_prefix_path.ps1'
[0.978s] INFO:colcon.colcon_core.shell:Creating environment descriptor '/home/paulo/edromufu/src/movement/Ros2_change/install/humanoid_visualization/share/humanoid_visualization/hook/cmake_prefix_path.dsv'
[0.978s] INFO:colcon.colcon_core.shell:Creating environment hook '/home/paulo/edromufu/src/movement/Ros2_change/install/humanoid_visualization/share/humanoid_visualization/hook/cmake_prefix_path.sh'
[0.980s] Level 1:colcon.colcon_core.environment:checking '/home/paulo/edromufu/src/movement/Ros2_change/install/humanoid_visualization/bin'
[0.980s] Level 1:colcon.colcon_core.environment:checking '/home/paulo/edromufu/src/movement/Ros2_change/install/humanoid_visualization/lib/pkgconfig/humanoid_visualization.pc'
[0.981s] Level 1:colcon.colcon_core.environment:checking '/home/paulo/edromufu/src/movement/Ros2_change/install/humanoid_visualization/lib/python3.10/site-packages'
[0.981s] Level 1:colcon.colcon_core.environment:checking '/home/paulo/edromufu/src/movement/Ros2_change/install/humanoid_visualization/bin'
[0.982s] INFO:colcon.colcon_core.shell:Creating package script '/home/paulo/edromufu/src/movement/Ros2_change/install/humanoid_visualization/share/humanoid_visualization/package.ps1'
[0.983s] INFO:colcon.colcon_core.shell:Creating package descriptor '/home/paulo/edromufu/src/movement/Ros2_change/install/humanoid_visualization/share/humanoid_visualization/package.dsv'
[0.984s] INFO:colcon.colcon_core.shell:Creating package script '/home/paulo/edromufu/src/movement/Ros2_change/install/humanoid_visualization/share/humanoid_visualization/package.sh'
[0.985s] INFO:colcon.colcon_core.shell:Creating package script '/home/paulo/edromufu/src/movement/Ros2_change/install/humanoid_visualization/share/humanoid_visualization/package.bash'
[0.986s] INFO:colcon.colcon_core.shell:Creating package script '/home/paulo/edromufu/src/movement/Ros2_change/install/humanoid_visualization/share/humanoid_visualization/package.zsh'
[0.987s] Level 1:colcon.colcon_core.environment:create_file_with_runtime_dependencies(/home/paulo/edromufu/src/movement/Ros2_change/install/humanoid_visualization/share/colcon-core/packages/humanoid_visualization)
[0.990s] DEBUG:colcon.colcon_core.event_handler.log_command:Invoking command in '/home/paulo/edromufu/src/movement/Ros2_change/build/urdf_example': CMAKE_PREFIX_PATH=${CMAKE_PREFIX_PATH}:/home/paulo/edromufu/src/movement/Ros2_change/install/u2d2_comm:/home/paulo/edromufu/src/movement/Ros2_change/install/tahara_pages:/home/paulo/edromufu/src/movement/Ros2_change/install/pot_package:/home/paulo/edromufu/src/movement/Ros2_change/install/movement_core:/home/paulo/edromufu/src/movement/Ros2_change/install/movement_pages:/home/paulo/edromufu/src/movement/Ros2_change/install/movement_functions:/home/paulo/edromufu/src/movement/Ros2_change/install/humanoid_definition:/home/paulo/edromufu/src/movement/Ros2_change/install/kinematic_functions:/home/paulo/edromufu/src/movement/Ros2_change/install/erro_package:/opt/ros/humble /usr/bin/cmake --install /home/paulo/edromufu/src/movement/Ros2_change/build/urdf_example
[0.993s] DEBUG:colcon.colcon_core.event_handler.log_command:Invoking command in '/home/paulo/edromufu/src/movement/Ros2_change/build/urdf_robox': CMAKE_PREFIX_PATH=${CMAKE_PREFIX_PATH}:/home/paulo/edromufu/src/movement/Ros2_change/install/u2d2_comm:/home/paulo/edromufu/src/movement/Ros2_change/install/tahara_pages:/home/paulo/edromufu/src/movement/Ros2_change/install/pot_package:/home/paulo/edromufu/src/movement/Ros2_change/install/movement_core:/home/paulo/edromufu/src/movement/Ros2_change/install/movement_pages:/home/paulo/edromufu/src/movement/Ros2_change/install/movement_functions:/home/paulo/edromufu/src/movement/Ros2_change/install/humanoid_definition:/home/paulo/edromufu/src/movement/Ros2_change/install/kinematic_functions:/home/paulo/edromufu/src/movement/Ros2_change/install/erro_package:/opt/ros/humble /usr/bin/cmake --install /home/paulo/edromufu/src/movement/Ros2_change/build/urdf_robox
[1.006s] Level 1:colcon.colcon_core.environment:create_environment_scripts_only(urdf_robox)
[1.006s] Level 1:colcon.colcon_core.environment:checking '/home/paulo/edromufu/src/movement/Ros2_change/install/urdf_robox' for CMake module files
[1.009s] Level 1:colcon.colcon_core.environment:checking '/home/paulo/edromufu/src/movement/Ros2_change/install/urdf_robox' for CMake config files
[1.016s] DEBUG:colcon.colcon_core.event_handler.log_command:Invoked command in '/home/paulo/edromufu/src/movement/Ros2_change/build/urdf_robox' returned '0': CMAKE_PREFIX_PATH=${CMAKE_PREFIX_PATH}:/home/paulo/edromufu/src/movement/Ros2_change/install/u2d2_comm:/home/paulo/edromufu/src/movement/Ros2_change/install/tahara_pages:/home/paulo/edromufu/src/movement/Ros2_change/install/pot_package:/home/paulo/edromufu/src/movement/Ros2_change/install/movement_core:/home/paulo/edromufu/src/movement/Ros2_change/install/movement_pages:/home/paulo/edromufu/src/movement/Ros2_change/install/movement_functions:/home/paulo/edromufu/src/movement/Ros2_change/install/humanoid_definition:/home/paulo/edromufu/src/movement/Ros2_change/install/kinematic_functions:/home/paulo/edromufu/src/movement/Ros2_change/install/erro_package:/opt/ros/humble /usr/bin/cmake --install /home/paulo/edromufu/src/movement/Ros2_change/build/urdf_robox
[1.017s] Level 1:colcon.colcon_core.shell:create_environment_hook('urdf_robox', 'cmake_prefix_path')
[1.017s] INFO:colcon.colcon_core.shell:Creating environment hook '/home/paulo/edromufu/src/movement/Ros2_change/install/urdf_robox/share/urdf_robox/hook/cmake_prefix_path.ps1'
[1.018s] INFO:colcon.colcon_core.shell:Creating environment descriptor '/home/paulo/edromufu/src/movement/Ros2_change/install/urdf_robox/share/urdf_robox/hook/cmake_prefix_path.dsv'
[1.019s] INFO:colcon.colcon_core.shell:Creating environment hook '/home/paulo/edromufu/src/movement/Ros2_change/install/urdf_robox/share/urdf_robox/hook/cmake_prefix_path.sh'
[1.020s] Level 1:colcon.colcon_core.environment:checking '/home/paulo/edromufu/src/movement/Ros2_change/install/urdf_robox/bin'
[1.020s] Level 1:colcon.colcon_core.environment:checking '/home/paulo/edromufu/src/movement/Ros2_change/install/urdf_robox/lib/pkgconfig/urdf_robox.pc'
[1.020s] Level 1:colcon.colcon_core.environment:checking '/home/paulo/edromufu/src/movement/Ros2_change/install/urdf_robox/lib/python3.10/site-packages'
[1.021s] Level 1:colcon.colcon_core.environment:checking '/home/paulo/edromufu/src/movement/Ros2_change/install/urdf_robox/bin'
[1.021s] INFO:colcon.colcon_core.shell:Creating package script '/home/paulo/edromufu/src/movement/Ros2_change/install/urdf_robox/share/urdf_robox/package.ps1'
[1.022s] INFO:colcon.colcon_core.shell:Creating package descriptor '/home/paulo/edromufu/src/movement/Ros2_change/install/urdf_robox/share/urdf_robox/package.dsv'
[1.023s] INFO:colcon.colcon_core.shell:Creating package script '/home/paulo/edromufu/src/movement/Ros2_change/install/urdf_robox/share/urdf_robox/package.sh'
[1.023s] INFO:colcon.colcon_core.shell:Creating package script '/home/paulo/edromufu/src/movement/Ros2_change/install/urdf_robox/share/urdf_robox/package.bash'
[1.024s] INFO:colcon.colcon_core.shell:Creating package script '/home/paulo/edromufu/src/movement/Ros2_change/install/urdf_robox/share/urdf_robox/package.zsh'
[1.025s] Level 1:colcon.colcon_core.environment:create_file_with_runtime_dependencies(/home/paulo/edromufu/src/movement/Ros2_change/install/urdf_robox/share/colcon-core/packages/urdf_robox)
[1.026s] Level 1:colcon.colcon_core.environment:create_environment_scripts_only(urdf_example)
[1.027s] Level 1:colcon.colcon_core.environment:checking '/home/paulo/edromufu/src/movement/Ros2_change/install/urdf_example' for CMake module files
[1.027s] DEBUG:colcon.colcon_core.event_handler.log_command:Invoked command in '/home/paulo/edromufu/src/movement/Ros2_change/build/urdf_example' returned '0': CMAKE_PREFIX_PATH=${CMAKE_PREFIX_PATH}:/home/paulo/edromufu/src/movement/Ros2_change/install/u2d2_comm:/home/paulo/edromufu/src/movement/Ros2_change/install/tahara_pages:/home/paulo/edromufu/src/movement/Ros2_change/install/pot_package:/home/paulo/edromufu/src/movement/Ros2_change/install/movement_core:/home/paulo/edromufu/src/movement/Ros2_change/install/movement_pages:/home/paulo/edromufu/src/movement/Ros2_change/install/movement_functions:/home/paulo/edromufu/src/movement/Ros2_change/install/humanoid_definition:/home/paulo/edromufu/src/movement/Ros2_change/install/kinematic_functions:/home/paulo/edromufu/src/movement/Ros2_change/install/erro_package:/opt/ros/humble /usr/bin/cmake --install /home/paulo/edromufu/src/movement/Ros2_change/build/urdf_example
[1.028s] Level 1:colcon.colcon_core.environment:checking '/home/paulo/edromufu/src/movement/Ros2_change/install/urdf_example' for CMake config files
[1.028s] Level 1:colcon.colcon_core.shell:create_environment_hook('urdf_example', 'cmake_prefix_path')
[1.029s] INFO:colcon.colcon_core.shell:Creating environment hook '/home/paulo/edromufu/src/movement/Ros2_change/install/urdf_example/share/urdf_example/hook/cmake_prefix_path.ps1'
[1.030s] INFO:colcon.colcon_core.shell:Creating environment descriptor '/home/paulo/edromufu/src/movement/Ros2_change/install/urdf_example/share/urdf_example/hook/cmake_prefix_path.dsv'
[1.030s] INFO:colcon.colcon_core.shell:Creating environment hook '/home/paulo/edromufu/src/movement/Ros2_change/install/urdf_example/share/urdf_example/hook/cmake_prefix_path.sh'
[1.031s] Level 1:colcon.colcon_core.environment:checking '/home/paulo/edromufu/src/movement/Ros2_change/install/urdf_example/bin'
[1.032s] Level 1:colcon.colcon_core.environment:checking '/home/paulo/edromufu/src/movement/Ros2_change/install/urdf_example/lib/pkgconfig/urdf_example.pc'
[1.032s] Level 1:colcon.colcon_core.environment:checking '/home/paulo/edromufu/src/movement/Ros2_change/install/urdf_example/lib/python3.10/site-packages'
[1.032s] Level 1:colcon.colcon_core.environment:checking '/home/paulo/edromufu/src/movement/Ros2_change/install/urdf_example/bin'
[1.033s] INFO:colcon.colcon_core.shell:Creating package script '/home/paulo/edromufu/src/movement/Ros2_change/install/urdf_example/share/urdf_example/package.ps1'
[1.034s] INFO:colcon.colcon_core.shell:Creating package descriptor '/home/paulo/edromufu/src/movement/Ros2_change/install/urdf_example/share/urdf_example/package.dsv'
[1.034s] INFO:colcon.colcon_core.shell:Creating package script '/home/paulo/edromufu/src/movement/Ros2_change/install/urdf_example/share/urdf_example/package.sh'
[1.035s] INFO:colcon.colcon_core.shell:Creating package script '/home/paulo/edromufu/src/movement/Ros2_change/install/urdf_example/share/urdf_example/package.bash'
[1.036s] INFO:colcon.colcon_core.shell:Creating package script '/home/paulo/edromufu/src/movement/Ros2_change/install/urdf_example/share/urdf_example/package.zsh'
[1.036s] Level 1:colcon.colcon_core.environment:create_file_with_runtime_dependencies(/home/paulo/edromufu/src/movement/Ros2_change/install/urdf_example/share/colcon-core/packages/urdf_example)
[1.039s] Level 1:colcon.colcon_core.environment:create_environment_scripts_only(humanoid_visualization)
[1.039s] Level 1:colcon.colcon_core.environment:checking '/home/paulo/edromufu/src/movement/Ros2_change/install/humanoid_visualization' for CMake module files
[1.039s] Level 1:colcon.colcon_core.environment:checking '/home/paulo/edromufu/src/movement/Ros2_change/install/humanoid_visualization' for CMake config files
[1.040s] Level 1:colcon.colcon_core.shell:create_environment_hook('humanoid_visualization', 'cmake_prefix_path')
[1.040s] INFO:colcon.colcon_core.shell:Creating environment hook '/home/paulo/edromufu/src/movement/Ros2_change/install/humanoid_visualization/share/humanoid_visualization/hook/cmake_prefix_path.ps1'
[1.040s] INFO:colcon.colcon_core.shell:Creating environment descriptor '/home/paulo/edromufu/src/movement/Ros2_change/install/humanoid_visualization/share/humanoid_visualization/hook/cmake_prefix_path.dsv'
[1.041s] INFO:colcon.colcon_core.shell:Creating environment hook '/home/paulo/edromufu/src/movement/Ros2_change/install/humanoid_visualization/share/humanoid_visualization/hook/cmake_prefix_path.sh'
[1.042s] Level 1:colcon.colcon_core.environment:checking '/home/paulo/edromufu/src/movement/Ros2_change/install/humanoid_visualization/bin'
[1.042s] Level 1:colcon.colcon_core.environment:checking '/home/paulo/edromufu/src/movement/Ros2_change/install/humanoid_visualization/lib/pkgconfig/humanoid_visualization.pc'
[1.042s] Level 1:colcon.colcon_core.environment:checking '/home/paulo/edromufu/src/movement/Ros2_change/install/humanoid_visualization/lib/python3.10/site-packages'
[1.042s] Level 1:colcon.colcon_core.environment:checking '/home/paulo/edromufu/src/movement/Ros2_change/install/humanoid_visualization/bin'
[1.043s] INFO:colcon.colcon_core.shell:Creating package script '/home/paulo/edromufu/src/movement/Ros2_change/install/humanoid_visualization/share/humanoid_visualization/package.ps1'
[1.043s] INFO:colcon.colcon_core.shell:Creating package descriptor '/home/paulo/edromufu/src/movement/Ros2_change/install/humanoid_visualization/share/humanoid_visualization/package.dsv'
[1.044s] INFO:colcon.colcon_core.shell:Creating package script '/home/paulo/edromufu/src/movement/Ros2_change/install/humanoid_visualization/share/humanoid_visualization/package.sh'
[1.045s] INFO:colcon.colcon_core.shell:Creating package script '/home/paulo/edromufu/src/movement/Ros2_change/install/humanoid_visualization/share/humanoid_visualization/package.bash'
[1.046s] INFO:colcon.colcon_core.shell:Creating package script '/home/paulo/edromufu/src/movement/Ros2_change/install/humanoid_visualization/share/humanoid_visualization/package.zsh'
[1.047s] Level 1:colcon.colcon_core.environment:create_file_with_runtime_dependencies(/home/paulo/edromufu/src/movement/Ros2_change/install/humanoid_visualization/share/colcon-core/packages/humanoid_visualization)
[1.053s] DEBUG:colcon.colcon_core.event_handler.log_command:Invoking command in '/home/paulo/edromufu/src/movement/Ros2_change/build/micro_ros_msgs': CMAKE_PREFIX_PATH=${CMAKE_PREFIX_PATH}:/home/paulo/edromufu/src/movement/Ros2_change/install/u2d2_comm:/home/paulo/edromufu/src/movement/Ros2_change/install/tahara_pages:/home/paulo/edromufu/src/movement/Ros2_change/install/pot_package:/home/paulo/edromufu/src/movement/Ros2_change/install/movement_core:/home/paulo/edromufu/src/movement/Ros2_change/install/movement_pages:/home/paulo/edromufu/src/movement/Ros2_change/install/movement_functions:/home/paulo/edromufu/src/movement/Ros2_change/install/humanoid_definition:/home/paulo/edromufu/src/movement/Ros2_change/install/kinematic_functions:/home/paulo/edromufu/src/movement/Ros2_change/install/erro_package:/opt/ros/humble /usr/bin/cmake --install /home/paulo/edromufu/src/movement/Ros2_change/build/micro_ros_msgs
[1.055s] Level 1:colcon.colcon_core.environment:create_environment_scripts_only(urdf_robox)
[1.055s] Level 1:colcon.colcon_core.environment:checking '/home/paulo/edromufu/src/movement/Ros2_change/install/urdf_robox' for CMake module files
[1.056s] Level 1:colcon.colcon_core.environment:checking '/home/paulo/edromufu/src/movement/Ros2_change/install/urdf_robox' for CMake config files
[1.057s] Level 1:colcon.colcon_core.shell:create_environment_hook('urdf_robox', 'cmake_prefix_path')
[1.057s] INFO:colcon.colcon_core.shell:Creating environment hook '/home/paulo/edromufu/src/movement/Ros2_change/install/urdf_robox/share/urdf_robox/hook/cmake_prefix_path.ps1'
[1.060s] INFO:colcon.colcon_core.shell:Creating environment descriptor '/home/paulo/edromufu/src/movement/Ros2_change/install/urdf_robox/share/urdf_robox/hook/cmake_prefix_path.dsv'
[1.061s] INFO:colcon.colcon_core.shell:Creating environment hook '/home/paulo/edromufu/src/movement/Ros2_change/install/urdf_robox/share/urdf_robox/hook/cmake_prefix_path.sh'
[1.063s] Level 1:colcon.colcon_core.environment:checking '/home/paulo/edromufu/src/movement/Ros2_change/install/urdf_robox/bin'
[1.063s] Level 1:colcon.colcon_core.environment:checking '/home/paulo/edromufu/src/movement/Ros2_change/install/urdf_robox/lib/pkgconfig/urdf_robox.pc'
[1.063s] Level 1:colcon.colcon_core.environment:checking '/home/paulo/edromufu/src/movement/Ros2_change/install/urdf_robox/lib/python3.10/site-packages'
[1.064s] Level 1:colcon.colcon_core.environment:checking '/home/paulo/edromufu/src/movement/Ros2_change/install/urdf_robox/bin'
[1.064s] INFO:colcon.colcon_core.shell:Creating package script '/home/paulo/edromufu/src/movement/Ros2_change/install/urdf_robox/share/urdf_robox/package.ps1'
[1.066s] INFO:colcon.colcon_core.shell:Creating package descriptor '/home/paulo/edromufu/src/movement/Ros2_change/install/urdf_robox/share/urdf_robox/package.dsv'
[1.069s] INFO:colcon.colcon_core.shell:Creating package script '/home/paulo/edromufu/src/movement/Ros2_change/install/urdf_robox/share/urdf_robox/package.sh'
[1.072s] INFO:colcon.colcon_core.shell:Creating package script '/home/paulo/edromufu/src/movement/Ros2_change/install/urdf_robox/share/urdf_robox/package.bash'
[1.074s] INFO:colcon.colcon_core.shell:Creating package script '/home/paulo/edromufu/src/movement/Ros2_change/install/urdf_robox/share/urdf_robox/package.zsh'
[1.075s] Level 1:colcon.colcon_core.environment:create_file_with_runtime_dependencies(/home/paulo/edromufu/src/movement/Ros2_change/install/urdf_robox/share/colcon-core/packages/urdf_robox)
[1.077s] Level 1:colcon.colcon_core.environment:create_environment_scripts_only(urdf_example)
[1.078s] Level 1:colcon.colcon_core.environment:checking '/home/paulo/edromufu/src/movement/Ros2_change/install/urdf_example' for CMake module files
[1.080s] Level 1:colcon.colcon_core.environment:checking '/home/paulo/edromufu/src/movement/Ros2_change/install/urdf_example' for CMake config files
[1.084s] Level 1:colcon.colcon_core.shell:create_environment_hook('urdf_example', 'cmake_prefix_path')
[1.085s] INFO:colcon.colcon_core.shell:Creating environment hook '/home/paulo/edromufu/src/movement/Ros2_change/install/urdf_example/share/urdf_example/hook/cmake_prefix_path.ps1'
[1.085s] INFO:colcon.colcon_core.shell:Creating environment descriptor '/home/paulo/edromufu/src/movement/Ros2_change/install/urdf_example/share/urdf_example/hook/cmake_prefix_path.dsv'
[1.086s] INFO:colcon.colcon_core.shell:Creating environment hook '/home/paulo/edromufu/src/movement/Ros2_change/install/urdf_example/share/urdf_example/hook/cmake_prefix_path.sh'
[1.087s] Level 1:colcon.colcon_core.environment:checking '/home/paulo/edromufu/src/movement/Ros2_change/install/urdf_example/bin'
[1.087s] Level 1:colcon.colcon_core.environment:checking '/home/paulo/edromufu/src/movement/Ros2_change/install/urdf_example/lib/pkgconfig/urdf_example.pc'
[1.087s] Level 1:colcon.colcon_core.environment:checking '/home/paulo/edromufu/src/movement/Ros2_change/install/urdf_example/lib/python3.10/site-packages'
[1.088s] Level 1:colcon.colcon_core.environment:checking '/home/paulo/edromufu/src/movement/Ros2_change/install/urdf_example/bin'
[1.088s] INFO:colcon.colcon_core.shell:Creating package script '/home/paulo/edromufu/src/movement/Ros2_change/install/urdf_example/share/urdf_example/package.ps1'
[1.089s] INFO:colcon.colcon_core.shell:Creating package descriptor '/home/paulo/edromufu/src/movement/Ros2_change/install/urdf_example/share/urdf_example/package.dsv'
[1.090s] INFO:colcon.colcon_core.shell:Creating package script '/home/paulo/edromufu/src/movement/Ros2_change/install/urdf_example/share/urdf_example/package.sh'
[1.091s] INFO:colcon.colcon_core.shell:Creating package script '/home/paulo/edromufu/src/movement/Ros2_change/install/urdf_example/share/urdf_example/package.bash'
[1.091s] INFO:colcon.colcon_core.shell:Creating package script '/home/paulo/edromufu/src/movement/Ros2_change/install/urdf_example/share/urdf_example/package.zsh'
[1.092s] Level 1:colcon.colcon_core.environment:create_file_with_runtime_dependencies(/home/paulo/edromufu/src/movement/Ros2_change/install/urdf_example/share/colcon-core/packages/urdf_example)
[1.122s] Level 1:colcon.colcon_core.environment:create_environment_scripts_only(micro_ros_msgs)
[1.123s] Level 1:colcon.colcon_core.environment:checking '/home/paulo/edromufu/src/movement/Ros2_change/install/micro_ros_msgs' for CMake module files
[1.124s] DEBUG:colcon.colcon_core.event_handler.log_command:Invoked command in '/home/paulo/edromufu/src/movement/Ros2_change/build/micro_ros_msgs' returned '0': CMAKE_PREFIX_PATH=${CMAKE_PREFIX_PATH}:/home/paulo/edromufu/src/movement/Ros2_change/install/u2d2_comm:/home/paulo/edromufu/src/movement/Ros2_change/install/tahara_pages:/home/paulo/edromufu/src/movement/Ros2_change/install/pot_package:/home/paulo/edromufu/src/movement/Ros2_change/install/movement_core:/home/paulo/edromufu/src/movement/Ros2_change/install/movement_pages:/home/paulo/edromufu/src/movement/Ros2_change/install/movement_functions:/home/paulo/edromufu/src/movement/Ros2_change/install/humanoid_definition:/home/paulo/edromufu/src/movement/Ros2_change/install/kinematic_functions:/home/paulo/edromufu/src/movement/Ros2_change/install/erro_package:/opt/ros/humble /usr/bin/cmake --install /home/paulo/edromufu/src/movement/Ros2_change/build/micro_ros_msgs
[1.125s] Level 1:colcon.colcon_core.environment:checking '/home/paulo/edromufu/src/movement/Ros2_change/install/micro_ros_msgs' for CMake config files
[1.126s] Level 1:colcon.colcon_core.shell:create_environment_hook('micro_ros_msgs', 'cmake_prefix_path')
[1.126s] INFO:colcon.colcon_core.shell:Creating environment hook '/home/paulo/edromufu/src/movement/Ros2_change/install/micro_ros_msgs/share/micro_ros_msgs/hook/cmake_prefix_path.ps1'
[1.127s] INFO:colcon.colcon_core.shell:Creating environment descriptor '/home/paulo/edromufu/src/movement/Ros2_change/install/micro_ros_msgs/share/micro_ros_msgs/hook/cmake_prefix_path.dsv'
[1.127s] INFO:colcon.colcon_core.shell:Creating environment hook '/home/paulo/edromufu/src/movement/Ros2_change/install/micro_ros_msgs/share/micro_ros_msgs/hook/cmake_prefix_path.sh'
[1.128s] Level 1:colcon.colcon_core.environment:checking '/home/paulo/edromufu/src/movement/Ros2_change/install/micro_ros_msgs/lib'
[1.128s] Level 1:colcon.colcon_core.shell:create_environment_hook('micro_ros_msgs', 'ld_library_path_lib')
[1.129s] INFO:colcon.colcon_core.shell:Creating environment hook '/home/paulo/edromufu/src/movement/Ros2_change/install/micro_ros_msgs/share/micro_ros_msgs/hook/ld_library_path_lib.ps1'
[1.129s] INFO:colcon.colcon_core.shell:Creating environment descriptor '/home/paulo/edromufu/src/movement/Ros2_change/install/micro_ros_msgs/share/micro_ros_msgs/hook/ld_library_path_lib.dsv'
[1.130s] INFO:colcon.colcon_core.shell:Creating environment hook '/home/paulo/edromufu/src/movement/Ros2_change/install/micro_ros_msgs/share/micro_ros_msgs/hook/ld_library_path_lib.sh'
[1.130s] Level 1:colcon.colcon_core.environment:checking '/home/paulo/edromufu/src/movement/Ros2_change/install/micro_ros_msgs/bin'
[1.130s] Level 1:colcon.colcon_core.environment:checking '/home/paulo/edromufu/src/movement/Ros2_change/install/micro_ros_msgs/lib/pkgconfig/micro_ros_msgs.pc'
[1.131s] Level 1:colcon.colcon_core.environment:checking '/home/paulo/edromufu/src/movement/Ros2_change/install/micro_ros_msgs/lib/python3.10/site-packages'
[1.131s] Level 1:colcon.colcon_core.environment:checking '/home/paulo/edromufu/src/movement/Ros2_change/install/micro_ros_msgs/bin'
[1.132s] INFO:colcon.colcon_core.shell:Creating package script '/home/paulo/edromufu/src/movement/Ros2_change/install/micro_ros_msgs/share/micro_ros_msgs/package.ps1'
[1.132s] INFO:colcon.colcon_core.shell:Creating package descriptor '/home/paulo/edromufu/src/movement/Ros2_change/install/micro_ros_msgs/share/micro_ros_msgs/package.dsv'
[1.133s] INFO:colcon.colcon_core.shell:Creating package script '/home/paulo/edromufu/src/movement/Ros2_change/install/micro_ros_msgs/share/micro_ros_msgs/package.sh'
[1.134s] INFO:colcon.colcon_core.shell:Creating package script '/home/paulo/edromufu/src/movement/Ros2_change/install/micro_ros_msgs/share/micro_ros_msgs/package.bash'
[1.134s] INFO:colcon.colcon_core.shell:Creating package script '/home/paulo/edromufu/src/movement/Ros2_change/install/micro_ros_msgs/share/micro_ros_msgs/package.zsh'
[1.135s] Level 1:colcon.colcon_core.environment:create_file_with_runtime_dependencies(/home/paulo/edromufu/src/movement/Ros2_change/install/micro_ros_msgs/share/colcon-core/packages/micro_ros_msgs)
[1.158s] DEBUG:colcon.colcon_core.event_handler.log_command:Invoking command in '/home/paulo/edromufu/src/movement/Ros2_change/build/movement_utils': CMAKE_PREFIX_PATH=${CMAKE_PREFIX_PATH}:/home/paulo/edromufu/src/movement/Ros2_change/install/u2d2_comm:/home/paulo/edromufu/src/movement/Ros2_change/install/tahara_pages:/home/paulo/edromufu/src/movement/Ros2_change/install/pot_package:/home/paulo/edromufu/src/movement/Ros2_change/install/movement_core:/home/paulo/edromufu/src/movement/Ros2_change/install/movement_pages:/home/paulo/edromufu/src/movement/Ros2_change/install/movement_functions:/home/paulo/edromufu/src/movement/Ros2_change/install/humanoid_definition:/home/paulo/edromufu/src/movement/Ros2_change/install/kinematic_functions:/home/paulo/edromufu/src/movement/Ros2_change/install/erro_package:/opt/ros/humble /usr/bin/cmake --install /home/paulo/edromufu/src/movement/Ros2_change/build/movement_utils
[1.238s] Level 1:colcon.colcon_core.environment:create_environment_scripts_only(micro_ros_msgs)
[1.239s] Level 1:colcon.colcon_core.environment:checking '/home/paulo/edromufu/src/movement/Ros2_change/install/micro_ros_msgs' for CMake module files
[1.244s] Level 1:colcon.colcon_core.environment:checking '/home/paulo/edromufu/src/movement/Ros2_change/install/micro_ros_msgs' for CMake config files
[1.245s] Level 1:colcon.colcon_core.shell:create_environment_hook('micro_ros_msgs', 'cmake_prefix_path')
[1.246s] INFO:colcon.colcon_core.shell:Creating environment hook '/home/paulo/edromufu/src/movement/Ros2_change/install/micro_ros_msgs/share/micro_ros_msgs/hook/cmake_prefix_path.ps1'
[1.246s] INFO:colcon.colcon_core.shell:Creating environment descriptor '/home/paulo/edromufu/src/movement/Ros2_change/install/micro_ros_msgs/share/micro_ros_msgs/hook/cmake_prefix_path.dsv'
[1.246s] INFO:colcon.colcon_core.shell:Creating environment hook '/home/paulo/edromufu/src/movement/Ros2_change/install/micro_ros_msgs/share/micro_ros_msgs/hook/cmake_prefix_path.sh'
[1.247s] Level 1:colcon.colcon_core.environment:checking '/home/paulo/edromufu/src/movement/Ros2_change/install/micro_ros_msgs/lib'
[1.247s] Level 1:colcon.colcon_core.shell:create_environment_hook('micro_ros_msgs', 'ld_library_path_lib')
[1.247s] INFO:colcon.colcon_core.shell:Creating environment hook '/home/paulo/edromufu/src/movement/Ros2_change/install/micro_ros_msgs/share/micro_ros_msgs/hook/ld_library_path_lib.ps1'
[1.248s] INFO:colcon.colcon_core.shell:Creating environment descriptor '/home/paulo/edromufu/src/movement/Ros2_change/install/micro_ros_msgs/share/micro_ros_msgs/hook/ld_library_path_lib.dsv'
[1.248s] INFO:colcon.colcon_core.shell:Creating environment hook '/home/paulo/edromufu/src/movement/Ros2_change/install/micro_ros_msgs/share/micro_ros_msgs/hook/ld_library_path_lib.sh'
[1.248s] Level 1:colcon.colcon_core.environment:checking '/home/paulo/edromufu/src/movement/Ros2_change/install/micro_ros_msgs/bin'
[1.249s] Level 1:colcon.colcon_core.environment:checking '/home/paulo/edromufu/src/movement/Ros2_change/install/micro_ros_msgs/lib/pkgconfig/micro_ros_msgs.pc'
[1.249s] Level 1:colcon.colcon_core.environment:checking '/home/paulo/edromufu/src/movement/Ros2_change/install/micro_ros_msgs/lib/python3.10/site-packages'
[1.249s] Level 1:colcon.colcon_core.environment:checking '/home/paulo/edromufu/src/movement/Ros2_change/install/micro_ros_msgs/bin'
[1.249s] INFO:colcon.colcon_core.shell:Creating package script '/home/paulo/edromufu/src/movement/Ros2_change/install/micro_ros_msgs/share/micro_ros_msgs/package.ps1'
[1.250s] INFO:colcon.colcon_core.shell:Creating package descriptor '/home/paulo/edromufu/src/movement/Ros2_change/install/micro_ros_msgs/share/micro_ros_msgs/package.dsv'
[1.250s] INFO:colcon.colcon_core.shell:Creating package script '/home/paulo/edromufu/src/movement/Ros2_change/install/micro_ros_msgs/share/micro_ros_msgs/package.sh'
[1.251s] INFO:colcon.colcon_core.shell:Creating package script '/home/paulo/edromufu/src/movement/Ros2_change/install/micro_ros_msgs/share/micro_ros_msgs/package.bash'
[1.251s] INFO:colcon.colcon_core.shell:Creating package script '/home/paulo/edromufu/src/movement/Ros2_change/install/micro_ros_msgs/share/micro_ros_msgs/package.zsh'
[1.251s] Level 1:colcon.colcon_core.environment:create_file_with_runtime_dependencies(/home/paulo/edromufu/src/movement/Ros2_change/install/micro_ros_msgs/share/colcon-core/packages/micro_ros_msgs)
[1.252s] INFO:colcon.colcon_ros.task.ament_cmake.build:Building ROS package in '/home/paulo/edromufu/src/movement/Ros2_change/src/micro_ros/uros/micro-ROS-Agent/micro_ros_agent' with build type 'ament_cmake'
[1.252s] INFO:colcon.colcon_cmake.task.cmake.build:Building CMake package in '/home/paulo/edromufu/src/movement/Ros2_change/src/micro_ros/uros/micro-ROS-Agent/micro_ros_agent'
[1.252s] INFO:colcon.colcon_core.shell:Skip shell extension 'powershell' for command environment: Not usable outside of PowerShell
[1.252s] DEBUG:colcon.colcon_core.shell:Skip shell extension 'dsv' for command environment
[1.258s] Level 1:colcon.colcon_core.environment:create_environment_scripts_only(movement_utils)
[1.258s] Level 1:colcon.colcon_core.environment:checking '/home/paulo/edromufu/src/movement/Ros2_change/install/movement_utils' for CMake module files
[1.259s] DEBUG:colcon.colcon_core.event_handler.log_command:Invoked command in '/home/paulo/edromufu/src/movement/Ros2_change/build/movement_utils' returned '0': CMAKE_PREFIX_PATH=${CMAKE_PREFIX_PATH}:/home/paulo/edromufu/src/movement/Ros2_change/install/u2d2_comm:/home/paulo/edromufu/src/movement/Ros2_change/install/tahara_pages:/home/paulo/edromufu/src/movement/Ros2_change/install/pot_package:/home/paulo/edromufu/src/movement/Ros2_change/install/movement_core:/home/paulo/edromufu/src/movement/Ros2_change/install/movement_pages:/home/paulo/edromufu/src/movement/Ros2_change/install/movement_functions:/home/paulo/edromufu/src/movement/Ros2_change/install/humanoid_definition:/home/paulo/edromufu/src/movement/Ros2_change/install/kinematic_functions:/home/paulo/edromufu/src/movement/Ros2_change/install/erro_package:/opt/ros/humble /usr/bin/cmake --install /home/paulo/edromufu/src/movement/Ros2_change/build/movement_utils
[1.259s] Level 1:colcon.colcon_core.environment:checking '/home/paulo/edromufu/src/movement/Ros2_change/install/movement_utils' for CMake config files
[1.260s] Level 1:colcon.colcon_core.shell:create_environment_hook('movement_utils', 'cmake_prefix_path')
[1.261s] INFO:colcon.colcon_core.shell:Creating environment hook '/home/paulo/edromufu/src/movement/Ros2_change/install/movement_utils/share/movement_utils/hook/cmake_prefix_path.ps1'
[1.261s] INFO:colcon.colcon_core.shell:Creating environment descriptor '/home/paulo/edromufu/src/movement/Ros2_change/install/movement_utils/share/movement_utils/hook/cmake_prefix_path.dsv'
[1.262s] INFO:colcon.colcon_core.shell:Creating environment hook '/home/paulo/edromufu/src/movement/Ros2_change/install/movement_utils/share/movement_utils/hook/cmake_prefix_path.sh'
[1.262s] Level 1:colcon.colcon_core.environment:checking '/home/paulo/edromufu/src/movement/Ros2_change/install/movement_utils/lib'
[1.263s] Level 1:colcon.colcon_core.shell:create_environment_hook('movement_utils', 'ld_library_path_lib')
[1.263s] INFO:colcon.colcon_core.shell:Creating environment hook '/home/paulo/edromufu/src/movement/Ros2_change/install/movement_utils/share/movement_utils/hook/ld_library_path_lib.ps1'
[1.263s] INFO:colcon.colcon_core.shell:Creating environment descriptor '/home/paulo/edromufu/src/movement/Ros2_change/install/movement_utils/share/movement_utils/hook/ld_library_path_lib.dsv'
[1.264s] INFO:colcon.colcon_core.shell:Creating environment hook '/home/paulo/edromufu/src/movement/Ros2_change/install/movement_utils/share/movement_utils/hook/ld_library_path_lib.sh'
[1.264s] Level 1:colcon.colcon_core.environment:checking '/home/paulo/edromufu/src/movement/Ros2_change/install/movement_utils/bin'
[1.264s] Level 1:colcon.colcon_core.environment:checking '/home/paulo/edromufu/src/movement/Ros2_change/install/movement_utils/lib/pkgconfig/movement_utils.pc'
[1.264s] Level 1:colcon.colcon_core.environment:checking '/home/paulo/edromufu/src/movement/Ros2_change/install/movement_utils/lib/python3.10/site-packages'
[1.264s] Level 1:colcon.colcon_core.environment:checking '/home/paulo/edromufu/src/movement/Ros2_change/install/movement_utils/bin'
[1.265s] INFO:colcon.colcon_core.shell:Creating package script '/home/paulo/edromufu/src/movement/Ros2_change/install/movement_utils/share/movement_utils/package.ps1'
[1.265s] INFO:colcon.colcon_core.shell:Creating package descriptor '/home/paulo/edromufu/src/movement/Ros2_change/install/movement_utils/share/movement_utils/package.dsv'
[1.266s] INFO:colcon.colcon_core.shell:Creating package script '/home/paulo/edromufu/src/movement/Ros2_change/install/movement_utils/share/movement_utils/package.sh'
[1.266s] INFO:colcon.colcon_core.shell:Creating package script '/home/paulo/edromufu/src/movement/Ros2_change/install/movement_utils/share/movement_utils/package.bash'
[1.267s] INFO:colcon.colcon_core.shell:Creating package script '/home/paulo/edromufu/src/movement/Ros2_change/install/movement_utils/share/movement_utils/package.zsh'
[1.267s] Level 1:colcon.colcon_core.environment:create_file_with_runtime_dependencies(/home/paulo/edromufu/src/movement/Ros2_change/install/movement_utils/share/colcon-core/packages/movement_utils)
[1.273s] DEBUG:colcon.colcon_core.event_handler.log_command:Invoking command in '/home/paulo/edromufu/src/movement/Ros2_change/build/micro_ros_agent': CMAKE_PREFIX_PATH=/home/paulo/edromufu/src/movement/Ros2_change/install/micro_ros_msgs:/home/paulo/edromufu/src/movement/Ros2_change/install/urdf_robox:/home/paulo/edromufu/src/movement/Ros2_change/install/urdf_example:/home/paulo/edromufu/src/movement/Ros2_change/install/movement_utils:/home/paulo/edromufu/src/movement/Ros2_change/install/micro_ros_agent:/home/paulo/edromufu/src/movement/Ros2_change/install/humanoid_visualization:/home/paulo/edromufu/src/movement/Ros2_change/install/u2d2_comm:/home/paulo/edromufu/src/movement/Ros2_change/install/tahara_pages:/home/paulo/edromufu/src/movement/Ros2_change/install/pot_package:/home/paulo/edromufu/src/movement/Ros2_change/install/movement_core:/home/paulo/edromufu/src/movement/Ros2_change/install/movement_pages:/home/paulo/edromufu/src/movement/Ros2_change/install/movement_functions:/home/paulo/edromufu/src/movement/Ros2_change/install/humanoid_definition:/home/paulo/edromufu/src/movement/Ros2_change/install/kinematic_functions:/home/paulo/edromufu/src/movement/Ros2_change/install/erro_package:/opt/ros/humble LD_LIBRARY_PATH=/home/paulo/edromufu/src/movement/Ros2_change/install/micro_ros_msgs/lib:/home/paulo/edromufu/src/movement/Ros2_change/install/movement_utils/lib:/home/paulo/edromufu/src/movement/Ros2_change/install/micro_ros_agent/lib:/usr/lib/x86_64-linux-gnu/gazebo-11/plugins:/opt/ros/humble/opt/rviz_ogre_vendor/lib:/opt/ros/humble/lib/x86_64-linux-gnu:/opt/ros/humble/lib /usr/bin/cmake --build /home/paulo/edromufu/src/movement/Ros2_change/build/micro_ros_agent -- -j12 -l12
[1.353s] DEBUG:colcon.colcon_core.event_handler.log_command:Invoked command in '/home/paulo/edromufu/src/movement/Ros2_change/build/micro_ros_agent' returned '0': CMAKE_PREFIX_PATH=/home/paulo/edromufu/src/movement/Ros2_change/install/micro_ros_msgs:/home/paulo/edromufu/src/movement/Ros2_change/install/urdf_robox:/home/paulo/edromufu/src/movement/Ros2_change/install/urdf_example:/home/paulo/edromufu/src/movement/Ros2_change/install/movement_utils:/home/paulo/edromufu/src/movement/Ros2_change/install/micro_ros_agent:/home/paulo/edromufu/src/movement/Ros2_change/install/humanoid_visualization:/home/paulo/edromufu/src/movement/Ros2_change/install/u2d2_comm:/home/paulo/edromufu/src/movement/Ros2_change/install/tahara_pages:/home/paulo/edromufu/src/movement/Ros2_change/install/pot_package:/home/paulo/edromufu/src/movement/Ros2_change/install/movement_core:/home/paulo/edromufu/src/movement/Ros2_change/install/movement_pages:/home/paulo/edromufu/src/movement/Ros2_change/install/movement_functions:/home/paulo/edromufu/src/movement/Ros2_change/install/humanoid_definition:/home/paulo/edromufu/src/movement/Ros2_change/install/kinematic_functions:/home/paulo/edromufu/src/movement/Ros2_change/install/erro_package:/opt/ros/humble LD_LIBRARY_PATH=/home/paulo/edromufu/src/movement/Ros2_change/install/micro_ros_msgs/lib:/home/paulo/edromufu/src/movement/Ros2_change/install/movement_utils/lib:/home/paulo/edromufu/src/movement/Ros2_change/install/micro_ros_agent/lib:/usr/lib/x86_64-linux-gnu/gazebo-11/plugins:/opt/ros/humble/opt/rviz_ogre_vendor/lib:/opt/ros/humble/lib/x86_64-linux-gnu:/opt/ros/humble/lib /usr/bin/cmake --build /home/paulo/edromufu/src/movement/Ros2_change/build/micro_ros_agent -- -j12 -l12
[1.377s] DEBUG:colcon.colcon_core.event_handler.log_command:Invoking command in '/home/paulo/edromufu/src/movement/Ros2_change/src/erro_package': PYTHONPATH=/home/paulo/edromufu/src/movement/Ros2_change/build/erro_package/prefix_override:/usr/lib/python3/dist-packages/colcon_core/task/python/colcon_distutils_commands:/home/paulo/edromufu/src/movement/Ros2_change/install/erro_package/lib/python3.10/site-packages:${PYTHONPATH} /usr/bin/python3 -W ignore:setup.py install is deprecated setup.py egg_info --egg-base ../../build/erro_package build --build-base /home/paulo/edromufu/src/movement/Ros2_change/build/erro_package/build install --record /home/paulo/edromufu/src/movement/Ros2_change/build/erro_package/install.log --single-version-externally-managed install_data
[1.381s] DEBUG:colcon.colcon_core.event_handler.log_command:Invoking command in '/home/paulo/edromufu/src/movement/Ros2_change/src/tahara_pages': PYTHONPATH=/home/paulo/edromufu/src/movement/Ros2_change/build/tahara_pages/prefix_override:/usr/lib/python3/dist-packages/colcon_core/task/python/colcon_distutils_commands:/home/paulo/edromufu/src/movement/Ros2_change/install/tahara_pages/lib/python3.10/site-packages:${PYTHONPATH} /usr/bin/python3 -W ignore:setup.py install is deprecated setup.py egg_info --egg-base ../../build/tahara_pages build --build-base /home/paulo/edromufu/src/movement/Ros2_change/build/tahara_pages/build install --record /home/paulo/edromufu/src/movement/Ros2_change/build/tahara_pages/install.log --single-version-externally-managed install_data
[1.388s] DEBUG:colcon.colcon_core.event_handler.log_command:Invoking command in '/home/paulo/edromufu/src/movement/Ros2_change/build/micro_ros_agent': CMAKE_PREFIX_PATH=/home/paulo/edromufu/src/movement/Ros2_change/install/micro_ros_msgs:/home/paulo/edromufu/src/movement/Ros2_change/install/urdf_robox:/home/paulo/edromufu/src/movement/Ros2_change/install/urdf_example:/home/paulo/edromufu/src/movement/Ros2_change/install/movement_utils:/home/paulo/edromufu/src/movement/Ros2_change/install/micro_ros_agent:/home/paulo/edromufu/src/movement/Ros2_change/install/humanoid_visualization:/home/paulo/edromufu/src/movement/Ros2_change/install/u2d2_comm:/home/paulo/edromufu/src/movement/Ros2_change/install/tahara_pages:/home/paulo/edromufu/src/movement/Ros2_change/install/pot_package:/home/paulo/edromufu/src/movement/Ros2_change/install/movement_core:/home/paulo/edromufu/src/movement/Ros2_change/install/movement_pages:/home/paulo/edromufu/src/movement/Ros2_change/install/movement_functions:/home/paulo/edromufu/src/movement/Ros2_change/install/humanoid_definition:/home/paulo/edromufu/src/movement/Ros2_change/install/kinematic_functions:/home/paulo/edromufu/src/movement/Ros2_change/install/erro_package:/opt/ros/humble LD_LIBRARY_PATH=/home/paulo/edromufu/src/movement/Ros2_change/install/micro_ros_msgs/lib:/home/paulo/edromufu/src/movement/Ros2_change/install/movement_utils/lib:/home/paulo/edromufu/src/movement/Ros2_change/install/micro_ros_agent/lib:/usr/lib/x86_64-linux-gnu/gazebo-11/plugins:/opt/ros/humble/opt/rviz_ogre_vendor/lib:/opt/ros/humble/lib/x86_64-linux-gnu:/opt/ros/humble/lib /usr/bin/cmake --install /home/paulo/edromufu/src/movement/Ros2_change/build/micro_ros_agent
[1.399s] Level 1:colcon.colcon_core.environment:create_environment_scripts_only(micro_ros_agent)
[1.400s] Level 1:colcon.colcon_core.environment:checking '/home/paulo/edromufu/src/movement/Ros2_change/install/micro_ros_agent' for CMake module files
[1.400s] DEBUG:colcon.colcon_core.event_handler.log_command:Invoked command in '/home/paulo/edromufu/src/movement/Ros2_change/build/micro_ros_agent' returned '0': CMAKE_PREFIX_PATH=/home/paulo/edromufu/src/movement/Ros2_change/install/micro_ros_msgs:/home/paulo/edromufu/src/movement/Ros2_change/install/urdf_robox:/home/paulo/edromufu/src/movement/Ros2_change/install/urdf_example:/home/paulo/edromufu/src/movement/Ros2_change/install/movement_utils:/home/paulo/edromufu/src/movement/Ros2_change/install/micro_ros_agent:/home/paulo/edromufu/src/movement/Ros2_change/install/humanoid_visualization:/home/paulo/edromufu/src/movement/Ros2_change/install/u2d2_comm:/home/paulo/edromufu/src/movement/Ros2_change/install/tahara_pages:/home/paulo/edromufu/src/movement/Ros2_change/install/pot_package:/home/paulo/edromufu/src/movement/Ros2_change/install/movement_core:/home/paulo/edromufu/src/movement/Ros2_change/install/movement_pages:/home/paulo/edromufu/src/movement/Ros2_change/install/movement_functions:/home/paulo/edromufu/src/movement/Ros2_change/install/humanoid_definition:/home/paulo/edromufu/src/movement/Ros2_change/install/kinematic_functions:/home/paulo/edromufu/src/movement/Ros2_change/install/erro_package:/opt/ros/humble LD_LIBRARY_PATH=/home/paulo/edromufu/src/movement/Ros2_change/install/micro_ros_msgs/lib:/home/paulo/edromufu/src/movement/Ros2_change/install/movement_utils/lib:/home/paulo/edromufu/src/movement/Ros2_change/install/micro_ros_agent/lib:/usr/lib/x86_64-linux-gnu/gazebo-11/plugins:/opt/ros/humble/opt/rviz_ogre_vendor/lib:/opt/ros/humble/lib/x86_64-linux-gnu:/opt/ros/humble/lib /usr/bin/cmake --install /home/paulo/edromufu/src/movement/Ros2_change/build/micro_ros_agent
[1.401s] Level 1:colcon.colcon_core.environment:checking '/home/paulo/edromufu/src/movement/Ros2_change/install/micro_ros_agent' for CMake config files
[1.402s] Level 1:colcon.colcon_core.shell:create_environment_hook('micro_ros_agent', 'cmake_prefix_path')
[1.402s] INFO:colcon.colcon_core.shell:Creating environment hook '/home/paulo/edromufu/src/movement/Ros2_change/install/micro_ros_agent/share/micro_ros_agent/hook/cmake_prefix_path.ps1'
[1.403s] INFO:colcon.colcon_core.shell:Creating environment descriptor '/home/paulo/edromufu/src/movement/Ros2_change/install/micro_ros_agent/share/micro_ros_agent/hook/cmake_prefix_path.dsv'
[1.404s] INFO:colcon.colcon_core.shell:Creating environment hook '/home/paulo/edromufu/src/movement/Ros2_change/install/micro_ros_agent/share/micro_ros_agent/hook/cmake_prefix_path.sh'
[1.405s] Level 1:colcon.colcon_core.environment:checking '/home/paulo/edromufu/src/movement/Ros2_change/install/micro_ros_agent/lib'
[1.405s] Level 1:colcon.colcon_core.shell:create_environment_hook('micro_ros_agent', 'ld_library_path_lib')
[1.405s] INFO:colcon.colcon_core.shell:Creating environment hook '/home/paulo/edromufu/src/movement/Ros2_change/install/micro_ros_agent/share/micro_ros_agent/hook/ld_library_path_lib.ps1'
[1.406s] INFO:colcon.colcon_core.shell:Creating environment descriptor '/home/paulo/edromufu/src/movement/Ros2_change/install/micro_ros_agent/share/micro_ros_agent/hook/ld_library_path_lib.dsv'
[1.406s] INFO:colcon.colcon_core.shell:Creating environment hook '/home/paulo/edromufu/src/movement/Ros2_change/install/micro_ros_agent/share/micro_ros_agent/hook/ld_library_path_lib.sh'
[1.407s] Level 1:colcon.colcon_core.environment:checking '/home/paulo/edromufu/src/movement/Ros2_change/install/micro_ros_agent/bin'
[1.407s] Level 1:colcon.colcon_core.environment:checking '/home/paulo/edromufu/src/movement/Ros2_change/install/micro_ros_agent/lib/pkgconfig/micro_ros_agent.pc'
[1.407s] Level 1:colcon.colcon_core.environment:checking '/home/paulo/edromufu/src/movement/Ros2_change/install/micro_ros_agent/lib/python3.10/site-packages'
[1.408s] Level 1:colcon.colcon_core.environment:checking '/home/paulo/edromufu/src/movement/Ros2_change/install/micro_ros_agent/bin'
[1.408s] INFO:colcon.colcon_core.shell:Creating package script '/home/paulo/edromufu/src/movement/Ros2_change/install/micro_ros_agent/share/micro_ros_agent/package.ps1'
[1.409s] INFO:colcon.colcon_core.shell:Creating package descriptor '/home/paulo/edromufu/src/movement/Ros2_change/install/micro_ros_agent/share/micro_ros_agent/package.dsv'
[1.409s] INFO:colcon.colcon_core.shell:Creating package script '/home/paulo/edromufu/src/movement/Ros2_change/install/micro_ros_agent/share/micro_ros_agent/package.sh'
[1.410s] INFO:colcon.colcon_core.shell:Creating package script '/home/paulo/edromufu/src/movement/Ros2_change/install/micro_ros_agent/share/micro_ros_agent/package.bash'
[1.411s] INFO:colcon.colcon_core.shell:Creating package script '/home/paulo/edromufu/src/movement/Ros2_change/install/micro_ros_agent/share/micro_ros_agent/package.zsh'
[1.411s] Level 1:colcon.colcon_core.environment:create_file_with_runtime_dependencies(/home/paulo/edromufu/src/movement/Ros2_change/install/micro_ros_agent/share/colcon-core/packages/micro_ros_agent)
[1.416s] DEBUG:colcon.colcon_core.event_handler.log_command:Invoking command in '/home/paulo/edromufu/src/movement/Ros2_change/src/kinematic_functions': PYTHONPATH=/home/paulo/edromufu/src/movement/Ros2_change/build/kinematic_functions/prefix_override:/usr/lib/python3/dist-packages/colcon_core/task/python/colcon_distutils_commands:/home/paulo/edromufu/src/movement/Ros2_change/install/kinematic_functions/lib/python3.10/site-packages:${PYTHONPATH} /usr/bin/python3 -W ignore:setup.py install is deprecated setup.py egg_info --egg-base ../../build/kinematic_functions build --build-base /home/paulo/edromufu/src/movement/Ros2_change/build/kinematic_functions/build install --record /home/paulo/edromufu/src/movement/Ros2_change/build/kinematic_functions/install.log --single-version-externally-managed install_data
[1.448s] Level 1:colcon.colcon_core.environment:create_environment_scripts_only(micro_ros_agent)
[1.449s] Level 1:colcon.colcon_core.environment:checking '/home/paulo/edromufu/src/movement/Ros2_change/install/micro_ros_agent' for CMake module files
[1.449s] Level 1:colcon.colcon_core.environment:checking '/home/paulo/edromufu/src/movement/Ros2_change/install/micro_ros_agent' for CMake config files
[1.451s] Level 1:colcon.colcon_core.shell:create_environment_hook('micro_ros_agent', 'cmake_prefix_path')
[1.451s] INFO:colcon.colcon_core.shell:Creating environment hook '/home/paulo/edromufu/src/movement/Ros2_change/install/micro_ros_agent/share/micro_ros_agent/hook/cmake_prefix_path.ps1'
[1.452s] INFO:colcon.colcon_core.shell:Creating environment descriptor '/home/paulo/edromufu/src/movement/Ros2_change/install/micro_ros_agent/share/micro_ros_agent/hook/cmake_prefix_path.dsv'
[1.452s] INFO:colcon.colcon_core.shell:Creating environment hook '/home/paulo/edromufu/src/movement/Ros2_change/install/micro_ros_agent/share/micro_ros_agent/hook/cmake_prefix_path.sh'
[1.453s] Level 1:colcon.colcon_core.environment:checking '/home/paulo/edromufu/src/movement/Ros2_change/install/micro_ros_agent/lib'
[1.453s] Level 1:colcon.colcon_core.shell:create_environment_hook('micro_ros_agent', 'ld_library_path_lib')
[1.454s] INFO:colcon.colcon_core.shell:Creating environment hook '/home/paulo/edromufu/src/movement/Ros2_change/install/micro_ros_agent/share/micro_ros_agent/hook/ld_library_path_lib.ps1'
[1.454s] INFO:colcon.colcon_core.shell:Creating environment descriptor '/home/paulo/edromufu/src/movement/Ros2_change/install/micro_ros_agent/share/micro_ros_agent/hook/ld_library_path_lib.dsv'
[1.455s] INFO:colcon.colcon_core.shell:Creating environment hook '/home/paulo/edromufu/src/movement/Ros2_change/install/micro_ros_agent/share/micro_ros_agent/hook/ld_library_path_lib.sh'
[1.455s] Level 1:colcon.colcon_core.environment:checking '/home/paulo/edromufu/src/movement/Ros2_change/install/micro_ros_agent/bin'
[1.455s] Level 1:colcon.colcon_core.environment:checking '/home/paulo/edromufu/src/movement/Ros2_change/install/micro_ros_agent/lib/pkgconfig/micro_ros_agent.pc'
[1.456s] Level 1:colcon.colcon_core.environment:checking '/home/paulo/edromufu/src/movement/Ros2_change/install/micro_ros_agent/lib/python3.10/site-packages'
[1.456s] Level 1:colcon.colcon_core.environment:checking '/home/paulo/edromufu/src/movement/Ros2_change/install/micro_ros_agent/bin'
[1.457s] INFO:colcon.colcon_core.shell:Creating package script '/home/paulo/edromufu/src/movement/Ros2_change/install/micro_ros_agent/share/micro_ros_agent/package.ps1'
[1.457s] INFO:colcon.colcon_core.shell:Creating package descriptor '/home/paulo/edromufu/src/movement/Ros2_change/install/micro_ros_agent/share/micro_ros_agent/package.dsv'
[1.458s] INFO:colcon.colcon_core.shell:Creating package script '/home/paulo/edromufu/src/movement/Ros2_change/install/micro_ros_agent/share/micro_ros_agent/package.sh'
[1.459s] INFO:colcon.colcon_core.shell:Creating package script '/home/paulo/edromufu/src/movement/Ros2_change/install/micro_ros_agent/share/micro_ros_agent/package.bash'
[1.460s] INFO:colcon.colcon_core.shell:Creating package script '/home/paulo/edromufu/src/movement/Ros2_change/install/micro_ros_agent/share/micro_ros_agent/package.zsh'
[1.460s] Level 1:colcon.colcon_core.environment:create_file_with_runtime_dependencies(/home/paulo/edromufu/src/movement/Ros2_change/install/micro_ros_agent/share/colcon-core/packages/micro_ros_agent)
[1.489s] Level 1:colcon.colcon_core.environment:create_environment_scripts_only(movement_utils)
[1.489s] Level 1:colcon.colcon_core.environment:checking '/home/paulo/edromufu/src/movement/Ros2_change/install/movement_utils' for CMake module files
[1.489s] Level 1:colcon.colcon_core.environment:checking '/home/paulo/edromufu/src/movement/Ros2_change/install/movement_utils' for CMake config files
[1.490s] Level 1:colcon.colcon_core.shell:create_environment_hook('movement_utils', 'cmake_prefix_path')
[1.490s] INFO:colcon.colcon_core.shell:Creating environment hook '/home/paulo/edromufu/src/movement/Ros2_change/install/movement_utils/share/movement_utils/hook/cmake_prefix_path.ps1'
[1.491s] INFO:colcon.colcon_core.shell:Creating environment descriptor '/home/paulo/edromufu/src/movement/Ros2_change/install/movement_utils/share/movement_utils/hook/cmake_prefix_path.dsv'
[1.491s] INFO:colcon.colcon_core.shell:Creating environment hook '/home/paulo/edromufu/src/movement/Ros2_change/install/movement_utils/share/movement_utils/hook/cmake_prefix_path.sh'
[1.492s] Level 1:colcon.colcon_core.environment:checking '/home/paulo/edromufu/src/movement/Ros2_change/install/movement_utils/lib'
[1.492s] Level 1:colcon.colcon_core.shell:create_environment_hook('movement_utils', 'ld_library_path_lib')
[1.492s] INFO:colcon.colcon_core.shell:Creating environment hook '/home/paulo/edromufu/src/movement/Ros2_change/install/movement_utils/share/movement_utils/hook/ld_library_path_lib.ps1'
[1.493s] INFO:colcon.colcon_core.shell:Creating environment descriptor '/home/paulo/edromufu/src/movement/Ros2_change/install/movement_utils/share/movement_utils/hook/ld_library_path_lib.dsv'
[1.493s] INFO:colcon.colcon_core.shell:Creating environment hook '/home/paulo/edromufu/src/movement/Ros2_change/install/movement_utils/share/movement_utils/hook/ld_library_path_lib.sh'
[1.493s] Level 1:colcon.colcon_core.environment:checking '/home/paulo/edromufu/src/movement/Ros2_change/install/movement_utils/bin'
[1.493s] Level 1:colcon.colcon_core.environment:checking '/home/paulo/edromufu/src/movement/Ros2_change/install/movement_utils/lib/pkgconfig/movement_utils.pc'
[1.493s] Level 1:colcon.colcon_core.environment:checking '/home/paulo/edromufu/src/movement/Ros2_change/install/movement_utils/lib/python3.10/site-packages'
[1.494s] Level 1:colcon.colcon_core.environment:checking '/home/paulo/edromufu/src/movement/Ros2_change/install/movement_utils/bin'
[1.494s] INFO:colcon.colcon_core.shell:Creating package script '/home/paulo/edromufu/src/movement/Ros2_change/install/movement_utils/share/movement_utils/package.ps1'
[1.495s] INFO:colcon.colcon_core.shell:Creating package descriptor '/home/paulo/edromufu/src/movement/Ros2_change/install/movement_utils/share/movement_utils/package.dsv'
[1.495s] INFO:colcon.colcon_core.shell:Creating package script '/home/paulo/edromufu/src/movement/Ros2_change/install/movement_utils/share/movement_utils/package.sh'
[1.496s] INFO:colcon.colcon_core.shell:Creating package script '/home/paulo/edromufu/src/movement/Ros2_change/install/movement_utils/share/movement_utils/package.bash'
[1.496s] INFO:colcon.colcon_core.shell:Creating package script '/home/paulo/edromufu/src/movement/Ros2_change/install/movement_utils/share/movement_utils/package.zsh'
[1.496s] Level 1:colcon.colcon_core.environment:create_file_with_runtime_dependencies(/home/paulo/edromufu/src/movement/Ros2_change/install/movement_utils/share/colcon-core/packages/movement_utils)
[1.497s] INFO:colcon.colcon_ros.task.ament_python.build:Building ROS package in '/home/paulo/edromufu/src/movement/Ros2_change/src/movement_pages' with build type 'ament_python'
[1.497s] Level 1:colcon.colcon_core.shell:create_environment_hook('movement_pages', 'ament_prefix_path')
[1.497s] INFO:colcon.colcon_core.shell:Creating environment hook '/home/paulo/edromufu/src/movement/Ros2_change/install/movement_pages/share/movement_pages/hook/ament_prefix_path.ps1'
[1.498s] INFO:colcon.colcon_core.shell:Creating environment descriptor '/home/paulo/edromufu/src/movement/Ros2_change/install/movement_pages/share/movement_pages/hook/ament_prefix_path.dsv'
[1.498s] INFO:colcon.colcon_core.shell:Creating environment hook '/home/paulo/edromufu/src/movement/Ros2_change/install/movement_pages/share/movement_pages/hook/ament_prefix_path.sh'
[1.499s] INFO:colcon.colcon_core.shell:Skip shell extension 'powershell' for command environment: Not usable outside of PowerShell
[1.499s] DEBUG:colcon.colcon_core.shell:Skip shell extension 'dsv' for command environment
[1.502s] INFO:colcon.colcon_ros.task.ament_python.build:Building ROS package in '/home/paulo/edromufu/src/movement/Ros2_change/src/u2d2_comm' with build type 'ament_python'
[1.503s] Level 1:colcon.colcon_core.shell:create_environment_hook('u2d2_comm', 'ament_prefix_path')
[1.503s] INFO:colcon.colcon_core.shell:Creating environment hook '/home/paulo/edromufu/src/movement/Ros2_change/install/u2d2_comm/share/u2d2_comm/hook/ament_prefix_path.ps1'
[1.504s] INFO:colcon.colcon_core.shell:Creating environment descriptor '/home/paulo/edromufu/src/movement/Ros2_change/install/u2d2_comm/share/u2d2_comm/hook/ament_prefix_path.dsv'
[1.504s] INFO:colcon.colcon_core.shell:Creating environment hook '/home/paulo/edromufu/src/movement/Ros2_change/install/u2d2_comm/share/u2d2_comm/hook/ament_prefix_path.sh'
[1.505s] INFO:colcon.colcon_core.shell:Skip shell extension 'powershell' for command environment: Not usable outside of PowerShell
[1.505s] DEBUG:colcon.colcon_core.shell:Skip shell extension 'dsv' for command environment
[1.741s] INFO:colcon.colcon_core.task.python.build:Building Python package in '/home/paulo/edromufu/src/movement/Ros2_change/src/movement_pages'
[1.742s] INFO:colcon.colcon_core.shell:Skip shell extension 'powershell' for command environment: Not usable outside of PowerShell
[1.742s] DEBUG:colcon.colcon_core.shell:Skip shell extension 'dsv' for command environment
[1.907s] INFO:colcon.colcon_core.task.python.build:Building Python package in '/home/paulo/edromufu/src/movement/Ros2_change/src/u2d2_comm'
[1.907s] INFO:colcon.colcon_core.shell:Skip shell extension 'powershell' for command environment: Not usable outside of PowerShell
[1.907s] DEBUG:colcon.colcon_core.shell:Skip shell extension 'dsv' for command environment
[1.910s] Level 1:colcon.colcon_core.environment:checking '/home/paulo/edromufu/src/movement/Ros2_change/install/kinematic_functions' for CMake module files
[1.911s] DEBUG:colcon.colcon_core.event_handler.log_command:Invoked command in '/home/paulo/edromufu/src/movement/Ros2_change/src/kinematic_functions' returned '0': PYTHONPATH=/home/paulo/edromufu/src/movement/Ros2_change/build/kinematic_functions/prefix_override:/usr/lib/python3/dist-packages/colcon_core/task/python/colcon_distutils_commands:/home/paulo/edromufu/src/movement/Ros2_change/install/kinematic_functions/lib/python3.10/site-packages:${PYTHONPATH} /usr/bin/python3 -W ignore:setup.py install is deprecated setup.py egg_info --egg-base ../../build/kinematic_functions build --build-base /home/paulo/edromufu/src/movement/Ros2_change/build/kinematic_functions/build install --record /home/paulo/edromufu/src/movement/Ros2_change/build/kinematic_functions/install.log --single-version-externally-managed install_data
[1.911s] Level 1:colcon.colcon_core.environment:checking '/home/paulo/edromufu/src/movement/Ros2_change/install/kinematic_functions' for CMake config files
[1.911s] Level 1:colcon.colcon_core.environment:checking '/home/paulo/edromufu/src/movement/Ros2_change/install/kinematic_functions/lib'
[1.911s] Level 1:colcon.colcon_core.environment:checking '/home/paulo/edromufu/src/movement/Ros2_change/install/kinematic_functions/bin'
[1.911s] Level 1:colcon.colcon_core.environment:checking '/home/paulo/edromufu/src/movement/Ros2_change/install/kinematic_functions/lib/pkgconfig/kinematic_functions.pc'
[1.911s] Level 1:colcon.colcon_core.environment:checking '/home/paulo/edromufu/src/movement/Ros2_change/install/kinematic_functions/lib/python3.10/site-packages'
[1.911s] Level 1:colcon.colcon_core.shell:create_environment_hook('kinematic_functions', 'pythonpath')
[1.912s] INFO:colcon.colcon_core.shell:Creating environment hook '/home/paulo/edromufu/src/movement/Ros2_change/install/kinematic_functions/share/kinematic_functions/hook/pythonpath.ps1'
[1.912s] INFO:colcon.colcon_core.shell:Creating environment descriptor '/home/paulo/edromufu/src/movement/Ros2_change/install/kinematic_functions/share/kinematic_functions/hook/pythonpath.dsv'
[1.912s] INFO:colcon.colcon_core.shell:Creating environment hook '/home/paulo/edromufu/src/movement/Ros2_change/install/kinematic_functions/share/kinematic_functions/hook/pythonpath.sh'
[1.913s] Level 1:colcon.colcon_core.environment:checking '/home/paulo/edromufu/src/movement/Ros2_change/install/kinematic_functions/bin'
[1.913s] Level 1:colcon.colcon_core.environment:create_environment_scripts_only(kinematic_functions)
[1.913s] INFO:colcon.colcon_core.shell:Creating package script '/home/paulo/edromufu/src/movement/Ros2_change/install/kinematic_functions/share/kinematic_functions/package.ps1'
[1.914s] INFO:colcon.colcon_core.shell:Creating package descriptor '/home/paulo/edromufu/src/movement/Ros2_change/install/kinematic_functions/share/kinematic_functions/package.dsv'
[1.914s] INFO:colcon.colcon_core.shell:Creating package script '/home/paulo/edromufu/src/movement/Ros2_change/install/kinematic_functions/share/kinematic_functions/package.sh'
[1.914s] INFO:colcon.colcon_core.shell:Creating package script '/home/paulo/edromufu/src/movement/Ros2_change/install/kinematic_functions/share/kinematic_functions/package.bash'
[1.914s] INFO:colcon.colcon_core.shell:Creating package script '/home/paulo/edromufu/src/movement/Ros2_change/install/kinematic_functions/share/kinematic_functions/package.zsh'
[1.915s] Level 1:colcon.colcon_core.environment:create_file_with_runtime_dependencies(/home/paulo/edromufu/src/movement/Ros2_change/install/kinematic_functions/share/colcon-core/packages/kinematic_functions)
[1.915s] Level 1:colcon.colcon_core.environment:checking '/home/paulo/edromufu/src/movement/Ros2_change/install/tahara_pages' for CMake module files
[1.915s] Level 1:colcon.colcon_core.environment:checking '/home/paulo/edromufu/src/movement/Ros2_change/install/tahara_pages' for CMake config files
[1.916s] DEBUG:colcon.colcon_core.event_handler.log_command:Invoked command in '/home/paulo/edromufu/src/movement/Ros2_change/src/tahara_pages' returned '0': PYTHONPATH=/home/paulo/edromufu/src/movement/Ros2_change/build/tahara_pages/prefix_override:/usr/lib/python3/dist-packages/colcon_core/task/python/colcon_distutils_commands:/home/paulo/edromufu/src/movement/Ros2_change/install/tahara_pages/lib/python3.10/site-packages:${PYTHONPATH} /usr/bin/python3 -W ignore:setup.py install is deprecated setup.py egg_info --egg-base ../../build/tahara_pages build --build-base /home/paulo/edromufu/src/movement/Ros2_change/build/tahara_pages/build install --record /home/paulo/edromufu/src/movement/Ros2_change/build/tahara_pages/install.log --single-version-externally-managed install_data
[1.916s] Level 1:colcon.colcon_core.environment:checking '/home/paulo/edromufu/src/movement/Ros2_change/install/tahara_pages/lib'
[1.916s] Level 1:colcon.colcon_core.environment:checking '/home/paulo/edromufu/src/movement/Ros2_change/install/tahara_pages/bin'
[1.916s] Level 1:colcon.colcon_core.environment:checking '/home/paulo/edromufu/src/movement/Ros2_change/install/tahara_pages/lib/pkgconfig/tahara_pages.pc'
[1.916s] Level 1:colcon.colcon_core.environment:checking '/home/paulo/edromufu/src/movement/Ros2_change/install/tahara_pages/lib/python3.10/site-packages'
[1.917s] Level 1:colcon.colcon_core.shell:create_environment_hook('tahara_pages', 'pythonpath')
[1.917s] INFO:colcon.colcon_core.shell:Creating environment hook '/home/paulo/edromufu/src/movement/Ros2_change/install/tahara_pages/share/tahara_pages/hook/pythonpath.ps1'
[1.917s] INFO:colcon.colcon_core.shell:Creating environment descriptor '/home/paulo/edromufu/src/movement/Ros2_change/install/tahara_pages/share/tahara_pages/hook/pythonpath.dsv'
[1.917s] INFO:colcon.colcon_core.shell:Creating environment hook '/home/paulo/edromufu/src/movement/Ros2_change/install/tahara_pages/share/tahara_pages/hook/pythonpath.sh'
[1.918s] Level 1:colcon.colcon_core.environment:checking '/home/paulo/edromufu/src/movement/Ros2_change/install/tahara_pages/bin'
[1.918s] Level 1:colcon.colcon_core.environment:create_environment_scripts_only(tahara_pages)
[1.918s] INFO:colcon.colcon_core.shell:Creating package script '/home/paulo/edromufu/src/movement/Ros2_change/install/tahara_pages/share/tahara_pages/package.ps1'
[1.919s] INFO:colcon.colcon_core.shell:Creating package descriptor '/home/paulo/edromufu/src/movement/Ros2_change/install/tahara_pages/share/tahara_pages/package.dsv'
[1.919s] INFO:colcon.colcon_core.shell:Creating package script '/home/paulo/edromufu/src/movement/Ros2_change/install/tahara_pages/share/tahara_pages/package.sh'
[1.919s] INFO:colcon.colcon_core.shell:Creating package script '/home/paulo/edromufu/src/movement/Ros2_change/install/tahara_pages/share/tahara_pages/package.bash'
[1.919s] INFO:colcon.colcon_core.shell:Creating package script '/home/paulo/edromufu/src/movement/Ros2_change/install/tahara_pages/share/tahara_pages/package.zsh'
[1.920s] Level 1:colcon.colcon_core.environment:create_file_with_runtime_dependencies(/home/paulo/edromufu/src/movement/Ros2_change/install/tahara_pages/share/colcon-core/packages/tahara_pages)
[1.920s] Level 1:colcon.colcon_core.environment:checking '/home/paulo/edromufu/src/movement/Ros2_change/install/erro_package' for CMake module files
[1.921s] Level 1:colcon.colcon_core.environment:checking '/home/paulo/edromufu/src/movement/Ros2_change/install/erro_package' for CMake config files
[1.921s] DEBUG:colcon.colcon_core.event_handler.log_command:Invoked command in '/home/paulo/edromufu/src/movement/Ros2_change/src/erro_package' returned '0': PYTHONPATH=/home/paulo/edromufu/src/movement/Ros2_change/build/erro_package/prefix_override:/usr/lib/python3/dist-packages/colcon_core/task/python/colcon_distutils_commands:/home/paulo/edromufu/src/movement/Ros2_change/install/erro_package/lib/python3.10/site-packages:${PYTHONPATH} /usr/bin/python3 -W ignore:setup.py install is deprecated setup.py egg_info --egg-base ../../build/erro_package build --build-base /home/paulo/edromufu/src/movement/Ros2_change/build/erro_package/build install --record /home/paulo/edromufu/src/movement/Ros2_change/build/erro_package/install.log --single-version-externally-managed install_data
[1.922s] Level 1:colcon.colcon_core.environment:checking '/home/paulo/edromufu/src/movement/Ros2_change/install/erro_package/lib'
[1.922s] Level 1:colcon.colcon_core.environment:checking '/home/paulo/edromufu/src/movement/Ros2_change/install/erro_package/bin'
[1.922s] Level 1:colcon.colcon_core.environment:checking '/home/paulo/edromufu/src/movement/Ros2_change/install/erro_package/lib/pkgconfig/erro_package.pc'
[1.922s] Level 1:colcon.colcon_core.environment:checking '/home/paulo/edromufu/src/movement/Ros2_change/install/erro_package/lib/python3.10/site-packages'
[1.923s] Level 1:colcon.colcon_core.shell:create_environment_hook('erro_package', 'pythonpath')
[1.923s] INFO:colcon.colcon_core.shell:Creating environment hook '/home/paulo/edromufu/src/movement/Ros2_change/install/erro_package/share/erro_package/hook/pythonpath.ps1'
[1.923s] INFO:colcon.colcon_core.shell:Creating environment descriptor '/home/paulo/edromufu/src/movement/Ros2_change/install/erro_package/share/erro_package/hook/pythonpath.dsv'
[1.924s] INFO:colcon.colcon_core.shell:Creating environment hook '/home/paulo/edromufu/src/movement/Ros2_change/install/erro_package/share/erro_package/hook/pythonpath.sh'
[1.924s] Level 1:colcon.colcon_core.environment:checking '/home/paulo/edromufu/src/movement/Ros2_change/install/erro_package/bin'
[1.924s] Level 1:colcon.colcon_core.environment:create_environment_scripts_only(erro_package)
[1.924s] INFO:colcon.colcon_core.shell:Creating package script '/home/paulo/edromufu/src/movement/Ros2_change/install/erro_package/share/erro_package/package.ps1'
[1.925s] INFO:colcon.colcon_core.shell:Creating package descriptor '/home/paulo/edromufu/src/movement/Ros2_change/install/erro_package/share/erro_package/package.dsv'
[1.925s] INFO:colcon.colcon_core.shell:Creating package script '/home/paulo/edromufu/src/movement/Ros2_change/install/erro_package/share/erro_package/package.sh'
[1.926s] INFO:colcon.colcon_core.shell:Creating package script '/home/paulo/edromufu/src/movement/Ros2_change/install/erro_package/share/erro_package/package.bash'
[1.926s] INFO:colcon.colcon_core.shell:Creating package script '/home/paulo/edromufu/src/movement/Ros2_change/install/erro_package/share/erro_package/package.zsh'
[1.926s] Level 1:colcon.colcon_core.environment:create_file_with_runtime_dependencies(/home/paulo/edromufu/src/movement/Ros2_change/install/erro_package/share/colcon-core/packages/erro_package)
[1.927s] INFO:colcon.colcon_ros.task.ament_python.build:Building ROS package in '/home/paulo/edromufu/src/movement/Ros2_change/src/humanoid_definition' with build type 'ament_python'
[1.928s] Level 1:colcon.colcon_core.shell:create_environment_hook('humanoid_definition', 'ament_prefix_path')
[1.928s] INFO:colcon.colcon_core.shell:Creating environment hook '/home/paulo/edromufu/src/movement/Ros2_change/install/humanoid_definition/share/humanoid_definition/hook/ament_prefix_path.ps1'
[1.929s] INFO:colcon.colcon_core.shell:Creating environment descriptor '/home/paulo/edromufu/src/movement/Ros2_change/install/humanoid_definition/share/humanoid_definition/hook/ament_prefix_path.dsv'
[1.930s] INFO:colcon.colcon_core.shell:Creating environment hook '/home/paulo/edromufu/src/movement/Ros2_change/install/humanoid_definition/share/humanoid_definition/hook/ament_prefix_path.sh'
[1.930s] INFO:colcon.colcon_core.shell:Skip shell extension 'powershell' for command environment: Not usable outside of PowerShell
[1.930s] DEBUG:colcon.colcon_core.shell:Skip shell extension 'dsv' for command environment
[1.933s] INFO:colcon.colcon_ros.task.ament_python.build:Building ROS package in '/home/paulo/edromufu/src/movement/Ros2_change/src/movement_functions' with build type 'ament_python'
[1.933s] Level 1:colcon.colcon_core.shell:create_environment_hook('movement_functions', 'ament_prefix_path')
[1.933s] INFO:colcon.colcon_core.shell:Creating environment hook '/home/paulo/edromufu/src/movement/Ros2_change/install/movement_functions/share/movement_functions/hook/ament_prefix_path.ps1'
[1.934s] INFO:colcon.colcon_core.shell:Creating environment descriptor '/home/paulo/edromufu/src/movement/Ros2_change/install/movement_functions/share/movement_functions/hook/ament_prefix_path.dsv'
[1.934s] INFO:colcon.colcon_core.shell:Creating environment hook '/home/paulo/edromufu/src/movement/Ros2_change/install/movement_functions/share/movement_functions/hook/ament_prefix_path.sh'
[1.935s] INFO:colcon.colcon_core.shell:Skip shell extension 'powershell' for command environment: Not usable outside of PowerShell
[1.935s] DEBUG:colcon.colcon_core.shell:Skip shell extension 'dsv' for command environment
[2.140s] INFO:colcon.colcon_core.task.python.build:Building Python package in '/home/paulo/edromufu/src/movement/Ros2_change/src/humanoid_definition'
[2.141s] INFO:colcon.colcon_core.shell:Skip shell extension 'powershell' for command environment: Not usable outside of PowerShell
[2.141s] DEBUG:colcon.colcon_core.shell:Skip shell extension 'dsv' for command environment
[2.325s] INFO:colcon.colcon_core.task.python.build:Building Python package in '/home/paulo/edromufu/src/movement/Ros2_change/src/movement_functions'
[2.326s] INFO:colcon.colcon_core.shell:Skip shell extension 'powershell' for command environment: Not usable outside of PowerShell
[2.326s] DEBUG:colcon.colcon_core.shell:Skip shell extension 'dsv' for command environment
[2.332s] DEBUG:colcon.colcon_core.event_handler.log_command:Invoking command in '/home/paulo/edromufu/src/movement/Ros2_change/src/u2d2_comm': CMAKE_PREFIX_PATH=/home/paulo/edromufu/src/movement/Ros2_change/install/movement_utils:/home/paulo/edromufu/src/movement/Ros2_change/install/urdf_robox:/home/paulo/edromufu/src/movement/Ros2_change/install/urdf_example:/home/paulo/edromufu/src/movement/Ros2_change/install/micro_ros_agent:/home/paulo/edromufu/src/movement/Ros2_change/install/micro_ros_msgs:/home/paulo/edromufu/src/movement/Ros2_change/install/humanoid_visualization PYTHONPATH=/home/paulo/edromufu/src/movement/Ros2_change/build/u2d2_comm/prefix_override:/usr/lib/python3/dist-packages/colcon_core/task/python/colcon_distutils_commands:/home/paulo/edromufu/src/movement/Ros2_change/install/u2d2_comm/lib/python3.10/site-packages:${PYTHONPATH} /usr/bin/python3 -W ignore:setup.py install is deprecated setup.py egg_info --egg-base ../../build/u2d2_comm build --build-base /home/paulo/edromufu/src/movement/Ros2_change/build/u2d2_comm/build install --record /home/paulo/edromufu/src/movement/Ros2_change/build/u2d2_comm/install.log --single-version-externally-managed install_data
[2.334s] DEBUG:colcon.colcon_core.event_handler.log_command:Invoking command in '/home/paulo/edromufu/src/movement/Ros2_change/src/movement_pages': CMAKE_PREFIX_PATH=/home/paulo/edromufu/src/movement/Ros2_change/install/movement_utils:/home/paulo/edromufu/src/movement/Ros2_change/install/urdf_robox:/home/paulo/edromufu/src/movement/Ros2_change/install/urdf_example:/home/paulo/edromufu/src/movement/Ros2_change/install/micro_ros_agent:/home/paulo/edromufu/src/movement/Ros2_change/install/micro_ros_msgs:/home/paulo/edromufu/src/movement/Ros2_change/install/humanoid_visualization PYTHONPATH=/home/paulo/edromufu/src/movement/Ros2_change/build/movement_pages/prefix_override:/usr/lib/python3/dist-packages/colcon_core/task/python/colcon_distutils_commands:/home/paulo/edromufu/src/movement/Ros2_change/install/movement_pages/lib/python3.10/site-packages:${PYTHONPATH} /usr/bin/python3 -W ignore:setup.py install is deprecated setup.py egg_info --egg-base ../../build/movement_pages build --build-base /home/paulo/edromufu/src/movement/Ros2_change/build/movement_pages/build install --record /home/paulo/edromufu/src/movement/Ros2_change/build/movement_pages/install.log --single-version-externally-managed install_data
[2.576s] Level 1:colcon.colcon_core.environment:checking '/home/paulo/edromufu/src/movement/Ros2_change/install/movement_pages' for CMake module files
[2.577s] DEBUG:colcon.colcon_core.event_handler.log_command:Invoked command in '/home/paulo/edromufu/src/movement/Ros2_change/src/movement_pages' returned '0': CMAKE_PREFIX_PATH=/home/paulo/edromufu/src/movement/Ros2_change/install/movement_utils:/home/paulo/edromufu/src/movement/Ros2_change/install/urdf_robox:/home/paulo/edromufu/src/movement/Ros2_change/install/urdf_example:/home/paulo/edromufu/src/movement/Ros2_change/install/micro_ros_agent:/home/paulo/edromufu/src/movement/Ros2_change/install/micro_ros_msgs:/home/paulo/edromufu/src/movement/Ros2_change/install/humanoid_visualization PYTHONPATH=/home/paulo/edromufu/src/movement/Ros2_change/build/movement_pages/prefix_override:/usr/lib/python3/dist-packages/colcon_core/task/python/colcon_distutils_commands:/home/paulo/edromufu/src/movement/Ros2_change/install/movement_pages/lib/python3.10/site-packages:${PYTHONPATH} /usr/bin/python3 -W ignore:setup.py install is deprecated setup.py egg_info --egg-base ../../build/movement_pages build --build-base /home/paulo/edromufu/src/movement/Ros2_change/build/movement_pages/build install --record /home/paulo/edromufu/src/movement/Ros2_change/build/movement_pages/install.log --single-version-externally-managed install_data
[2.577s] Level 1:colcon.colcon_core.environment:checking '/home/paulo/edromufu/src/movement/Ros2_change/install/movement_pages' for CMake config files
[2.577s] Level 1:colcon.colcon_core.environment:checking '/home/paulo/edromufu/src/movement/Ros2_change/install/movement_pages/lib'
[2.578s] Level 1:colcon.colcon_core.environment:checking '/home/paulo/edromufu/src/movement/Ros2_change/install/movement_pages/bin'
[2.578s] Level 1:colcon.colcon_core.environment:checking '/home/paulo/edromufu/src/movement/Ros2_change/install/movement_pages/lib/pkgconfig/movement_pages.pc'
[2.578s] Level 1:colcon.colcon_core.environment:checking '/home/paulo/edromufu/src/movement/Ros2_change/install/movement_pages/lib/python3.10/site-packages'
[2.578s] Level 1:colcon.colcon_core.shell:create_environment_hook('movement_pages', 'pythonpath')
[2.578s] INFO:colcon.colcon_core.shell:Creating environment hook '/home/paulo/edromufu/src/movement/Ros2_change/install/movement_pages/share/movement_pages/hook/pythonpath.ps1'
[2.578s] INFO:colcon.colcon_core.shell:Creating environment descriptor '/home/paulo/edromufu/src/movement/Ros2_change/install/movement_pages/share/movement_pages/hook/pythonpath.dsv'
[2.579s] INFO:colcon.colcon_core.shell:Creating environment hook '/home/paulo/edromufu/src/movement/Ros2_change/install/movement_pages/share/movement_pages/hook/pythonpath.sh'
[2.579s] Level 1:colcon.colcon_core.environment:checking '/home/paulo/edromufu/src/movement/Ros2_change/install/movement_pages/bin'
[2.579s] Level 1:colcon.colcon_core.environment:create_environment_scripts_only(movement_pages)
[2.580s] INFO:colcon.colcon_core.shell:Creating package script '/home/paulo/edromufu/src/movement/Ros2_change/install/movement_pages/share/movement_pages/package.ps1'
[2.580s] INFO:colcon.colcon_core.shell:Creating package descriptor '/home/paulo/edromufu/src/movement/Ros2_change/install/movement_pages/share/movement_pages/package.dsv'
[2.580s] INFO:colcon.colcon_core.shell:Creating package script '/home/paulo/edromufu/src/movement/Ros2_change/install/movement_pages/share/movement_pages/package.sh'
[2.581s] INFO:colcon.colcon_core.shell:Creating package script '/home/paulo/edromufu/src/movement/Ros2_change/install/movement_pages/share/movement_pages/package.bash'
[2.581s] INFO:colcon.colcon_core.shell:Creating package script '/home/paulo/edromufu/src/movement/Ros2_change/install/movement_pages/share/movement_pages/package.zsh'
[2.581s] Level 1:colcon.colcon_core.environment:create_file_with_runtime_dependencies(/home/paulo/edromufu/src/movement/Ros2_change/install/movement_pages/share/colcon-core/packages/movement_pages)
[2.581s] Level 1:colcon.colcon_core.environment:checking '/home/paulo/edromufu/src/movement/Ros2_change/install/u2d2_comm' for CMake module files
[2.582s] Level 1:colcon.colcon_core.environment:checking '/home/paulo/edromufu/src/movement/Ros2_change/install/u2d2_comm' for CMake config files
[2.582s] DEBUG:colcon.colcon_core.event_handler.log_command:Invoked command in '/home/paulo/edromufu/src/movement/Ros2_change/src/u2d2_comm' returned '0': CMAKE_PREFIX_PATH=/home/paulo/edromufu/src/movement/Ros2_change/install/movement_utils:/home/paulo/edromufu/src/movement/Ros2_change/install/urdf_robox:/home/paulo/edromufu/src/movement/Ros2_change/install/urdf_example:/home/paulo/edromufu/src/movement/Ros2_change/install/micro_ros_agent:/home/paulo/edromufu/src/movement/Ros2_change/install/micro_ros_msgs:/home/paulo/edromufu/src/movement/Ros2_change/install/humanoid_visualization PYTHONPATH=/home/paulo/edromufu/src/movement/Ros2_change/build/u2d2_comm/prefix_override:/usr/lib/python3/dist-packages/colcon_core/task/python/colcon_distutils_commands:/home/paulo/edromufu/src/movement/Ros2_change/install/u2d2_comm/lib/python3.10/site-packages:${PYTHONPATH} /usr/bin/python3 -W ignore:setup.py install is deprecated setup.py egg_info --egg-base ../../build/u2d2_comm build --build-base /home/paulo/edromufu/src/movement/Ros2_change/build/u2d2_comm/build install --record /home/paulo/edromufu/src/movement/Ros2_change/build/u2d2_comm/install.log --single-version-externally-managed install_data
[2.583s] Level 1:colcon.colcon_core.environment:checking '/home/paulo/edromufu/src/movement/Ros2_change/install/u2d2_comm/lib'
[2.583s] Level 1:colcon.colcon_core.environment:checking '/home/paulo/edromufu/src/movement/Ros2_change/install/u2d2_comm/bin'
[2.583s] Level 1:colcon.colcon_core.environment:checking '/home/paulo/edromufu/src/movement/Ros2_change/install/u2d2_comm/lib/pkgconfig/u2d2_comm.pc'
[2.583s] Level 1:colcon.colcon_core.environment:checking '/home/paulo/edromufu/src/movement/Ros2_change/install/u2d2_comm/lib/python3.10/site-packages'
[2.583s] Level 1:colcon.colcon_core.shell:create_environment_hook('u2d2_comm', 'pythonpath')
[2.584s] INFO:colcon.colcon_core.shell:Creating environment hook '/home/paulo/edromufu/src/movement/Ros2_change/install/u2d2_comm/share/u2d2_comm/hook/pythonpath.ps1'
[2.584s] INFO:colcon.colcon_core.shell:Creating environment descriptor '/home/paulo/edromufu/src/movement/Ros2_change/install/u2d2_comm/share/u2d2_comm/hook/pythonpath.dsv'
[2.585s] INFO:colcon.colcon_core.shell:Creating environment hook '/home/paulo/edromufu/src/movement/Ros2_change/install/u2d2_comm/share/u2d2_comm/hook/pythonpath.sh'
[2.585s] Level 1:colcon.colcon_core.environment:checking '/home/paulo/edromufu/src/movement/Ros2_change/install/u2d2_comm/bin'
[2.585s] Level 1:colcon.colcon_core.environment:create_environment_scripts_only(u2d2_comm)
[2.586s] INFO:colcon.colcon_core.shell:Creating package script '/home/paulo/edromufu/src/movement/Ros2_change/install/u2d2_comm/share/u2d2_comm/package.ps1'
[2.586s] INFO:colcon.colcon_core.shell:Creating package descriptor '/home/paulo/edromufu/src/movement/Ros2_change/install/u2d2_comm/share/u2d2_comm/package.dsv'
[2.586s] INFO:colcon.colcon_core.shell:Creating package script '/home/paulo/edromufu/src/movement/Ros2_change/install/u2d2_comm/share/u2d2_comm/package.sh'
[2.587s] INFO:colcon.colcon_core.shell:Creating package script '/home/paulo/edromufu/src/movement/Ros2_change/install/u2d2_comm/share/u2d2_comm/package.bash'
[2.587s] INFO:colcon.colcon_core.shell:Creating package script '/home/paulo/edromufu/src/movement/Ros2_change/install/u2d2_comm/share/u2d2_comm/package.zsh'
[2.587s] Level 1:colcon.colcon_core.environment:create_file_with_runtime_dependencies(/home/paulo/edromufu/src/movement/Ros2_change/install/u2d2_comm/share/colcon-core/packages/u2d2_comm)
[2.640s] DEBUG:colcon.colcon_core.event_handler.log_command:Invoking command in '/home/paulo/edromufu/src/movement/Ros2_change/src/humanoid_definition': AMENT_PREFIX_PATH=/home/paulo/edromufu/src/movement/Ros2_change/install/kinematic_functions:/home/paulo/edromufu/src/movement/Ros2_change/install/urdf_robox:/home/paulo/edromufu/src/movement/Ros2_change/install/urdf_example:/home/paulo/edromufu/src/movement/Ros2_change/install/u2d2_comm:/home/paulo/edromufu/src/movement/Ros2_change/install/tahara_pages:/home/paulo/edromufu/src/movement/Ros2_change/install/pot_package:/home/paulo/edromufu/src/movement/Ros2_change/install/movement_core:/home/paulo/edromufu/src/movement/Ros2_change/install/movement_pages:/home/paulo/edromufu/src/movement/Ros2_change/install/movement_utils:/home/paulo/edromufu/src/movement/Ros2_change/install/movement_functions:/home/paulo/edromufu/src/movement/Ros2_change/install/micro_ros_agent:/home/paulo/edromufu/src/movement/Ros2_change/install/micro_ros_msgs:/home/paulo/edromufu/src/movement/Ros2_change/install/humanoid_definition:/home/paulo/edromufu/src/movement/Ros2_change/install/humanoid_visualization:/home/paulo/edromufu/src/movement/Ros2_change/install/erro_package:/opt/ros/humble PYTHONPATH=/home/paulo/edromufu/src/movement/Ros2_change/build/humanoid_definition/prefix_override:/usr/lib/python3/dist-packages/colcon_core/task/python/colcon_distutils_commands:/home/paulo/edromufu/src/movement/Ros2_change/install/humanoid_definition/lib/python3.10/site-packages:/home/paulo/edromufu/src/movement/Ros2_change/install/kinematic_functions/lib/python3.10/site-packages:/home/paulo/edromufu/src/movement/Ros2_change/install/u2d2_comm/lib/python3.10/site-packages:/home/paulo/edromufu/src/movement/Ros2_change/install/tahara_pages/lib/python3.10/site-packages:/home/paulo/edromufu/src/movement/Ros2_change/install/pot_package/lib/python3.10/site-packages:/home/paulo/edromufu/src/movement/Ros2_change/install/movement_core/lib/python3.10/site-packages:/home/paulo/edromufu/src/movement/Ros2_change/install/movement_pages/lib/python3.10/site-packages:/home/paulo/edromufu/src/movement/Ros2_change/install/movement_utils/local/lib/python3.10/dist-packages:/home/paulo/edromufu/src/movement/Ros2_change/install/movement_functions/lib/python3.10/site-packages:/home/paulo/edromufu/src/movement/Ros2_change/install/micro_ros_msgs/local/lib/python3.10/dist-packages:/home/paulo/edromufu/src/movement/Ros2_change/install/humanoid_definition/lib/python3.10/site-packages:/home/paulo/edromufu/src/movement/Ros2_change/install/erro_package/lib/python3.10/site-packages:/opt/ros/humble/lib/python3.10/site-packages:/opt/ros/humble/local/lib/python3.10/dist-packages /usr/bin/python3 -W ignore:setup.py install is deprecated setup.py egg_info --egg-base ../../build/humanoid_definition build --build-base /home/paulo/edromufu/src/movement/Ros2_change/build/humanoid_definition/build install --record /home/paulo/edromufu/src/movement/Ros2_change/build/humanoid_definition/install.log --single-version-externally-managed install_data
[2.643s] DEBUG:colcon.colcon_core.event_handler.log_command:Invoking command in '/home/paulo/edromufu/src/movement/Ros2_change/src/movement_functions': AMENT_PREFIX_PATH=/home/paulo/edromufu/src/movement/Ros2_change/install/kinematic_functions:/home/paulo/edromufu/src/movement/Ros2_change/install/urdf_robox:/home/paulo/edromufu/src/movement/Ros2_change/install/urdf_example:/home/paulo/edromufu/src/movement/Ros2_change/install/u2d2_comm:/home/paulo/edromufu/src/movement/Ros2_change/install/tahara_pages:/home/paulo/edromufu/src/movement/Ros2_change/install/pot_package:/home/paulo/edromufu/src/movement/Ros2_change/install/movement_core:/home/paulo/edromufu/src/movement/Ros2_change/install/movement_pages:/home/paulo/edromufu/src/movement/Ros2_change/install/movement_utils:/home/paulo/edromufu/src/movement/Ros2_change/install/movement_functions:/home/paulo/edromufu/src/movement/Ros2_change/install/micro_ros_agent:/home/paulo/edromufu/src/movement/Ros2_change/install/micro_ros_msgs:/home/paulo/edromufu/src/movement/Ros2_change/install/humanoid_definition:/home/paulo/edromufu/src/movement/Ros2_change/install/humanoid_visualization:/home/paulo/edromufu/src/movement/Ros2_change/install/erro_package:/opt/ros/humble PYTHONPATH=/home/paulo/edromufu/src/movement/Ros2_change/build/movement_functions/prefix_override:/usr/lib/python3/dist-packages/colcon_core/task/python/colcon_distutils_commands:/home/paulo/edromufu/src/movement/Ros2_change/install/movement_functions/lib/python3.10/site-packages:/home/paulo/edromufu/src/movement/Ros2_change/install/kinematic_functions/lib/python3.10/site-packages:/home/paulo/edromufu/src/movement/Ros2_change/install/u2d2_comm/lib/python3.10/site-packages:/home/paulo/edromufu/src/movement/Ros2_change/install/tahara_pages/lib/python3.10/site-packages:/home/paulo/edromufu/src/movement/Ros2_change/install/pot_package/lib/python3.10/site-packages:/home/paulo/edromufu/src/movement/Ros2_change/install/movement_core/lib/python3.10/site-packages:/home/paulo/edromufu/src/movement/Ros2_change/install/movement_pages/lib/python3.10/site-packages:/home/paulo/edromufu/src/movement/Ros2_change/install/movement_utils/local/lib/python3.10/dist-packages:/home/paulo/edromufu/src/movement/Ros2_change/install/movement_functions/lib/python3.10/site-packages:/home/paulo/edromufu/src/movement/Ros2_change/install/micro_ros_msgs/local/lib/python3.10/dist-packages:/home/paulo/edromufu/src/movement/Ros2_change/install/humanoid_definition/lib/python3.10/site-packages:/home/paulo/edromufu/src/movement/Ros2_change/install/erro_package/lib/python3.10/site-packages:/opt/ros/humble/lib/python3.10/site-packages:/opt/ros/humble/local/lib/python3.10/dist-packages /usr/bin/python3 -W ignore:setup.py install is deprecated setup.py egg_info --egg-base ../../build/movement_functions build --build-base /home/paulo/edromufu/src/movement/Ros2_change/build/movement_functions/build install --record /home/paulo/edromufu/src/movement/Ros2_change/build/movement_functions/install.log --single-version-externally-managed install_data
[2.854s] Level 1:colcon.colcon_core.environment:checking '/home/paulo/edromufu/src/movement/Ros2_change/install/movement_functions' for CMake module files
[2.854s] DEBUG:colcon.colcon_core.event_handler.log_command:Invoked command in '/home/paulo/edromufu/src/movement/Ros2_change/src/movement_functions' returned '0': AMENT_PREFIX_PATH=/home/paulo/edromufu/src/movement/Ros2_change/install/kinematic_functions:/home/paulo/edromufu/src/movement/Ros2_change/install/urdf_robox:/home/paulo/edromufu/src/movement/Ros2_change/install/urdf_example:/home/paulo/edromufu/src/movement/Ros2_change/install/u2d2_comm:/home/paulo/edromufu/src/movement/Ros2_change/install/tahara_pages:/home/paulo/edromufu/src/movement/Ros2_change/install/pot_package:/home/paulo/edromufu/src/movement/Ros2_change/install/movement_core:/home/paulo/edromufu/src/movement/Ros2_change/install/movement_pages:/home/paulo/edromufu/src/movement/Ros2_change/install/movement_utils:/home/paulo/edromufu/src/movement/Ros2_change/install/movement_functions:/home/paulo/edromufu/src/movement/Ros2_change/install/micro_ros_agent:/home/paulo/edromufu/src/movement/Ros2_change/install/micro_ros_msgs:/home/paulo/edromufu/src/movement/Ros2_change/install/humanoid_definition:/home/paulo/edromufu/src/movement/Ros2_change/install/humanoid_visualization:/home/paulo/edromufu/src/movement/Ros2_change/install/erro_package:/opt/ros/humble PYTHONPATH=/home/paulo/edromufu/src/movement/Ros2_change/build/movement_functions/prefix_override:/usr/lib/python3/dist-packages/colcon_core/task/python/colcon_distutils_commands:/home/paulo/edromufu/src/movement/Ros2_change/install/movement_functions/lib/python3.10/site-packages:/home/paulo/edromufu/src/movement/Ros2_change/install/kinematic_functions/lib/python3.10/site-packages:/home/paulo/edromufu/src/movement/Ros2_change/install/u2d2_comm/lib/python3.10/site-packages:/home/paulo/edromufu/src/movement/Ros2_change/install/tahara_pages/lib/python3.10/site-packages:/home/paulo/edromufu/src/movement/Ros2_change/install/pot_package/lib/python3.10/site-packages:/home/paulo/edromufu/src/movement/Ros2_change/install/movement_core/lib/python3.10/site-packages:/home/paulo/edromufu/src/movement/Ros2_change/install/movement_pages/lib/python3.10/site-packages:/home/paulo/edromufu/src/movement/Ros2_change/install/movement_utils/local/lib/python3.10/dist-packages:/home/paulo/edromufu/src/movement/Ros2_change/install/movement_functions/lib/python3.10/site-packages:/home/paulo/edromufu/src/movement/Ros2_change/install/micro_ros_msgs/local/lib/python3.10/dist-packages:/home/paulo/edromufu/src/movement/Ros2_change/install/humanoid_definition/lib/python3.10/site-packages:/home/paulo/edromufu/src/movement/Ros2_change/install/erro_package/lib/python3.10/site-packages:/opt/ros/humble/lib/python3.10/site-packages:/opt/ros/humble/local/lib/python3.10/dist-packages /usr/bin/python3 -W ignore:setup.py install is deprecated setup.py egg_info --egg-base ../../build/movement_functions build --build-base /home/paulo/edromufu/src/movement/Ros2_change/build/movement_functions/build install --record /home/paulo/edromufu/src/movement/Ros2_change/build/movement_functions/install.log --single-version-externally-managed install_data
[2.854s] Level 1:colcon.colcon_core.environment:checking '/home/paulo/edromufu/src/movement/Ros2_change/install/movement_functions' for CMake config files
[2.855s] Level 1:colcon.colcon_core.environment:checking '/home/paulo/edromufu/src/movement/Ros2_change/install/movement_functions/lib'
[2.855s] Level 1:colcon.colcon_core.environment:checking '/home/paulo/edromufu/src/movement/Ros2_change/install/movement_functions/bin'
[2.855s] Level 1:colcon.colcon_core.environment:checking '/home/paulo/edromufu/src/movement/Ros2_change/install/movement_functions/lib/pkgconfig/movement_functions.pc'
[2.855s] Level 1:colcon.colcon_core.environment:checking '/home/paulo/edromufu/src/movement/Ros2_change/install/movement_functions/lib/python3.10/site-packages'
[2.855s] Level 1:colcon.colcon_core.shell:create_environment_hook('movement_functions', 'pythonpath')
[2.855s] INFO:colcon.colcon_core.shell:Creating environment hook '/home/paulo/edromufu/src/movement/Ros2_change/install/movement_functions/share/movement_functions/hook/pythonpath.ps1'
[2.856s] INFO:colcon.colcon_core.shell:Creating environment descriptor '/home/paulo/edromufu/src/movement/Ros2_change/install/movement_functions/share/movement_functions/hook/pythonpath.dsv'
[2.856s] INFO:colcon.colcon_core.shell:Creating environment hook '/home/paulo/edromufu/src/movement/Ros2_change/install/movement_functions/share/movement_functions/hook/pythonpath.sh'
[2.856s] Level 1:colcon.colcon_core.environment:checking '/home/paulo/edromufu/src/movement/Ros2_change/install/movement_functions/bin'
[2.856s] Level 1:colcon.colcon_core.environment:create_environment_scripts_only(movement_functions)
[2.857s] INFO:colcon.colcon_core.shell:Creating package script '/home/paulo/edromufu/src/movement/Ros2_change/install/movement_functions/share/movement_functions/package.ps1'
[2.857s] INFO:colcon.colcon_core.shell:Creating package descriptor '/home/paulo/edromufu/src/movement/Ros2_change/install/movement_functions/share/movement_functions/package.dsv'
[2.858s] INFO:colcon.colcon_core.shell:Creating package script '/home/paulo/edromufu/src/movement/Ros2_change/install/movement_functions/share/movement_functions/package.sh'
[2.858s] INFO:colcon.colcon_core.shell:Creating package script '/home/paulo/edromufu/src/movement/Ros2_change/install/movement_functions/share/movement_functions/package.bash'
[2.858s] INFO:colcon.colcon_core.shell:Creating package script '/home/paulo/edromufu/src/movement/Ros2_change/install/movement_functions/share/movement_functions/package.zsh'
[2.858s] Level 1:colcon.colcon_core.environment:create_file_with_runtime_dependencies(/home/paulo/edromufu/src/movement/Ros2_change/install/movement_functions/share/colcon-core/packages/movement_functions)
[2.859s] Level 1:colcon.colcon_core.environment:checking '/home/paulo/edromufu/src/movement/Ros2_change/install/humanoid_definition' for CMake module files
[2.860s] DEBUG:colcon.colcon_core.event_handler.log_command:Invoked command in '/home/paulo/edromufu/src/movement/Ros2_change/src/humanoid_definition' returned '0': AMENT_PREFIX_PATH=/home/paulo/edromufu/src/movement/Ros2_change/install/kinematic_functions:/home/paulo/edromufu/src/movement/Ros2_change/install/urdf_robox:/home/paulo/edromufu/src/movement/Ros2_change/install/urdf_example:/home/paulo/edromufu/src/movement/Ros2_change/install/u2d2_comm:/home/paulo/edromufu/src/movement/Ros2_change/install/tahara_pages:/home/paulo/edromufu/src/movement/Ros2_change/install/pot_package:/home/paulo/edromufu/src/movement/Ros2_change/install/movement_core:/home/paulo/edromufu/src/movement/Ros2_change/install/movement_pages:/home/paulo/edromufu/src/movement/Ros2_change/install/movement_utils:/home/paulo/edromufu/src/movement/Ros2_change/install/movement_functions:/home/paulo/edromufu/src/movement/Ros2_change/install/micro_ros_agent:/home/paulo/edromufu/src/movement/Ros2_change/install/micro_ros_msgs:/home/paulo/edromufu/src/movement/Ros2_change/install/humanoid_definition:/home/paulo/edromufu/src/movement/Ros2_change/install/humanoid_visualization:/home/paulo/edromufu/src/movement/Ros2_change/install/erro_package:/opt/ros/humble PYTHONPATH=/home/paulo/edromufu/src/movement/Ros2_change/build/humanoid_definition/prefix_override:/usr/lib/python3/dist-packages/colcon_core/task/python/colcon_distutils_commands:/home/paulo/edromufu/src/movement/Ros2_change/install/humanoid_definition/lib/python3.10/site-packages:/home/paulo/edromufu/src/movement/Ros2_change/install/kinematic_functions/lib/python3.10/site-packages:/home/paulo/edromufu/src/movement/Ros2_change/install/u2d2_comm/lib/python3.10/site-packages:/home/paulo/edromufu/src/movement/Ros2_change/install/tahara_pages/lib/python3.10/site-packages:/home/paulo/edromufu/src/movement/Ros2_change/install/pot_package/lib/python3.10/site-packages:/home/paulo/edromufu/src/movement/Ros2_change/install/movement_core/lib/python3.10/site-packages:/home/paulo/edromufu/src/movement/Ros2_change/install/movement_pages/lib/python3.10/site-packages:/home/paulo/edromufu/src/movement/Ros2_change/install/movement_utils/local/lib/python3.10/dist-packages:/home/paulo/edromufu/src/movement/Ros2_change/install/movement_functions/lib/python3.10/site-packages:/home/paulo/edromufu/src/movement/Ros2_change/install/micro_ros_msgs/local/lib/python3.10/dist-packages:/home/paulo/edromufu/src/movement/Ros2_change/install/humanoid_definition/lib/python3.10/site-packages:/home/paulo/edromufu/src/movement/Ros2_change/install/erro_package/lib/python3.10/site-packages:/opt/ros/humble/lib/python3.10/site-packages:/opt/ros/humble/local/lib/python3.10/dist-packages /usr/bin/python3 -W ignore:setup.py install is deprecated setup.py egg_info --egg-base ../../build/humanoid_definition build --build-base /home/paulo/edromufu/src/movement/Ros2_change/build/humanoid_definition/build install --record /home/paulo/edromufu/src/movement/Ros2_change/build/humanoid_definition/install.log --single-version-externally-managed install_data
[2.860s] Level 1:colcon.colcon_core.environment:checking '/home/paulo/edromufu/src/movement/Ros2_change/install/humanoid_definition' for CMake config files
[2.860s] Level 1:colcon.colcon_core.environment:checking '/home/paulo/edromufu/src/movement/Ros2_change/install/humanoid_definition/lib'
[2.861s] Level 1:colcon.colcon_core.environment:checking '/home/paulo/edromufu/src/movement/Ros2_change/install/humanoid_definition/bin'
[2.861s] Level 1:colcon.colcon_core.environment:checking '/home/paulo/edromufu/src/movement/Ros2_change/install/humanoid_definition/lib/pkgconfig/humanoid_definition.pc'
[2.861s] Level 1:colcon.colcon_core.environment:checking '/home/paulo/edromufu/src/movement/Ros2_change/install/humanoid_definition/lib/python3.10/site-packages'
[2.861s] Level 1:colcon.colcon_core.shell:create_environment_hook('humanoid_definition', 'pythonpath')
[2.861s] INFO:colcon.colcon_core.shell:Creating environment hook '/home/paulo/edromufu/src/movement/Ros2_change/install/humanoid_definition/share/humanoid_definition/hook/pythonpath.ps1'
[2.862s] INFO:colcon.colcon_core.shell:Creating environment descriptor '/home/paulo/edromufu/src/movement/Ros2_change/install/humanoid_definition/share/humanoid_definition/hook/pythonpath.dsv'
[2.863s] INFO:colcon.colcon_core.shell:Creating environment hook '/home/paulo/edromufu/src/movement/Ros2_change/install/humanoid_definition/share/humanoid_definition/hook/pythonpath.sh'
[2.863s] Level 1:colcon.colcon_core.environment:checking '/home/paulo/edromufu/src/movement/Ros2_change/install/humanoid_definition/bin'
[2.863s] Level 1:colcon.colcon_core.environment:create_environment_scripts_only(humanoid_definition)
[2.864s] INFO:colcon.colcon_core.shell:Creating package script '/home/paulo/edromufu/src/movement/Ros2_change/install/humanoid_definition/share/humanoid_definition/package.ps1'
[2.865s] INFO:colcon.colcon_core.shell:Creating package descriptor '/home/paulo/edromufu/src/movement/Ros2_change/install/humanoid_definition/share/humanoid_definition/package.dsv'
[2.865s] INFO:colcon.colcon_core.shell:Creating package script '/home/paulo/edromufu/src/movement/Ros2_change/install/humanoid_definition/share/humanoid_definition/package.sh'
[2.866s] INFO:colcon.colcon_core.shell:Creating package script '/home/paulo/edromufu/src/movement/Ros2_change/install/humanoid_definition/share/humanoid_definition/package.bash'
[2.866s] INFO:colcon.colcon_core.shell:Creating package script '/home/paulo/edromufu/src/movement/Ros2_change/install/humanoid_definition/share/humanoid_definition/package.zsh'
[2.867s] Level 1:colcon.colcon_core.environment:create_file_with_runtime_dependencies(/home/paulo/edromufu/src/movement/Ros2_change/install/humanoid_definition/share/colcon-core/packages/humanoid_definition)
[2.867s] INFO:colcon.colcon_ros.task.ament_python.build:Building ROS package in '/home/paulo/edromufu/src/movement/Ros2_change/src/movement_core' with build type 'ament_python'
[2.867s] Level 1:colcon.colcon_core.shell:create_environment_hook('movement_core', 'ament_prefix_path')
[2.867s] INFO:colcon.colcon_core.shell:Creating environment hook '/home/paulo/edromufu/src/movement/Ros2_change/install/movement_core/share/movement_core/hook/ament_prefix_path.ps1'
[2.868s] INFO:colcon.colcon_core.shell:Creating environment descriptor '/home/paulo/edromufu/src/movement/Ros2_change/install/movement_core/share/movement_core/hook/ament_prefix_path.dsv'
[2.868s] INFO:colcon.colcon_core.shell:Creating environment hook '/home/paulo/edromufu/src/movement/Ros2_change/install/movement_core/share/movement_core/hook/ament_prefix_path.sh'
[2.869s] INFO:colcon.colcon_core.shell:Skip shell extension 'powershell' for command environment: Not usable outside of PowerShell
[2.869s] DEBUG:colcon.colcon_core.shell:Skip shell extension 'dsv' for command environment
[3.042s] INFO:colcon.colcon_core.task.python.build:Building Python package in '/home/paulo/edromufu/src/movement/Ros2_change/src/movement_core'
[3.043s] INFO:colcon.colcon_core.shell:Skip shell extension 'powershell' for command environment: Not usable outside of PowerShell
[3.043s] DEBUG:colcon.colcon_core.shell:Skip shell extension 'dsv' for command environment
[3.269s] DEBUG:colcon.colcon_core.event_handler.log_command:Invoking command in '/home/paulo/edromufu/src/movement/Ros2_change/src/movement_core': AMENT_PREFIX_PATH=/home/paulo/edromufu/src/movement/Ros2_change/install/movement_pages:/home/paulo/edromufu/src/movement/Ros2_change/install/movement_functions:/home/paulo/edromufu/src/movement/Ros2_change/install/humanoid_definition:/home/paulo/edromufu/src/movement/Ros2_change/install/kinematic_functions:/home/paulo/edromufu/src/movement/Ros2_change/install/urdf_robox:/home/paulo/edromufu/src/movement/Ros2_change/install/urdf_example:/home/paulo/edromufu/src/movement/Ros2_change/install/u2d2_comm:/home/paulo/edromufu/src/movement/Ros2_change/install/tahara_pages:/home/paulo/edromufu/src/movement/Ros2_change/install/pot_package:/home/paulo/edromufu/src/movement/Ros2_change/install/movement_core:/home/paulo/edromufu/src/movement/Ros2_change/install/movement_utils:/home/paulo/edromufu/src/movement/Ros2_change/install/micro_ros_agent:/home/paulo/edromufu/src/movement/Ros2_change/install/micro_ros_msgs:/home/paulo/edromufu/src/movement/Ros2_change/install/humanoid_visualization:/home/paulo/edromufu/src/movement/Ros2_change/install/erro_package:/opt/ros/humble CMAKE_PREFIX_PATH=/home/paulo/edromufu/src/movement/Ros2_change/install/movement_utils:/home/paulo/edromufu/src/movement/Ros2_change/install/urdf_robox:/home/paulo/edromufu/src/movement/Ros2_change/install/urdf_example:/home/paulo/edromufu/src/movement/Ros2_change/install/micro_ros_agent:/home/paulo/edromufu/src/movement/Ros2_change/install/micro_ros_msgs:/home/paulo/edromufu/src/movement/Ros2_change/install/humanoid_visualization PYTHONPATH=/home/paulo/edromufu/src/movement/Ros2_change/build/movement_core/prefix_override:/usr/lib/python3/dist-packages/colcon_core/task/python/colcon_distutils_commands:/home/paulo/edromufu/src/movement/Ros2_change/install/movement_core/lib/python3.10/site-packages:/home/paulo/edromufu/src/movement/Ros2_change/install/movement_pages/lib/python3.10/site-packages:/home/paulo/edromufu/src/movement/Ros2_change/install/movement_functions/lib/python3.10/site-packages:/home/paulo/edromufu/src/movement/Ros2_change/install/humanoid_definition/lib/python3.10/site-packages:/home/paulo/edromufu/src/movement/Ros2_change/install/kinematic_functions/lib/python3.10/site-packages:/home/paulo/edromufu/src/movement/Ros2_change/install/u2d2_comm/lib/python3.10/site-packages:/home/paulo/edromufu/src/movement/Ros2_change/install/tahara_pages/lib/python3.10/site-packages:/home/paulo/edromufu/src/movement/Ros2_change/install/pot_package/lib/python3.10/site-packages:/home/paulo/edromufu/src/movement/Ros2_change/install/movement_core/lib/python3.10/site-packages:/home/paulo/edromufu/src/movement/Ros2_change/install/movement_utils/local/lib/python3.10/dist-packages:/home/paulo/edromufu/src/movement/Ros2_change/install/micro_ros_msgs/local/lib/python3.10/dist-packages:/home/paulo/edromufu/src/movement/Ros2_change/install/erro_package/lib/python3.10/site-packages:/opt/ros/humble/lib/python3.10/site-packages:/opt/ros/humble/local/lib/python3.10/dist-packages /usr/bin/python3 -W ignore:setup.py install is deprecated setup.py egg_info --egg-base ../../build/movement_core build --build-base /home/paulo/edromufu/src/movement/Ros2_change/build/movement_core/build install --record /home/paulo/edromufu/src/movement/Ros2_change/build/movement_core/install.log --single-version-externally-managed install_data
[3.458s] Level 1:colcon.colcon_core.environment:checking '/home/paulo/edromufu/src/movement/Ros2_change/install/movement_core' for CMake module files
[3.458s] DEBUG:colcon.colcon_core.event_handler.log_command:Invoked command in '/home/paulo/edromufu/src/movement/Ros2_change/src/movement_core' returned '0': AMENT_PREFIX_PATH=/home/paulo/edromufu/src/movement/Ros2_change/install/movement_pages:/home/paulo/edromufu/src/movement/Ros2_change/install/movement_functions:/home/paulo/edromufu/src/movement/Ros2_change/install/humanoid_definition:/home/paulo/edromufu/src/movement/Ros2_change/install/kinematic_functions:/home/paulo/edromufu/src/movement/Ros2_change/install/urdf_robox:/home/paulo/edromufu/src/movement/Ros2_change/install/urdf_example:/home/paulo/edromufu/src/movement/Ros2_change/install/u2d2_comm:/home/paulo/edromufu/src/movement/Ros2_change/install/tahara_pages:/home/paulo/edromufu/src/movement/Ros2_change/install/pot_package:/home/paulo/edromufu/src/movement/Ros2_change/install/movement_core:/home/paulo/edromufu/src/movement/Ros2_change/install/movement_utils:/home/paulo/edromufu/src/movement/Ros2_change/install/micro_ros_agent:/home/paulo/edromufu/src/movement/Ros2_change/install/micro_ros_msgs:/home/paulo/edromufu/src/movement/Ros2_change/install/humanoid_visualization:/home/paulo/edromufu/src/movement/Ros2_change/install/erro_package:/opt/ros/humble CMAKE_PREFIX_PATH=/home/paulo/edromufu/src/movement/Ros2_change/install/movement_utils:/home/paulo/edromufu/src/movement/Ros2_change/install/urdf_robox:/home/paulo/edromufu/src/movement/Ros2_change/install/urdf_example:/home/paulo/edromufu/src/movement/Ros2_change/install/micro_ros_agent:/home/paulo/edromufu/src/movement/Ros2_change/install/micro_ros_msgs:/home/paulo/edromufu/src/movement/Ros2_change/install/humanoid_visualization PYTHONPATH=/home/paulo/edromufu/src/movement/Ros2_change/build/movement_core/prefix_override:/usr/lib/python3/dist-packages/colcon_core/task/python/colcon_distutils_commands:/home/paulo/edromufu/src/movement/Ros2_change/install/movement_core/lib/python3.10/site-packages:/home/paulo/edromufu/src/movement/Ros2_change/install/movement_pages/lib/python3.10/site-packages:/home/paulo/edromufu/src/movement/Ros2_change/install/movement_functions/lib/python3.10/site-packages:/home/paulo/edromufu/src/movement/Ros2_change/install/humanoid_definition/lib/python3.10/site-packages:/home/paulo/edromufu/src/movement/Ros2_change/install/kinematic_functions/lib/python3.10/site-packages:/home/paulo/edromufu/src/movement/Ros2_change/install/u2d2_comm/lib/python3.10/site-packages:/home/paulo/edromufu/src/movement/Ros2_change/install/tahara_pages/lib/python3.10/site-packages:/home/paulo/edromufu/src/movement/Ros2_change/install/pot_package/lib/python3.10/site-packages:/home/paulo/edromufu/src/movement/Ros2_change/install/movement_core/lib/python3.10/site-packages:/home/paulo/edromufu/src/movement/Ros2_change/install/movement_utils/local/lib/python3.10/dist-packages:/home/paulo/edromufu/src/movement/Ros2_change/install/micro_ros_msgs/local/lib/python3.10/dist-packages:/home/paulo/edromufu/src/movement/Ros2_change/install/erro_package/lib/python3.10/site-packages:/opt/ros/humble/lib/python3.10/site-packages:/opt/ros/humble/local/lib/python3.10/dist-packages /usr/bin/python3 -W ignore:setup.py install is deprecated setup.py egg_info --egg-base ../../build/movement_core build --build-base /home/paulo/edromufu/src/movement/Ros2_change/build/movement_core/build install --record /home/paulo/edromufu/src/movement/Ros2_change/build/movement_core/install.log --single-version-externally-managed install_data
[3.459s] Level 1:colcon.colcon_core.environment:checking '/home/paulo/edromufu/src/movement/Ros2_change/install/movement_core' for CMake config files
[3.460s] Level 1:colcon.colcon_core.environment:checking '/home/paulo/edromufu/src/movement/Ros2_change/install/movement_core/lib'
[3.460s] Level 1:colcon.colcon_core.environment:checking '/home/paulo/edromufu/src/movement/Ros2_change/install/movement_core/bin'
[3.460s] Level 1:colcon.colcon_core.environment:checking '/home/paulo/edromufu/src/movement/Ros2_change/install/movement_core/lib/pkgconfig/movement_core.pc'
[3.460s] Level 1:colcon.colcon_core.environment:checking '/home/paulo/edromufu/src/movement/Ros2_change/install/movement_core/lib/python3.10/site-packages'
[3.460s] Level 1:colcon.colcon_core.shell:create_environment_hook('movement_core', 'pythonpath')
[3.460s] INFO:colcon.colcon_core.shell:Creating environment hook '/home/paulo/edromufu/src/movement/Ros2_change/install/movement_core/share/movement_core/hook/pythonpath.ps1'
[3.461s] INFO:colcon.colcon_core.shell:Creating environment descriptor '/home/paulo/edromufu/src/movement/Ros2_change/install/movement_core/share/movement_core/hook/pythonpath.dsv'
[3.461s] INFO:colcon.colcon_core.shell:Creating environment hook '/home/paulo/edromufu/src/movement/Ros2_change/install/movement_core/share/movement_core/hook/pythonpath.sh'
[3.461s] Level 1:colcon.colcon_core.environment:checking '/home/paulo/edromufu/src/movement/Ros2_change/install/movement_core/bin'
[3.461s] Level 1:colcon.colcon_core.environment:create_environment_scripts_only(movement_core)
[3.462s] INFO:colcon.colcon_core.shell:Creating package script '/home/paulo/edromufu/src/movement/Ros2_change/install/movement_core/share/movement_core/package.ps1'
[3.462s] INFO:colcon.colcon_core.shell:Creating package descriptor '/home/paulo/edromufu/src/movement/Ros2_change/install/movement_core/share/movement_core/package.dsv'
[3.462s] INFO:colcon.colcon_core.shell:Creating package script '/home/paulo/edromufu/src/movement/Ros2_change/install/movement_core/share/movement_core/package.sh'
[3.463s] INFO:colcon.colcon_core.shell:Creating package script '/home/paulo/edromufu/src/movement/Ros2_change/install/movement_core/share/movement_core/package.bash'
[3.463s] INFO:colcon.colcon_core.shell:Creating package script '/home/paulo/edromufu/src/movement/Ros2_change/install/movement_core/share/movement_core/package.zsh'
[3.463s] Level 1:colcon.colcon_core.environment:create_file_with_runtime_dependencies(/home/paulo/edromufu/src/movement/Ros2_change/install/movement_core/share/colcon-core/packages/movement_core)
[3.463s] DEBUG:colcon.colcon_parallel_executor.executor.parallel:closing loop
[3.463s] DEBUG:colcon.colcon_parallel_executor.executor.parallel:loop closed
[3.463s] DEBUG:colcon.colcon_parallel_executor.executor.parallel:run_until_complete finished with '0'
[3.464s] DEBUG:colcon.colcon_core.event_reactor:joining thread
[3.468s] INFO:colcon.colcon_core.plugin_system:Skipping extension 'colcon_notification.desktop_notification.terminal_notifier': Not used on non-Darwin systems
[3.468s] INFO:colcon.colcon_core.plugin_system:Skipping extension 'colcon_notification.desktop_notification.win32': Not used on non-Windows systems
[3.468s] INFO:colcon.colcon_notification.desktop_notification:Sending desktop notification using 'notify2'
[3.477s] DEBUG:colcon.colcon_core.event_reactor:joined thread
[3.478s] INFO:colcon.colcon_core.shell:Creating prefix script '/home/paulo/edromufu/src/movement/Ros2_change/install/local_setup.ps1'
[3.479s] INFO:colcon.colcon_core.shell:Creating prefix util module '/home/paulo/edromufu/src/movement/Ros2_change/install/_local_setup_util_ps1.py'
[3.480s] INFO:colcon.colcon_core.shell:Creating prefix chain script '/home/paulo/edromufu/src/movement/Ros2_change/install/setup.ps1'
[3.481s] INFO:colcon.colcon_core.shell:Creating prefix script '/home/paulo/edromufu/src/movement/Ros2_change/install/local_setup.sh'
[3.481s] INFO:colcon.colcon_core.shell:Creating prefix util module '/home/paulo/edromufu/src/movement/Ros2_change/install/_local_setup_util_sh.py'
[3.482s] INFO:colcon.colcon_core.shell:Creating prefix chain script '/home/paulo/edromufu/src/movement/Ros2_change/install/setup.sh'
[3.483s] INFO:colcon.colcon_core.shell:Creating prefix script '/home/paulo/edromufu/src/movement/Ros2_change/install/local_setup.bash'
[3.483s] INFO:colcon.colcon_core.shell:Creating prefix chain script '/home/paulo/edromufu/src/movement/Ros2_change/install/setup.bash'
[3.484s] INFO:colcon.colcon_core.shell:Creating prefix script '/home/paulo/edromufu/src/movement/Ros2_change/install/local_setup.zsh'
[3.484s] INFO:colcon.colcon_core.shell:Creating prefix chain script '/home/paulo/edromufu/src/movement/Ros2_change/install/setup.zsh'
