[0.064s] DEBUG:colcon:Command line arguments: ['/usr/bin/colcon', 'build']
[0.064s] DEBUG:colcon:Parsed command line arguments: Namespace(log_base=None, log_level=None, verb_name='build', build_base='build', install_base='install', merge_install=False, symlink_install=False, test_result_base=None, continue_on_error=False, executor='parallel', parallel_workers=12, event_handlers=None, ignore_user_meta=False, metas=['./colcon.meta'], base_paths=['.'], packages_ignore=None, packages_ignore_regex=None, paths=None, packages_up_to=None, packages_up_to_regex=None, packages_above=None, packages_above_and_dependencies=None, packages_above_depth=None, packages_select_by_dep=None, packages_skip_by_dep=None, packages_skip_up_to=None, packages_select_build_failed=False, packages_skip_build_finished=False, packages_select_test_failures=False, packages_skip_test_passed=False, packages_select=None, packages_skip=None, packages_select_regex=None, packages_skip_regex=None, packages_start=None, packages_end=None, allow_overriding=[], cmake_args=None, cmake_target=None, cmake_target_skip_unavailable=False, cmake_clean_cache=False, cmake_clean_first=False, cmake_force_configure=False, ament_cmake_args=None, catkin_cmake_args=None, catkin_skip_building_tests=False, verb_parser=<colcon_defaults.argument_parser.defaults.DefaultArgumentsDecorator object at 0x77d430d330d0>, verb_extension=<colcon_core.verb.build.BuildVerb object at 0x77d430d32b00>, main=<bound method BuildVerb.main of <colcon_core.verb.build.BuildVerb object at 0x77d430d32b00>>)
[0.196s] Level 1:colcon.colcon_core.package_discovery:discover_packages(colcon_meta) check parameters
[0.196s] Level 1:colcon.colcon_core.package_discovery:discover_packages(recursive) check parameters
[0.196s] Level 1:colcon.colcon_core.package_discovery:discover_packages(ignore) check parameters
[0.196s] Level 1:colcon.colcon_core.package_discovery:discover_packages(path) check parameters
[0.196s] Level 1:colcon.colcon_core.package_discovery:discover_packages(colcon_meta) discover
[0.197s] Level 1:colcon.colcon_core.package_discovery:discover_packages(recursive) discover
[0.197s] INFO:colcon.colcon_core.package_discovery:Crawling recursively for packages in '/home/paulo/edromufu'
[0.197s] Level 1:colcon.colcon_core.package_identification:_identify(.) by extensions ['ignore', 'ignore_ament_install']
[0.197s] Level 1:colcon.colcon_core.package_identification:_identify(.) by extension 'ignore'
[0.197s] Level 1:colcon.colcon_core.package_identification:_identify(.) by extension 'ignore_ament_install'
[0.197s] Level 1:colcon.colcon_core.package_identification:_identify(.) by extensions ['colcon_pkg']
[0.197s] Level 1:colcon.colcon_core.package_identification:_identify(.) by extension 'colcon_pkg'
[0.197s] Level 1:colcon.colcon_core.package_identification:_identify(.) by extensions ['colcon_meta']
[0.197s] Level 1:colcon.colcon_core.package_identification:_identify(.) by extension 'colcon_meta'
[0.197s] Level 1:colcon.colcon_core.package_identification:_identify(.) by extensions ['ros']
[0.197s] Level 1:colcon.colcon_core.package_identification:_identify(.) by extension 'ros'
[0.218s] Level 1:colcon.colcon_core.package_identification:_identify(.) by extensions ['cmake', 'python']
[0.218s] Level 1:colcon.colcon_core.package_identification:_identify(.) by extension 'cmake'
[0.218s] Level 1:colcon.colcon_core.package_identification:_identify(.) by extension 'python'
[0.218s] Level 1:colcon.colcon_core.package_identification:_identify(.) by extensions ['python_setup_py']
[0.218s] Level 1:colcon.colcon_core.package_identification:_identify(.) by extension 'python_setup_py'
[0.218s] Level 1:colcon.colcon_core.package_identification:_identify(build) by extensions ['ignore', 'ignore_ament_install']
[0.218s] Level 1:colcon.colcon_core.package_identification:_identify(build) by extension 'ignore'
[0.218s] Level 1:colcon.colcon_core.package_identification:_identify(build) ignored
[0.218s] Level 1:colcon.colcon_core.package_identification:_identify(devel) by extensions ['ignore', 'ignore_ament_install']
[0.218s] Level 1:colcon.colcon_core.package_identification:_identify(devel) by extension 'ignore'
[0.218s] Level 1:colcon.colcon_core.package_identification:_identify(devel) by extension 'ignore_ament_install'
[0.218s] Level 1:colcon.colcon_core.package_identification:_identify(devel) ignored
[0.218s] Level 1:colcon.colcon_core.package_identification:_identify(edrom-docs) by extensions ['ignore', 'ignore_ament_install']
[0.218s] Level 1:colcon.colcon_core.package_identification:_identify(edrom-docs) by extension 'ignore'
[0.218s] Level 1:colcon.colcon_core.package_identification:_identify(edrom-docs) by extension 'ignore_ament_install'
[0.218s] Level 1:colcon.colcon_core.package_identification:_identify(edrom-docs) by extensions ['colcon_pkg']
[0.218s] Level 1:colcon.colcon_core.package_identification:_identify(edrom-docs) by extension 'colcon_pkg'
[0.218s] Level 1:colcon.colcon_core.package_identification:_identify(edrom-docs) by extensions ['colcon_meta']
[0.218s] Level 1:colcon.colcon_core.package_identification:_identify(edrom-docs) by extension 'colcon_meta'
[0.218s] Level 1:colcon.colcon_core.package_identification:_identify(edrom-docs) by extensions ['ros']
[0.218s] Level 1:colcon.colcon_core.package_identification:_identify(edrom-docs) by extension 'ros'
[0.218s] Level 1:colcon.colcon_core.package_identification:_identify(edrom-docs) by extensions ['cmake', 'python']
[0.218s] Level 1:colcon.colcon_core.package_identification:_identify(edrom-docs) by extension 'cmake'
[0.219s] Level 1:colcon.colcon_core.package_identification:_identify(edrom-docs) by extension 'python'
[0.219s] Level 1:colcon.colcon_core.package_identification:_identify(edrom-docs) by extensions ['python_setup_py']
[0.219s] Level 1:colcon.colcon_core.package_identification:_identify(edrom-docs) by extension 'python_setup_py'
[0.219s] Level 1:colcon.colcon_core.package_identification:_identify(edrom-docs/blog) by extensions ['ignore', 'ignore_ament_install']
[0.219s] Level 1:colcon.colcon_core.package_identification:_identify(edrom-docs/blog) by extension 'ignore'
[0.219s] Level 1:colcon.colcon_core.package_identification:_identify(edrom-docs/blog) by extension 'ignore_ament_install'
[0.219s] Level 1:colcon.colcon_core.package_identification:_identify(edrom-docs/blog) by extensions ['colcon_pkg']
[0.219s] Level 1:colcon.colcon_core.package_identification:_identify(edrom-docs/blog) by extension 'colcon_pkg'
[0.219s] Level 1:colcon.colcon_core.package_identification:_identify(edrom-docs/blog) by extensions ['colcon_meta']
[0.219s] Level 1:colcon.colcon_core.package_identification:_identify(edrom-docs/blog) by extension 'colcon_meta'
[0.219s] Level 1:colcon.colcon_core.package_identification:_identify(edrom-docs/blog) by extensions ['ros']
[0.219s] Level 1:colcon.colcon_core.package_identification:_identify(edrom-docs/blog) by extension 'ros'
[0.219s] Level 1:colcon.colcon_core.package_identification:_identify(edrom-docs/blog) by extensions ['cmake', 'python']
[0.219s] Level 1:colcon.colcon_core.package_identification:_identify(edrom-docs/blog) by extension 'cmake'
[0.219s] Level 1:colcon.colcon_core.package_identification:_identify(edrom-docs/blog) by extension 'python'
[0.219s] Level 1:colcon.colcon_core.package_identification:_identify(edrom-docs/blog) by extensions ['python_setup_py']
[0.219s] Level 1:colcon.colcon_core.package_identification:_identify(edrom-docs/blog) by extension 'python_setup_py'
[0.219s] Level 1:colcon.colcon_core.package_identification:_identify(edrom-docs/blog/2021-08-26-welcome) by extensions ['ignore', 'ignore_ament_install']
[0.219s] Level 1:colcon.colcon_core.package_identification:_identify(edrom-docs/blog/2021-08-26-welcome) by extension 'ignore'
[0.219s] Level 1:colcon.colcon_core.package_identification:_identify(edrom-docs/blog/2021-08-26-welcome) by extension 'ignore_ament_install'
[0.219s] Level 1:colcon.colcon_core.package_identification:_identify(edrom-docs/blog/2021-08-26-welcome) by extensions ['colcon_pkg']
[0.219s] Level 1:colcon.colcon_core.package_identification:_identify(edrom-docs/blog/2021-08-26-welcome) by extension 'colcon_pkg'
[0.219s] Level 1:colcon.colcon_core.package_identification:_identify(edrom-docs/blog/2021-08-26-welcome) by extensions ['colcon_meta']
[0.219s] Level 1:colcon.colcon_core.package_identification:_identify(edrom-docs/blog/2021-08-26-welcome) by extension 'colcon_meta'
[0.219s] Level 1:colcon.colcon_core.package_identification:_identify(edrom-docs/blog/2021-08-26-welcome) by extensions ['ros']
[0.219s] Level 1:colcon.colcon_core.package_identification:_identify(edrom-docs/blog/2021-08-26-welcome) by extension 'ros'
[0.219s] Level 1:colcon.colcon_core.package_identification:_identify(edrom-docs/blog/2021-08-26-welcome) by extensions ['cmake', 'python']
[0.219s] Level 1:colcon.colcon_core.package_identification:_identify(edrom-docs/blog/2021-08-26-welcome) by extension 'cmake'
[0.219s] Level 1:colcon.colcon_core.package_identification:_identify(edrom-docs/blog/2021-08-26-welcome) by extension 'python'
[0.219s] Level 1:colcon.colcon_core.package_identification:_identify(edrom-docs/blog/2021-08-26-welcome) by extensions ['python_setup_py']
[0.219s] Level 1:colcon.colcon_core.package_identification:_identify(edrom-docs/blog/2021-08-26-welcome) by extension 'python_setup_py'
[0.219s] Level 1:colcon.colcon_core.package_identification:_identify(edrom-docs/docs) by extensions ['ignore', 'ignore_ament_install']
[0.219s] Level 1:colcon.colcon_core.package_identification:_identify(edrom-docs/docs) by extension 'ignore'
[0.219s] Level 1:colcon.colcon_core.package_identification:_identify(edrom-docs/docs) by extension 'ignore_ament_install'
[0.219s] Level 1:colcon.colcon_core.package_identification:_identify(edrom-docs/docs) by extensions ['colcon_pkg']
[0.220s] Level 1:colcon.colcon_core.package_identification:_identify(edrom-docs/docs) by extension 'colcon_pkg'
[0.220s] Level 1:colcon.colcon_core.package_identification:_identify(edrom-docs/docs) by extensions ['colcon_meta']
[0.220s] Level 1:colcon.colcon_core.package_identification:_identify(edrom-docs/docs) by extension 'colcon_meta'
[0.220s] Level 1:colcon.colcon_core.package_identification:_identify(edrom-docs/docs) by extensions ['ros']
[0.220s] Level 1:colcon.colcon_core.package_identification:_identify(edrom-docs/docs) by extension 'ros'
[0.220s] Level 1:colcon.colcon_core.package_identification:_identify(edrom-docs/docs) by extensions ['cmake', 'python']
[0.220s] Level 1:colcon.colcon_core.package_identification:_identify(edrom-docs/docs) by extension 'cmake'
[0.220s] Level 1:colcon.colcon_core.package_identification:_identify(edrom-docs/docs) by extension 'python'
[0.220s] Level 1:colcon.colcon_core.package_identification:_identify(edrom-docs/docs) by extensions ['python_setup_py']
[0.220s] Level 1:colcon.colcon_core.package_identification:_identify(edrom-docs/docs) by extension 'python_setup_py'
[0.220s] Level 1:colcon.colcon_core.package_identification:_identify(edrom-docs/docs/novidades-em-breve) by extensions ['ignore', 'ignore_ament_install']
[0.220s] Level 1:colcon.colcon_core.package_identification:_identify(edrom-docs/docs/novidades-em-breve) by extension 'ignore'
[0.220s] Level 1:colcon.colcon_core.package_identification:_identify(edrom-docs/docs/novidades-em-breve) by extension 'ignore_ament_install'
[0.220s] Level 1:colcon.colcon_core.package_identification:_identify(edrom-docs/docs/novidades-em-breve) by extensions ['colcon_pkg']
[0.220s] Level 1:colcon.colcon_core.package_identification:_identify(edrom-docs/docs/novidades-em-breve) by extension 'colcon_pkg'
[0.220s] Level 1:colcon.colcon_core.package_identification:_identify(edrom-docs/docs/novidades-em-breve) by extensions ['colcon_meta']
[0.220s] Level 1:colcon.colcon_core.package_identification:_identify(edrom-docs/docs/novidades-em-breve) by extension 'colcon_meta'
[0.220s] Level 1:colcon.colcon_core.package_identification:_identify(edrom-docs/docs/novidades-em-breve) by extensions ['ros']
[0.220s] Level 1:colcon.colcon_core.package_identification:_identify(edrom-docs/docs/novidades-em-breve) by extension 'ros'
[0.220s] Level 1:colcon.colcon_core.package_identification:_identify(edrom-docs/docs/novidades-em-breve) by extensions ['cmake', 'python']
[0.220s] Level 1:colcon.colcon_core.package_identification:_identify(edrom-docs/docs/novidades-em-breve) by extension 'cmake'
[0.220s] Level 1:colcon.colcon_core.package_identification:_identify(edrom-docs/docs/novidades-em-breve) by extension 'python'
[0.220s] Level 1:colcon.colcon_core.package_identification:_identify(edrom-docs/docs/novidades-em-breve) by extensions ['python_setup_py']
[0.220s] Level 1:colcon.colcon_core.package_identification:_identify(edrom-docs/docs/novidades-em-breve) by extension 'python_setup_py'
[0.220s] Level 1:colcon.colcon_core.package_identification:_identify(edrom-docs/docs/novidades-em-breve/img) by extensions ['ignore', 'ignore_ament_install']
[0.220s] Level 1:colcon.colcon_core.package_identification:_identify(edrom-docs/docs/novidades-em-breve/img) by extension 'ignore'
[0.220s] Level 1:colcon.colcon_core.package_identification:_identify(edrom-docs/docs/novidades-em-breve/img) by extension 'ignore_ament_install'
[0.220s] Level 1:colcon.colcon_core.package_identification:_identify(edrom-docs/docs/novidades-em-breve/img) by extensions ['colcon_pkg']
[0.220s] Level 1:colcon.colcon_core.package_identification:_identify(edrom-docs/docs/novidades-em-breve/img) by extension 'colcon_pkg'
[0.220s] Level 1:colcon.colcon_core.package_identification:_identify(edrom-docs/docs/novidades-em-breve/img) by extensions ['colcon_meta']
[0.220s] Level 1:colcon.colcon_core.package_identification:_identify(edrom-docs/docs/novidades-em-breve/img) by extension 'colcon_meta'
[0.220s] Level 1:colcon.colcon_core.package_identification:_identify(edrom-docs/docs/novidades-em-breve/img) by extensions ['ros']
[0.220s] Level 1:colcon.colcon_core.package_identification:_identify(edrom-docs/docs/novidades-em-breve/img) by extension 'ros'
[0.220s] Level 1:colcon.colcon_core.package_identification:_identify(edrom-docs/docs/novidades-em-breve/img) by extensions ['cmake', 'python']
[0.220s] Level 1:colcon.colcon_core.package_identification:_identify(edrom-docs/docs/novidades-em-breve/img) by extension 'cmake'
[0.220s] Level 1:colcon.colcon_core.package_identification:_identify(edrom-docs/docs/novidades-em-breve/img) by extension 'python'
[0.220s] Level 1:colcon.colcon_core.package_identification:_identify(edrom-docs/docs/novidades-em-breve/img) by extensions ['python_setup_py']
[0.220s] Level 1:colcon.colcon_core.package_identification:_identify(edrom-docs/docs/novidades-em-breve/img) by extension 'python_setup_py'
[0.220s] Level 1:colcon.colcon_core.package_identification:_identify(edrom-docs/docs/vision) by extensions ['ignore', 'ignore_ament_install']
[0.220s] Level 1:colcon.colcon_core.package_identification:_identify(edrom-docs/docs/vision) by extension 'ignore'
[0.221s] Level 1:colcon.colcon_core.package_identification:_identify(edrom-docs/docs/vision) by extension 'ignore_ament_install'
[0.221s] Level 1:colcon.colcon_core.package_identification:_identify(edrom-docs/docs/vision) by extensions ['colcon_pkg']
[0.221s] Level 1:colcon.colcon_core.package_identification:_identify(edrom-docs/docs/vision) by extension 'colcon_pkg'
[0.221s] Level 1:colcon.colcon_core.package_identification:_identify(edrom-docs/docs/vision) by extensions ['colcon_meta']
[0.221s] Level 1:colcon.colcon_core.package_identification:_identify(edrom-docs/docs/vision) by extension 'colcon_meta'
[0.221s] Level 1:colcon.colcon_core.package_identification:_identify(edrom-docs/docs/vision) by extensions ['ros']
[0.221s] Level 1:colcon.colcon_core.package_identification:_identify(edrom-docs/docs/vision) by extension 'ros'
[0.221s] Level 1:colcon.colcon_core.package_identification:_identify(edrom-docs/docs/vision) by extensions ['cmake', 'python']
[0.221s] Level 1:colcon.colcon_core.package_identification:_identify(edrom-docs/docs/vision) by extension 'cmake'
[0.221s] Level 1:colcon.colcon_core.package_identification:_identify(edrom-docs/docs/vision) by extension 'python'
[0.221s] Level 1:colcon.colcon_core.package_identification:_identify(edrom-docs/docs/vision) by extensions ['python_setup_py']
[0.221s] Level 1:colcon.colcon_core.package_identification:_identify(edrom-docs/docs/vision) by extension 'python_setup_py'
[0.221s] Level 1:colcon.colcon_core.package_identification:_identify(edrom-docs/docs/vision/codes) by extensions ['ignore', 'ignore_ament_install']
[0.221s] Level 1:colcon.colcon_core.package_identification:_identify(edrom-docs/docs/vision/codes) by extension 'ignore'
[0.221s] Level 1:colcon.colcon_core.package_identification:_identify(edrom-docs/docs/vision/codes) by extension 'ignore_ament_install'
[0.221s] Level 1:colcon.colcon_core.package_identification:_identify(edrom-docs/docs/vision/codes) by extensions ['colcon_pkg']
[0.221s] Level 1:colcon.colcon_core.package_identification:_identify(edrom-docs/docs/vision/codes) by extension 'colcon_pkg'
[0.221s] Level 1:colcon.colcon_core.package_identification:_identify(edrom-docs/docs/vision/codes) by extensions ['colcon_meta']
[0.221s] Level 1:colcon.colcon_core.package_identification:_identify(edrom-docs/docs/vision/codes) by extension 'colcon_meta'
[0.221s] Level 1:colcon.colcon_core.package_identification:_identify(edrom-docs/docs/vision/codes) by extensions ['ros']
[0.221s] Level 1:colcon.colcon_core.package_identification:_identify(edrom-docs/docs/vision/codes) by extension 'ros'
[0.221s] Level 1:colcon.colcon_core.package_identification:_identify(edrom-docs/docs/vision/codes) by extensions ['cmake', 'python']
[0.221s] Level 1:colcon.colcon_core.package_identification:_identify(edrom-docs/docs/vision/codes) by extension 'cmake'
[0.221s] Level 1:colcon.colcon_core.package_identification:_identify(edrom-docs/docs/vision/codes) by extension 'python'
[0.221s] Level 1:colcon.colcon_core.package_identification:_identify(edrom-docs/docs/vision/codes) by extensions ['python_setup_py']
[0.221s] Level 1:colcon.colcon_core.package_identification:_identify(edrom-docs/docs/vision/codes) by extension 'python_setup_py'
[0.221s] Level 1:colcon.colcon_core.package_identification:_identify(edrom-docs/docs/vision/training) by extensions ['ignore', 'ignore_ament_install']
[0.221s] Level 1:colcon.colcon_core.package_identification:_identify(edrom-docs/docs/vision/training) by extension 'ignore'
[0.221s] Level 1:colcon.colcon_core.package_identification:_identify(edrom-docs/docs/vision/training) by extension 'ignore_ament_install'
[0.221s] Level 1:colcon.colcon_core.package_identification:_identify(edrom-docs/docs/vision/training) by extensions ['colcon_pkg']
[0.221s] Level 1:colcon.colcon_core.package_identification:_identify(edrom-docs/docs/vision/training) by extension 'colcon_pkg'
[0.221s] Level 1:colcon.colcon_core.package_identification:_identify(edrom-docs/docs/vision/training) by extensions ['colcon_meta']
[0.221s] Level 1:colcon.colcon_core.package_identification:_identify(edrom-docs/docs/vision/training) by extension 'colcon_meta'
[0.221s] Level 1:colcon.colcon_core.package_identification:_identify(edrom-docs/docs/vision/training) by extensions ['ros']
[0.221s] Level 1:colcon.colcon_core.package_identification:_identify(edrom-docs/docs/vision/training) by extension 'ros'
[0.221s] Level 1:colcon.colcon_core.package_identification:_identify(edrom-docs/docs/vision/training) by extensions ['cmake', 'python']
[0.221s] Level 1:colcon.colcon_core.package_identification:_identify(edrom-docs/docs/vision/training) by extension 'cmake'
[0.221s] Level 1:colcon.colcon_core.package_identification:_identify(edrom-docs/docs/vision/training) by extension 'python'
[0.221s] Level 1:colcon.colcon_core.package_identification:_identify(edrom-docs/docs/vision/training) by extensions ['python_setup_py']
[0.221s] Level 1:colcon.colcon_core.package_identification:_identify(edrom-docs/docs/vision/training) by extension 'python_setup_py'
[0.222s] Level 1:colcon.colcon_core.package_identification:_identify(edrom-docs/docs/vision/training/img) by extensions ['ignore', 'ignore_ament_install']
[0.222s] Level 1:colcon.colcon_core.package_identification:_identify(edrom-docs/docs/vision/training/img) by extension 'ignore'
[0.222s] Level 1:colcon.colcon_core.package_identification:_identify(edrom-docs/docs/vision/training/img) by extension 'ignore_ament_install'
[0.222s] Level 1:colcon.colcon_core.package_identification:_identify(edrom-docs/docs/vision/training/img) by extensions ['colcon_pkg']
[0.222s] Level 1:colcon.colcon_core.package_identification:_identify(edrom-docs/docs/vision/training/img) by extension 'colcon_pkg'
[0.222s] Level 1:colcon.colcon_core.package_identification:_identify(edrom-docs/docs/vision/training/img) by extensions ['colcon_meta']
[0.222s] Level 1:colcon.colcon_core.package_identification:_identify(edrom-docs/docs/vision/training/img) by extension 'colcon_meta'
[0.222s] Level 1:colcon.colcon_core.package_identification:_identify(edrom-docs/docs/vision/training/img) by extensions ['ros']
[0.222s] Level 1:colcon.colcon_core.package_identification:_identify(edrom-docs/docs/vision/training/img) by extension 'ros'
[0.222s] Level 1:colcon.colcon_core.package_identification:_identify(edrom-docs/docs/vision/training/img) by extensions ['cmake', 'python']
[0.222s] Level 1:colcon.colcon_core.package_identification:_identify(edrom-docs/docs/vision/training/img) by extension 'cmake'
[0.222s] Level 1:colcon.colcon_core.package_identification:_identify(edrom-docs/docs/vision/training/img) by extension 'python'
[0.222s] Level 1:colcon.colcon_core.package_identification:_identify(edrom-docs/docs/vision/training/img) by extensions ['python_setup_py']
[0.222s] Level 1:colcon.colcon_core.package_identification:_identify(edrom-docs/docs/vision/training/img) by extension 'python_setup_py'
[0.222s] Level 1:colcon.colcon_core.package_identification:_identify(edrom-docs/src) by extensions ['ignore', 'ignore_ament_install']
[0.222s] Level 1:colcon.colcon_core.package_identification:_identify(edrom-docs/src) by extension 'ignore'
[0.222s] Level 1:colcon.colcon_core.package_identification:_identify(edrom-docs/src) by extension 'ignore_ament_install'
[0.222s] Level 1:colcon.colcon_core.package_identification:_identify(edrom-docs/src) by extensions ['colcon_pkg']
[0.222s] Level 1:colcon.colcon_core.package_identification:_identify(edrom-docs/src) by extension 'colcon_pkg'
[0.222s] Level 1:colcon.colcon_core.package_identification:_identify(edrom-docs/src) by extensions ['colcon_meta']
[0.222s] Level 1:colcon.colcon_core.package_identification:_identify(edrom-docs/src) by extension 'colcon_meta'
[0.222s] Level 1:colcon.colcon_core.package_identification:_identify(edrom-docs/src) by extensions ['ros']
[0.222s] Level 1:colcon.colcon_core.package_identification:_identify(edrom-docs/src) by extension 'ros'
[0.222s] Level 1:colcon.colcon_core.package_identification:_identify(edrom-docs/src) by extensions ['cmake', 'python']
[0.222s] Level 1:colcon.colcon_core.package_identification:_identify(edrom-docs/src) by extension 'cmake'
[0.222s] Level 1:colcon.colcon_core.package_identification:_identify(edrom-docs/src) by extension 'python'
[0.222s] Level 1:colcon.colcon_core.package_identification:_identify(edrom-docs/src) by extensions ['python_setup_py']
[0.222s] Level 1:colcon.colcon_core.package_identification:_identify(edrom-docs/src) by extension 'python_setup_py'
[0.222s] Level 1:colcon.colcon_core.package_identification:_identify(edrom-docs/src/components) by extensions ['ignore', 'ignore_ament_install']
[0.222s] Level 1:colcon.colcon_core.package_identification:_identify(edrom-docs/src/components) by extension 'ignore'
[0.222s] Level 1:colcon.colcon_core.package_identification:_identify(edrom-docs/src/components) by extension 'ignore_ament_install'
[0.222s] Level 1:colcon.colcon_core.package_identification:_identify(edrom-docs/src/components) by extensions ['colcon_pkg']
[0.222s] Level 1:colcon.colcon_core.package_identification:_identify(edrom-docs/src/components) by extension 'colcon_pkg'
[0.222s] Level 1:colcon.colcon_core.package_identification:_identify(edrom-docs/src/components) by extensions ['colcon_meta']
[0.222s] Level 1:colcon.colcon_core.package_identification:_identify(edrom-docs/src/components) by extension 'colcon_meta'
[0.222s] Level 1:colcon.colcon_core.package_identification:_identify(edrom-docs/src/components) by extensions ['ros']
[0.222s] Level 1:colcon.colcon_core.package_identification:_identify(edrom-docs/src/components) by extension 'ros'
[0.222s] Level 1:colcon.colcon_core.package_identification:_identify(edrom-docs/src/components) by extensions ['cmake', 'python']
[0.223s] Level 1:colcon.colcon_core.package_identification:_identify(edrom-docs/src/components) by extension 'cmake'
[0.223s] Level 1:colcon.colcon_core.package_identification:_identify(edrom-docs/src/components) by extension 'python'
[0.223s] Level 1:colcon.colcon_core.package_identification:_identify(edrom-docs/src/components) by extensions ['python_setup_py']
[0.223s] Level 1:colcon.colcon_core.package_identification:_identify(edrom-docs/src/components) by extension 'python_setup_py'
[0.223s] Level 1:colcon.colcon_core.package_identification:_identify(edrom-docs/src/components/HomepageFeatures) by extensions ['ignore', 'ignore_ament_install']
[0.223s] Level 1:colcon.colcon_core.package_identification:_identify(edrom-docs/src/components/HomepageFeatures) by extension 'ignore'
[0.223s] Level 1:colcon.colcon_core.package_identification:_identify(edrom-docs/src/components/HomepageFeatures) by extension 'ignore_ament_install'
[0.223s] Level 1:colcon.colcon_core.package_identification:_identify(edrom-docs/src/components/HomepageFeatures) by extensions ['colcon_pkg']
[0.223s] Level 1:colcon.colcon_core.package_identification:_identify(edrom-docs/src/components/HomepageFeatures) by extension 'colcon_pkg'
[0.223s] Level 1:colcon.colcon_core.package_identification:_identify(edrom-docs/src/components/HomepageFeatures) by extensions ['colcon_meta']
[0.223s] Level 1:colcon.colcon_core.package_identification:_identify(edrom-docs/src/components/HomepageFeatures) by extension 'colcon_meta'
[0.223s] Level 1:colcon.colcon_core.package_identification:_identify(edrom-docs/src/components/HomepageFeatures) by extensions ['ros']
[0.223s] Level 1:colcon.colcon_core.package_identification:_identify(edrom-docs/src/components/HomepageFeatures) by extension 'ros'
[0.223s] Level 1:colcon.colcon_core.package_identification:_identify(edrom-docs/src/components/HomepageFeatures) by extensions ['cmake', 'python']
[0.223s] Level 1:colcon.colcon_core.package_identification:_identify(edrom-docs/src/components/HomepageFeatures) by extension 'cmake'
[0.223s] Level 1:colcon.colcon_core.package_identification:_identify(edrom-docs/src/components/HomepageFeatures) by extension 'python'
[0.223s] Level 1:colcon.colcon_core.package_identification:_identify(edrom-docs/src/components/HomepageFeatures) by extensions ['python_setup_py']
[0.223s] Level 1:colcon.colcon_core.package_identification:_identify(edrom-docs/src/components/HomepageFeatures) by extension 'python_setup_py'
[0.223s] Level 1:colcon.colcon_core.package_identification:_identify(edrom-docs/src/css) by extensions ['ignore', 'ignore_ament_install']
[0.223s] Level 1:colcon.colcon_core.package_identification:_identify(edrom-docs/src/css) by extension 'ignore'
[0.223s] Level 1:colcon.colcon_core.package_identification:_identify(edrom-docs/src/css) by extension 'ignore_ament_install'
[0.223s] Level 1:colcon.colcon_core.package_identification:_identify(edrom-docs/src/css) by extensions ['colcon_pkg']
[0.223s] Level 1:colcon.colcon_core.package_identification:_identify(edrom-docs/src/css) by extension 'colcon_pkg'
[0.223s] Level 1:colcon.colcon_core.package_identification:_identify(edrom-docs/src/css) by extensions ['colcon_meta']
[0.223s] Level 1:colcon.colcon_core.package_identification:_identify(edrom-docs/src/css) by extension 'colcon_meta'
[0.223s] Level 1:colcon.colcon_core.package_identification:_identify(edrom-docs/src/css) by extensions ['ros']
[0.223s] Level 1:colcon.colcon_core.package_identification:_identify(edrom-docs/src/css) by extension 'ros'
[0.223s] Level 1:colcon.colcon_core.package_identification:_identify(edrom-docs/src/css) by extensions ['cmake', 'python']
[0.223s] Level 1:colcon.colcon_core.package_identification:_identify(edrom-docs/src/css) by extension 'cmake'
[0.223s] Level 1:colcon.colcon_core.package_identification:_identify(edrom-docs/src/css) by extension 'python'
[0.223s] Level 1:colcon.colcon_core.package_identification:_identify(edrom-docs/src/css) by extensions ['python_setup_py']
[0.223s] Level 1:colcon.colcon_core.package_identification:_identify(edrom-docs/src/css) by extension 'python_setup_py'
[0.223s] Level 1:colcon.colcon_core.package_identification:_identify(edrom-docs/src/pages) by extensions ['ignore', 'ignore_ament_install']
[0.223s] Level 1:colcon.colcon_core.package_identification:_identify(edrom-docs/src/pages) by extension 'ignore'
[0.223s] Level 1:colcon.colcon_core.package_identification:_identify(edrom-docs/src/pages) by extension 'ignore_ament_install'
[0.223s] Level 1:colcon.colcon_core.package_identification:_identify(edrom-docs/src/pages) by extensions ['colcon_pkg']
[0.223s] Level 1:colcon.colcon_core.package_identification:_identify(edrom-docs/src/pages) by extension 'colcon_pkg'
[0.223s] Level 1:colcon.colcon_core.package_identification:_identify(edrom-docs/src/pages) by extensions ['colcon_meta']
[0.223s] Level 1:colcon.colcon_core.package_identification:_identify(edrom-docs/src/pages) by extension 'colcon_meta'
[0.223s] Level 1:colcon.colcon_core.package_identification:_identify(edrom-docs/src/pages) by extensions ['ros']
[0.224s] Level 1:colcon.colcon_core.package_identification:_identify(edrom-docs/src/pages) by extension 'ros'
[0.224s] Level 1:colcon.colcon_core.package_identification:_identify(edrom-docs/src/pages) by extensions ['cmake', 'python']
[0.224s] Level 1:colcon.colcon_core.package_identification:_identify(edrom-docs/src/pages) by extension 'cmake'
[0.224s] Level 1:colcon.colcon_core.package_identification:_identify(edrom-docs/src/pages) by extension 'python'
[0.224s] Level 1:colcon.colcon_core.package_identification:_identify(edrom-docs/src/pages) by extensions ['python_setup_py']
[0.224s] Level 1:colcon.colcon_core.package_identification:_identify(edrom-docs/src/pages) by extension 'python_setup_py'
[0.224s] Level 1:colcon.colcon_core.package_identification:_identify(edrom-docs/static) by extensions ['ignore', 'ignore_ament_install']
[0.224s] Level 1:colcon.colcon_core.package_identification:_identify(edrom-docs/static) by extension 'ignore'
[0.224s] Level 1:colcon.colcon_core.package_identification:_identify(edrom-docs/static) by extension 'ignore_ament_install'
[0.224s] Level 1:colcon.colcon_core.package_identification:_identify(edrom-docs/static) by extensions ['colcon_pkg']
[0.224s] Level 1:colcon.colcon_core.package_identification:_identify(edrom-docs/static) by extension 'colcon_pkg'
[0.224s] Level 1:colcon.colcon_core.package_identification:_identify(edrom-docs/static) by extensions ['colcon_meta']
[0.224s] Level 1:colcon.colcon_core.package_identification:_identify(edrom-docs/static) by extension 'colcon_meta'
[0.224s] Level 1:colcon.colcon_core.package_identification:_identify(edrom-docs/static) by extensions ['ros']
[0.224s] Level 1:colcon.colcon_core.package_identification:_identify(edrom-docs/static) by extension 'ros'
[0.224s] Level 1:colcon.colcon_core.package_identification:_identify(edrom-docs/static) by extensions ['cmake', 'python']
[0.224s] Level 1:colcon.colcon_core.package_identification:_identify(edrom-docs/static) by extension 'cmake'
[0.224s] Level 1:colcon.colcon_core.package_identification:_identify(edrom-docs/static) by extension 'python'
[0.224s] Level 1:colcon.colcon_core.package_identification:_identify(edrom-docs/static) by extensions ['python_setup_py']
[0.224s] Level 1:colcon.colcon_core.package_identification:_identify(edrom-docs/static) by extension 'python_setup_py'
[0.224s] Level 1:colcon.colcon_core.package_identification:_identify(edrom-docs/static/img) by extensions ['ignore', 'ignore_ament_install']
[0.224s] Level 1:colcon.colcon_core.package_identification:_identify(edrom-docs/static/img) by extension 'ignore'
[0.224s] Level 1:colcon.colcon_core.package_identification:_identify(edrom-docs/static/img) by extension 'ignore_ament_install'
[0.224s] Level 1:colcon.colcon_core.package_identification:_identify(edrom-docs/static/img) by extensions ['colcon_pkg']
[0.224s] Level 1:colcon.colcon_core.package_identification:_identify(edrom-docs/static/img) by extension 'colcon_pkg'
[0.224s] Level 1:colcon.colcon_core.package_identification:_identify(edrom-docs/static/img) by extensions ['colcon_meta']
[0.224s] Level 1:colcon.colcon_core.package_identification:_identify(edrom-docs/static/img) by extension 'colcon_meta'
[0.224s] Level 1:colcon.colcon_core.package_identification:_identify(edrom-docs/static/img) by extensions ['ros']
[0.224s] Level 1:colcon.colcon_core.package_identification:_identify(edrom-docs/static/img) by extension 'ros'
[0.224s] Level 1:colcon.colcon_core.package_identification:_identify(edrom-docs/static/img) by extensions ['cmake', 'python']
[0.224s] Level 1:colcon.colcon_core.package_identification:_identify(edrom-docs/static/img) by extension 'cmake'
[0.224s] Level 1:colcon.colcon_core.package_identification:_identify(edrom-docs/static/img) by extension 'python'
[0.224s] Level 1:colcon.colcon_core.package_identification:_identify(edrom-docs/static/img) by extensions ['python_setup_py']
[0.224s] Level 1:colcon.colcon_core.package_identification:_identify(edrom-docs/static/img) by extension 'python_setup_py'
[0.224s] Level 1:colcon.colcon_core.package_identification:_identify(install) by extensions ['ignore', 'ignore_ament_install']
[0.224s] Level 1:colcon.colcon_core.package_identification:_identify(install) by extension 'ignore'
[0.224s] Level 1:colcon.colcon_core.package_identification:_identify(install) ignored
[0.225s] Level 1:colcon.colcon_core.package_identification:_identify(log) by extensions ['ignore', 'ignore_ament_install']
[0.225s] Level 1:colcon.colcon_core.package_identification:_identify(log) by extension 'ignore'
[0.225s] Level 1:colcon.colcon_core.package_identification:_identify(log) ignored
[0.225s] Level 1:colcon.colcon_core.package_identification:_identify(src) by extensions ['ignore', 'ignore_ament_install']
[0.225s] Level 1:colcon.colcon_core.package_identification:_identify(src) by extension 'ignore'
[0.225s] Level 1:colcon.colcon_core.package_identification:_identify(src) by extension 'ignore_ament_install'
[0.225s] Level 1:colcon.colcon_core.package_identification:_identify(src) by extensions ['colcon_pkg']
[0.225s] Level 1:colcon.colcon_core.package_identification:_identify(src) by extension 'colcon_pkg'
[0.225s] Level 1:colcon.colcon_core.package_identification:_identify(src) by extensions ['colcon_meta']
[0.225s] Level 1:colcon.colcon_core.package_identification:_identify(src) by extension 'colcon_meta'
[0.225s] Level 1:colcon.colcon_core.package_identification:_identify(src) by extensions ['ros']
[0.225s] Level 1:colcon.colcon_core.package_identification:_identify(src) by extension 'ros'
[0.225s] Level 1:colcon.colcon_core.package_identification:_identify(src) by extensions ['cmake', 'python']
[0.225s] Level 1:colcon.colcon_core.package_identification:_identify(src) by extension 'cmake'
[0.225s] Level 1:colcon.colcon_core.package_identification:_identify(src) by extension 'python'
[0.225s] Level 1:colcon.colcon_core.package_identification:_identify(src) by extensions ['python_setup_py']
[0.225s] Level 1:colcon.colcon_core.package_identification:_identify(src) by extension 'python_setup_py'
[0.225s] Level 1:colcon.colcon_core.package_identification:_identify(src/behaviour) by extensions ['ignore', 'ignore_ament_install']
[0.225s] Level 1:colcon.colcon_core.package_identification:_identify(src/behaviour) by extension 'ignore'
[0.225s] Level 1:colcon.colcon_core.package_identification:_identify(src/behaviour) by extension 'ignore_ament_install'
[0.225s] Level 1:colcon.colcon_core.package_identification:_identify(src/behaviour) by extensions ['colcon_pkg']
[0.225s] Level 1:colcon.colcon_core.package_identification:_identify(src/behaviour) by extension 'colcon_pkg'
[0.225s] Level 1:colcon.colcon_core.package_identification:_identify(src/behaviour) by extensions ['colcon_meta']
[0.225s] Level 1:colcon.colcon_core.package_identification:_identify(src/behaviour) by extension 'colcon_meta'
[0.225s] Level 1:colcon.colcon_core.package_identification:_identify(src/behaviour) by extensions ['ros']
[0.225s] Level 1:colcon.colcon_core.package_identification:_identify(src/behaviour) by extension 'ros'
[0.225s] Level 1:colcon.colcon_core.package_identification:_identify(src/behaviour) by extensions ['cmake', 'python']
[0.225s] Level 1:colcon.colcon_core.package_identification:_identify(src/behaviour) by extension 'cmake'
[0.225s] Level 1:colcon.colcon_core.package_identification:_identify(src/behaviour) by extension 'python'
[0.225s] Level 1:colcon.colcon_core.package_identification:_identify(src/behaviour) by extensions ['python_setup_py']
[0.225s] Level 1:colcon.colcon_core.package_identification:_identify(src/behaviour) by extension 'python_setup_py'
[0.225s] Level 1:colcon.colcon_core.package_identification:_identify(src/behaviour/GameController) by extensions ['ignore', 'ignore_ament_install']
[0.225s] Level 1:colcon.colcon_core.package_identification:_identify(src/behaviour/GameController) by extension 'ignore'
[0.225s] Level 1:colcon.colcon_core.package_identification:_identify(src/behaviour/GameController) by extension 'ignore_ament_install'
[0.225s] Level 1:colcon.colcon_core.package_identification:_identify(src/behaviour/GameController) by extensions ['colcon_pkg']
[0.225s] Level 1:colcon.colcon_core.package_identification:_identify(src/behaviour/GameController) by extension 'colcon_pkg'
[0.225s] Level 1:colcon.colcon_core.package_identification:_identify(src/behaviour/GameController) by extensions ['colcon_meta']
[0.225s] Level 1:colcon.colcon_core.package_identification:_identify(src/behaviour/GameController) by extension 'colcon_meta'
[0.226s] Level 1:colcon.colcon_core.package_identification:_identify(src/behaviour/GameController) by extensions ['ros']
[0.226s] Level 1:colcon.colcon_core.package_identification:_identify(src/behaviour/GameController) by extension 'ros'
[0.230s] DEBUG:colcon.colcon_core.package_identification:Package 'src/behaviour/GameController' with type 'ros.ament_python' and name 'GameController'
[0.230s] Level 1:colcon.colcon_core.package_identification:_identify(src/behaviour/bhv_independent_simulator) by extensions ['ignore', 'ignore_ament_install']
[0.230s] Level 1:colcon.colcon_core.package_identification:_identify(src/behaviour/bhv_independent_simulator) by extension 'ignore'
[0.230s] Level 1:colcon.colcon_core.package_identification:_identify(src/behaviour/bhv_independent_simulator) by extension 'ignore_ament_install'
[0.230s] Level 1:colcon.colcon_core.package_identification:_identify(src/behaviour/bhv_independent_simulator) by extensions ['colcon_pkg']
[0.230s] Level 1:colcon.colcon_core.package_identification:_identify(src/behaviour/bhv_independent_simulator) by extension 'colcon_pkg'
[0.230s] Level 1:colcon.colcon_core.package_identification:_identify(src/behaviour/bhv_independent_simulator) by extensions ['colcon_meta']
[0.231s] Level 1:colcon.colcon_core.package_identification:_identify(src/behaviour/bhv_independent_simulator) by extension 'colcon_meta'
[0.231s] Level 1:colcon.colcon_core.package_identification:_identify(src/behaviour/bhv_independent_simulator) by extensions ['ros']
[0.231s] Level 1:colcon.colcon_core.package_identification:_identify(src/behaviour/bhv_independent_simulator) by extension 'ros'
[0.231s] DEBUG:colcon.colcon_core.package_identification:Package 'src/behaviour/bhv_independent_simulator' with type 'ros.ament_python' and name 'bhv_independent_simulator'
[0.231s] Level 1:colcon.colcon_core.package_identification:_identify(src/behaviour/imu_ros_arduino) by extensions ['ignore', 'ignore_ament_install']
[0.231s] Level 1:colcon.colcon_core.package_identification:_identify(src/behaviour/imu_ros_arduino) by extension 'ignore'
[0.231s] Level 1:colcon.colcon_core.package_identification:_identify(src/behaviour/imu_ros_arduino) by extension 'ignore_ament_install'
[0.231s] Level 1:colcon.colcon_core.package_identification:_identify(src/behaviour/imu_ros_arduino) by extensions ['colcon_pkg']
[0.231s] Level 1:colcon.colcon_core.package_identification:_identify(src/behaviour/imu_ros_arduino) by extension 'colcon_pkg'
[0.231s] Level 1:colcon.colcon_core.package_identification:_identify(src/behaviour/imu_ros_arduino) by extensions ['colcon_meta']
[0.231s] Level 1:colcon.colcon_core.package_identification:_identify(src/behaviour/imu_ros_arduino) by extension 'colcon_meta'
[0.232s] Level 1:colcon.colcon_core.package_identification:_identify(src/behaviour/imu_ros_arduino) by extensions ['ros']
[0.232s] Level 1:colcon.colcon_core.package_identification:_identify(src/behaviour/imu_ros_arduino) by extension 'ros'
[0.232s] DEBUG:colcon.colcon_core.package_identification:Package 'src/behaviour/imu_ros_arduino' with type 'ros.ament_python' and name 'imu_ros_arduino'
[0.232s] Level 1:colcon.colcon_core.package_identification:_identify(src/behaviour/imu_ros_arduino_cc) by extensions ['ignore', 'ignore_ament_install']
[0.232s] Level 1:colcon.colcon_core.package_identification:_identify(src/behaviour/imu_ros_arduino_cc) by extension 'ignore'
[0.233s] Level 1:colcon.colcon_core.package_identification:_identify(src/behaviour/imu_ros_arduino_cc) by extension 'ignore_ament_install'
[0.233s] Level 1:colcon.colcon_core.package_identification:_identify(src/behaviour/imu_ros_arduino_cc) by extensions ['colcon_pkg']
[0.233s] Level 1:colcon.colcon_core.package_identification:_identify(src/behaviour/imu_ros_arduino_cc) by extension 'colcon_pkg'
[0.233s] Level 1:colcon.colcon_core.package_identification:_identify(src/behaviour/imu_ros_arduino_cc) by extensions ['colcon_meta']
[0.233s] Level 1:colcon.colcon_core.package_identification:_identify(src/behaviour/imu_ros_arduino_cc) by extension 'colcon_meta'
[0.233s] Level 1:colcon.colcon_core.package_identification:_identify(src/behaviour/imu_ros_arduino_cc) by extensions ['ros']
[0.233s] Level 1:colcon.colcon_core.package_identification:_identify(src/behaviour/imu_ros_arduino_cc) by extension 'ros'
[0.233s] DEBUG:colcon.colcon_core.package_identification:Package 'src/behaviour/imu_ros_arduino_cc' with type 'ros.ament_cmake' and name 'imu_ros_arduino_cc'
[0.234s] Level 1:colcon.colcon_core.package_identification:_identify(src/behaviour/modularized_bhv_msgs) by extensions ['ignore', 'ignore_ament_install']
[0.234s] Level 1:colcon.colcon_core.package_identification:_identify(src/behaviour/modularized_bhv_msgs) by extension 'ignore'
[0.234s] Level 1:colcon.colcon_core.package_identification:_identify(src/behaviour/modularized_bhv_msgs) by extension 'ignore_ament_install'
[0.234s] Level 1:colcon.colcon_core.package_identification:_identify(src/behaviour/modularized_bhv_msgs) by extensions ['colcon_pkg']
[0.234s] Level 1:colcon.colcon_core.package_identification:_identify(src/behaviour/modularized_bhv_msgs) by extension 'colcon_pkg'
[0.234s] Level 1:colcon.colcon_core.package_identification:_identify(src/behaviour/modularized_bhv_msgs) by extensions ['colcon_meta']
[0.234s] Level 1:colcon.colcon_core.package_identification:_identify(src/behaviour/modularized_bhv_msgs) by extension 'colcon_meta'
[0.234s] Level 1:colcon.colcon_core.package_identification:_identify(src/behaviour/modularized_bhv_msgs) by extensions ['ros']
[0.234s] Level 1:colcon.colcon_core.package_identification:_identify(src/behaviour/modularized_bhv_msgs) by extension 'ros'
[0.235s] DEBUG:colcon.colcon_core.package_identification:Package 'src/behaviour/modularized_bhv_msgs' with type 'ros.ament_cmake' and name 'modularized_bhv_msgs'
[0.235s] Level 1:colcon.colcon_core.package_identification:_identify(src/behaviour/ros2_change) by extensions ['ignore', 'ignore_ament_install']
[0.235s] Level 1:colcon.colcon_core.package_identification:_identify(src/behaviour/ros2_change) by extension 'ignore'
[0.235s] Level 1:colcon.colcon_core.package_identification:_identify(src/behaviour/ros2_change) by extension 'ignore_ament_install'
[0.235s] Level 1:colcon.colcon_core.package_identification:_identify(src/behaviour/ros2_change) by extensions ['colcon_pkg']
[0.235s] Level 1:colcon.colcon_core.package_identification:_identify(src/behaviour/ros2_change) by extension 'colcon_pkg'
[0.235s] Level 1:colcon.colcon_core.package_identification:_identify(src/behaviour/ros2_change) by extensions ['colcon_meta']
[0.235s] Level 1:colcon.colcon_core.package_identification:_identify(src/behaviour/ros2_change) by extension 'colcon_meta'
[0.235s] Level 1:colcon.colcon_core.package_identification:_identify(src/behaviour/ros2_change) by extensions ['ros']
[0.235s] Level 1:colcon.colcon_core.package_identification:_identify(src/behaviour/ros2_change) by extension 'ros'
[0.236s] Level 1:colcon.colcon_core.package_identification:_identify(src/behaviour/ros2_change) by extensions ['cmake', 'python']
[0.236s] Level 1:colcon.colcon_core.package_identification:_identify(src/behaviour/ros2_change) by extension 'cmake'
[0.236s] Level 1:colcon.colcon_core.package_identification:_identify(src/behaviour/ros2_change) by extension 'python'
[0.236s] Level 1:colcon.colcon_core.package_identification:_identify(src/behaviour/ros2_change) by extensions ['python_setup_py']
[0.236s] Level 1:colcon.colcon_core.package_identification:_identify(src/behaviour/ros2_change) by extension 'python_setup_py'
[0.236s] Level 1:colcon.colcon_core.package_identification:_identify(src/behaviour/ros2_change/build) by extensions ['ignore', 'ignore_ament_install']
[0.236s] Level 1:colcon.colcon_core.package_identification:_identify(src/behaviour/ros2_change/build) by extension 'ignore'
[0.236s] Level 1:colcon.colcon_core.package_identification:_identify(src/behaviour/ros2_change/build) ignored
[0.236s] Level 1:colcon.colcon_core.package_identification:_identify(src/behaviour/ros2_change/install) by extensions ['ignore', 'ignore_ament_install']
[0.236s] Level 1:colcon.colcon_core.package_identification:_identify(src/behaviour/ros2_change/install) by extension 'ignore'
[0.236s] Level 1:colcon.colcon_core.package_identification:_identify(src/behaviour/ros2_change/install) ignored
[0.236s] Level 1:colcon.colcon_core.package_identification:_identify(src/behaviour/ros2_change/log) by extensions ['ignore', 'ignore_ament_install']
[0.236s] Level 1:colcon.colcon_core.package_identification:_identify(src/behaviour/ros2_change/log) by extension 'ignore'
[0.236s] Level 1:colcon.colcon_core.package_identification:_identify(src/behaviour/ros2_change/log) ignored
[0.236s] Level 1:colcon.colcon_core.package_identification:_identify(src/behaviour/sensor_observer) by extensions ['ignore', 'ignore_ament_install']
[0.236s] Level 1:colcon.colcon_core.package_identification:_identify(src/behaviour/sensor_observer) by extension 'ignore'
[0.236s] Level 1:colcon.colcon_core.package_identification:_identify(src/behaviour/sensor_observer) by extension 'ignore_ament_install'
[0.236s] Level 1:colcon.colcon_core.package_identification:_identify(src/behaviour/sensor_observer) by extensions ['colcon_pkg']
[0.236s] Level 1:colcon.colcon_core.package_identification:_identify(src/behaviour/sensor_observer) by extension 'colcon_pkg'
[0.236s] Level 1:colcon.colcon_core.package_identification:_identify(src/behaviour/sensor_observer) by extensions ['colcon_meta']
[0.236s] Level 1:colcon.colcon_core.package_identification:_identify(src/behaviour/sensor_observer) by extension 'colcon_meta'
[0.236s] Level 1:colcon.colcon_core.package_identification:_identify(src/behaviour/sensor_observer) by extensions ['ros']
[0.236s] Level 1:colcon.colcon_core.package_identification:_identify(src/behaviour/sensor_observer) by extension 'ros'
[0.237s] DEBUG:colcon.colcon_core.package_identification:Package 'src/behaviour/sensor_observer' with type 'ros.ament_python' and name 'sensor_observer'
[0.237s] Level 1:colcon.colcon_core.package_identification:_identify(src/behaviour/states_routine) by extensions ['ignore', 'ignore_ament_install']
[0.237s] Level 1:colcon.colcon_core.package_identification:_identify(src/behaviour/states_routine) by extension 'ignore'
[0.237s] Level 1:colcon.colcon_core.package_identification:_identify(src/behaviour/states_routine) by extension 'ignore_ament_install'
[0.237s] Level 1:colcon.colcon_core.package_identification:_identify(src/behaviour/states_routine) by extensions ['colcon_pkg']
[0.237s] Level 1:colcon.colcon_core.package_identification:_identify(src/behaviour/states_routine) by extension 'colcon_pkg'
[0.238s] Level 1:colcon.colcon_core.package_identification:_identify(src/behaviour/states_routine) by extensions ['colcon_meta']
[0.238s] Level 1:colcon.colcon_core.package_identification:_identify(src/behaviour/states_routine) by extension 'colcon_meta'
[0.238s] Level 1:colcon.colcon_core.package_identification:_identify(src/behaviour/states_routine) by extensions ['ros']
[0.238s] Level 1:colcon.colcon_core.package_identification:_identify(src/behaviour/states_routine) by extension 'ros'
[0.238s] DEBUG:colcon.colcon_core.package_identification:Package 'src/behaviour/states_routine' with type 'ros.ament_python' and name 'states_routine'
[0.238s] Level 1:colcon.colcon_core.package_identification:_identify(src/behaviour/transitions_and_states) by extensions ['ignore', 'ignore_ament_install']
[0.238s] Level 1:colcon.colcon_core.package_identification:_identify(src/behaviour/transitions_and_states) by extension 'ignore'
[0.238s] Level 1:colcon.colcon_core.package_identification:_identify(src/behaviour/transitions_and_states) by extension 'ignore_ament_install'
[0.238s] Level 1:colcon.colcon_core.package_identification:_identify(src/behaviour/transitions_and_states) by extensions ['colcon_pkg']
[0.238s] Level 1:colcon.colcon_core.package_identification:_identify(src/behaviour/transitions_and_states) by extension 'colcon_pkg'
[0.238s] Level 1:colcon.colcon_core.package_identification:_identify(src/behaviour/transitions_and_states) by extensions ['colcon_meta']
[0.238s] Level 1:colcon.colcon_core.package_identification:_identify(src/behaviour/transitions_and_states) by extension 'colcon_meta'
[0.238s] Level 1:colcon.colcon_core.package_identification:_identify(src/behaviour/transitions_and_states) by extensions ['ros']
[0.238s] Level 1:colcon.colcon_core.package_identification:_identify(src/behaviour/transitions_and_states) by extension 'ros'
[0.239s] DEBUG:colcon.colcon_core.package_identification:Package 'src/behaviour/transitions_and_states' with type 'ros.ament_python' and name 'transitions_and_states'
[0.239s] Level 1:colcon.colcon_core.package_identification:_identify(src/eletrica) by extensions ['ignore', 'ignore_ament_install']
[0.239s] Level 1:colcon.colcon_core.package_identification:_identify(src/eletrica) by extension 'ignore'
[0.239s] Level 1:colcon.colcon_core.package_identification:_identify(src/eletrica) by extension 'ignore_ament_install'
[0.239s] Level 1:colcon.colcon_core.package_identification:_identify(src/eletrica) by extensions ['colcon_pkg']
[0.239s] Level 1:colcon.colcon_core.package_identification:_identify(src/eletrica) by extension 'colcon_pkg'
[0.239s] Level 1:colcon.colcon_core.package_identification:_identify(src/eletrica) by extensions ['colcon_meta']
[0.239s] Level 1:colcon.colcon_core.package_identification:_identify(src/eletrica) by extension 'colcon_meta'
[0.239s] Level 1:colcon.colcon_core.package_identification:_identify(src/eletrica) by extensions ['ros']
[0.239s] Level 1:colcon.colcon_core.package_identification:_identify(src/eletrica) by extension 'ros'
[0.239s] Level 1:colcon.colcon_core.package_identification:_identify(src/eletrica) by extensions ['cmake', 'python']
[0.239s] Level 1:colcon.colcon_core.package_identification:_identify(src/eletrica) by extension 'cmake'
[0.239s] Level 1:colcon.colcon_core.package_identification:_identify(src/eletrica) by extension 'python'
[0.239s] Level 1:colcon.colcon_core.package_identification:_identify(src/eletrica) by extensions ['python_setup_py']
[0.239s] Level 1:colcon.colcon_core.package_identification:_identify(src/eletrica) by extension 'python_setup_py'
[0.239s] Level 1:colcon.colcon_core.package_identification:_identify(src/eletrica/global_libs) by extensions ['ignore', 'ignore_ament_install']
[0.239s] Level 1:colcon.colcon_core.package_identification:_identify(src/eletrica/global_libs) by extension 'ignore'
[0.239s] Level 1:colcon.colcon_core.package_identification:_identify(src/eletrica/global_libs) by extension 'ignore_ament_install'
[0.239s] Level 1:colcon.colcon_core.package_identification:_identify(src/eletrica/global_libs) by extensions ['colcon_pkg']
[0.239s] Level 1:colcon.colcon_core.package_identification:_identify(src/eletrica/global_libs) by extension 'colcon_pkg'
[0.239s] Level 1:colcon.colcon_core.package_identification:_identify(src/eletrica/global_libs) by extensions ['colcon_meta']
[0.239s] Level 1:colcon.colcon_core.package_identification:_identify(src/eletrica/global_libs) by extension 'colcon_meta'
[0.239s] Level 1:colcon.colcon_core.package_identification:_identify(src/eletrica/global_libs) by extensions ['ros']
[0.239s] Level 1:colcon.colcon_core.package_identification:_identify(src/eletrica/global_libs) by extension 'ros'
[0.240s] Level 1:colcon.colcon_core.package_identification:_identify(src/eletrica/global_libs) by extensions ['cmake', 'python']
[0.240s] Level 1:colcon.colcon_core.package_identification:_identify(src/eletrica/global_libs) by extension 'cmake'
[0.240s] Level 1:colcon.colcon_core.package_identification:_identify(src/eletrica/global_libs) by extension 'python'
[0.240s] Level 1:colcon.colcon_core.package_identification:_identify(src/eletrica/global_libs) by extensions ['python_setup_py']
[0.240s] Level 1:colcon.colcon_core.package_identification:_identify(src/eletrica/global_libs) by extension 'python_setup_py'
[0.240s] Level 1:colcon.colcon_core.package_identification:_identify(src/eletrica/global_libs/TTL) by extensions ['ignore', 'ignore_ament_install']
[0.240s] Level 1:colcon.colcon_core.package_identification:_identify(src/eletrica/global_libs/TTL) by extension 'ignore'
[0.240s] Level 1:colcon.colcon_core.package_identification:_identify(src/eletrica/global_libs/TTL) by extension 'ignore_ament_install'
[0.240s] Level 1:colcon.colcon_core.package_identification:_identify(src/eletrica/global_libs/TTL) by extensions ['colcon_pkg']
[0.240s] Level 1:colcon.colcon_core.package_identification:_identify(src/eletrica/global_libs/TTL) by extension 'colcon_pkg'
[0.240s] Level 1:colcon.colcon_core.package_identification:_identify(src/eletrica/global_libs/TTL) by extensions ['colcon_meta']
[0.240s] Level 1:colcon.colcon_core.package_identification:_identify(src/eletrica/global_libs/TTL) by extension 'colcon_meta'
[0.240s] Level 1:colcon.colcon_core.package_identification:_identify(src/eletrica/global_libs/TTL) by extensions ['ros']
[0.240s] Level 1:colcon.colcon_core.package_identification:_identify(src/eletrica/global_libs/TTL) by extension 'ros'
[0.240s] Level 1:colcon.colcon_core.package_identification:_identify(src/eletrica/global_libs/TTL) by extensions ['cmake', 'python']
[0.240s] Level 1:colcon.colcon_core.package_identification:_identify(src/eletrica/global_libs/TTL) by extension 'cmake'
[0.240s] Level 1:colcon.colcon_core.package_identification:_identify(src/eletrica/global_libs/TTL) by extension 'python'
[0.240s] Level 1:colcon.colcon_core.package_identification:_identify(src/eletrica/global_libs/TTL) by extensions ['python_setup_py']
[0.240s] Level 1:colcon.colcon_core.package_identification:_identify(src/eletrica/global_libs/TTL) by extension 'python_setup_py'
[0.240s] Level 1:colcon.colcon_core.package_identification:_identify(src/eletrica/placa-alimentação) by extensions ['ignore', 'ignore_ament_install']
[0.240s] Level 1:colcon.colcon_core.package_identification:_identify(src/eletrica/placa-alimentação) by extension 'ignore'
[0.240s] Level 1:colcon.colcon_core.package_identification:_identify(src/eletrica/placa-alimentação) by extension 'ignore_ament_install'
[0.240s] Level 1:colcon.colcon_core.package_identification:_identify(src/eletrica/placa-alimentação) by extensions ['colcon_pkg']
[0.240s] Level 1:colcon.colcon_core.package_identification:_identify(src/eletrica/placa-alimentação) by extension 'colcon_pkg'
[0.240s] Level 1:colcon.colcon_core.package_identification:_identify(src/eletrica/placa-alimentação) by extensions ['colcon_meta']
[0.240s] Level 1:colcon.colcon_core.package_identification:_identify(src/eletrica/placa-alimentação) by extension 'colcon_meta'
[0.240s] Level 1:colcon.colcon_core.package_identification:_identify(src/eletrica/placa-alimentação) by extensions ['ros']
[0.240s] Level 1:colcon.colcon_core.package_identification:_identify(src/eletrica/placa-alimentação) by extension 'ros'
[0.240s] Level 1:colcon.colcon_core.package_identification:_identify(src/eletrica/placa-alimentação) by extensions ['cmake', 'python']
[0.240s] Level 1:colcon.colcon_core.package_identification:_identify(src/eletrica/placa-alimentação) by extension 'cmake'
[0.240s] Level 1:colcon.colcon_core.package_identification:_identify(src/eletrica/placa-alimentação) by extension 'python'
[0.240s] Level 1:colcon.colcon_core.package_identification:_identify(src/eletrica/placa-alimentação) by extensions ['python_setup_py']
[0.240s] Level 1:colcon.colcon_core.package_identification:_identify(src/eletrica/placa-alimentação) by extension 'python_setup_py'
[0.240s] Level 1:colcon.colcon_core.package_identification:_identify(src/eletrica/placa-alimentação/Impressoes) by extensions ['ignore', 'ignore_ament_install']
[0.240s] Level 1:colcon.colcon_core.package_identification:_identify(src/eletrica/placa-alimentação/Impressoes) by extension 'ignore'
[0.241s] Level 1:colcon.colcon_core.package_identification:_identify(src/eletrica/placa-alimentação/Impressoes) by extension 'ignore_ament_install'
[0.241s] Level 1:colcon.colcon_core.package_identification:_identify(src/eletrica/placa-alimentação/Impressoes) by extensions ['colcon_pkg']
[0.241s] Level 1:colcon.colcon_core.package_identification:_identify(src/eletrica/placa-alimentação/Impressoes) by extension 'colcon_pkg'
[0.241s] Level 1:colcon.colcon_core.package_identification:_identify(src/eletrica/placa-alimentação/Impressoes) by extensions ['colcon_meta']
[0.241s] Level 1:colcon.colcon_core.package_identification:_identify(src/eletrica/placa-alimentação/Impressoes) by extension 'colcon_meta'
[0.241s] Level 1:colcon.colcon_core.package_identification:_identify(src/eletrica/placa-alimentação/Impressoes) by extensions ['ros']
[0.241s] Level 1:colcon.colcon_core.package_identification:_identify(src/eletrica/placa-alimentação/Impressoes) by extension 'ros'
[0.241s] Level 1:colcon.colcon_core.package_identification:_identify(src/eletrica/placa-alimentação/Impressoes) by extensions ['cmake', 'python']
[0.241s] Level 1:colcon.colcon_core.package_identification:_identify(src/eletrica/placa-alimentação/Impressoes) by extension 'cmake'
[0.241s] Level 1:colcon.colcon_core.package_identification:_identify(src/eletrica/placa-alimentação/Impressoes) by extension 'python'
[0.241s] Level 1:colcon.colcon_core.package_identification:_identify(src/eletrica/placa-alimentação/Impressoes) by extensions ['python_setup_py']
[0.241s] Level 1:colcon.colcon_core.package_identification:_identify(src/eletrica/placa-alimentação/Impressoes) by extension 'python_setup_py'
[0.241s] Level 1:colcon.colcon_core.package_identification:_identify(src/eletrica/placa-alimentação/libs) by extensions ['ignore', 'ignore_ament_install']
[0.241s] Level 1:colcon.colcon_core.package_identification:_identify(src/eletrica/placa-alimentação/libs) by extension 'ignore'
[0.241s] Level 1:colcon.colcon_core.package_identification:_identify(src/eletrica/placa-alimentação/libs) by extension 'ignore_ament_install'
[0.241s] Level 1:colcon.colcon_core.package_identification:_identify(src/eletrica/placa-alimentação/libs) by extensions ['colcon_pkg']
[0.241s] Level 1:colcon.colcon_core.package_identification:_identify(src/eletrica/placa-alimentação/libs) by extension 'colcon_pkg'
[0.241s] Level 1:colcon.colcon_core.package_identification:_identify(src/eletrica/placa-alimentação/libs) by extensions ['colcon_meta']
[0.241s] Level 1:colcon.colcon_core.package_identification:_identify(src/eletrica/placa-alimentação/libs) by extension 'colcon_meta'
[0.241s] Level 1:colcon.colcon_core.package_identification:_identify(src/eletrica/placa-alimentação/libs) by extensions ['ros']
[0.241s] Level 1:colcon.colcon_core.package_identification:_identify(src/eletrica/placa-alimentação/libs) by extension 'ros'
[0.241s] Level 1:colcon.colcon_core.package_identification:_identify(src/eletrica/placa-alimentação/libs) by extensions ['cmake', 'python']
[0.241s] Level 1:colcon.colcon_core.package_identification:_identify(src/eletrica/placa-alimentação/libs) by extension 'cmake'
[0.241s] Level 1:colcon.colcon_core.package_identification:_identify(src/eletrica/placa-alimentação/libs) by extension 'python'
[0.241s] Level 1:colcon.colcon_core.package_identification:_identify(src/eletrica/placa-alimentação/libs) by extensions ['python_setup_py']
[0.241s] Level 1:colcon.colcon_core.package_identification:_identify(src/eletrica/placa-alimentação/libs) by extension 'python_setup_py'
[0.241s] Level 1:colcon.colcon_core.package_identification:_identify(src/eletrica/placa-alimentação/libs/Trans_STMicroelectronics_TIP35C) by extensions ['ignore', 'ignore_ament_install']
[0.241s] Level 1:colcon.colcon_core.package_identification:_identify(src/eletrica/placa-alimentação/libs/Trans_STMicroelectronics_TIP35C) by extension 'ignore'
[0.241s] Level 1:colcon.colcon_core.package_identification:_identify(src/eletrica/placa-alimentação/libs/Trans_STMicroelectronics_TIP35C) by extension 'ignore_ament_install'
[0.241s] Level 1:colcon.colcon_core.package_identification:_identify(src/eletrica/placa-alimentação/libs/Trans_STMicroelectronics_TIP35C) by extensions ['colcon_pkg']
[0.241s] Level 1:colcon.colcon_core.package_identification:_identify(src/eletrica/placa-alimentação/libs/Trans_STMicroelectronics_TIP35C) by extension 'colcon_pkg'
[0.242s] Level 1:colcon.colcon_core.package_identification:_identify(src/eletrica/placa-alimentação/libs/Trans_STMicroelectronics_TIP35C) by extensions ['colcon_meta']
[0.242s] Level 1:colcon.colcon_core.package_identification:_identify(src/eletrica/placa-alimentação/libs/Trans_STMicroelectronics_TIP35C) by extension 'colcon_meta'
[0.242s] Level 1:colcon.colcon_core.package_identification:_identify(src/eletrica/placa-alimentação/libs/Trans_STMicroelectronics_TIP35C) by extensions ['ros']
[0.242s] Level 1:colcon.colcon_core.package_identification:_identify(src/eletrica/placa-alimentação/libs/Trans_STMicroelectronics_TIP35C) by extension 'ros'
[0.242s] Level 1:colcon.colcon_core.package_identification:_identify(src/eletrica/placa-alimentação/libs/Trans_STMicroelectronics_TIP35C) by extensions ['cmake', 'python']
[0.242s] Level 1:colcon.colcon_core.package_identification:_identify(src/eletrica/placa-alimentação/libs/Trans_STMicroelectronics_TIP35C) by extension 'cmake'
[0.242s] Level 1:colcon.colcon_core.package_identification:_identify(src/eletrica/placa-alimentação/libs/Trans_STMicroelectronics_TIP35C) by extension 'python'
[0.242s] Level 1:colcon.colcon_core.package_identification:_identify(src/eletrica/placa-alimentação/libs/Trans_STMicroelectronics_TIP35C) by extensions ['python_setup_py']
[0.242s] Level 1:colcon.colcon_core.package_identification:_identify(src/eletrica/placa-alimentação/libs/Trans_STMicroelectronics_TIP35C) by extension 'python_setup_py'
[0.242s] Level 1:colcon.colcon_core.package_identification:_identify(src/eletrica/placa-alimentação/libs/Trans_STMicroelectronics_TIP35C/eec.models) by extensions ['ignore', 'ignore_ament_install']
[0.242s] Level 1:colcon.colcon_core.package_identification:_identify(src/eletrica/placa-alimentação/libs/Trans_STMicroelectronics_TIP35C/eec.models) by extension 'ignore'
[0.242s] Level 1:colcon.colcon_core.package_identification:_identify(src/eletrica/placa-alimentação/libs/Trans_STMicroelectronics_TIP35C/eec.models) by extension 'ignore_ament_install'
[0.242s] Level 1:colcon.colcon_core.package_identification:_identify(src/eletrica/placa-alimentação/libs/Trans_STMicroelectronics_TIP35C/eec.models) by extensions ['colcon_pkg']
[0.242s] Level 1:colcon.colcon_core.package_identification:_identify(src/eletrica/placa-alimentação/libs/Trans_STMicroelectronics_TIP35C/eec.models) by extension 'colcon_pkg'
[0.242s] Level 1:colcon.colcon_core.package_identification:_identify(src/eletrica/placa-alimentação/libs/Trans_STMicroelectronics_TIP35C/eec.models) by extensions ['colcon_meta']
[0.242s] Level 1:colcon.colcon_core.package_identification:_identify(src/eletrica/placa-alimentação/libs/Trans_STMicroelectronics_TIP35C/eec.models) by extension 'colcon_meta'
[0.242s] Level 1:colcon.colcon_core.package_identification:_identify(src/eletrica/placa-alimentação/libs/Trans_STMicroelectronics_TIP35C/eec.models) by extensions ['ros']
[0.242s] Level 1:colcon.colcon_core.package_identification:_identify(src/eletrica/placa-alimentação/libs/Trans_STMicroelectronics_TIP35C/eec.models) by extension 'ros'
[0.242s] Level 1:colcon.colcon_core.package_identification:_identify(src/eletrica/placa-alimentação/libs/Trans_STMicroelectronics_TIP35C/eec.models) by extensions ['cmake', 'python']
[0.242s] Level 1:colcon.colcon_core.package_identification:_identify(src/eletrica/placa-alimentação/libs/Trans_STMicroelectronics_TIP35C/eec.models) by extension 'cmake'
[0.242s] Level 1:colcon.colcon_core.package_identification:_identify(src/eletrica/placa-alimentação/libs/Trans_STMicroelectronics_TIP35C/eec.models) by extension 'python'
[0.242s] Level 1:colcon.colcon_core.package_identification:_identify(src/eletrica/placa-alimentação/libs/Trans_STMicroelectronics_TIP35C/eec.models) by extensions ['python_setup_py']
[0.242s] Level 1:colcon.colcon_core.package_identification:_identify(src/eletrica/placa-alimentação/libs/Trans_STMicroelectronics_TIP35C/eec.models) by extension 'python_setup_py'
[0.242s] Level 1:colcon.colcon_core.package_identification:_identify(src/eletrica/placa-alimentação/libs/Trans_STMicroelectronics_TIP35C/eec.pretty) by extensions ['ignore', 'ignore_ament_install']
[0.243s] Level 1:colcon.colcon_core.package_identification:_identify(src/eletrica/placa-alimentação/libs/Trans_STMicroelectronics_TIP35C/eec.pretty) by extension 'ignore'
[0.243s] Level 1:colcon.colcon_core.package_identification:_identify(src/eletrica/placa-alimentação/libs/Trans_STMicroelectronics_TIP35C/eec.pretty) by extension 'ignore_ament_install'
[0.243s] Level 1:colcon.colcon_core.package_identification:_identify(src/eletrica/placa-alimentação/libs/Trans_STMicroelectronics_TIP35C/eec.pretty) by extensions ['colcon_pkg']
[0.243s] Level 1:colcon.colcon_core.package_identification:_identify(src/eletrica/placa-alimentação/libs/Trans_STMicroelectronics_TIP35C/eec.pretty) by extension 'colcon_pkg'
[0.243s] Level 1:colcon.colcon_core.package_identification:_identify(src/eletrica/placa-alimentação/libs/Trans_STMicroelectronics_TIP35C/eec.pretty) by extensions ['colcon_meta']
[0.243s] Level 1:colcon.colcon_core.package_identification:_identify(src/eletrica/placa-alimentação/libs/Trans_STMicroelectronics_TIP35C/eec.pretty) by extension 'colcon_meta'
[0.243s] Level 1:colcon.colcon_core.package_identification:_identify(src/eletrica/placa-alimentação/libs/Trans_STMicroelectronics_TIP35C/eec.pretty) by extensions ['ros']
[0.243s] Level 1:colcon.colcon_core.package_identification:_identify(src/eletrica/placa-alimentação/libs/Trans_STMicroelectronics_TIP35C/eec.pretty) by extension 'ros'
[0.243s] Level 1:colcon.colcon_core.package_identification:_identify(src/eletrica/placa-alimentação/libs/Trans_STMicroelectronics_TIP35C/eec.pretty) by extensions ['cmake', 'python']
[0.243s] Level 1:colcon.colcon_core.package_identification:_identify(src/eletrica/placa-alimentação/libs/Trans_STMicroelectronics_TIP35C/eec.pretty) by extension 'cmake'
[0.243s] Level 1:colcon.colcon_core.package_identification:_identify(src/eletrica/placa-alimentação/libs/Trans_STMicroelectronics_TIP35C/eec.pretty) by extension 'python'
[0.243s] Level 1:colcon.colcon_core.package_identification:_identify(src/eletrica/placa-alimentação/libs/Trans_STMicroelectronics_TIP35C/eec.pretty) by extensions ['python_setup_py']
[0.243s] Level 1:colcon.colcon_core.package_identification:_identify(src/eletrica/placa-alimentação/libs/Trans_STMicroelectronics_TIP35C/eec.pretty) by extension 'python_setup_py'
[0.243s] Level 1:colcon.colcon_core.package_identification:_identify(src/eletrica/placa-alimentação/libs/eec.models) by extensions ['ignore', 'ignore_ament_install']
[0.243s] Level 1:colcon.colcon_core.package_identification:_identify(src/eletrica/placa-alimentação/libs/eec.models) by extension 'ignore'
[0.243s] Level 1:colcon.colcon_core.package_identification:_identify(src/eletrica/placa-alimentação/libs/eec.models) by extension 'ignore_ament_install'
[0.243s] Level 1:colcon.colcon_core.package_identification:_identify(src/eletrica/placa-alimentação/libs/eec.models) by extensions ['colcon_pkg']
[0.243s] Level 1:colcon.colcon_core.package_identification:_identify(src/eletrica/placa-alimentação/libs/eec.models) by extension 'colcon_pkg'
[0.243s] Level 1:colcon.colcon_core.package_identification:_identify(src/eletrica/placa-alimentação/libs/eec.models) by extensions ['colcon_meta']
[0.243s] Level 1:colcon.colcon_core.package_identification:_identify(src/eletrica/placa-alimentação/libs/eec.models) by extension 'colcon_meta'
[0.243s] Level 1:colcon.colcon_core.package_identification:_identify(src/eletrica/placa-alimentação/libs/eec.models) by extensions ['ros']
[0.243s] Level 1:colcon.colcon_core.package_identification:_identify(src/eletrica/placa-alimentação/libs/eec.models) by extension 'ros'
[0.243s] Level 1:colcon.colcon_core.package_identification:_identify(src/eletrica/placa-alimentação/libs/eec.models) by extensions ['cmake', 'python']
[0.243s] Level 1:colcon.colcon_core.package_identification:_identify(src/eletrica/placa-alimentação/libs/eec.models) by extension 'cmake'
[0.243s] Level 1:colcon.colcon_core.package_identification:_identify(src/eletrica/placa-alimentação/libs/eec.models) by extension 'python'
[0.243s] Level 1:colcon.colcon_core.package_identification:_identify(src/eletrica/placa-alimentação/libs/eec.models) by extensions ['python_setup_py']
[0.243s] Level 1:colcon.colcon_core.package_identification:_identify(src/eletrica/placa-alimentação/libs/eec.models) by extension 'python_setup_py'
[0.243s] Level 1:colcon.colcon_core.package_identification:_identify(src/eletrica/placa-alimentação/libs/eec.pretty) by extensions ['ignore', 'ignore_ament_install']
[0.243s] Level 1:colcon.colcon_core.package_identification:_identify(src/eletrica/placa-alimentação/libs/eec.pretty) by extension 'ignore'
[0.243s] Level 1:colcon.colcon_core.package_identification:_identify(src/eletrica/placa-alimentação/libs/eec.pretty) by extension 'ignore_ament_install'
[0.244s] Level 1:colcon.colcon_core.package_identification:_identify(src/eletrica/placa-alimentação/libs/eec.pretty) by extensions ['colcon_pkg']
[0.244s] Level 1:colcon.colcon_core.package_identification:_identify(src/eletrica/placa-alimentação/libs/eec.pretty) by extension 'colcon_pkg'
[0.244s] Level 1:colcon.colcon_core.package_identification:_identify(src/eletrica/placa-alimentação/libs/eec.pretty) by extensions ['colcon_meta']
[0.244s] Level 1:colcon.colcon_core.package_identification:_identify(src/eletrica/placa-alimentação/libs/eec.pretty) by extension 'colcon_meta'
[0.244s] Level 1:colcon.colcon_core.package_identification:_identify(src/eletrica/placa-alimentação/libs/eec.pretty) by extensions ['ros']
[0.244s] Level 1:colcon.colcon_core.package_identification:_identify(src/eletrica/placa-alimentação/libs/eec.pretty) by extension 'ros'
[0.244s] Level 1:colcon.colcon_core.package_identification:_identify(src/eletrica/placa-alimentação/libs/eec.pretty) by extensions ['cmake', 'python']
[0.244s] Level 1:colcon.colcon_core.package_identification:_identify(src/eletrica/placa-alimentação/libs/eec.pretty) by extension 'cmake'
[0.244s] Level 1:colcon.colcon_core.package_identification:_identify(src/eletrica/placa-alimentação/libs/eec.pretty) by extension 'python'
[0.244s] Level 1:colcon.colcon_core.package_identification:_identify(src/eletrica/placa-alimentação/libs/eec.pretty) by extensions ['python_setup_py']
[0.244s] Level 1:colcon.colcon_core.package_identification:_identify(src/eletrica/placa-alimentação/libs/eec.pretty) by extension 'python_setup_py'
[0.244s] Level 1:colcon.colcon_core.package_identification:_identify(src/eletrica/placa-alimentação/placa_alimentacao) by extensions ['ignore', 'ignore_ament_install']
[0.244s] Level 1:colcon.colcon_core.package_identification:_identify(src/eletrica/placa-alimentação/placa_alimentacao) by extension 'ignore'
[0.244s] Level 1:colcon.colcon_core.package_identification:_identify(src/eletrica/placa-alimentação/placa_alimentacao) by extension 'ignore_ament_install'
[0.244s] Level 1:colcon.colcon_core.package_identification:_identify(src/eletrica/placa-alimentação/placa_alimentacao) by extensions ['colcon_pkg']
[0.244s] Level 1:colcon.colcon_core.package_identification:_identify(src/eletrica/placa-alimentação/placa_alimentacao) by extension 'colcon_pkg'
[0.244s] Level 1:colcon.colcon_core.package_identification:_identify(src/eletrica/placa-alimentação/placa_alimentacao) by extensions ['colcon_meta']
[0.244s] Level 1:colcon.colcon_core.package_identification:_identify(src/eletrica/placa-alimentação/placa_alimentacao) by extension 'colcon_meta'
[0.244s] Level 1:colcon.colcon_core.package_identification:_identify(src/eletrica/placa-alimentação/placa_alimentacao) by extensions ['ros']
[0.244s] Level 1:colcon.colcon_core.package_identification:_identify(src/eletrica/placa-alimentação/placa_alimentacao) by extension 'ros'
[0.244s] Level 1:colcon.colcon_core.package_identification:_identify(src/eletrica/placa-alimentação/placa_alimentacao) by extensions ['cmake', 'python']
[0.244s] Level 1:colcon.colcon_core.package_identification:_identify(src/eletrica/placa-alimentação/placa_alimentacao) by extension 'cmake'
[0.244s] Level 1:colcon.colcon_core.package_identification:_identify(src/eletrica/placa-alimentação/placa_alimentacao) by extension 'python'
[0.244s] Level 1:colcon.colcon_core.package_identification:_identify(src/eletrica/placa-alimentação/placa_alimentacao) by extensions ['python_setup_py']
[0.244s] Level 1:colcon.colcon_core.package_identification:_identify(src/eletrica/placa-alimentação/placa_alimentacao) by extension 'python_setup_py'
[0.244s] Level 1:colcon.colcon_core.package_identification:_identify(src/eletrica/placa-alimentação/placa_alimentacao/placa_alimentacao-backups) by extensions ['ignore', 'ignore_ament_install']
[0.244s] Level 1:colcon.colcon_core.package_identification:_identify(src/eletrica/placa-alimentação/placa_alimentacao/placa_alimentacao-backups) by extension 'ignore'
[0.244s] Level 1:colcon.colcon_core.package_identification:_identify(src/eletrica/placa-alimentação/placa_alimentacao/placa_alimentacao-backups) by extension 'ignore_ament_install'
[0.244s] Level 1:colcon.colcon_core.package_identification:_identify(src/eletrica/placa-alimentação/placa_alimentacao/placa_alimentacao-backups) by extensions ['colcon_pkg']
[0.244s] Level 1:colcon.colcon_core.package_identification:_identify(src/eletrica/placa-alimentação/placa_alimentacao/placa_alimentacao-backups) by extension 'colcon_pkg'
[0.244s] Level 1:colcon.colcon_core.package_identification:_identify(src/eletrica/placa-alimentação/placa_alimentacao/placa_alimentacao-backups) by extensions ['colcon_meta']
[0.244s] Level 1:colcon.colcon_core.package_identification:_identify(src/eletrica/placa-alimentação/placa_alimentacao/placa_alimentacao-backups) by extension 'colcon_meta'
[0.244s] Level 1:colcon.colcon_core.package_identification:_identify(src/eletrica/placa-alimentação/placa_alimentacao/placa_alimentacao-backups) by extensions ['ros']
[0.244s] Level 1:colcon.colcon_core.package_identification:_identify(src/eletrica/placa-alimentação/placa_alimentacao/placa_alimentacao-backups) by extension 'ros'
[0.244s] Level 1:colcon.colcon_core.package_identification:_identify(src/eletrica/placa-alimentação/placa_alimentacao/placa_alimentacao-backups) by extensions ['cmake', 'python']
[0.244s] Level 1:colcon.colcon_core.package_identification:_identify(src/eletrica/placa-alimentação/placa_alimentacao/placa_alimentacao-backups) by extension 'cmake'
[0.245s] Level 1:colcon.colcon_core.package_identification:_identify(src/eletrica/placa-alimentação/placa_alimentacao/placa_alimentacao-backups) by extension 'python'
[0.245s] Level 1:colcon.colcon_core.package_identification:_identify(src/eletrica/placa-alimentação/placa_alimentacao/placa_alimentacao-backups) by extensions ['python_setup_py']
[0.245s] Level 1:colcon.colcon_core.package_identification:_identify(src/eletrica/placa-alimentação/placa_alimentacao/placa_alimentacao-backups) by extension 'python_setup_py'
[0.245s] Level 1:colcon.colcon_core.package_identification:_identify(src/localization) by extensions ['ignore', 'ignore_ament_install']
[0.245s] Level 1:colcon.colcon_core.package_identification:_identify(src/localization) by extension 'ignore'
[0.245s] Level 1:colcon.colcon_core.package_identification:_identify(src/localization) by extension 'ignore_ament_install'
[0.245s] Level 1:colcon.colcon_core.package_identification:_identify(src/localization) by extensions ['colcon_pkg']
[0.245s] Level 1:colcon.colcon_core.package_identification:_identify(src/localization) by extension 'colcon_pkg'
[0.245s] Level 1:colcon.colcon_core.package_identification:_identify(src/localization) by extensions ['colcon_meta']
[0.245s] Level 1:colcon.colcon_core.package_identification:_identify(src/localization) by extension 'colcon_meta'
[0.245s] Level 1:colcon.colcon_core.package_identification:_identify(src/localization) by extensions ['ros']
[0.245s] Level 1:colcon.colcon_core.package_identification:_identify(src/localization) by extension 'ros'
[0.245s] Level 1:colcon.colcon_core.package_identification:_identify(src/localization) by extensions ['cmake', 'python']
[0.245s] Level 1:colcon.colcon_core.package_identification:_identify(src/localization) by extension 'cmake'
[0.245s] Level 1:colcon.colcon_core.package_identification:_identify(src/localization) by extension 'python'
[0.245s] Level 1:colcon.colcon_core.package_identification:_identify(src/localization) by extensions ['python_setup_py']
[0.245s] Level 1:colcon.colcon_core.package_identification:_identify(src/localization) by extension 'python_setup_py'
[0.245s] Level 1:colcon.colcon_core.package_identification:_identify(src/localization/localization_real) by extensions ['ignore', 'ignore_ament_install']
[0.245s] Level 1:colcon.colcon_core.package_identification:_identify(src/localization/localization_real) by extension 'ignore'
[0.245s] Level 1:colcon.colcon_core.package_identification:_identify(src/localization/localization_real) by extension 'ignore_ament_install'
[0.245s] Level 1:colcon.colcon_core.package_identification:_identify(src/localization/localization_real) by extensions ['colcon_pkg']
[0.245s] Level 1:colcon.colcon_core.package_identification:_identify(src/localization/localization_real) by extension 'colcon_pkg'
[0.245s] Level 1:colcon.colcon_core.package_identification:_identify(src/localization/localization_real) by extensions ['colcon_meta']
[0.245s] Level 1:colcon.colcon_core.package_identification:_identify(src/localization/localization_real) by extension 'colcon_meta'
[0.245s] Level 1:colcon.colcon_core.package_identification:_identify(src/localization/localization_real) by extensions ['ros']
[0.245s] Level 1:colcon.colcon_core.package_identification:_identify(src/localization/localization_real) by extension 'ros'
[0.246s] DEBUG:colcon.colcon_core.package_identification:Package 'src/localization/localization_real' with type 'ros.catkin' and name 'localization_real'
[0.246s] Level 1:colcon.colcon_core.package_identification:_identify(src/localization/localization_sim) by extensions ['ignore', 'ignore_ament_install']
[0.246s] Level 1:colcon.colcon_core.package_identification:_identify(src/localization/localization_sim) by extension 'ignore'
[0.246s] Level 1:colcon.colcon_core.package_identification:_identify(src/localization/localization_sim) by extension 'ignore_ament_install'
[0.246s] Level 1:colcon.colcon_core.package_identification:_identify(src/localization/localization_sim) by extensions ['colcon_pkg']
[0.246s] Level 1:colcon.colcon_core.package_identification:_identify(src/localization/localization_sim) by extension 'colcon_pkg'
[0.246s] Level 1:colcon.colcon_core.package_identification:_identify(src/localization/localization_sim) by extensions ['colcon_meta']
[0.246s] Level 1:colcon.colcon_core.package_identification:_identify(src/localization/localization_sim) by extension 'colcon_meta'
[0.246s] Level 1:colcon.colcon_core.package_identification:_identify(src/localization/localization_sim) by extensions ['ros']
[0.246s] Level 1:colcon.colcon_core.package_identification:_identify(src/localization/localization_sim) by extension 'ros'
[0.247s] DEBUG:colcon.colcon_core.package_identification:Package 'src/localization/localization_sim' with type 'ros.catkin' and name 'localization_sim'
[0.247s] Level 1:colcon.colcon_core.package_identification:_identify(src/movement) by extensions ['ignore', 'ignore_ament_install']
[0.247s] Level 1:colcon.colcon_core.package_identification:_identify(src/movement) by extension 'ignore'
[0.247s] Level 1:colcon.colcon_core.package_identification:_identify(src/movement) by extension 'ignore_ament_install'
[0.247s] Level 1:colcon.colcon_core.package_identification:_identify(src/movement) by extensions ['colcon_pkg']
[0.247s] Level 1:colcon.colcon_core.package_identification:_identify(src/movement) by extension 'colcon_pkg'
[0.247s] Level 1:colcon.colcon_core.package_identification:_identify(src/movement) by extensions ['colcon_meta']
[0.247s] Level 1:colcon.colcon_core.package_identification:_identify(src/movement) by extension 'colcon_meta'
[0.247s] Level 1:colcon.colcon_core.package_identification:_identify(src/movement) by extensions ['ros']
[0.247s] Level 1:colcon.colcon_core.package_identification:_identify(src/movement) by extension 'ros'
[0.248s] Level 1:colcon.colcon_core.package_identification:_identify(src/movement) by extensions ['cmake', 'python']
[0.248s] Level 1:colcon.colcon_core.package_identification:_identify(src/movement) by extension 'cmake'
[0.248s] Level 1:colcon.colcon_core.package_identification:_identify(src/movement) by extension 'python'
[0.248s] Level 1:colcon.colcon_core.package_identification:_identify(src/movement) by extensions ['python_setup_py']
[0.248s] Level 1:colcon.colcon_core.package_identification:_identify(src/movement) by extension 'python_setup_py'
[0.248s] Level 1:colcon.colcon_core.package_identification:_identify(src/movement/PID_codes) by extensions ['ignore', 'ignore_ament_install']
[0.248s] Level 1:colcon.colcon_core.package_identification:_identify(src/movement/PID_codes) by extension 'ignore'
[0.248s] Level 1:colcon.colcon_core.package_identification:_identify(src/movement/PID_codes) by extension 'ignore_ament_install'
[0.248s] Level 1:colcon.colcon_core.package_identification:_identify(src/movement/PID_codes) by extensions ['colcon_pkg']
[0.248s] Level 1:colcon.colcon_core.package_identification:_identify(src/movement/PID_codes) by extension 'colcon_pkg'
[0.248s] Level 1:colcon.colcon_core.package_identification:_identify(src/movement/PID_codes) by extensions ['colcon_meta']
[0.248s] Level 1:colcon.colcon_core.package_identification:_identify(src/movement/PID_codes) by extension 'colcon_meta'
[0.248s] Level 1:colcon.colcon_core.package_identification:_identify(src/movement/PID_codes) by extensions ['ros']
[0.248s] Level 1:colcon.colcon_core.package_identification:_identify(src/movement/PID_codes) by extension 'ros'
[0.248s] Level 1:colcon.colcon_core.package_identification:_identify(src/movement/PID_codes) by extensions ['cmake', 'python']
[0.248s] Level 1:colcon.colcon_core.package_identification:_identify(src/movement/PID_codes) by extension 'cmake'
[0.248s] Level 1:colcon.colcon_core.package_identification:_identify(src/movement/PID_codes) by extension 'python'
[0.248s] Level 1:colcon.colcon_core.package_identification:_identify(src/movement/PID_codes) by extensions ['python_setup_py']
[0.248s] Level 1:colcon.colcon_core.package_identification:_identify(src/movement/PID_codes) by extension 'python_setup_py'
[0.248s] Level 1:colcon.colcon_core.package_identification:_identify(src/movement/PID_codes/ros_library) by extensions ['ignore', 'ignore_ament_install']
[0.248s] Level 1:colcon.colcon_core.package_identification:_identify(src/movement/PID_codes/ros_library) by extension 'ignore'
[0.248s] Level 1:colcon.colcon_core.package_identification:_identify(src/movement/PID_codes/ros_library) by extension 'ignore_ament_install'
[0.248s] Level 1:colcon.colcon_core.package_identification:_identify(src/movement/PID_codes/ros_library) by extensions ['colcon_pkg']
[0.248s] Level 1:colcon.colcon_core.package_identification:_identify(src/movement/PID_codes/ros_library) by extension 'colcon_pkg'
[0.248s] Level 1:colcon.colcon_core.package_identification:_identify(src/movement/PID_codes/ros_library) by extensions ['colcon_meta']
[0.248s] Level 1:colcon.colcon_core.package_identification:_identify(src/movement/PID_codes/ros_library) by extension 'colcon_meta'
[0.248s] Level 1:colcon.colcon_core.package_identification:_identify(src/movement/PID_codes/ros_library) by extensions ['ros']
[0.248s] Level 1:colcon.colcon_core.package_identification:_identify(src/movement/PID_codes/ros_library) by extension 'ros'
[0.248s] Level 1:colcon.colcon_core.package_identification:_identify(src/movement/PID_codes/ros_library) by extensions ['cmake', 'python']
[0.248s] Level 1:colcon.colcon_core.package_identification:_identify(src/movement/PID_codes/ros_library) by extension 'cmake'
[0.248s] Level 1:colcon.colcon_core.package_identification:_identify(src/movement/PID_codes/ros_library) by extension 'python'
[0.248s] Level 1:colcon.colcon_core.package_identification:_identify(src/movement/PID_codes/ros_library) by extensions ['python_setup_py']
[0.249s] Level 1:colcon.colcon_core.package_identification:_identify(src/movement/PID_codes/ros_library) by extension 'python_setup_py'
[0.249s] Level 1:colcon.colcon_core.package_identification:_identify(src/movement/PID_codes/ros_library/micro_ros_arduino) by extensions ['ignore', 'ignore_ament_install']
[0.249s] Level 1:colcon.colcon_core.package_identification:_identify(src/movement/PID_codes/ros_library/micro_ros_arduino) by extension 'ignore'
[0.249s] Level 1:colcon.colcon_core.package_identification:_identify(src/movement/PID_codes/ros_library/micro_ros_arduino) by extension 'ignore_ament_install'
[0.249s] Level 1:colcon.colcon_core.package_identification:_identify(src/movement/PID_codes/ros_library/micro_ros_arduino) by extensions ['colcon_pkg']
[0.249s] Level 1:colcon.colcon_core.package_identification:_identify(src/movement/PID_codes/ros_library/micro_ros_arduino) by extension 'colcon_pkg'
[0.249s] Level 1:colcon.colcon_core.package_identification:_identify(src/movement/PID_codes/ros_library/micro_ros_arduino) by extensions ['colcon_meta']
[0.249s] Level 1:colcon.colcon_core.package_identification:_identify(src/movement/PID_codes/ros_library/micro_ros_arduino) by extension 'colcon_meta'
[0.249s] Level 1:colcon.colcon_core.package_identification:_identify(src/movement/PID_codes/ros_library/micro_ros_arduino) by extensions ['ros']
[0.249s] Level 1:colcon.colcon_core.package_identification:_identify(src/movement/PID_codes/ros_library/micro_ros_arduino) by extension 'ros'
[0.249s] Level 1:colcon.colcon_core.package_identification:_identify(src/movement/PID_codes/ros_library/micro_ros_arduino) by extensions ['cmake', 'python']
[0.249s] Level 1:colcon.colcon_core.package_identification:_identify(src/movement/PID_codes/ros_library/micro_ros_arduino) by extension 'cmake'
[0.249s] Level 1:colcon.colcon_core.package_identification:_identify(src/movement/PID_codes/ros_library/micro_ros_arduino) by extension 'python'
[0.249s] Level 1:colcon.colcon_core.package_identification:_identify(src/movement/PID_codes/ros_library/micro_ros_arduino) by extensions ['python_setup_py']
[0.249s] Level 1:colcon.colcon_core.package_identification:_identify(src/movement/PID_codes/ros_library/micro_ros_arduino) by extension 'python_setup_py'
[0.249s] Level 1:colcon.colcon_core.package_identification:_identify(src/movement/PID_codes/ros_library/micro_ros_arduino/extras) by extensions ['ignore', 'ignore_ament_install']
[0.249s] Level 1:colcon.colcon_core.package_identification:_identify(src/movement/PID_codes/ros_library/micro_ros_arduino/extras) by extension 'ignore'
[0.249s] Level 1:colcon.colcon_core.package_identification:_identify(src/movement/PID_codes/ros_library/micro_ros_arduino/extras) by extension 'ignore_ament_install'
[0.249s] Level 1:colcon.colcon_core.package_identification:_identify(src/movement/PID_codes/ros_library/micro_ros_arduino/extras) by extensions ['colcon_pkg']
[0.249s] Level 1:colcon.colcon_core.package_identification:_identify(src/movement/PID_codes/ros_library/micro_ros_arduino/extras) by extension 'colcon_pkg'
[0.249s] Level 1:colcon.colcon_core.package_identification:_identify(src/movement/PID_codes/ros_library/micro_ros_arduino/extras) by extensions ['colcon_meta']
[0.249s] Level 1:colcon.colcon_core.package_identification:_identify(src/movement/PID_codes/ros_library/micro_ros_arduino/extras) by extension 'colcon_meta'
[0.249s] Level 1:colcon.colcon_core.package_identification:_identify(src/movement/PID_codes/ros_library/micro_ros_arduino/extras) by extensions ['ros']
[0.249s] Level 1:colcon.colcon_core.package_identification:_identify(src/movement/PID_codes/ros_library/micro_ros_arduino/extras) by extension 'ros'
[0.249s] Level 1:colcon.colcon_core.package_identification:_identify(src/movement/PID_codes/ros_library/micro_ros_arduino/extras) by extensions ['cmake', 'python']
[0.249s] Level 1:colcon.colcon_core.package_identification:_identify(src/movement/PID_codes/ros_library/micro_ros_arduino/extras) by extension 'cmake'
[0.249s] Level 1:colcon.colcon_core.package_identification:_identify(src/movement/PID_codes/ros_library/micro_ros_arduino/extras) by extension 'python'
[0.249s] Level 1:colcon.colcon_core.package_identification:_identify(src/movement/PID_codes/ros_library/micro_ros_arduino/extras) by extensions ['python_setup_py']
[0.249s] Level 1:colcon.colcon_core.package_identification:_identify(src/movement/PID_codes/ros_library/micro_ros_arduino/extras) by extension 'python_setup_py'
[0.249s] Level 1:colcon.colcon_core.package_identification:_identify(src/movement/PID_codes/ros_library/micro_ros_arduino/extras/library_generation) by extensions ['ignore', 'ignore_ament_install']
[0.249s] Level 1:colcon.colcon_core.package_identification:_identify(src/movement/PID_codes/ros_library/micro_ros_arduino/extras/library_generation) by extension 'ignore'
[0.249s] Level 1:colcon.colcon_core.package_identification:_identify(src/movement/PID_codes/ros_library/micro_ros_arduino/extras/library_generation) by extension 'ignore_ament_install'
[0.249s] Level 1:colcon.colcon_core.package_identification:_identify(src/movement/PID_codes/ros_library/micro_ros_arduino/extras/library_generation) by extensions ['colcon_pkg']
[0.249s] Level 1:colcon.colcon_core.package_identification:_identify(src/movement/PID_codes/ros_library/micro_ros_arduino/extras/library_generation) by extension 'colcon_pkg'
[0.250s] Level 1:colcon.colcon_core.package_identification:_identify(src/movement/PID_codes/ros_library/micro_ros_arduino/extras/library_generation) by extensions ['colcon_meta']
[0.250s] Level 1:colcon.colcon_core.package_identification:_identify(src/movement/PID_codes/ros_library/micro_ros_arduino/extras/library_generation) by extension 'colcon_meta'
[0.250s] Level 1:colcon.colcon_core.package_identification:_identify(src/movement/PID_codes/ros_library/micro_ros_arduino/extras/library_generation) by extensions ['ros']
[0.250s] Level 1:colcon.colcon_core.package_identification:_identify(src/movement/PID_codes/ros_library/micro_ros_arduino/extras/library_generation) by extension 'ros'
[0.250s] Level 1:colcon.colcon_core.package_identification:_identify(src/movement/PID_codes/ros_library/micro_ros_arduino/extras/library_generation) by extensions ['cmake', 'python']
[0.250s] Level 1:colcon.colcon_core.package_identification:_identify(src/movement/PID_codes/ros_library/micro_ros_arduino/extras/library_generation) by extension 'cmake'
[0.250s] Level 1:colcon.colcon_core.package_identification:_identify(src/movement/PID_codes/ros_library/micro_ros_arduino/extras/library_generation) by extension 'python'
[0.250s] Level 1:colcon.colcon_core.package_identification:_identify(src/movement/PID_codes/ros_library/micro_ros_arduino/extras/library_generation) by extensions ['python_setup_py']
[0.250s] Level 1:colcon.colcon_core.package_identification:_identify(src/movement/PID_codes/ros_library/micro_ros_arduino/extras/library_generation) by extension 'python_setup_py'
[0.250s] Level 1:colcon.colcon_core.package_identification:_identify(src/movement/PID_codes/ros_library/micro_ros_arduino/extras/library_generation/extra_packages) by extensions ['ignore', 'ignore_ament_install']
[0.250s] Level 1:colcon.colcon_core.package_identification:_identify(src/movement/PID_codes/ros_library/micro_ros_arduino/extras/library_generation/extra_packages) by extension 'ignore'
[0.250s] Level 1:colcon.colcon_core.package_identification:_identify(src/movement/PID_codes/ros_library/micro_ros_arduino/extras/library_generation/extra_packages) by extension 'ignore_ament_install'
[0.250s] Level 1:colcon.colcon_core.package_identification:_identify(src/movement/PID_codes/ros_library/micro_ros_arduino/extras/library_generation/extra_packages) by extensions ['colcon_pkg']
[0.250s] Level 1:colcon.colcon_core.package_identification:_identify(src/movement/PID_codes/ros_library/micro_ros_arduino/extras/library_generation/extra_packages) by extension 'colcon_pkg'
[0.250s] Level 1:colcon.colcon_core.package_identification:_identify(src/movement/PID_codes/ros_library/micro_ros_arduino/extras/library_generation/extra_packages) by extensions ['colcon_meta']
[0.250s] Level 1:colcon.colcon_core.package_identification:_identify(src/movement/PID_codes/ros_library/micro_ros_arduino/extras/library_generation/extra_packages) by extension 'colcon_meta'
[0.250s] Level 1:colcon.colcon_core.package_identification:_identify(src/movement/PID_codes/ros_library/micro_ros_arduino/extras/library_generation/extra_packages) by extensions ['ros']
[0.250s] Level 1:colcon.colcon_core.package_identification:_identify(src/movement/PID_codes/ros_library/micro_ros_arduino/extras/library_generation/extra_packages) by extension 'ros'
[0.250s] Level 1:colcon.colcon_core.package_identification:_identify(src/movement/PID_codes/ros_library/micro_ros_arduino/extras/library_generation/extra_packages) by extensions ['cmake', 'python']
[0.250s] Level 1:colcon.colcon_core.package_identification:_identify(src/movement/PID_codes/ros_library/micro_ros_arduino/extras/library_generation/extra_packages) by extension 'cmake'
[0.250s] Level 1:colcon.colcon_core.package_identification:_identify(src/movement/PID_codes/ros_library/micro_ros_arduino/extras/library_generation/extra_packages) by extension 'python'
[0.250s] Level 1:colcon.colcon_core.package_identification:_identify(src/movement/PID_codes/ros_library/micro_ros_arduino/extras/library_generation/extra_packages) by extensions ['python_setup_py']
[0.250s] Level 1:colcon.colcon_core.package_identification:_identify(src/movement/PID_codes/ros_library/micro_ros_arduino/extras/library_generation/extra_packages) by extension 'python_setup_py'
[0.250s] Level 1:colcon.colcon_core.package_identification:_identify(src/movement/PID_codes/ros_library/micro_ros_arduino/extras/library_generation/extra_packages/potmessage) by extensions ['ignore', 'ignore_ament_install']
[0.250s] Level 1:colcon.colcon_core.package_identification:_identify(src/movement/PID_codes/ros_library/micro_ros_arduino/extras/library_generation/extra_packages/potmessage) by extension 'ignore'
[0.250s] Level 1:colcon.colcon_core.package_identification:_identify(src/movement/PID_codes/ros_library/micro_ros_arduino/extras/library_generation/extra_packages/potmessage) by extension 'ignore_ament_install'
[0.250s] Level 1:colcon.colcon_core.package_identification:_identify(src/movement/PID_codes/ros_library/micro_ros_arduino/extras/library_generation/extra_packages/potmessage) by extensions ['colcon_pkg']
[0.250s] Level 1:colcon.colcon_core.package_identification:_identify(src/movement/PID_codes/ros_library/micro_ros_arduino/extras/library_generation/extra_packages/potmessage) by extension 'colcon_pkg'
[0.250s] Level 1:colcon.colcon_core.package_identification:_identify(src/movement/PID_codes/ros_library/micro_ros_arduino/extras/library_generation/extra_packages/potmessage) by extensions ['colcon_meta']
[0.250s] Level 1:colcon.colcon_core.package_identification:_identify(src/movement/PID_codes/ros_library/micro_ros_arduino/extras/library_generation/extra_packages/potmessage) by extension 'colcon_meta'
[0.250s] Level 1:colcon.colcon_core.package_identification:_identify(src/movement/PID_codes/ros_library/micro_ros_arduino/extras/library_generation/extra_packages/potmessage) by extensions ['ros']
[0.250s] Level 1:colcon.colcon_core.package_identification:_identify(src/movement/PID_codes/ros_library/micro_ros_arduino/extras/library_generation/extra_packages/potmessage) by extension 'ros'
[0.250s] Level 1:colcon.colcon_core.package_identification:_identify(src/movement/PID_codes/ros_library/micro_ros_arduino/extras/library_generation/extra_packages/potmessage) by extensions ['cmake', 'python']
[0.250s] Level 1:colcon.colcon_core.package_identification:_identify(src/movement/PID_codes/ros_library/micro_ros_arduino/extras/library_generation/extra_packages/potmessage) by extension 'cmake'
[0.250s] Level 1:colcon.colcon_core.package_identification:_identify(src/movement/PID_codes/ros_library/micro_ros_arduino/extras/library_generation/extra_packages/potmessage) by extension 'python'
[0.250s] Level 1:colcon.colcon_core.package_identification:_identify(src/movement/PID_codes/ros_library/micro_ros_arduino/extras/library_generation/extra_packages/potmessage) by extensions ['python_setup_py']
[0.250s] Level 1:colcon.colcon_core.package_identification:_identify(src/movement/PID_codes/ros_library/micro_ros_arduino/extras/library_generation/extra_packages/potmessage) by extension 'python_setup_py'
[0.251s] Level 1:colcon.colcon_core.package_identification:_identify(src/movement/PID_codes/ros_library/micro_ros_arduino/extras/library_generation/extra_packages/potmessage/include) by extensions ['ignore', 'ignore_ament_install']
[0.251s] Level 1:colcon.colcon_core.package_identification:_identify(src/movement/PID_codes/ros_library/micro_ros_arduino/extras/library_generation/extra_packages/potmessage/include) by extension 'ignore'
[0.251s] Level 1:colcon.colcon_core.package_identification:_identify(src/movement/PID_codes/ros_library/micro_ros_arduino/extras/library_generation/extra_packages/potmessage/include) by extension 'ignore_ament_install'
[0.251s] Level 1:colcon.colcon_core.package_identification:_identify(src/movement/PID_codes/ros_library/micro_ros_arduino/extras/library_generation/extra_packages/potmessage/include) by extensions ['colcon_pkg']
[0.251s] Level 1:colcon.colcon_core.package_identification:_identify(src/movement/PID_codes/ros_library/micro_ros_arduino/extras/library_generation/extra_packages/potmessage/include) by extension 'colcon_pkg'
[0.251s] Level 1:colcon.colcon_core.package_identification:_identify(src/movement/PID_codes/ros_library/micro_ros_arduino/extras/library_generation/extra_packages/potmessage/include) by extensions ['colcon_meta']
[0.251s] Level 1:colcon.colcon_core.package_identification:_identify(src/movement/PID_codes/ros_library/micro_ros_arduino/extras/library_generation/extra_packages/potmessage/include) by extension 'colcon_meta'
[0.251s] Level 1:colcon.colcon_core.package_identification:_identify(src/movement/PID_codes/ros_library/micro_ros_arduino/extras/library_generation/extra_packages/potmessage/include) by extensions ['ros']
[0.251s] Level 1:colcon.colcon_core.package_identification:_identify(src/movement/PID_codes/ros_library/micro_ros_arduino/extras/library_generation/extra_packages/potmessage/include) by extension 'ros'
[0.251s] Level 1:colcon.colcon_core.package_identification:_identify(src/movement/PID_codes/ros_library/micro_ros_arduino/extras/library_generation/extra_packages/potmessage/include) by extensions ['cmake', 'python']
[0.251s] Level 1:colcon.colcon_core.package_identification:_identify(src/movement/PID_codes/ros_library/micro_ros_arduino/extras/library_generation/extra_packages/potmessage/include) by extension 'cmake'
[0.251s] Level 1:colcon.colcon_core.package_identification:_identify(src/movement/PID_codes/ros_library/micro_ros_arduino/extras/library_generation/extra_packages/potmessage/include) by extension 'python'
[0.251s] Level 1:colcon.colcon_core.package_identification:_identify(src/movement/PID_codes/ros_library/micro_ros_arduino/extras/library_generation/extra_packages/potmessage/include) by extensions ['python_setup_py']
[0.251s] Level 1:colcon.colcon_core.package_identification:_identify(src/movement/PID_codes/ros_library/micro_ros_arduino/extras/library_generation/extra_packages/potmessage/include) by extension 'python_setup_py'
[0.251s] Level 1:colcon.colcon_core.package_identification:_identify(src/movement/PID_codes/ros_library/micro_ros_arduino/extras/library_generation/extra_packages/potmessage/include/potmessage) by extensions ['ignore', 'ignore_ament_install']
[0.251s] Level 1:colcon.colcon_core.package_identification:_identify(src/movement/PID_codes/ros_library/micro_ros_arduino/extras/library_generation/extra_packages/potmessage/include/potmessage) by extension 'ignore'
[0.251s] Level 1:colcon.colcon_core.package_identification:_identify(src/movement/PID_codes/ros_library/micro_ros_arduino/extras/library_generation/extra_packages/potmessage/include/potmessage) by extension 'ignore_ament_install'
[0.251s] Level 1:colcon.colcon_core.package_identification:_identify(src/movement/PID_codes/ros_library/micro_ros_arduino/extras/library_generation/extra_packages/potmessage/include/potmessage) by extensions ['colcon_pkg']
[0.251s] Level 1:colcon.colcon_core.package_identification:_identify(src/movement/PID_codes/ros_library/micro_ros_arduino/extras/library_generation/extra_packages/potmessage/include/potmessage) by extension 'colcon_pkg'
[0.251s] Level 1:colcon.colcon_core.package_identification:_identify(src/movement/PID_codes/ros_library/micro_ros_arduino/extras/library_generation/extra_packages/potmessage/include/potmessage) by extensions ['colcon_meta']
[0.251s] Level 1:colcon.colcon_core.package_identification:_identify(src/movement/PID_codes/ros_library/micro_ros_arduino/extras/library_generation/extra_packages/potmessage/include/potmessage) by extension 'colcon_meta'
[0.251s] Level 1:colcon.colcon_core.package_identification:_identify(src/movement/PID_codes/ros_library/micro_ros_arduino/extras/library_generation/extra_packages/potmessage/include/potmessage) by extensions ['ros']
[0.251s] Level 1:colcon.colcon_core.package_identification:_identify(src/movement/PID_codes/ros_library/micro_ros_arduino/extras/library_generation/extra_packages/potmessage/include/potmessage) by extension 'ros'
[0.251s] Level 1:colcon.colcon_core.package_identification:_identify(src/movement/PID_codes/ros_library/micro_ros_arduino/extras/library_generation/extra_packages/potmessage/include/potmessage) by extensions ['cmake', 'python']
[0.251s] Level 1:colcon.colcon_core.package_identification:_identify(src/movement/PID_codes/ros_library/micro_ros_arduino/extras/library_generation/extra_packages/potmessage/include/potmessage) by extension 'cmake'
[0.251s] Level 1:colcon.colcon_core.package_identification:_identify(src/movement/PID_codes/ros_library/micro_ros_arduino/extras/library_generation/extra_packages/potmessage/include/potmessage) by extension 'python'
[0.251s] Level 1:colcon.colcon_core.package_identification:_identify(src/movement/PID_codes/ros_library/micro_ros_arduino/extras/library_generation/extra_packages/potmessage/include/potmessage) by extensions ['python_setup_py']
[0.251s] Level 1:colcon.colcon_core.package_identification:_identify(src/movement/PID_codes/ros_library/micro_ros_arduino/extras/library_generation/extra_packages/potmessage/include/potmessage) by extension 'python_setup_py'
[0.251s] Level 1:colcon.colcon_core.package_identification:_identify(src/movement/PID_codes/ros_library/micro_ros_arduino/extras/library_generation/extra_packages/potmessage/src) by extensions ['ignore', 'ignore_ament_install']
[0.251s] Level 1:colcon.colcon_core.package_identification:_identify(src/movement/PID_codes/ros_library/micro_ros_arduino/extras/library_generation/extra_packages/potmessage/src) by extension 'ignore'
[0.251s] Level 1:colcon.colcon_core.package_identification:_identify(src/movement/PID_codes/ros_library/micro_ros_arduino/extras/library_generation/extra_packages/potmessage/src) by extension 'ignore_ament_install'
[0.251s] Level 1:colcon.colcon_core.package_identification:_identify(src/movement/PID_codes/ros_library/micro_ros_arduino/extras/library_generation/extra_packages/potmessage/src) by extensions ['colcon_pkg']
[0.251s] Level 1:colcon.colcon_core.package_identification:_identify(src/movement/PID_codes/ros_library/micro_ros_arduino/extras/library_generation/extra_packages/potmessage/src) by extension 'colcon_pkg'
[0.252s] Level 1:colcon.colcon_core.package_identification:_identify(src/movement/PID_codes/ros_library/micro_ros_arduino/extras/library_generation/extra_packages/potmessage/src) by extensions ['colcon_meta']
[0.252s] Level 1:colcon.colcon_core.package_identification:_identify(src/movement/PID_codes/ros_library/micro_ros_arduino/extras/library_generation/extra_packages/potmessage/src) by extension 'colcon_meta'
[0.252s] Level 1:colcon.colcon_core.package_identification:_identify(src/movement/PID_codes/ros_library/micro_ros_arduino/extras/library_generation/extra_packages/potmessage/src) by extensions ['ros']
[0.252s] Level 1:colcon.colcon_core.package_identification:_identify(src/movement/PID_codes/ros_library/micro_ros_arduino/extras/library_generation/extra_packages/potmessage/src) by extension 'ros'
[0.252s] Level 1:colcon.colcon_core.package_identification:_identify(src/movement/PID_codes/ros_library/micro_ros_arduino/extras/library_generation/extra_packages/potmessage/src) by extensions ['cmake', 'python']
[0.252s] Level 1:colcon.colcon_core.package_identification:_identify(src/movement/PID_codes/ros_library/micro_ros_arduino/extras/library_generation/extra_packages/potmessage/src) by extension 'cmake'
[0.252s] Level 1:colcon.colcon_core.package_identification:_identify(src/movement/PID_codes/ros_library/micro_ros_arduino/extras/library_generation/extra_packages/potmessage/src) by extension 'python'
[0.252s] Level 1:colcon.colcon_core.package_identification:_identify(src/movement/PID_codes/ros_library/micro_ros_arduino/extras/library_generation/extra_packages/potmessage/src) by extensions ['python_setup_py']
[0.252s] Level 1:colcon.colcon_core.package_identification:_identify(src/movement/PID_codes/ros_library/micro_ros_arduino/extras/library_generation/extra_packages/potmessage/src) by extension 'python_setup_py'
[0.252s] Level 1:colcon.colcon_core.package_identification:_identify(src/movement/PID_codes/ros_library/micro_ros_arduino/src) by extensions ['ignore', 'ignore_ament_install']
[0.252s] Level 1:colcon.colcon_core.package_identification:_identify(src/movement/PID_codes/ros_library/micro_ros_arduino/src) by extension 'ignore'
[0.252s] Level 1:colcon.colcon_core.package_identification:_identify(src/movement/PID_codes/ros_library/micro_ros_arduino/src) by extension 'ignore_ament_install'
[0.252s] Level 1:colcon.colcon_core.package_identification:_identify(src/movement/PID_codes/ros_library/micro_ros_arduino/src) by extensions ['colcon_pkg']
[0.252s] Level 1:colcon.colcon_core.package_identification:_identify(src/movement/PID_codes/ros_library/micro_ros_arduino/src) by extension 'colcon_pkg'
[0.252s] Level 1:colcon.colcon_core.package_identification:_identify(src/movement/PID_codes/ros_library/micro_ros_arduino/src) by extensions ['colcon_meta']
[0.252s] Level 1:colcon.colcon_core.package_identification:_identify(src/movement/PID_codes/ros_library/micro_ros_arduino/src) by extension 'colcon_meta'
[0.252s] Level 1:colcon.colcon_core.package_identification:_identify(src/movement/PID_codes/ros_library/micro_ros_arduino/src) by extensions ['ros']
[0.252s] Level 1:colcon.colcon_core.package_identification:_identify(src/movement/PID_codes/ros_library/micro_ros_arduino/src) by extension 'ros'
[0.252s] Level 1:colcon.colcon_core.package_identification:_identify(src/movement/PID_codes/ros_library/micro_ros_arduino/src) by extensions ['cmake', 'python']
[0.252s] Level 1:colcon.colcon_core.package_identification:_identify(src/movement/PID_codes/ros_library/micro_ros_arduino/src) by extension 'cmake'
[0.252s] Level 1:colcon.colcon_core.package_identification:_identify(src/movement/PID_codes/ros_library/micro_ros_arduino/src) by extension 'python'
[0.252s] Level 1:colcon.colcon_core.package_identification:_identify(src/movement/PID_codes/ros_library/micro_ros_arduino/src) by extensions ['python_setup_py']
[0.252s] Level 1:colcon.colcon_core.package_identification:_identify(src/movement/PID_codes/ros_library/micro_ros_arduino/src) by extension 'python_setup_py'
[0.252s] Level 1:colcon.colcon_core.package_identification:_identify(src/movement/PID_codes/ros_library/micro_ros_arduino/src/action_msgs) by extensions ['ignore', 'ignore_ament_install']
[0.252s] Level 1:colcon.colcon_core.package_identification:_identify(src/movement/PID_codes/ros_library/micro_ros_arduino/src/action_msgs) by extension 'ignore'
[0.252s] Level 1:colcon.colcon_core.package_identification:_identify(src/movement/PID_codes/ros_library/micro_ros_arduino/src/action_msgs) by extension 'ignore_ament_install'
[0.252s] Level 1:colcon.colcon_core.package_identification:_identify(src/movement/PID_codes/ros_library/micro_ros_arduino/src/action_msgs) by extensions ['colcon_pkg']
[0.252s] Level 1:colcon.colcon_core.package_identification:_identify(src/movement/PID_codes/ros_library/micro_ros_arduino/src/action_msgs) by extension 'colcon_pkg'
[0.252s] Level 1:colcon.colcon_core.package_identification:_identify(src/movement/PID_codes/ros_library/micro_ros_arduino/src/action_msgs) by extensions ['colcon_meta']
[0.252s] Level 1:colcon.colcon_core.package_identification:_identify(src/movement/PID_codes/ros_library/micro_ros_arduino/src/action_msgs) by extension 'colcon_meta'
[0.252s] Level 1:colcon.colcon_core.package_identification:_identify(src/movement/PID_codes/ros_library/micro_ros_arduino/src/action_msgs) by extensions ['ros']
[0.252s] Level 1:colcon.colcon_core.package_identification:_identify(src/movement/PID_codes/ros_library/micro_ros_arduino/src/action_msgs) by extension 'ros'
[0.252s] Level 1:colcon.colcon_core.package_identification:_identify(src/movement/PID_codes/ros_library/micro_ros_arduino/src/action_msgs) by extensions ['cmake', 'python']
[0.252s] Level 1:colcon.colcon_core.package_identification:_identify(src/movement/PID_codes/ros_library/micro_ros_arduino/src/action_msgs) by extension 'cmake'
[0.253s] Level 1:colcon.colcon_core.package_identification:_identify(src/movement/PID_codes/ros_library/micro_ros_arduino/src/action_msgs) by extension 'python'
[0.253s] Level 1:colcon.colcon_core.package_identification:_identify(src/movement/PID_codes/ros_library/micro_ros_arduino/src/action_msgs) by extensions ['python_setup_py']
[0.253s] Level 1:colcon.colcon_core.package_identification:_identify(src/movement/PID_codes/ros_library/micro_ros_arduino/src/action_msgs) by extension 'python_setup_py'
[0.253s] Level 1:colcon.colcon_core.package_identification:_identify(src/movement/PID_codes/ros_library/micro_ros_arduino/src/action_msgs/msg) by extensions ['ignore', 'ignore_ament_install']
[0.253s] Level 1:colcon.colcon_core.package_identification:_identify(src/movement/PID_codes/ros_library/micro_ros_arduino/src/action_msgs/msg) by extension 'ignore'
[0.253s] Level 1:colcon.colcon_core.package_identification:_identify(src/movement/PID_codes/ros_library/micro_ros_arduino/src/action_msgs/msg) by extension 'ignore_ament_install'
[0.253s] Level 1:colcon.colcon_core.package_identification:_identify(src/movement/PID_codes/ros_library/micro_ros_arduino/src/action_msgs/msg) by extensions ['colcon_pkg']
[0.253s] Level 1:colcon.colcon_core.package_identification:_identify(src/movement/PID_codes/ros_library/micro_ros_arduino/src/action_msgs/msg) by extension 'colcon_pkg'
[0.253s] Level 1:colcon.colcon_core.package_identification:_identify(src/movement/PID_codes/ros_library/micro_ros_arduino/src/action_msgs/msg) by extensions ['colcon_meta']
[0.253s] Level 1:colcon.colcon_core.package_identification:_identify(src/movement/PID_codes/ros_library/micro_ros_arduino/src/action_msgs/msg) by extension 'colcon_meta'
[0.253s] Level 1:colcon.colcon_core.package_identification:_identify(src/movement/PID_codes/ros_library/micro_ros_arduino/src/action_msgs/msg) by extensions ['ros']
[0.253s] Level 1:colcon.colcon_core.package_identification:_identify(src/movement/PID_codes/ros_library/micro_ros_arduino/src/action_msgs/msg) by extension 'ros'
[0.253s] Level 1:colcon.colcon_core.package_identification:_identify(src/movement/PID_codes/ros_library/micro_ros_arduino/src/action_msgs/msg) by extensions ['cmake', 'python']
[0.253s] Level 1:colcon.colcon_core.package_identification:_identify(src/movement/PID_codes/ros_library/micro_ros_arduino/src/action_msgs/msg) by extension 'cmake'
[0.253s] Level 1:colcon.colcon_core.package_identification:_identify(src/movement/PID_codes/ros_library/micro_ros_arduino/src/action_msgs/msg) by extension 'python'
[0.253s] Level 1:colcon.colcon_core.package_identification:_identify(src/movement/PID_codes/ros_library/micro_ros_arduino/src/action_msgs/msg) by extensions ['python_setup_py']
[0.253s] Level 1:colcon.colcon_core.package_identification:_identify(src/movement/PID_codes/ros_library/micro_ros_arduino/src/action_msgs/msg) by extension 'python_setup_py'
[0.253s] Level 1:colcon.colcon_core.package_identification:_identify(src/movement/PID_codes/ros_library/micro_ros_arduino/src/action_msgs/msg/detail) by extensions ['ignore', 'ignore_ament_install']
[0.253s] Level 1:colcon.colcon_core.package_identification:_identify(src/movement/PID_codes/ros_library/micro_ros_arduino/src/action_msgs/msg/detail) by extension 'ignore'
[0.253s] Level 1:colcon.colcon_core.package_identification:_identify(src/movement/PID_codes/ros_library/micro_ros_arduino/src/action_msgs/msg/detail) by extension 'ignore_ament_install'
[0.253s] Level 1:colcon.colcon_core.package_identification:_identify(src/movement/PID_codes/ros_library/micro_ros_arduino/src/action_msgs/msg/detail) by extensions ['colcon_pkg']
[0.253s] Level 1:colcon.colcon_core.package_identification:_identify(src/movement/PID_codes/ros_library/micro_ros_arduino/src/action_msgs/msg/detail) by extension 'colcon_pkg'
[0.253s] Level 1:colcon.colcon_core.package_identification:_identify(src/movement/PID_codes/ros_library/micro_ros_arduino/src/action_msgs/msg/detail) by extensions ['colcon_meta']
[0.253s] Level 1:colcon.colcon_core.package_identification:_identify(src/movement/PID_codes/ros_library/micro_ros_arduino/src/action_msgs/msg/detail) by extension 'colcon_meta'
[0.253s] Level 1:colcon.colcon_core.package_identification:_identify(src/movement/PID_codes/ros_library/micro_ros_arduino/src/action_msgs/msg/detail) by extensions ['ros']
[0.253s] Level 1:colcon.colcon_core.package_identification:_identify(src/movement/PID_codes/ros_library/micro_ros_arduino/src/action_msgs/msg/detail) by extension 'ros'
[0.253s] Level 1:colcon.colcon_core.package_identification:_identify(src/movement/PID_codes/ros_library/micro_ros_arduino/src/action_msgs/msg/detail) by extensions ['cmake', 'python']
[0.253s] Level 1:colcon.colcon_core.package_identification:_identify(src/movement/PID_codes/ros_library/micro_ros_arduino/src/action_msgs/msg/detail) by extension 'cmake'
[0.253s] Level 1:colcon.colcon_core.package_identification:_identify(src/movement/PID_codes/ros_library/micro_ros_arduino/src/action_msgs/msg/detail) by extension 'python'
[0.253s] Level 1:colcon.colcon_core.package_identification:_identify(src/movement/PID_codes/ros_library/micro_ros_arduino/src/action_msgs/msg/detail) by extensions ['python_setup_py']
[0.253s] Level 1:colcon.colcon_core.package_identification:_identify(src/movement/PID_codes/ros_library/micro_ros_arduino/src/action_msgs/msg/detail) by extension 'python_setup_py'
[0.253s] Level 1:colcon.colcon_core.package_identification:_identify(src/movement/PID_codes/ros_library/micro_ros_arduino/src/action_msgs/msg/detail/microxrcedds) by extensions ['ignore', 'ignore_ament_install']
[0.254s] Level 1:colcon.colcon_core.package_identification:_identify(src/movement/PID_codes/ros_library/micro_ros_arduino/src/action_msgs/msg/detail/microxrcedds) by extension 'ignore'
[0.254s] Level 1:colcon.colcon_core.package_identification:_identify(src/movement/PID_codes/ros_library/micro_ros_arduino/src/action_msgs/msg/detail/microxrcedds) by extension 'ignore_ament_install'
[0.254s] Level 1:colcon.colcon_core.package_identification:_identify(src/movement/PID_codes/ros_library/micro_ros_arduino/src/action_msgs/msg/detail/microxrcedds) by extensions ['colcon_pkg']
[0.254s] Level 1:colcon.colcon_core.package_identification:_identify(src/movement/PID_codes/ros_library/micro_ros_arduino/src/action_msgs/msg/detail/microxrcedds) by extension 'colcon_pkg'
[0.254s] Level 1:colcon.colcon_core.package_identification:_identify(src/movement/PID_codes/ros_library/micro_ros_arduino/src/action_msgs/msg/detail/microxrcedds) by extensions ['colcon_meta']
[0.254s] Level 1:colcon.colcon_core.package_identification:_identify(src/movement/PID_codes/ros_library/micro_ros_arduino/src/action_msgs/msg/detail/microxrcedds) by extension 'colcon_meta'
[0.254s] Level 1:colcon.colcon_core.package_identification:_identify(src/movement/PID_codes/ros_library/micro_ros_arduino/src/action_msgs/msg/detail/microxrcedds) by extensions ['ros']
[0.254s] Level 1:colcon.colcon_core.package_identification:_identify(src/movement/PID_codes/ros_library/micro_ros_arduino/src/action_msgs/msg/detail/microxrcedds) by extension 'ros'
[0.254s] Level 1:colcon.colcon_core.package_identification:_identify(src/movement/PID_codes/ros_library/micro_ros_arduino/src/action_msgs/msg/detail/microxrcedds) by extensions ['cmake', 'python']
[0.254s] Level 1:colcon.colcon_core.package_identification:_identify(src/movement/PID_codes/ros_library/micro_ros_arduino/src/action_msgs/msg/detail/microxrcedds) by extension 'cmake'
[0.254s] Level 1:colcon.colcon_core.package_identification:_identify(src/movement/PID_codes/ros_library/micro_ros_arduino/src/action_msgs/msg/detail/microxrcedds) by extension 'python'
[0.254s] Level 1:colcon.colcon_core.package_identification:_identify(src/movement/PID_codes/ros_library/micro_ros_arduino/src/action_msgs/msg/detail/microxrcedds) by extensions ['python_setup_py']
[0.254s] Level 1:colcon.colcon_core.package_identification:_identify(src/movement/PID_codes/ros_library/micro_ros_arduino/src/action_msgs/msg/detail/microxrcedds) by extension 'python_setup_py'
[0.254s] Level 1:colcon.colcon_core.package_identification:_identify(src/movement/PID_codes/ros_library/micro_ros_arduino/src/action_msgs/srv) by extensions ['ignore', 'ignore_ament_install']
[0.254s] Level 1:colcon.colcon_core.package_identification:_identify(src/movement/PID_codes/ros_library/micro_ros_arduino/src/action_msgs/srv) by extension 'ignore'
[0.254s] Level 1:colcon.colcon_core.package_identification:_identify(src/movement/PID_codes/ros_library/micro_ros_arduino/src/action_msgs/srv) by extension 'ignore_ament_install'
[0.254s] Level 1:colcon.colcon_core.package_identification:_identify(src/movement/PID_codes/ros_library/micro_ros_arduino/src/action_msgs/srv) by extensions ['colcon_pkg']
[0.254s] Level 1:colcon.colcon_core.package_identification:_identify(src/movement/PID_codes/ros_library/micro_ros_arduino/src/action_msgs/srv) by extension 'colcon_pkg'
[0.254s] Level 1:colcon.colcon_core.package_identification:_identify(src/movement/PID_codes/ros_library/micro_ros_arduino/src/action_msgs/srv) by extensions ['colcon_meta']
[0.254s] Level 1:colcon.colcon_core.package_identification:_identify(src/movement/PID_codes/ros_library/micro_ros_arduino/src/action_msgs/srv) by extension 'colcon_meta'
[0.254s] Level 1:colcon.colcon_core.package_identification:_identify(src/movement/PID_codes/ros_library/micro_ros_arduino/src/action_msgs/srv) by extensions ['ros']
[0.254s] Level 1:colcon.colcon_core.package_identification:_identify(src/movement/PID_codes/ros_library/micro_ros_arduino/src/action_msgs/srv) by extension 'ros'
[0.254s] Level 1:colcon.colcon_core.package_identification:_identify(src/movement/PID_codes/ros_library/micro_ros_arduino/src/action_msgs/srv) by extensions ['cmake', 'python']
[0.254s] Level 1:colcon.colcon_core.package_identification:_identify(src/movement/PID_codes/ros_library/micro_ros_arduino/src/action_msgs/srv) by extension 'cmake'
[0.254s] Level 1:colcon.colcon_core.package_identification:_identify(src/movement/PID_codes/ros_library/micro_ros_arduino/src/action_msgs/srv) by extension 'python'
[0.254s] Level 1:colcon.colcon_core.package_identification:_identify(src/movement/PID_codes/ros_library/micro_ros_arduino/src/action_msgs/srv) by extensions ['python_setup_py']
[0.254s] Level 1:colcon.colcon_core.package_identification:_identify(src/movement/PID_codes/ros_library/micro_ros_arduino/src/action_msgs/srv) by extension 'python_setup_py'
[0.254s] Level 1:colcon.colcon_core.package_identification:_identify(src/movement/PID_codes/ros_library/micro_ros_arduino/src/action_msgs/srv/detail) by extensions ['ignore', 'ignore_ament_install']
[0.254s] Level 1:colcon.colcon_core.package_identification:_identify(src/movement/PID_codes/ros_library/micro_ros_arduino/src/action_msgs/srv/detail) by extension 'ignore'
[0.254s] Level 1:colcon.colcon_core.package_identification:_identify(src/movement/PID_codes/ros_library/micro_ros_arduino/src/action_msgs/srv/detail) by extension 'ignore_ament_install'
[0.254s] Level 1:colcon.colcon_core.package_identification:_identify(src/movement/PID_codes/ros_library/micro_ros_arduino/src/action_msgs/srv/detail) by extensions ['colcon_pkg']
[0.254s] Level 1:colcon.colcon_core.package_identification:_identify(src/movement/PID_codes/ros_library/micro_ros_arduino/src/action_msgs/srv/detail) by extension 'colcon_pkg'
[0.254s] Level 1:colcon.colcon_core.package_identification:_identify(src/movement/PID_codes/ros_library/micro_ros_arduino/src/action_msgs/srv/detail) by extensions ['colcon_meta']
[0.254s] Level 1:colcon.colcon_core.package_identification:_identify(src/movement/PID_codes/ros_library/micro_ros_arduino/src/action_msgs/srv/detail) by extension 'colcon_meta'
[0.255s] Level 1:colcon.colcon_core.package_identification:_identify(src/movement/PID_codes/ros_library/micro_ros_arduino/src/action_msgs/srv/detail) by extensions ['ros']
[0.255s] Level 1:colcon.colcon_core.package_identification:_identify(src/movement/PID_codes/ros_library/micro_ros_arduino/src/action_msgs/srv/detail) by extension 'ros'
[0.255s] Level 1:colcon.colcon_core.package_identification:_identify(src/movement/PID_codes/ros_library/micro_ros_arduino/src/action_msgs/srv/detail) by extensions ['cmake', 'python']
[0.255s] Level 1:colcon.colcon_core.package_identification:_identify(src/movement/PID_codes/ros_library/micro_ros_arduino/src/action_msgs/srv/detail) by extension 'cmake'
[0.255s] Level 1:colcon.colcon_core.package_identification:_identify(src/movement/PID_codes/ros_library/micro_ros_arduino/src/action_msgs/srv/detail) by extension 'python'
[0.255s] Level 1:colcon.colcon_core.package_identification:_identify(src/movement/PID_codes/ros_library/micro_ros_arduino/src/action_msgs/srv/detail) by extensions ['python_setup_py']
[0.255s] Level 1:colcon.colcon_core.package_identification:_identify(src/movement/PID_codes/ros_library/micro_ros_arduino/src/action_msgs/srv/detail) by extension 'python_setup_py'
[0.255s] Level 1:colcon.colcon_core.package_identification:_identify(src/movement/PID_codes/ros_library/micro_ros_arduino/src/action_msgs/srv/detail/microxrcedds) by extensions ['ignore', 'ignore_ament_install']
[0.255s] Level 1:colcon.colcon_core.package_identification:_identify(src/movement/PID_codes/ros_library/micro_ros_arduino/src/action_msgs/srv/detail/microxrcedds) by extension 'ignore'
[0.255s] Level 1:colcon.colcon_core.package_identification:_identify(src/movement/PID_codes/ros_library/micro_ros_arduino/src/action_msgs/srv/detail/microxrcedds) by extension 'ignore_ament_install'
[0.255s] Level 1:colcon.colcon_core.package_identification:_identify(src/movement/PID_codes/ros_library/micro_ros_arduino/src/action_msgs/srv/detail/microxrcedds) by extensions ['colcon_pkg']
[0.255s] Level 1:colcon.colcon_core.package_identification:_identify(src/movement/PID_codes/ros_library/micro_ros_arduino/src/action_msgs/srv/detail/microxrcedds) by extension 'colcon_pkg'
[0.255s] Level 1:colcon.colcon_core.package_identification:_identify(src/movement/PID_codes/ros_library/micro_ros_arduino/src/action_msgs/srv/detail/microxrcedds) by extensions ['colcon_meta']
[0.255s] Level 1:colcon.colcon_core.package_identification:_identify(src/movement/PID_codes/ros_library/micro_ros_arduino/src/action_msgs/srv/detail/microxrcedds) by extension 'colcon_meta'
[0.255s] Level 1:colcon.colcon_core.package_identification:_identify(src/movement/PID_codes/ros_library/micro_ros_arduino/src/action_msgs/srv/detail/microxrcedds) by extensions ['ros']
[0.255s] Level 1:colcon.colcon_core.package_identification:_identify(src/movement/PID_codes/ros_library/micro_ros_arduino/src/action_msgs/srv/detail/microxrcedds) by extension 'ros'
[0.255s] Level 1:colcon.colcon_core.package_identification:_identify(src/movement/PID_codes/ros_library/micro_ros_arduino/src/action_msgs/srv/detail/microxrcedds) by extensions ['cmake', 'python']
[0.255s] Level 1:colcon.colcon_core.package_identification:_identify(src/movement/PID_codes/ros_library/micro_ros_arduino/src/action_msgs/srv/detail/microxrcedds) by extension 'cmake'
[0.255s] Level 1:colcon.colcon_core.package_identification:_identify(src/movement/PID_codes/ros_library/micro_ros_arduino/src/action_msgs/srv/detail/microxrcedds) by extension 'python'
[0.255s] Level 1:colcon.colcon_core.package_identification:_identify(src/movement/PID_codes/ros_library/micro_ros_arduino/src/action_msgs/srv/detail/microxrcedds) by extensions ['python_setup_py']
[0.255s] Level 1:colcon.colcon_core.package_identification:_identify(src/movement/PID_codes/ros_library/micro_ros_arduino/src/action_msgs/srv/detail/microxrcedds) by extension 'python_setup_py'
[0.255s] Level 1:colcon.colcon_core.package_identification:_identify(src/movement/PID_codes/ros_library/micro_ros_arduino/src/actionlib_msgs) by extensions ['ignore', 'ignore_ament_install']
[0.255s] Level 1:colcon.colcon_core.package_identification:_identify(src/movement/PID_codes/ros_library/micro_ros_arduino/src/actionlib_msgs) by extension 'ignore'
[0.255s] Level 1:colcon.colcon_core.package_identification:_identify(src/movement/PID_codes/ros_library/micro_ros_arduino/src/actionlib_msgs) by extension 'ignore_ament_install'
[0.255s] Level 1:colcon.colcon_core.package_identification:_identify(src/movement/PID_codes/ros_library/micro_ros_arduino/src/actionlib_msgs) by extensions ['colcon_pkg']
[0.255s] Level 1:colcon.colcon_core.package_identification:_identify(src/movement/PID_codes/ros_library/micro_ros_arduino/src/actionlib_msgs) by extension 'colcon_pkg'
[0.255s] Level 1:colcon.colcon_core.package_identification:_identify(src/movement/PID_codes/ros_library/micro_ros_arduino/src/actionlib_msgs) by extensions ['colcon_meta']
[0.255s] Level 1:colcon.colcon_core.package_identification:_identify(src/movement/PID_codes/ros_library/micro_ros_arduino/src/actionlib_msgs) by extension 'colcon_meta'
[0.255s] Level 1:colcon.colcon_core.package_identification:_identify(src/movement/PID_codes/ros_library/micro_ros_arduino/src/actionlib_msgs) by extensions ['ros']
[0.255s] Level 1:colcon.colcon_core.package_identification:_identify(src/movement/PID_codes/ros_library/micro_ros_arduino/src/actionlib_msgs) by extension 'ros'
[0.255s] Level 1:colcon.colcon_core.package_identification:_identify(src/movement/PID_codes/ros_library/micro_ros_arduino/src/actionlib_msgs) by extensions ['cmake', 'python']
[0.255s] Level 1:colcon.colcon_core.package_identification:_identify(src/movement/PID_codes/ros_library/micro_ros_arduino/src/actionlib_msgs) by extension 'cmake'
[0.255s] Level 1:colcon.colcon_core.package_identification:_identify(src/movement/PID_codes/ros_library/micro_ros_arduino/src/actionlib_msgs) by extension 'python'
[0.255s] Level 1:colcon.colcon_core.package_identification:_identify(src/movement/PID_codes/ros_library/micro_ros_arduino/src/actionlib_msgs) by extensions ['python_setup_py']
[0.255s] Level 1:colcon.colcon_core.package_identification:_identify(src/movement/PID_codes/ros_library/micro_ros_arduino/src/actionlib_msgs) by extension 'python_setup_py'
[0.256s] Level 1:colcon.colcon_core.package_identification:_identify(src/movement/PID_codes/ros_library/micro_ros_arduino/src/actionlib_msgs/msg) by extensions ['ignore', 'ignore_ament_install']
[0.256s] Level 1:colcon.colcon_core.package_identification:_identify(src/movement/PID_codes/ros_library/micro_ros_arduino/src/actionlib_msgs/msg) by extension 'ignore'
[0.256s] Level 1:colcon.colcon_core.package_identification:_identify(src/movement/PID_codes/ros_library/micro_ros_arduino/src/actionlib_msgs/msg) by extension 'ignore_ament_install'
[0.256s] Level 1:colcon.colcon_core.package_identification:_identify(src/movement/PID_codes/ros_library/micro_ros_arduino/src/actionlib_msgs/msg) by extensions ['colcon_pkg']
[0.256s] Level 1:colcon.colcon_core.package_identification:_identify(src/movement/PID_codes/ros_library/micro_ros_arduino/src/actionlib_msgs/msg) by extension 'colcon_pkg'
[0.256s] Level 1:colcon.colcon_core.package_identification:_identify(src/movement/PID_codes/ros_library/micro_ros_arduino/src/actionlib_msgs/msg) by extensions ['colcon_meta']
[0.256s] Level 1:colcon.colcon_core.package_identification:_identify(src/movement/PID_codes/ros_library/micro_ros_arduino/src/actionlib_msgs/msg) by extension 'colcon_meta'
[0.256s] Level 1:colcon.colcon_core.package_identification:_identify(src/movement/PID_codes/ros_library/micro_ros_arduino/src/actionlib_msgs/msg) by extensions ['ros']
[0.256s] Level 1:colcon.colcon_core.package_identification:_identify(src/movement/PID_codes/ros_library/micro_ros_arduino/src/actionlib_msgs/msg) by extension 'ros'
[0.256s] Level 1:colcon.colcon_core.package_identification:_identify(src/movement/PID_codes/ros_library/micro_ros_arduino/src/actionlib_msgs/msg) by extensions ['cmake', 'python']
[0.256s] Level 1:colcon.colcon_core.package_identification:_identify(src/movement/PID_codes/ros_library/micro_ros_arduino/src/actionlib_msgs/msg) by extension 'cmake'
[0.256s] Level 1:colcon.colcon_core.package_identification:_identify(src/movement/PID_codes/ros_library/micro_ros_arduino/src/actionlib_msgs/msg) by extension 'python'
[0.256s] Level 1:colcon.colcon_core.package_identification:_identify(src/movement/PID_codes/ros_library/micro_ros_arduino/src/actionlib_msgs/msg) by extensions ['python_setup_py']
[0.256s] Level 1:colcon.colcon_core.package_identification:_identify(src/movement/PID_codes/ros_library/micro_ros_arduino/src/actionlib_msgs/msg) by extension 'python_setup_py'
[0.256s] Level 1:colcon.colcon_core.package_identification:_identify(src/movement/PID_codes/ros_library/micro_ros_arduino/src/actionlib_msgs/msg/detail) by extensions ['ignore', 'ignore_ament_install']
[0.256s] Level 1:colcon.colcon_core.package_identification:_identify(src/movement/PID_codes/ros_library/micro_ros_arduino/src/actionlib_msgs/msg/detail) by extension 'ignore'
[0.256s] Level 1:colcon.colcon_core.package_identification:_identify(src/movement/PID_codes/ros_library/micro_ros_arduino/src/actionlib_msgs/msg/detail) by extension 'ignore_ament_install'
[0.256s] Level 1:colcon.colcon_core.package_identification:_identify(src/movement/PID_codes/ros_library/micro_ros_arduino/src/actionlib_msgs/msg/detail) by extensions ['colcon_pkg']
[0.256s] Level 1:colcon.colcon_core.package_identification:_identify(src/movement/PID_codes/ros_library/micro_ros_arduino/src/actionlib_msgs/msg/detail) by extension 'colcon_pkg'
[0.256s] Level 1:colcon.colcon_core.package_identification:_identify(src/movement/PID_codes/ros_library/micro_ros_arduino/src/actionlib_msgs/msg/detail) by extensions ['colcon_meta']
[0.256s] Level 1:colcon.colcon_core.package_identification:_identify(src/movement/PID_codes/ros_library/micro_ros_arduino/src/actionlib_msgs/msg/detail) by extension 'colcon_meta'
[0.256s] Level 1:colcon.colcon_core.package_identification:_identify(src/movement/PID_codes/ros_library/micro_ros_arduino/src/actionlib_msgs/msg/detail) by extensions ['ros']
[0.256s] Level 1:colcon.colcon_core.package_identification:_identify(src/movement/PID_codes/ros_library/micro_ros_arduino/src/actionlib_msgs/msg/detail) by extension 'ros'
[0.256s] Level 1:colcon.colcon_core.package_identification:_identify(src/movement/PID_codes/ros_library/micro_ros_arduino/src/actionlib_msgs/msg/detail) by extensions ['cmake', 'python']
[0.256s] Level 1:colcon.colcon_core.package_identification:_identify(src/movement/PID_codes/ros_library/micro_ros_arduino/src/actionlib_msgs/msg/detail) by extension 'cmake'
[0.256s] Level 1:colcon.colcon_core.package_identification:_identify(src/movement/PID_codes/ros_library/micro_ros_arduino/src/actionlib_msgs/msg/detail) by extension 'python'
[0.256s] Level 1:colcon.colcon_core.package_identification:_identify(src/movement/PID_codes/ros_library/micro_ros_arduino/src/actionlib_msgs/msg/detail) by extensions ['python_setup_py']
[0.256s] Level 1:colcon.colcon_core.package_identification:_identify(src/movement/PID_codes/ros_library/micro_ros_arduino/src/actionlib_msgs/msg/detail) by extension 'python_setup_py'
[0.256s] Level 1:colcon.colcon_core.package_identification:_identify(src/movement/PID_codes/ros_library/micro_ros_arduino/src/actionlib_msgs/msg/detail/microxrcedds) by extensions ['ignore', 'ignore_ament_install']
[0.256s] Level 1:colcon.colcon_core.package_identification:_identify(src/movement/PID_codes/ros_library/micro_ros_arduino/src/actionlib_msgs/msg/detail/microxrcedds) by extension 'ignore'
[0.256s] Level 1:colcon.colcon_core.package_identification:_identify(src/movement/PID_codes/ros_library/micro_ros_arduino/src/actionlib_msgs/msg/detail/microxrcedds) by extension 'ignore_ament_install'
[0.256s] Level 1:colcon.colcon_core.package_identification:_identify(src/movement/PID_codes/ros_library/micro_ros_arduino/src/actionlib_msgs/msg/detail/microxrcedds) by extensions ['colcon_pkg']
[0.256s] Level 1:colcon.colcon_core.package_identification:_identify(src/movement/PID_codes/ros_library/micro_ros_arduino/src/actionlib_msgs/msg/detail/microxrcedds) by extension 'colcon_pkg'
[0.256s] Level 1:colcon.colcon_core.package_identification:_identify(src/movement/PID_codes/ros_library/micro_ros_arduino/src/actionlib_msgs/msg/detail/microxrcedds) by extensions ['colcon_meta']
[0.256s] Level 1:colcon.colcon_core.package_identification:_identify(src/movement/PID_codes/ros_library/micro_ros_arduino/src/actionlib_msgs/msg/detail/microxrcedds) by extension 'colcon_meta'
[0.257s] Level 1:colcon.colcon_core.package_identification:_identify(src/movement/PID_codes/ros_library/micro_ros_arduino/src/actionlib_msgs/msg/detail/microxrcedds) by extensions ['ros']
[0.257s] Level 1:colcon.colcon_core.package_identification:_identify(src/movement/PID_codes/ros_library/micro_ros_arduino/src/actionlib_msgs/msg/detail/microxrcedds) by extension 'ros'
[0.257s] Level 1:colcon.colcon_core.package_identification:_identify(src/movement/PID_codes/ros_library/micro_ros_arduino/src/actionlib_msgs/msg/detail/microxrcedds) by extensions ['cmake', 'python']
[0.257s] Level 1:colcon.colcon_core.package_identification:_identify(src/movement/PID_codes/ros_library/micro_ros_arduino/src/actionlib_msgs/msg/detail/microxrcedds) by extension 'cmake'
[0.257s] Level 1:colcon.colcon_core.package_identification:_identify(src/movement/PID_codes/ros_library/micro_ros_arduino/src/actionlib_msgs/msg/detail/microxrcedds) by extension 'python'
[0.257s] Level 1:colcon.colcon_core.package_identification:_identify(src/movement/PID_codes/ros_library/micro_ros_arduino/src/actionlib_msgs/msg/detail/microxrcedds) by extensions ['python_setup_py']
[0.257s] Level 1:colcon.colcon_core.package_identification:_identify(src/movement/PID_codes/ros_library/micro_ros_arduino/src/actionlib_msgs/msg/detail/microxrcedds) by extension 'python_setup_py'
[0.257s] Level 1:colcon.colcon_core.package_identification:_identify(src/movement/PID_codes/ros_library/micro_ros_arduino/src/builtin_interfaces) by extensions ['ignore', 'ignore_ament_install']
[0.257s] Level 1:colcon.colcon_core.package_identification:_identify(src/movement/PID_codes/ros_library/micro_ros_arduino/src/builtin_interfaces) by extension 'ignore'
[0.257s] Level 1:colcon.colcon_core.package_identification:_identify(src/movement/PID_codes/ros_library/micro_ros_arduino/src/builtin_interfaces) by extension 'ignore_ament_install'
[0.257s] Level 1:colcon.colcon_core.package_identification:_identify(src/movement/PID_codes/ros_library/micro_ros_arduino/src/builtin_interfaces) by extensions ['colcon_pkg']
[0.257s] Level 1:colcon.colcon_core.package_identification:_identify(src/movement/PID_codes/ros_library/micro_ros_arduino/src/builtin_interfaces) by extension 'colcon_pkg'
[0.257s] Level 1:colcon.colcon_core.package_identification:_identify(src/movement/PID_codes/ros_library/micro_ros_arduino/src/builtin_interfaces) by extensions ['colcon_meta']
[0.257s] Level 1:colcon.colcon_core.package_identification:_identify(src/movement/PID_codes/ros_library/micro_ros_arduino/src/builtin_interfaces) by extension 'colcon_meta'
[0.257s] Level 1:colcon.colcon_core.package_identification:_identify(src/movement/PID_codes/ros_library/micro_ros_arduino/src/builtin_interfaces) by extensions ['ros']
[0.257s] Level 1:colcon.colcon_core.package_identification:_identify(src/movement/PID_codes/ros_library/micro_ros_arduino/src/builtin_interfaces) by extension 'ros'
[0.257s] Level 1:colcon.colcon_core.package_identification:_identify(src/movement/PID_codes/ros_library/micro_ros_arduino/src/builtin_interfaces) by extensions ['cmake', 'python']
[0.257s] Level 1:colcon.colcon_core.package_identification:_identify(src/movement/PID_codes/ros_library/micro_ros_arduino/src/builtin_interfaces) by extension 'cmake'
[0.257s] Level 1:colcon.colcon_core.package_identification:_identify(src/movement/PID_codes/ros_library/micro_ros_arduino/src/builtin_interfaces) by extension 'python'
[0.257s] Level 1:colcon.colcon_core.package_identification:_identify(src/movement/PID_codes/ros_library/micro_ros_arduino/src/builtin_interfaces) by extensions ['python_setup_py']
[0.257s] Level 1:colcon.colcon_core.package_identification:_identify(src/movement/PID_codes/ros_library/micro_ros_arduino/src/builtin_interfaces) by extension 'python_setup_py'
[0.257s] Level 1:colcon.colcon_core.package_identification:_identify(src/movement/PID_codes/ros_library/micro_ros_arduino/src/builtin_interfaces/msg) by extensions ['ignore', 'ignore_ament_install']
[0.257s] Level 1:colcon.colcon_core.package_identification:_identify(src/movement/PID_codes/ros_library/micro_ros_arduino/src/builtin_interfaces/msg) by extension 'ignore'
[0.257s] Level 1:colcon.colcon_core.package_identification:_identify(src/movement/PID_codes/ros_library/micro_ros_arduino/src/builtin_interfaces/msg) by extension 'ignore_ament_install'
[0.257s] Level 1:colcon.colcon_core.package_identification:_identify(src/movement/PID_codes/ros_library/micro_ros_arduino/src/builtin_interfaces/msg) by extensions ['colcon_pkg']
[0.257s] Level 1:colcon.colcon_core.package_identification:_identify(src/movement/PID_codes/ros_library/micro_ros_arduino/src/builtin_interfaces/msg) by extension 'colcon_pkg'
[0.257s] Level 1:colcon.colcon_core.package_identification:_identify(src/movement/PID_codes/ros_library/micro_ros_arduino/src/builtin_interfaces/msg) by extensions ['colcon_meta']
[0.257s] Level 1:colcon.colcon_core.package_identification:_identify(src/movement/PID_codes/ros_library/micro_ros_arduino/src/builtin_interfaces/msg) by extension 'colcon_meta'
[0.257s] Level 1:colcon.colcon_core.package_identification:_identify(src/movement/PID_codes/ros_library/micro_ros_arduino/src/builtin_interfaces/msg) by extensions ['ros']
[0.257s] Level 1:colcon.colcon_core.package_identification:_identify(src/movement/PID_codes/ros_library/micro_ros_arduino/src/builtin_interfaces/msg) by extension 'ros'
[0.257s] Level 1:colcon.colcon_core.package_identification:_identify(src/movement/PID_codes/ros_library/micro_ros_arduino/src/builtin_interfaces/msg) by extensions ['cmake', 'python']
[0.258s] Level 1:colcon.colcon_core.package_identification:_identify(src/movement/PID_codes/ros_library/micro_ros_arduino/src/builtin_interfaces/msg) by extension 'cmake'
[0.258s] Level 1:colcon.colcon_core.package_identification:_identify(src/movement/PID_codes/ros_library/micro_ros_arduino/src/builtin_interfaces/msg) by extension 'python'
[0.258s] Level 1:colcon.colcon_core.package_identification:_identify(src/movement/PID_codes/ros_library/micro_ros_arduino/src/builtin_interfaces/msg) by extensions ['python_setup_py']
[0.258s] Level 1:colcon.colcon_core.package_identification:_identify(src/movement/PID_codes/ros_library/micro_ros_arduino/src/builtin_interfaces/msg) by extension 'python_setup_py'
[0.258s] Level 1:colcon.colcon_core.package_identification:_identify(src/movement/PID_codes/ros_library/micro_ros_arduino/src/builtin_interfaces/msg/detail) by extensions ['ignore', 'ignore_ament_install']
[0.258s] Level 1:colcon.colcon_core.package_identification:_identify(src/movement/PID_codes/ros_library/micro_ros_arduino/src/builtin_interfaces/msg/detail) by extension 'ignore'
[0.258s] Level 1:colcon.colcon_core.package_identification:_identify(src/movement/PID_codes/ros_library/micro_ros_arduino/src/builtin_interfaces/msg/detail) by extension 'ignore_ament_install'
[0.258s] Level 1:colcon.colcon_core.package_identification:_identify(src/movement/PID_codes/ros_library/micro_ros_arduino/src/builtin_interfaces/msg/detail) by extensions ['colcon_pkg']
[0.258s] Level 1:colcon.colcon_core.package_identification:_identify(src/movement/PID_codes/ros_library/micro_ros_arduino/src/builtin_interfaces/msg/detail) by extension 'colcon_pkg'
[0.258s] Level 1:colcon.colcon_core.package_identification:_identify(src/movement/PID_codes/ros_library/micro_ros_arduino/src/builtin_interfaces/msg/detail) by extensions ['colcon_meta']
[0.258s] Level 1:colcon.colcon_core.package_identification:_identify(src/movement/PID_codes/ros_library/micro_ros_arduino/src/builtin_interfaces/msg/detail) by extension 'colcon_meta'
[0.258s] Level 1:colcon.colcon_core.package_identification:_identify(src/movement/PID_codes/ros_library/micro_ros_arduino/src/builtin_interfaces/msg/detail) by extensions ['ros']
[0.258s] Level 1:colcon.colcon_core.package_identification:_identify(src/movement/PID_codes/ros_library/micro_ros_arduino/src/builtin_interfaces/msg/detail) by extension 'ros'
[0.258s] Level 1:colcon.colcon_core.package_identification:_identify(src/movement/PID_codes/ros_library/micro_ros_arduino/src/builtin_interfaces/msg/detail) by extensions ['cmake', 'python']
[0.258s] Level 1:colcon.colcon_core.package_identification:_identify(src/movement/PID_codes/ros_library/micro_ros_arduino/src/builtin_interfaces/msg/detail) by extension 'cmake'
[0.258s] Level 1:colcon.colcon_core.package_identification:_identify(src/movement/PID_codes/ros_library/micro_ros_arduino/src/builtin_interfaces/msg/detail) by extension 'python'
[0.258s] Level 1:colcon.colcon_core.package_identification:_identify(src/movement/PID_codes/ros_library/micro_ros_arduino/src/builtin_interfaces/msg/detail) by extensions ['python_setup_py']
[0.258s] Level 1:colcon.colcon_core.package_identification:_identify(src/movement/PID_codes/ros_library/micro_ros_arduino/src/builtin_interfaces/msg/detail) by extension 'python_setup_py'
[0.258s] Level 1:colcon.colcon_core.package_identification:_identify(src/movement/PID_codes/ros_library/micro_ros_arduino/src/builtin_interfaces/msg/detail/microxrcedds) by extensions ['ignore', 'ignore_ament_install']
[0.258s] Level 1:colcon.colcon_core.package_identification:_identify(src/movement/PID_codes/ros_library/micro_ros_arduino/src/builtin_interfaces/msg/detail/microxrcedds) by extension 'ignore'
[0.258s] Level 1:colcon.colcon_core.package_identification:_identify(src/movement/PID_codes/ros_library/micro_ros_arduino/src/builtin_interfaces/msg/detail/microxrcedds) by extension 'ignore_ament_install'
[0.258s] Level 1:colcon.colcon_core.package_identification:_identify(src/movement/PID_codes/ros_library/micro_ros_arduino/src/builtin_interfaces/msg/detail/microxrcedds) by extensions ['colcon_pkg']
[0.258s] Level 1:colcon.colcon_core.package_identification:_identify(src/movement/PID_codes/ros_library/micro_ros_arduino/src/builtin_interfaces/msg/detail/microxrcedds) by extension 'colcon_pkg'
[0.258s] Level 1:colcon.colcon_core.package_identification:_identify(src/movement/PID_codes/ros_library/micro_ros_arduino/src/builtin_interfaces/msg/detail/microxrcedds) by extensions ['colcon_meta']
[0.258s] Level 1:colcon.colcon_core.package_identification:_identify(src/movement/PID_codes/ros_library/micro_ros_arduino/src/builtin_interfaces/msg/detail/microxrcedds) by extension 'colcon_meta'
[0.258s] Level 1:colcon.colcon_core.package_identification:_identify(src/movement/PID_codes/ros_library/micro_ros_arduino/src/builtin_interfaces/msg/detail/microxrcedds) by extensions ['ros']
[0.258s] Level 1:colcon.colcon_core.package_identification:_identify(src/movement/PID_codes/ros_library/micro_ros_arduino/src/builtin_interfaces/msg/detail/microxrcedds) by extension 'ros'
[0.259s] Level 1:colcon.colcon_core.package_identification:_identify(src/movement/PID_codes/ros_library/micro_ros_arduino/src/builtin_interfaces/msg/detail/microxrcedds) by extensions ['cmake', 'python']
[0.259s] Level 1:colcon.colcon_core.package_identification:_identify(src/movement/PID_codes/ros_library/micro_ros_arduino/src/builtin_interfaces/msg/detail/microxrcedds) by extension 'cmake'
[0.259s] Level 1:colcon.colcon_core.package_identification:_identify(src/movement/PID_codes/ros_library/micro_ros_arduino/src/builtin_interfaces/msg/detail/microxrcedds) by extension 'python'
[0.259s] Level 1:colcon.colcon_core.package_identification:_identify(src/movement/PID_codes/ros_library/micro_ros_arduino/src/builtin_interfaces/msg/detail/microxrcedds) by extensions ['python_setup_py']
[0.259s] Level 1:colcon.colcon_core.package_identification:_identify(src/movement/PID_codes/ros_library/micro_ros_arduino/src/builtin_interfaces/msg/detail/microxrcedds) by extension 'python_setup_py'
[0.259s] Level 1:colcon.colcon_core.package_identification:_identify(src/movement/PID_codes/ros_library/micro_ros_arduino/src/common_interfaces) by extensions ['ignore', 'ignore_ament_install']
[0.259s] Level 1:colcon.colcon_core.package_identification:_identify(src/movement/PID_codes/ros_library/micro_ros_arduino/src/common_interfaces) by extension 'ignore'
[0.259s] Level 1:colcon.colcon_core.package_identification:_identify(src/movement/PID_codes/ros_library/micro_ros_arduino/src/common_interfaces) by extension 'ignore_ament_install'
[0.259s] Level 1:colcon.colcon_core.package_identification:_identify(src/movement/PID_codes/ros_library/micro_ros_arduino/src/common_interfaces) by extensions ['colcon_pkg']
[0.259s] Level 1:colcon.colcon_core.package_identification:_identify(src/movement/PID_codes/ros_library/micro_ros_arduino/src/common_interfaces) by extension 'colcon_pkg'
[0.259s] Level 1:colcon.colcon_core.package_identification:_identify(src/movement/PID_codes/ros_library/micro_ros_arduino/src/common_interfaces) by extensions ['colcon_meta']
[0.259s] Level 1:colcon.colcon_core.package_identification:_identify(src/movement/PID_codes/ros_library/micro_ros_arduino/src/common_interfaces) by extension 'colcon_meta'
[0.259s] Level 1:colcon.colcon_core.package_identification:_identify(src/movement/PID_codes/ros_library/micro_ros_arduino/src/common_interfaces) by extensions ['ros']
[0.259s] Level 1:colcon.colcon_core.package_identification:_identify(src/movement/PID_codes/ros_library/micro_ros_arduino/src/common_interfaces) by extension 'ros'
[0.259s] Level 1:colcon.colcon_core.package_identification:_identify(src/movement/PID_codes/ros_library/micro_ros_arduino/src/common_interfaces) by extensions ['cmake', 'python']
[0.259s] Level 1:colcon.colcon_core.package_identification:_identify(src/movement/PID_codes/ros_library/micro_ros_arduino/src/common_interfaces) by extension 'cmake'
[0.259s] Level 1:colcon.colcon_core.package_identification:_identify(src/movement/PID_codes/ros_library/micro_ros_arduino/src/common_interfaces) by extension 'python'
[0.259s] Level 1:colcon.colcon_core.package_identification:_identify(src/movement/PID_codes/ros_library/micro_ros_arduino/src/common_interfaces) by extensions ['python_setup_py']
[0.259s] Level 1:colcon.colcon_core.package_identification:_identify(src/movement/PID_codes/ros_library/micro_ros_arduino/src/common_interfaces) by extension 'python_setup_py'
[0.259s] Level 1:colcon.colcon_core.package_identification:_identify(src/movement/PID_codes/ros_library/micro_ros_arduino/src/composition_interfaces) by extensions ['ignore', 'ignore_ament_install']
[0.259s] Level 1:colcon.colcon_core.package_identification:_identify(src/movement/PID_codes/ros_library/micro_ros_arduino/src/composition_interfaces) by extension 'ignore'
[0.259s] Level 1:colcon.colcon_core.package_identification:_identify(src/movement/PID_codes/ros_library/micro_ros_arduino/src/composition_interfaces) by extension 'ignore_ament_install'
[0.259s] Level 1:colcon.colcon_core.package_identification:_identify(src/movement/PID_codes/ros_library/micro_ros_arduino/src/composition_interfaces) by extensions ['colcon_pkg']
[0.259s] Level 1:colcon.colcon_core.package_identification:_identify(src/movement/PID_codes/ros_library/micro_ros_arduino/src/composition_interfaces) by extension 'colcon_pkg'
[0.260s] Level 1:colcon.colcon_core.package_identification:_identify(src/movement/PID_codes/ros_library/micro_ros_arduino/src/composition_interfaces) by extensions ['colcon_meta']
[0.260s] Level 1:colcon.colcon_core.package_identification:_identify(src/movement/PID_codes/ros_library/micro_ros_arduino/src/composition_interfaces) by extension 'colcon_meta'
[0.260s] Level 1:colcon.colcon_core.package_identification:_identify(src/movement/PID_codes/ros_library/micro_ros_arduino/src/composition_interfaces) by extensions ['ros']
[0.260s] Level 1:colcon.colcon_core.package_identification:_identify(src/movement/PID_codes/ros_library/micro_ros_arduino/src/composition_interfaces) by extension 'ros'
[0.260s] Level 1:colcon.colcon_core.package_identification:_identify(src/movement/PID_codes/ros_library/micro_ros_arduino/src/composition_interfaces) by extensions ['cmake', 'python']
[0.260s] Level 1:colcon.colcon_core.package_identification:_identify(src/movement/PID_codes/ros_library/micro_ros_arduino/src/composition_interfaces) by extension 'cmake'
[0.260s] Level 1:colcon.colcon_core.package_identification:_identify(src/movement/PID_codes/ros_library/micro_ros_arduino/src/composition_interfaces) by extension 'python'
[0.260s] Level 1:colcon.colcon_core.package_identification:_identify(src/movement/PID_codes/ros_library/micro_ros_arduino/src/composition_interfaces) by extensions ['python_setup_py']
[0.260s] Level 1:colcon.colcon_core.package_identification:_identify(src/movement/PID_codes/ros_library/micro_ros_arduino/src/composition_interfaces) by extension 'python_setup_py'
[0.260s] Level 1:colcon.colcon_core.package_identification:_identify(src/movement/PID_codes/ros_library/micro_ros_arduino/src/composition_interfaces/srv) by extensions ['ignore', 'ignore_ament_install']
[0.260s] Level 1:colcon.colcon_core.package_identification:_identify(src/movement/PID_codes/ros_library/micro_ros_arduino/src/composition_interfaces/srv) by extension 'ignore'
[0.260s] Level 1:colcon.colcon_core.package_identification:_identify(src/movement/PID_codes/ros_library/micro_ros_arduino/src/composition_interfaces/srv) by extension 'ignore_ament_install'
[0.260s] Level 1:colcon.colcon_core.package_identification:_identify(src/movement/PID_codes/ros_library/micro_ros_arduino/src/composition_interfaces/srv) by extensions ['colcon_pkg']
[0.260s] Level 1:colcon.colcon_core.package_identification:_identify(src/movement/PID_codes/ros_library/micro_ros_arduino/src/composition_interfaces/srv) by extension 'colcon_pkg'
[0.260s] Level 1:colcon.colcon_core.package_identification:_identify(src/movement/PID_codes/ros_library/micro_ros_arduino/src/composition_interfaces/srv) by extensions ['colcon_meta']
[0.260s] Level 1:colcon.colcon_core.package_identification:_identify(src/movement/PID_codes/ros_library/micro_ros_arduino/src/composition_interfaces/srv) by extension 'colcon_meta'
[0.260s] Level 1:colcon.colcon_core.package_identification:_identify(src/movement/PID_codes/ros_library/micro_ros_arduino/src/composition_interfaces/srv) by extensions ['ros']
[0.260s] Level 1:colcon.colcon_core.package_identification:_identify(src/movement/PID_codes/ros_library/micro_ros_arduino/src/composition_interfaces/srv) by extension 'ros'
[0.260s] Level 1:colcon.colcon_core.package_identification:_identify(src/movement/PID_codes/ros_library/micro_ros_arduino/src/composition_interfaces/srv) by extensions ['cmake', 'python']
[0.260s] Level 1:colcon.colcon_core.package_identification:_identify(src/movement/PID_codes/ros_library/micro_ros_arduino/src/composition_interfaces/srv) by extension 'cmake'
[0.260s] Level 1:colcon.colcon_core.package_identification:_identify(src/movement/PID_codes/ros_library/micro_ros_arduino/src/composition_interfaces/srv) by extension 'python'
[0.260s] Level 1:colcon.colcon_core.package_identification:_identify(src/movement/PID_codes/ros_library/micro_ros_arduino/src/composition_interfaces/srv) by extensions ['python_setup_py']
[0.260s] Level 1:colcon.colcon_core.package_identification:_identify(src/movement/PID_codes/ros_library/micro_ros_arduino/src/composition_interfaces/srv) by extension 'python_setup_py'
[0.260s] Level 1:colcon.colcon_core.package_identification:_identify(src/movement/PID_codes/ros_library/micro_ros_arduino/src/composition_interfaces/srv/detail) by extensions ['ignore', 'ignore_ament_install']
[0.260s] Level 1:colcon.colcon_core.package_identification:_identify(src/movement/PID_codes/ros_library/micro_ros_arduino/src/composition_interfaces/srv/detail) by extension 'ignore'
[0.260s] Level 1:colcon.colcon_core.package_identification:_identify(src/movement/PID_codes/ros_library/micro_ros_arduino/src/composition_interfaces/srv/detail) by extension 'ignore_ament_install'
[0.260s] Level 1:colcon.colcon_core.package_identification:_identify(src/movement/PID_codes/ros_library/micro_ros_arduino/src/composition_interfaces/srv/detail) by extensions ['colcon_pkg']
[0.260s] Level 1:colcon.colcon_core.package_identification:_identify(src/movement/PID_codes/ros_library/micro_ros_arduino/src/composition_interfaces/srv/detail) by extension 'colcon_pkg'
[0.260s] Level 1:colcon.colcon_core.package_identification:_identify(src/movement/PID_codes/ros_library/micro_ros_arduino/src/composition_interfaces/srv/detail) by extensions ['colcon_meta']
[0.261s] Level 1:colcon.colcon_core.package_identification:_identify(src/movement/PID_codes/ros_library/micro_ros_arduino/src/composition_interfaces/srv/detail) by extension 'colcon_meta'
[0.261s] Level 1:colcon.colcon_core.package_identification:_identify(src/movement/PID_codes/ros_library/micro_ros_arduino/src/composition_interfaces/srv/detail) by extensions ['ros']
[0.261s] Level 1:colcon.colcon_core.package_identification:_identify(src/movement/PID_codes/ros_library/micro_ros_arduino/src/composition_interfaces/srv/detail) by extension 'ros'
[0.261s] Level 1:colcon.colcon_core.package_identification:_identify(src/movement/PID_codes/ros_library/micro_ros_arduino/src/composition_interfaces/srv/detail) by extensions ['cmake', 'python']
[0.261s] Level 1:colcon.colcon_core.package_identification:_identify(src/movement/PID_codes/ros_library/micro_ros_arduino/src/composition_interfaces/srv/detail) by extension 'cmake'
[0.261s] Level 1:colcon.colcon_core.package_identification:_identify(src/movement/PID_codes/ros_library/micro_ros_arduino/src/composition_interfaces/srv/detail) by extension 'python'
[0.261s] Level 1:colcon.colcon_core.package_identification:_identify(src/movement/PID_codes/ros_library/micro_ros_arduino/src/composition_interfaces/srv/detail) by extensions ['python_setup_py']
[0.261s] Level 1:colcon.colcon_core.package_identification:_identify(src/movement/PID_codes/ros_library/micro_ros_arduino/src/composition_interfaces/srv/detail) by extension 'python_setup_py'
[0.261s] Level 1:colcon.colcon_core.package_identification:_identify(src/movement/PID_codes/ros_library/micro_ros_arduino/src/composition_interfaces/srv/detail/microxrcedds) by extensions ['ignore', 'ignore_ament_install']
[0.261s] Level 1:colcon.colcon_core.package_identification:_identify(src/movement/PID_codes/ros_library/micro_ros_arduino/src/composition_interfaces/srv/detail/microxrcedds) by extension 'ignore'
[0.261s] Level 1:colcon.colcon_core.package_identification:_identify(src/movement/PID_codes/ros_library/micro_ros_arduino/src/composition_interfaces/srv/detail/microxrcedds) by extension 'ignore_ament_install'
[0.261s] Level 1:colcon.colcon_core.package_identification:_identify(src/movement/PID_codes/ros_library/micro_ros_arduino/src/composition_interfaces/srv/detail/microxrcedds) by extensions ['colcon_pkg']
[0.261s] Level 1:colcon.colcon_core.package_identification:_identify(src/movement/PID_codes/ros_library/micro_ros_arduino/src/composition_interfaces/srv/detail/microxrcedds) by extension 'colcon_pkg'
[0.261s] Level 1:colcon.colcon_core.package_identification:_identify(src/movement/PID_codes/ros_library/micro_ros_arduino/src/composition_interfaces/srv/detail/microxrcedds) by extensions ['colcon_meta']
[0.261s] Level 1:colcon.colcon_core.package_identification:_identify(src/movement/PID_codes/ros_library/micro_ros_arduino/src/composition_interfaces/srv/detail/microxrcedds) by extension 'colcon_meta'
[0.261s] Level 1:colcon.colcon_core.package_identification:_identify(src/movement/PID_codes/ros_library/micro_ros_arduino/src/composition_interfaces/srv/detail/microxrcedds) by extensions ['ros']
[0.261s] Level 1:colcon.colcon_core.package_identification:_identify(src/movement/PID_codes/ros_library/micro_ros_arduino/src/composition_interfaces/srv/detail/microxrcedds) by extension 'ros'
[0.261s] Level 1:colcon.colcon_core.package_identification:_identify(src/movement/PID_codes/ros_library/micro_ros_arduino/src/composition_interfaces/srv/detail/microxrcedds) by extensions ['cmake', 'python']
[0.261s] Level 1:colcon.colcon_core.package_identification:_identify(src/movement/PID_codes/ros_library/micro_ros_arduino/src/composition_interfaces/srv/detail/microxrcedds) by extension 'cmake'
[0.261s] Level 1:colcon.colcon_core.package_identification:_identify(src/movement/PID_codes/ros_library/micro_ros_arduino/src/composition_interfaces/srv/detail/microxrcedds) by extension 'python'
[0.261s] Level 1:colcon.colcon_core.package_identification:_identify(src/movement/PID_codes/ros_library/micro_ros_arduino/src/composition_interfaces/srv/detail/microxrcedds) by extensions ['python_setup_py']
[0.261s] Level 1:colcon.colcon_core.package_identification:_identify(src/movement/PID_codes/ros_library/micro_ros_arduino/src/composition_interfaces/srv/detail/microxrcedds) by extension 'python_setup_py'
[0.261s] Level 1:colcon.colcon_core.package_identification:_identify(src/movement/PID_codes/ros_library/micro_ros_arduino/src/control_msgs) by extensions ['ignore', 'ignore_ament_install']
[0.261s] Level 1:colcon.colcon_core.package_identification:_identify(src/movement/PID_codes/ros_library/micro_ros_arduino/src/control_msgs) by extension 'ignore'
[0.261s] Level 1:colcon.colcon_core.package_identification:_identify(src/movement/PID_codes/ros_library/micro_ros_arduino/src/control_msgs) by extension 'ignore_ament_install'
[0.261s] Level 1:colcon.colcon_core.package_identification:_identify(src/movement/PID_codes/ros_library/micro_ros_arduino/src/control_msgs) by extensions ['colcon_pkg']
[0.261s] Level 1:colcon.colcon_core.package_identification:_identify(src/movement/PID_codes/ros_library/micro_ros_arduino/src/control_msgs) by extension 'colcon_pkg'
[0.261s] Level 1:colcon.colcon_core.package_identification:_identify(src/movement/PID_codes/ros_library/micro_ros_arduino/src/control_msgs) by extensions ['colcon_meta']
[0.261s] Level 1:colcon.colcon_core.package_identification:_identify(src/movement/PID_codes/ros_library/micro_ros_arduino/src/control_msgs) by extension 'colcon_meta'
[0.261s] Level 1:colcon.colcon_core.package_identification:_identify(src/movement/PID_codes/ros_library/micro_ros_arduino/src/control_msgs) by extensions ['ros']
[0.261s] Level 1:colcon.colcon_core.package_identification:_identify(src/movement/PID_codes/ros_library/micro_ros_arduino/src/control_msgs) by extension 'ros'
[0.262s] Level 1:colcon.colcon_core.package_identification:_identify(src/movement/PID_codes/ros_library/micro_ros_arduino/src/control_msgs) by extensions ['cmake', 'python']
[0.262s] Level 1:colcon.colcon_core.package_identification:_identify(src/movement/PID_codes/ros_library/micro_ros_arduino/src/control_msgs) by extension 'cmake'
[0.262s] Level 1:colcon.colcon_core.package_identification:_identify(src/movement/PID_codes/ros_library/micro_ros_arduino/src/control_msgs) by extension 'python'
[0.262s] Level 1:colcon.colcon_core.package_identification:_identify(src/movement/PID_codes/ros_library/micro_ros_arduino/src/control_msgs) by extensions ['python_setup_py']
[0.262s] Level 1:colcon.colcon_core.package_identification:_identify(src/movement/PID_codes/ros_library/micro_ros_arduino/src/control_msgs) by extension 'python_setup_py'
[0.262s] Level 1:colcon.colcon_core.package_identification:_identify(src/movement/PID_codes/ros_library/micro_ros_arduino/src/control_msgs/action) by extensions ['ignore', 'ignore_ament_install']
[0.262s] Level 1:colcon.colcon_core.package_identification:_identify(src/movement/PID_codes/ros_library/micro_ros_arduino/src/control_msgs/action) by extension 'ignore'
[0.262s] Level 1:colcon.colcon_core.package_identification:_identify(src/movement/PID_codes/ros_library/micro_ros_arduino/src/control_msgs/action) by extension 'ignore_ament_install'
[0.262s] Level 1:colcon.colcon_core.package_identification:_identify(src/movement/PID_codes/ros_library/micro_ros_arduino/src/control_msgs/action) by extensions ['colcon_pkg']
[0.262s] Level 1:colcon.colcon_core.package_identification:_identify(src/movement/PID_codes/ros_library/micro_ros_arduino/src/control_msgs/action) by extension 'colcon_pkg'
[0.262s] Level 1:colcon.colcon_core.package_identification:_identify(src/movement/PID_codes/ros_library/micro_ros_arduino/src/control_msgs/action) by extensions ['colcon_meta']
[0.262s] Level 1:colcon.colcon_core.package_identification:_identify(src/movement/PID_codes/ros_library/micro_ros_arduino/src/control_msgs/action) by extension 'colcon_meta'
[0.262s] Level 1:colcon.colcon_core.package_identification:_identify(src/movement/PID_codes/ros_library/micro_ros_arduino/src/control_msgs/action) by extensions ['ros']
[0.262s] Level 1:colcon.colcon_core.package_identification:_identify(src/movement/PID_codes/ros_library/micro_ros_arduino/src/control_msgs/action) by extension 'ros'
[0.262s] Level 1:colcon.colcon_core.package_identification:_identify(src/movement/PID_codes/ros_library/micro_ros_arduino/src/control_msgs/action) by extensions ['cmake', 'python']
[0.262s] Level 1:colcon.colcon_core.package_identification:_identify(src/movement/PID_codes/ros_library/micro_ros_arduino/src/control_msgs/action) by extension 'cmake'
[0.262s] Level 1:colcon.colcon_core.package_identification:_identify(src/movement/PID_codes/ros_library/micro_ros_arduino/src/control_msgs/action) by extension 'python'
[0.262s] Level 1:colcon.colcon_core.package_identification:_identify(src/movement/PID_codes/ros_library/micro_ros_arduino/src/control_msgs/action) by extensions ['python_setup_py']
[0.262s] Level 1:colcon.colcon_core.package_identification:_identify(src/movement/PID_codes/ros_library/micro_ros_arduino/src/control_msgs/action) by extension 'python_setup_py'
[0.262s] Level 1:colcon.colcon_core.package_identification:_identify(src/movement/PID_codes/ros_library/micro_ros_arduino/src/control_msgs/action/detail) by extensions ['ignore', 'ignore_ament_install']
[0.262s] Level 1:colcon.colcon_core.package_identification:_identify(src/movement/PID_codes/ros_library/micro_ros_arduino/src/control_msgs/action/detail) by extension 'ignore'
[0.262s] Level 1:colcon.colcon_core.package_identification:_identify(src/movement/PID_codes/ros_library/micro_ros_arduino/src/control_msgs/action/detail) by extension 'ignore_ament_install'
[0.262s] Level 1:colcon.colcon_core.package_identification:_identify(src/movement/PID_codes/ros_library/micro_ros_arduino/src/control_msgs/action/detail) by extensions ['colcon_pkg']
[0.262s] Level 1:colcon.colcon_core.package_identification:_identify(src/movement/PID_codes/ros_library/micro_ros_arduino/src/control_msgs/action/detail) by extension 'colcon_pkg'
[0.262s] Level 1:colcon.colcon_core.package_identification:_identify(src/movement/PID_codes/ros_library/micro_ros_arduino/src/control_msgs/action/detail) by extensions ['colcon_meta']
[0.262s] Level 1:colcon.colcon_core.package_identification:_identify(src/movement/PID_codes/ros_library/micro_ros_arduino/src/control_msgs/action/detail) by extension 'colcon_meta'
[0.262s] Level 1:colcon.colcon_core.package_identification:_identify(src/movement/PID_codes/ros_library/micro_ros_arduino/src/control_msgs/action/detail) by extensions ['ros']
[0.262s] Level 1:colcon.colcon_core.package_identification:_identify(src/movement/PID_codes/ros_library/micro_ros_arduino/src/control_msgs/action/detail) by extension 'ros'
[0.262s] Level 1:colcon.colcon_core.package_identification:_identify(src/movement/PID_codes/ros_library/micro_ros_arduino/src/control_msgs/action/detail) by extensions ['cmake', 'python']
[0.262s] Level 1:colcon.colcon_core.package_identification:_identify(src/movement/PID_codes/ros_library/micro_ros_arduino/src/control_msgs/action/detail) by extension 'cmake'
[0.263s] Level 1:colcon.colcon_core.package_identification:_identify(src/movement/PID_codes/ros_library/micro_ros_arduino/src/control_msgs/action/detail) by extension 'python'
[0.263s] Level 1:colcon.colcon_core.package_identification:_identify(src/movement/PID_codes/ros_library/micro_ros_arduino/src/control_msgs/action/detail) by extensions ['python_setup_py']
[0.263s] Level 1:colcon.colcon_core.package_identification:_identify(src/movement/PID_codes/ros_library/micro_ros_arduino/src/control_msgs/action/detail) by extension 'python_setup_py'
[0.263s] Level 1:colcon.colcon_core.package_identification:_identify(src/movement/PID_codes/ros_library/micro_ros_arduino/src/control_msgs/action/detail/microxrcedds) by extensions ['ignore', 'ignore_ament_install']
[0.263s] Level 1:colcon.colcon_core.package_identification:_identify(src/movement/PID_codes/ros_library/micro_ros_arduino/src/control_msgs/action/detail/microxrcedds) by extension 'ignore'
[0.263s] Level 1:colcon.colcon_core.package_identification:_identify(src/movement/PID_codes/ros_library/micro_ros_arduino/src/control_msgs/action/detail/microxrcedds) by extension 'ignore_ament_install'
[0.263s] Level 1:colcon.colcon_core.package_identification:_identify(src/movement/PID_codes/ros_library/micro_ros_arduino/src/control_msgs/action/detail/microxrcedds) by extensions ['colcon_pkg']
[0.263s] Level 1:colcon.colcon_core.package_identification:_identify(src/movement/PID_codes/ros_library/micro_ros_arduino/src/control_msgs/action/detail/microxrcedds) by extension 'colcon_pkg'
[0.263s] Level 1:colcon.colcon_core.package_identification:_identify(src/movement/PID_codes/ros_library/micro_ros_arduino/src/control_msgs/action/detail/microxrcedds) by extensions ['colcon_meta']
[0.263s] Level 1:colcon.colcon_core.package_identification:_identify(src/movement/PID_codes/ros_library/micro_ros_arduino/src/control_msgs/action/detail/microxrcedds) by extension 'colcon_meta'
[0.263s] Level 1:colcon.colcon_core.package_identification:_identify(src/movement/PID_codes/ros_library/micro_ros_arduino/src/control_msgs/action/detail/microxrcedds) by extensions ['ros']
[0.263s] Level 1:colcon.colcon_core.package_identification:_identify(src/movement/PID_codes/ros_library/micro_ros_arduino/src/control_msgs/action/detail/microxrcedds) by extension 'ros'
[0.263s] Level 1:colcon.colcon_core.package_identification:_identify(src/movement/PID_codes/ros_library/micro_ros_arduino/src/control_msgs/action/detail/microxrcedds) by extensions ['cmake', 'python']
[0.263s] Level 1:colcon.colcon_core.package_identification:_identify(src/movement/PID_codes/ros_library/micro_ros_arduino/src/control_msgs/action/detail/microxrcedds) by extension 'cmake'
[0.263s] Level 1:colcon.colcon_core.package_identification:_identify(src/movement/PID_codes/ros_library/micro_ros_arduino/src/control_msgs/action/detail/microxrcedds) by extension 'python'
[0.263s] Level 1:colcon.colcon_core.package_identification:_identify(src/movement/PID_codes/ros_library/micro_ros_arduino/src/control_msgs/action/detail/microxrcedds) by extensions ['python_setup_py']
[0.263s] Level 1:colcon.colcon_core.package_identification:_identify(src/movement/PID_codes/ros_library/micro_ros_arduino/src/control_msgs/action/detail/microxrcedds) by extension 'python_setup_py'
[0.263s] Level 1:colcon.colcon_core.package_identification:_identify(src/movement/PID_codes/ros_library/micro_ros_arduino/src/control_msgs/msg) by extensions ['ignore', 'ignore_ament_install']
[0.263s] Level 1:colcon.colcon_core.package_identification:_identify(src/movement/PID_codes/ros_library/micro_ros_arduino/src/control_msgs/msg) by extension 'ignore'
[0.263s] Level 1:colcon.colcon_core.package_identification:_identify(src/movement/PID_codes/ros_library/micro_ros_arduino/src/control_msgs/msg) by extension 'ignore_ament_install'
[0.263s] Level 1:colcon.colcon_core.package_identification:_identify(src/movement/PID_codes/ros_library/micro_ros_arduino/src/control_msgs/msg) by extensions ['colcon_pkg']
[0.263s] Level 1:colcon.colcon_core.package_identification:_identify(src/movement/PID_codes/ros_library/micro_ros_arduino/src/control_msgs/msg) by extension 'colcon_pkg'
[0.263s] Level 1:colcon.colcon_core.package_identification:_identify(src/movement/PID_codes/ros_library/micro_ros_arduino/src/control_msgs/msg) by extensions ['colcon_meta']
[0.263s] Level 1:colcon.colcon_core.package_identification:_identify(src/movement/PID_codes/ros_library/micro_ros_arduino/src/control_msgs/msg) by extension 'colcon_meta'
[0.263s] Level 1:colcon.colcon_core.package_identification:_identify(src/movement/PID_codes/ros_library/micro_ros_arduino/src/control_msgs/msg) by extensions ['ros']
[0.263s] Level 1:colcon.colcon_core.package_identification:_identify(src/movement/PID_codes/ros_library/micro_ros_arduino/src/control_msgs/msg) by extension 'ros'
[0.263s] Level 1:colcon.colcon_core.package_identification:_identify(src/movement/PID_codes/ros_library/micro_ros_arduino/src/control_msgs/msg) by extensions ['cmake', 'python']
[0.263s] Level 1:colcon.colcon_core.package_identification:_identify(src/movement/PID_codes/ros_library/micro_ros_arduino/src/control_msgs/msg) by extension 'cmake'
[0.263s] Level 1:colcon.colcon_core.package_identification:_identify(src/movement/PID_codes/ros_library/micro_ros_arduino/src/control_msgs/msg) by extension 'python'
[0.263s] Level 1:colcon.colcon_core.package_identification:_identify(src/movement/PID_codes/ros_library/micro_ros_arduino/src/control_msgs/msg) by extensions ['python_setup_py']
[0.263s] Level 1:colcon.colcon_core.package_identification:_identify(src/movement/PID_codes/ros_library/micro_ros_arduino/src/control_msgs/msg) by extension 'python_setup_py'
[0.264s] Level 1:colcon.colcon_core.package_identification:_identify(src/movement/PID_codes/ros_library/micro_ros_arduino/src/control_msgs/msg/detail) by extensions ['ignore', 'ignore_ament_install']
[0.264s] Level 1:colcon.colcon_core.package_identification:_identify(src/movement/PID_codes/ros_library/micro_ros_arduino/src/control_msgs/msg/detail) by extension 'ignore'
[0.264s] Level 1:colcon.colcon_core.package_identification:_identify(src/movement/PID_codes/ros_library/micro_ros_arduino/src/control_msgs/msg/detail) by extension 'ignore_ament_install'
[0.264s] Level 1:colcon.colcon_core.package_identification:_identify(src/movement/PID_codes/ros_library/micro_ros_arduino/src/control_msgs/msg/detail) by extensions ['colcon_pkg']
[0.264s] Level 1:colcon.colcon_core.package_identification:_identify(src/movement/PID_codes/ros_library/micro_ros_arduino/src/control_msgs/msg/detail) by extension 'colcon_pkg'
[0.264s] Level 1:colcon.colcon_core.package_identification:_identify(src/movement/PID_codes/ros_library/micro_ros_arduino/src/control_msgs/msg/detail) by extensions ['colcon_meta']
[0.264s] Level 1:colcon.colcon_core.package_identification:_identify(src/movement/PID_codes/ros_library/micro_ros_arduino/src/control_msgs/msg/detail) by extension 'colcon_meta'
[0.264s] Level 1:colcon.colcon_core.package_identification:_identify(src/movement/PID_codes/ros_library/micro_ros_arduino/src/control_msgs/msg/detail) by extensions ['ros']
[0.264s] Level 1:colcon.colcon_core.package_identification:_identify(src/movement/PID_codes/ros_library/micro_ros_arduino/src/control_msgs/msg/detail) by extension 'ros'
[0.264s] Level 1:colcon.colcon_core.package_identification:_identify(src/movement/PID_codes/ros_library/micro_ros_arduino/src/control_msgs/msg/detail) by extensions ['cmake', 'python']
[0.264s] Level 1:colcon.colcon_core.package_identification:_identify(src/movement/PID_codes/ros_library/micro_ros_arduino/src/control_msgs/msg/detail) by extension 'cmake'
[0.264s] Level 1:colcon.colcon_core.package_identification:_identify(src/movement/PID_codes/ros_library/micro_ros_arduino/src/control_msgs/msg/detail) by extension 'python'
[0.264s] Level 1:colcon.colcon_core.package_identification:_identify(src/movement/PID_codes/ros_library/micro_ros_arduino/src/control_msgs/msg/detail) by extensions ['python_setup_py']
[0.264s] Level 1:colcon.colcon_core.package_identification:_identify(src/movement/PID_codes/ros_library/micro_ros_arduino/src/control_msgs/msg/detail) by extension 'python_setup_py'
[0.264s] Level 1:colcon.colcon_core.package_identification:_identify(src/movement/PID_codes/ros_library/micro_ros_arduino/src/control_msgs/msg/detail/microxrcedds) by extensions ['ignore', 'ignore_ament_install']
[0.264s] Level 1:colcon.colcon_core.package_identification:_identify(src/movement/PID_codes/ros_library/micro_ros_arduino/src/control_msgs/msg/detail/microxrcedds) by extension 'ignore'
[0.264s] Level 1:colcon.colcon_core.package_identification:_identify(src/movement/PID_codes/ros_library/micro_ros_arduino/src/control_msgs/msg/detail/microxrcedds) by extension 'ignore_ament_install'
[0.264s] Level 1:colcon.colcon_core.package_identification:_identify(src/movement/PID_codes/ros_library/micro_ros_arduino/src/control_msgs/msg/detail/microxrcedds) by extensions ['colcon_pkg']
[0.264s] Level 1:colcon.colcon_core.package_identification:_identify(src/movement/PID_codes/ros_library/micro_ros_arduino/src/control_msgs/msg/detail/microxrcedds) by extension 'colcon_pkg'
[0.264s] Level 1:colcon.colcon_core.package_identification:_identify(src/movement/PID_codes/ros_library/micro_ros_arduino/src/control_msgs/msg/detail/microxrcedds) by extensions ['colcon_meta']
[0.264s] Level 1:colcon.colcon_core.package_identification:_identify(src/movement/PID_codes/ros_library/micro_ros_arduino/src/control_msgs/msg/detail/microxrcedds) by extension 'colcon_meta'
[0.264s] Level 1:colcon.colcon_core.package_identification:_identify(src/movement/PID_codes/ros_library/micro_ros_arduino/src/control_msgs/msg/detail/microxrcedds) by extensions ['ros']
[0.264s] Level 1:colcon.colcon_core.package_identification:_identify(src/movement/PID_codes/ros_library/micro_ros_arduino/src/control_msgs/msg/detail/microxrcedds) by extension 'ros'
[0.264s] Level 1:colcon.colcon_core.package_identification:_identify(src/movement/PID_codes/ros_library/micro_ros_arduino/src/control_msgs/msg/detail/microxrcedds) by extensions ['cmake', 'python']
[0.264s] Level 1:colcon.colcon_core.package_identification:_identify(src/movement/PID_codes/ros_library/micro_ros_arduino/src/control_msgs/msg/detail/microxrcedds) by extension 'cmake'
[0.264s] Level 1:colcon.colcon_core.package_identification:_identify(src/movement/PID_codes/ros_library/micro_ros_arduino/src/control_msgs/msg/detail/microxrcedds) by extension 'python'
[0.264s] Level 1:colcon.colcon_core.package_identification:_identify(src/movement/PID_codes/ros_library/micro_ros_arduino/src/control_msgs/msg/detail/microxrcedds) by extensions ['python_setup_py']
[0.264s] Level 1:colcon.colcon_core.package_identification:_identify(src/movement/PID_codes/ros_library/micro_ros_arduino/src/control_msgs/msg/detail/microxrcedds) by extension 'python_setup_py'
[0.264s] Level 1:colcon.colcon_core.package_identification:_identify(src/movement/PID_codes/ros_library/micro_ros_arduino/src/control_msgs/srv) by extensions ['ignore', 'ignore_ament_install']
[0.264s] Level 1:colcon.colcon_core.package_identification:_identify(src/movement/PID_codes/ros_library/micro_ros_arduino/src/control_msgs/srv) by extension 'ignore'
[0.265s] Level 1:colcon.colcon_core.package_identification:_identify(src/movement/PID_codes/ros_library/micro_ros_arduino/src/control_msgs/srv) by extension 'ignore_ament_install'
[0.265s] Level 1:colcon.colcon_core.package_identification:_identify(src/movement/PID_codes/ros_library/micro_ros_arduino/src/control_msgs/srv) by extensions ['colcon_pkg']
[0.265s] Level 1:colcon.colcon_core.package_identification:_identify(src/movement/PID_codes/ros_library/micro_ros_arduino/src/control_msgs/srv) by extension 'colcon_pkg'
[0.265s] Level 1:colcon.colcon_core.package_identification:_identify(src/movement/PID_codes/ros_library/micro_ros_arduino/src/control_msgs/srv) by extensions ['colcon_meta']
[0.265s] Level 1:colcon.colcon_core.package_identification:_identify(src/movement/PID_codes/ros_library/micro_ros_arduino/src/control_msgs/srv) by extension 'colcon_meta'
[0.265s] Level 1:colcon.colcon_core.package_identification:_identify(src/movement/PID_codes/ros_library/micro_ros_arduino/src/control_msgs/srv) by extensions ['ros']
[0.265s] Level 1:colcon.colcon_core.package_identification:_identify(src/movement/PID_codes/ros_library/micro_ros_arduino/src/control_msgs/srv) by extension 'ros'
[0.265s] Level 1:colcon.colcon_core.package_identification:_identify(src/movement/PID_codes/ros_library/micro_ros_arduino/src/control_msgs/srv) by extensions ['cmake', 'python']
[0.265s] Level 1:colcon.colcon_core.package_identification:_identify(src/movement/PID_codes/ros_library/micro_ros_arduino/src/control_msgs/srv) by extension 'cmake'
[0.265s] Level 1:colcon.colcon_core.package_identification:_identify(src/movement/PID_codes/ros_library/micro_ros_arduino/src/control_msgs/srv) by extension 'python'
[0.265s] Level 1:colcon.colcon_core.package_identification:_identify(src/movement/PID_codes/ros_library/micro_ros_arduino/src/control_msgs/srv) by extensions ['python_setup_py']
[0.265s] Level 1:colcon.colcon_core.package_identification:_identify(src/movement/PID_codes/ros_library/micro_ros_arduino/src/control_msgs/srv) by extension 'python_setup_py'
[0.265s] Level 1:colcon.colcon_core.package_identification:_identify(src/movement/PID_codes/ros_library/micro_ros_arduino/src/control_msgs/srv/detail) by extensions ['ignore', 'ignore_ament_install']
[0.265s] Level 1:colcon.colcon_core.package_identification:_identify(src/movement/PID_codes/ros_library/micro_ros_arduino/src/control_msgs/srv/detail) by extension 'ignore'
[0.265s] Level 1:colcon.colcon_core.package_identification:_identify(src/movement/PID_codes/ros_library/micro_ros_arduino/src/control_msgs/srv/detail) by extension 'ignore_ament_install'
[0.265s] Level 1:colcon.colcon_core.package_identification:_identify(src/movement/PID_codes/ros_library/micro_ros_arduino/src/control_msgs/srv/detail) by extensions ['colcon_pkg']
[0.265s] Level 1:colcon.colcon_core.package_identification:_identify(src/movement/PID_codes/ros_library/micro_ros_arduino/src/control_msgs/srv/detail) by extension 'colcon_pkg'
[0.265s] Level 1:colcon.colcon_core.package_identification:_identify(src/movement/PID_codes/ros_library/micro_ros_arduino/src/control_msgs/srv/detail) by extensions ['colcon_meta']
[0.265s] Level 1:colcon.colcon_core.package_identification:_identify(src/movement/PID_codes/ros_library/micro_ros_arduino/src/control_msgs/srv/detail) by extension 'colcon_meta'
[0.265s] Level 1:colcon.colcon_core.package_identification:_identify(src/movement/PID_codes/ros_library/micro_ros_arduino/src/control_msgs/srv/detail) by extensions ['ros']
[0.265s] Level 1:colcon.colcon_core.package_identification:_identify(src/movement/PID_codes/ros_library/micro_ros_arduino/src/control_msgs/srv/detail) by extension 'ros'
[0.265s] Level 1:colcon.colcon_core.package_identification:_identify(src/movement/PID_codes/ros_library/micro_ros_arduino/src/control_msgs/srv/detail) by extensions ['cmake', 'python']
[0.265s] Level 1:colcon.colcon_core.package_identification:_identify(src/movement/PID_codes/ros_library/micro_ros_arduino/src/control_msgs/srv/detail) by extension 'cmake'
[0.265s] Level 1:colcon.colcon_core.package_identification:_identify(src/movement/PID_codes/ros_library/micro_ros_arduino/src/control_msgs/srv/detail) by extension 'python'
[0.265s] Level 1:colcon.colcon_core.package_identification:_identify(src/movement/PID_codes/ros_library/micro_ros_arduino/src/control_msgs/srv/detail) by extensions ['python_setup_py']
[0.265s] Level 1:colcon.colcon_core.package_identification:_identify(src/movement/PID_codes/ros_library/micro_ros_arduino/src/control_msgs/srv/detail) by extension 'python_setup_py'
[0.265s] Level 1:colcon.colcon_core.package_identification:_identify(src/movement/PID_codes/ros_library/micro_ros_arduino/src/control_msgs/srv/detail/microxrcedds) by extensions ['ignore', 'ignore_ament_install']
[0.265s] Level 1:colcon.colcon_core.package_identification:_identify(src/movement/PID_codes/ros_library/micro_ros_arduino/src/control_msgs/srv/detail/microxrcedds) by extension 'ignore'
[0.265s] Level 1:colcon.colcon_core.package_identification:_identify(src/movement/PID_codes/ros_library/micro_ros_arduino/src/control_msgs/srv/detail/microxrcedds) by extension 'ignore_ament_install'
[0.265s] Level 1:colcon.colcon_core.package_identification:_identify(src/movement/PID_codes/ros_library/micro_ros_arduino/src/control_msgs/srv/detail/microxrcedds) by extensions ['colcon_pkg']
[0.265s] Level 1:colcon.colcon_core.package_identification:_identify(src/movement/PID_codes/ros_library/micro_ros_arduino/src/control_msgs/srv/detail/microxrcedds) by extension 'colcon_pkg'
[0.265s] Level 1:colcon.colcon_core.package_identification:_identify(src/movement/PID_codes/ros_library/micro_ros_arduino/src/control_msgs/srv/detail/microxrcedds) by extensions ['colcon_meta']
[0.265s] Level 1:colcon.colcon_core.package_identification:_identify(src/movement/PID_codes/ros_library/micro_ros_arduino/src/control_msgs/srv/detail/microxrcedds) by extension 'colcon_meta'
[0.265s] Level 1:colcon.colcon_core.package_identification:_identify(src/movement/PID_codes/ros_library/micro_ros_arduino/src/control_msgs/srv/detail/microxrcedds) by extensions ['ros']
[0.265s] Level 1:colcon.colcon_core.package_identification:_identify(src/movement/PID_codes/ros_library/micro_ros_arduino/src/control_msgs/srv/detail/microxrcedds) by extension 'ros'
[0.265s] Level 1:colcon.colcon_core.package_identification:_identify(src/movement/PID_codes/ros_library/micro_ros_arduino/src/control_msgs/srv/detail/microxrcedds) by extensions ['cmake', 'python']
[0.266s] Level 1:colcon.colcon_core.package_identification:_identify(src/movement/PID_codes/ros_library/micro_ros_arduino/src/control_msgs/srv/detail/microxrcedds) by extension 'cmake'
[0.266s] Level 1:colcon.colcon_core.package_identification:_identify(src/movement/PID_codes/ros_library/micro_ros_arduino/src/control_msgs/srv/detail/microxrcedds) by extension 'python'
[0.266s] Level 1:colcon.colcon_core.package_identification:_identify(src/movement/PID_codes/ros_library/micro_ros_arduino/src/control_msgs/srv/detail/microxrcedds) by extensions ['python_setup_py']
[0.266s] Level 1:colcon.colcon_core.package_identification:_identify(src/movement/PID_codes/ros_library/micro_ros_arduino/src/control_msgs/srv/detail/microxrcedds) by extension 'python_setup_py'
[0.266s] Level 1:colcon.colcon_core.package_identification:_identify(src/movement/PID_codes/ros_library/micro_ros_arduino/src/diagnostic_msgs) by extensions ['ignore', 'ignore_ament_install']
[0.266s] Level 1:colcon.colcon_core.package_identification:_identify(src/movement/PID_codes/ros_library/micro_ros_arduino/src/diagnostic_msgs) by extension 'ignore'
[0.266s] Level 1:colcon.colcon_core.package_identification:_identify(src/movement/PID_codes/ros_library/micro_ros_arduino/src/diagnostic_msgs) by extension 'ignore_ament_install'
[0.266s] Level 1:colcon.colcon_core.package_identification:_identify(src/movement/PID_codes/ros_library/micro_ros_arduino/src/diagnostic_msgs) by extensions ['colcon_pkg']
[0.266s] Level 1:colcon.colcon_core.package_identification:_identify(src/movement/PID_codes/ros_library/micro_ros_arduino/src/diagnostic_msgs) by extension 'colcon_pkg'
[0.266s] Level 1:colcon.colcon_core.package_identification:_identify(src/movement/PID_codes/ros_library/micro_ros_arduino/src/diagnostic_msgs) by extensions ['colcon_meta']
[0.266s] Level 1:colcon.colcon_core.package_identification:_identify(src/movement/PID_codes/ros_library/micro_ros_arduino/src/diagnostic_msgs) by extension 'colcon_meta'
[0.266s] Level 1:colcon.colcon_core.package_identification:_identify(src/movement/PID_codes/ros_library/micro_ros_arduino/src/diagnostic_msgs) by extensions ['ros']
[0.266s] Level 1:colcon.colcon_core.package_identification:_identify(src/movement/PID_codes/ros_library/micro_ros_arduino/src/diagnostic_msgs) by extension 'ros'
[0.266s] Level 1:colcon.colcon_core.package_identification:_identify(src/movement/PID_codes/ros_library/micro_ros_arduino/src/diagnostic_msgs) by extensions ['cmake', 'python']
[0.266s] Level 1:colcon.colcon_core.package_identification:_identify(src/movement/PID_codes/ros_library/micro_ros_arduino/src/diagnostic_msgs) by extension 'cmake'
[0.266s] Level 1:colcon.colcon_core.package_identification:_identify(src/movement/PID_codes/ros_library/micro_ros_arduino/src/diagnostic_msgs) by extension 'python'
[0.266s] Level 1:colcon.colcon_core.package_identification:_identify(src/movement/PID_codes/ros_library/micro_ros_arduino/src/diagnostic_msgs) by extensions ['python_setup_py']
[0.266s] Level 1:colcon.colcon_core.package_identification:_identify(src/movement/PID_codes/ros_library/micro_ros_arduino/src/diagnostic_msgs) by extension 'python_setup_py'
[0.266s] Level 1:colcon.colcon_core.package_identification:_identify(src/movement/PID_codes/ros_library/micro_ros_arduino/src/diagnostic_msgs/msg) by extensions ['ignore', 'ignore_ament_install']
[0.266s] Level 1:colcon.colcon_core.package_identification:_identify(src/movement/PID_codes/ros_library/micro_ros_arduino/src/diagnostic_msgs/msg) by extension 'ignore'
[0.266s] Level 1:colcon.colcon_core.package_identification:_identify(src/movement/PID_codes/ros_library/micro_ros_arduino/src/diagnostic_msgs/msg) by extension 'ignore_ament_install'
[0.266s] Level 1:colcon.colcon_core.package_identification:_identify(src/movement/PID_codes/ros_library/micro_ros_arduino/src/diagnostic_msgs/msg) by extensions ['colcon_pkg']
[0.266s] Level 1:colcon.colcon_core.package_identification:_identify(src/movement/PID_codes/ros_library/micro_ros_arduino/src/diagnostic_msgs/msg) by extension 'colcon_pkg'
[0.266s] Level 1:colcon.colcon_core.package_identification:_identify(src/movement/PID_codes/ros_library/micro_ros_arduino/src/diagnostic_msgs/msg) by extensions ['colcon_meta']
[0.266s] Level 1:colcon.colcon_core.package_identification:_identify(src/movement/PID_codes/ros_library/micro_ros_arduino/src/diagnostic_msgs/msg) by extension 'colcon_meta'
[0.266s] Level 1:colcon.colcon_core.package_identification:_identify(src/movement/PID_codes/ros_library/micro_ros_arduino/src/diagnostic_msgs/msg) by extensions ['ros']
[0.266s] Level 1:colcon.colcon_core.package_identification:_identify(src/movement/PID_codes/ros_library/micro_ros_arduino/src/diagnostic_msgs/msg) by extension 'ros'
[0.266s] Level 1:colcon.colcon_core.package_identification:_identify(src/movement/PID_codes/ros_library/micro_ros_arduino/src/diagnostic_msgs/msg) by extensions ['cmake', 'python']
[0.266s] Level 1:colcon.colcon_core.package_identification:_identify(src/movement/PID_codes/ros_library/micro_ros_arduino/src/diagnostic_msgs/msg) by extension 'cmake'
[0.266s] Level 1:colcon.colcon_core.package_identification:_identify(src/movement/PID_codes/ros_library/micro_ros_arduino/src/diagnostic_msgs/msg) by extension 'python'
[0.266s] Level 1:colcon.colcon_core.package_identification:_identify(src/movement/PID_codes/ros_library/micro_ros_arduino/src/diagnostic_msgs/msg) by extensions ['python_setup_py']
[0.266s] Level 1:colcon.colcon_core.package_identification:_identify(src/movement/PID_codes/ros_library/micro_ros_arduino/src/diagnostic_msgs/msg) by extension 'python_setup_py'
[0.266s] Level 1:colcon.colcon_core.package_identification:_identify(src/movement/PID_codes/ros_library/micro_ros_arduino/src/diagnostic_msgs/msg/detail) by extensions ['ignore', 'ignore_ament_install']
[0.266s] Level 1:colcon.colcon_core.package_identification:_identify(src/movement/PID_codes/ros_library/micro_ros_arduino/src/diagnostic_msgs/msg/detail) by extension 'ignore'
[0.266s] Level 1:colcon.colcon_core.package_identification:_identify(src/movement/PID_codes/ros_library/micro_ros_arduino/src/diagnostic_msgs/msg/detail) by extension 'ignore_ament_install'
[0.267s] Level 1:colcon.colcon_core.package_identification:_identify(src/movement/PID_codes/ros_library/micro_ros_arduino/src/diagnostic_msgs/msg/detail) by extensions ['colcon_pkg']
[0.267s] Level 1:colcon.colcon_core.package_identification:_identify(src/movement/PID_codes/ros_library/micro_ros_arduino/src/diagnostic_msgs/msg/detail) by extension 'colcon_pkg'
[0.267s] Level 1:colcon.colcon_core.package_identification:_identify(src/movement/PID_codes/ros_library/micro_ros_arduino/src/diagnostic_msgs/msg/detail) by extensions ['colcon_meta']
[0.267s] Level 1:colcon.colcon_core.package_identification:_identify(src/movement/PID_codes/ros_library/micro_ros_arduino/src/diagnostic_msgs/msg/detail) by extension 'colcon_meta'
[0.267s] Level 1:colcon.colcon_core.package_identification:_identify(src/movement/PID_codes/ros_library/micro_ros_arduino/src/diagnostic_msgs/msg/detail) by extensions ['ros']
[0.267s] Level 1:colcon.colcon_core.package_identification:_identify(src/movement/PID_codes/ros_library/micro_ros_arduino/src/diagnostic_msgs/msg/detail) by extension 'ros'
[0.267s] Level 1:colcon.colcon_core.package_identification:_identify(src/movement/PID_codes/ros_library/micro_ros_arduino/src/diagnostic_msgs/msg/detail) by extensions ['cmake', 'python']
[0.267s] Level 1:colcon.colcon_core.package_identification:_identify(src/movement/PID_codes/ros_library/micro_ros_arduino/src/diagnostic_msgs/msg/detail) by extension 'cmake'
[0.267s] Level 1:colcon.colcon_core.package_identification:_identify(src/movement/PID_codes/ros_library/micro_ros_arduino/src/diagnostic_msgs/msg/detail) by extension 'python'
[0.267s] Level 1:colcon.colcon_core.package_identification:_identify(src/movement/PID_codes/ros_library/micro_ros_arduino/src/diagnostic_msgs/msg/detail) by extensions ['python_setup_py']
[0.267s] Level 1:colcon.colcon_core.package_identification:_identify(src/movement/PID_codes/ros_library/micro_ros_arduino/src/diagnostic_msgs/msg/detail) by extension 'python_setup_py'
[0.267s] Level 1:colcon.colcon_core.package_identification:_identify(src/movement/PID_codes/ros_library/micro_ros_arduino/src/diagnostic_msgs/msg/detail/microxrcedds) by extensions ['ignore', 'ignore_ament_install']
[0.267s] Level 1:colcon.colcon_core.package_identification:_identify(src/movement/PID_codes/ros_library/micro_ros_arduino/src/diagnostic_msgs/msg/detail/microxrcedds) by extension 'ignore'
[0.267s] Level 1:colcon.colcon_core.package_identification:_identify(src/movement/PID_codes/ros_library/micro_ros_arduino/src/diagnostic_msgs/msg/detail/microxrcedds) by extension 'ignore_ament_install'
[0.267s] Level 1:colcon.colcon_core.package_identification:_identify(src/movement/PID_codes/ros_library/micro_ros_arduino/src/diagnostic_msgs/msg/detail/microxrcedds) by extensions ['colcon_pkg']
[0.267s] Level 1:colcon.colcon_core.package_identification:_identify(src/movement/PID_codes/ros_library/micro_ros_arduino/src/diagnostic_msgs/msg/detail/microxrcedds) by extension 'colcon_pkg'
[0.267s] Level 1:colcon.colcon_core.package_identification:_identify(src/movement/PID_codes/ros_library/micro_ros_arduino/src/diagnostic_msgs/msg/detail/microxrcedds) by extensions ['colcon_meta']
[0.267s] Level 1:colcon.colcon_core.package_identification:_identify(src/movement/PID_codes/ros_library/micro_ros_arduino/src/diagnostic_msgs/msg/detail/microxrcedds) by extension 'colcon_meta'
[0.267s] Level 1:colcon.colcon_core.package_identification:_identify(src/movement/PID_codes/ros_library/micro_ros_arduino/src/diagnostic_msgs/msg/detail/microxrcedds) by extensions ['ros']
[0.267s] Level 1:colcon.colcon_core.package_identification:_identify(src/movement/PID_codes/ros_library/micro_ros_arduino/src/diagnostic_msgs/msg/detail/microxrcedds) by extension 'ros'
[0.267s] Level 1:colcon.colcon_core.package_identification:_identify(src/movement/PID_codes/ros_library/micro_ros_arduino/src/diagnostic_msgs/msg/detail/microxrcedds) by extensions ['cmake', 'python']
[0.267s] Level 1:colcon.colcon_core.package_identification:_identify(src/movement/PID_codes/ros_library/micro_ros_arduino/src/diagnostic_msgs/msg/detail/microxrcedds) by extension 'cmake'
[0.267s] Level 1:colcon.colcon_core.package_identification:_identify(src/movement/PID_codes/ros_library/micro_ros_arduino/src/diagnostic_msgs/msg/detail/microxrcedds) by extension 'python'
[0.267s] Level 1:colcon.colcon_core.package_identification:_identify(src/movement/PID_codes/ros_library/micro_ros_arduino/src/diagnostic_msgs/msg/detail/microxrcedds) by extensions ['python_setup_py']
[0.267s] Level 1:colcon.colcon_core.package_identification:_identify(src/movement/PID_codes/ros_library/micro_ros_arduino/src/diagnostic_msgs/msg/detail/microxrcedds) by extension 'python_setup_py'
[0.267s] Level 1:colcon.colcon_core.package_identification:_identify(src/movement/PID_codes/ros_library/micro_ros_arduino/src/diagnostic_msgs/srv) by extensions ['ignore', 'ignore_ament_install']
[0.267s] Level 1:colcon.colcon_core.package_identification:_identify(src/movement/PID_codes/ros_library/micro_ros_arduino/src/diagnostic_msgs/srv) by extension 'ignore'
[0.267s] Level 1:colcon.colcon_core.package_identification:_identify(src/movement/PID_codes/ros_library/micro_ros_arduino/src/diagnostic_msgs/srv) by extension 'ignore_ament_install'
[0.267s] Level 1:colcon.colcon_core.package_identification:_identify(src/movement/PID_codes/ros_library/micro_ros_arduino/src/diagnostic_msgs/srv) by extensions ['colcon_pkg']
[0.267s] Level 1:colcon.colcon_core.package_identification:_identify(src/movement/PID_codes/ros_library/micro_ros_arduino/src/diagnostic_msgs/srv) by extension 'colcon_pkg'
[0.267s] Level 1:colcon.colcon_core.package_identification:_identify(src/movement/PID_codes/ros_library/micro_ros_arduino/src/diagnostic_msgs/srv) by extensions ['colcon_meta']
[0.267s] Level 1:colcon.colcon_core.package_identification:_identify(src/movement/PID_codes/ros_library/micro_ros_arduino/src/diagnostic_msgs/srv) by extension 'colcon_meta'
[0.267s] Level 1:colcon.colcon_core.package_identification:_identify(src/movement/PID_codes/ros_library/micro_ros_arduino/src/diagnostic_msgs/srv) by extensions ['ros']
[0.267s] Level 1:colcon.colcon_core.package_identification:_identify(src/movement/PID_codes/ros_library/micro_ros_arduino/src/diagnostic_msgs/srv) by extension 'ros'
[0.267s] Level 1:colcon.colcon_core.package_identification:_identify(src/movement/PID_codes/ros_library/micro_ros_arduino/src/diagnostic_msgs/srv) by extensions ['cmake', 'python']
[0.267s] Level 1:colcon.colcon_core.package_identification:_identify(src/movement/PID_codes/ros_library/micro_ros_arduino/src/diagnostic_msgs/srv) by extension 'cmake'
[0.267s] Level 1:colcon.colcon_core.package_identification:_identify(src/movement/PID_codes/ros_library/micro_ros_arduino/src/diagnostic_msgs/srv) by extension 'python'
[0.268s] Level 1:colcon.colcon_core.package_identification:_identify(src/movement/PID_codes/ros_library/micro_ros_arduino/src/diagnostic_msgs/srv) by extensions ['python_setup_py']
[0.268s] Level 1:colcon.colcon_core.package_identification:_identify(src/movement/PID_codes/ros_library/micro_ros_arduino/src/diagnostic_msgs/srv) by extension 'python_setup_py'
[0.268s] Level 1:colcon.colcon_core.package_identification:_identify(src/movement/PID_codes/ros_library/micro_ros_arduino/src/diagnostic_msgs/srv/detail) by extensions ['ignore', 'ignore_ament_install']
[0.268s] Level 1:colcon.colcon_core.package_identification:_identify(src/movement/PID_codes/ros_library/micro_ros_arduino/src/diagnostic_msgs/srv/detail) by extension 'ignore'
[0.268s] Level 1:colcon.colcon_core.package_identification:_identify(src/movement/PID_codes/ros_library/micro_ros_arduino/src/diagnostic_msgs/srv/detail) by extension 'ignore_ament_install'
[0.268s] Level 1:colcon.colcon_core.package_identification:_identify(src/movement/PID_codes/ros_library/micro_ros_arduino/src/diagnostic_msgs/srv/detail) by extensions ['colcon_pkg']
[0.268s] Level 1:colcon.colcon_core.package_identification:_identify(src/movement/PID_codes/ros_library/micro_ros_arduino/src/diagnostic_msgs/srv/detail) by extension 'colcon_pkg'
[0.268s] Level 1:colcon.colcon_core.package_identification:_identify(src/movement/PID_codes/ros_library/micro_ros_arduino/src/diagnostic_msgs/srv/detail) by extensions ['colcon_meta']
[0.268s] Level 1:colcon.colcon_core.package_identification:_identify(src/movement/PID_codes/ros_library/micro_ros_arduino/src/diagnostic_msgs/srv/detail) by extension 'colcon_meta'
[0.268s] Level 1:colcon.colcon_core.package_identification:_identify(src/movement/PID_codes/ros_library/micro_ros_arduino/src/diagnostic_msgs/srv/detail) by extensions ['ros']
[0.268s] Level 1:colcon.colcon_core.package_identification:_identify(src/movement/PID_codes/ros_library/micro_ros_arduino/src/diagnostic_msgs/srv/detail) by extension 'ros'
[0.268s] Level 1:colcon.colcon_core.package_identification:_identify(src/movement/PID_codes/ros_library/micro_ros_arduino/src/diagnostic_msgs/srv/detail) by extensions ['cmake', 'python']
[0.268s] Level 1:colcon.colcon_core.package_identification:_identify(src/movement/PID_codes/ros_library/micro_ros_arduino/src/diagnostic_msgs/srv/detail) by extension 'cmake'
[0.268s] Level 1:colcon.colcon_core.package_identification:_identify(src/movement/PID_codes/ros_library/micro_ros_arduino/src/diagnostic_msgs/srv/detail) by extension 'python'
[0.268s] Level 1:colcon.colcon_core.package_identification:_identify(src/movement/PID_codes/ros_library/micro_ros_arduino/src/diagnostic_msgs/srv/detail) by extensions ['python_setup_py']
[0.268s] Level 1:colcon.colcon_core.package_identification:_identify(src/movement/PID_codes/ros_library/micro_ros_arduino/src/diagnostic_msgs/srv/detail) by extension 'python_setup_py'
[0.268s] Level 1:colcon.colcon_core.package_identification:_identify(src/movement/PID_codes/ros_library/micro_ros_arduino/src/diagnostic_msgs/srv/detail/microxrcedds) by extensions ['ignore', 'ignore_ament_install']
[0.268s] Level 1:colcon.colcon_core.package_identification:_identify(src/movement/PID_codes/ros_library/micro_ros_arduino/src/diagnostic_msgs/srv/detail/microxrcedds) by extension 'ignore'
[0.268s] Level 1:colcon.colcon_core.package_identification:_identify(src/movement/PID_codes/ros_library/micro_ros_arduino/src/diagnostic_msgs/srv/detail/microxrcedds) by extension 'ignore_ament_install'
[0.268s] Level 1:colcon.colcon_core.package_identification:_identify(src/movement/PID_codes/ros_library/micro_ros_arduino/src/diagnostic_msgs/srv/detail/microxrcedds) by extensions ['colcon_pkg']
[0.268s] Level 1:colcon.colcon_core.package_identification:_identify(src/movement/PID_codes/ros_library/micro_ros_arduino/src/diagnostic_msgs/srv/detail/microxrcedds) by extension 'colcon_pkg'
[0.268s] Level 1:colcon.colcon_core.package_identification:_identify(src/movement/PID_codes/ros_library/micro_ros_arduino/src/diagnostic_msgs/srv/detail/microxrcedds) by extensions ['colcon_meta']
[0.268s] Level 1:colcon.colcon_core.package_identification:_identify(src/movement/PID_codes/ros_library/micro_ros_arduino/src/diagnostic_msgs/srv/detail/microxrcedds) by extension 'colcon_meta'
[0.268s] Level 1:colcon.colcon_core.package_identification:_identify(src/movement/PID_codes/ros_library/micro_ros_arduino/src/diagnostic_msgs/srv/detail/microxrcedds) by extensions ['ros']
[0.268s] Level 1:colcon.colcon_core.package_identification:_identify(src/movement/PID_codes/ros_library/micro_ros_arduino/src/diagnostic_msgs/srv/detail/microxrcedds) by extension 'ros'
[0.268s] Level 1:colcon.colcon_core.package_identification:_identify(src/movement/PID_codes/ros_library/micro_ros_arduino/src/diagnostic_msgs/srv/detail/microxrcedds) by extensions ['cmake', 'python']
[0.268s] Level 1:colcon.colcon_core.package_identification:_identify(src/movement/PID_codes/ros_library/micro_ros_arduino/src/diagnostic_msgs/srv/detail/microxrcedds) by extension 'cmake'
[0.268s] Level 1:colcon.colcon_core.package_identification:_identify(src/movement/PID_codes/ros_library/micro_ros_arduino/src/diagnostic_msgs/srv/detail/microxrcedds) by extension 'python'
[0.268s] Level 1:colcon.colcon_core.package_identification:_identify(src/movement/PID_codes/ros_library/micro_ros_arduino/src/diagnostic_msgs/srv/detail/microxrcedds) by extensions ['python_setup_py']
[0.268s] Level 1:colcon.colcon_core.package_identification:_identify(src/movement/PID_codes/ros_library/micro_ros_arduino/src/diagnostic_msgs/srv/detail/microxrcedds) by extension 'python_setup_py'
[0.268s] Level 1:colcon.colcon_core.package_identification:_identify(src/movement/PID_codes/ros_library/micro_ros_arduino/src/esp32) by extensions ['ignore', 'ignore_ament_install']
[0.268s] Level 1:colcon.colcon_core.package_identification:_identify(src/movement/PID_codes/ros_library/micro_ros_arduino/src/esp32) by extension 'ignore'
[0.268s] Level 1:colcon.colcon_core.package_identification:_identify(src/movement/PID_codes/ros_library/micro_ros_arduino/src/esp32) by extension 'ignore_ament_install'
[0.268s] Level 1:colcon.colcon_core.package_identification:_identify(src/movement/PID_codes/ros_library/micro_ros_arduino/src/esp32) by extensions ['colcon_pkg']
[0.269s] Level 1:colcon.colcon_core.package_identification:_identify(src/movement/PID_codes/ros_library/micro_ros_arduino/src/esp32) by extension 'colcon_pkg'
[0.269s] Level 1:colcon.colcon_core.package_identification:_identify(src/movement/PID_codes/ros_library/micro_ros_arduino/src/esp32) by extensions ['colcon_meta']
[0.269s] Level 1:colcon.colcon_core.package_identification:_identify(src/movement/PID_codes/ros_library/micro_ros_arduino/src/esp32) by extension 'colcon_meta'
[0.269s] Level 1:colcon.colcon_core.package_identification:_identify(src/movement/PID_codes/ros_library/micro_ros_arduino/src/esp32) by extensions ['ros']
[0.269s] Level 1:colcon.colcon_core.package_identification:_identify(src/movement/PID_codes/ros_library/micro_ros_arduino/src/esp32) by extension 'ros'
[0.269s] Level 1:colcon.colcon_core.package_identification:_identify(src/movement/PID_codes/ros_library/micro_ros_arduino/src/esp32) by extensions ['cmake', 'python']
[0.269s] Level 1:colcon.colcon_core.package_identification:_identify(src/movement/PID_codes/ros_library/micro_ros_arduino/src/esp32) by extension 'cmake'
[0.269s] Level 1:colcon.colcon_core.package_identification:_identify(src/movement/PID_codes/ros_library/micro_ros_arduino/src/esp32) by extension 'python'
[0.269s] Level 1:colcon.colcon_core.package_identification:_identify(src/movement/PID_codes/ros_library/micro_ros_arduino/src/esp32) by extensions ['python_setup_py']
[0.269s] Level 1:colcon.colcon_core.package_identification:_identify(src/movement/PID_codes/ros_library/micro_ros_arduino/src/esp32) by extension 'python_setup_py'
[0.269s] Level 1:colcon.colcon_core.package_identification:_identify(src/movement/PID_codes/ros_library/micro_ros_arduino/src/example_interfaces) by extensions ['ignore', 'ignore_ament_install']
[0.269s] Level 1:colcon.colcon_core.package_identification:_identify(src/movement/PID_codes/ros_library/micro_ros_arduino/src/example_interfaces) by extension 'ignore'
[0.269s] Level 1:colcon.colcon_core.package_identification:_identify(src/movement/PID_codes/ros_library/micro_ros_arduino/src/example_interfaces) by extension 'ignore_ament_install'
[0.269s] Level 1:colcon.colcon_core.package_identification:_identify(src/movement/PID_codes/ros_library/micro_ros_arduino/src/example_interfaces) by extensions ['colcon_pkg']
[0.269s] Level 1:colcon.colcon_core.package_identification:_identify(src/movement/PID_codes/ros_library/micro_ros_arduino/src/example_interfaces) by extension 'colcon_pkg'
[0.269s] Level 1:colcon.colcon_core.package_identification:_identify(src/movement/PID_codes/ros_library/micro_ros_arduino/src/example_interfaces) by extensions ['colcon_meta']
[0.269s] Level 1:colcon.colcon_core.package_identification:_identify(src/movement/PID_codes/ros_library/micro_ros_arduino/src/example_interfaces) by extension 'colcon_meta'
[0.269s] Level 1:colcon.colcon_core.package_identification:_identify(src/movement/PID_codes/ros_library/micro_ros_arduino/src/example_interfaces) by extensions ['ros']
[0.269s] Level 1:colcon.colcon_core.package_identification:_identify(src/movement/PID_codes/ros_library/micro_ros_arduino/src/example_interfaces) by extension 'ros'
[0.269s] Level 1:colcon.colcon_core.package_identification:_identify(src/movement/PID_codes/ros_library/micro_ros_arduino/src/example_interfaces) by extensions ['cmake', 'python']
[0.269s] Level 1:colcon.colcon_core.package_identification:_identify(src/movement/PID_codes/ros_library/micro_ros_arduino/src/example_interfaces) by extension 'cmake'
[0.269s] Level 1:colcon.colcon_core.package_identification:_identify(src/movement/PID_codes/ros_library/micro_ros_arduino/src/example_interfaces) by extension 'python'
[0.269s] Level 1:colcon.colcon_core.package_identification:_identify(src/movement/PID_codes/ros_library/micro_ros_arduino/src/example_interfaces) by extensions ['python_setup_py']
[0.269s] Level 1:colcon.colcon_core.package_identification:_identify(src/movement/PID_codes/ros_library/micro_ros_arduino/src/example_interfaces) by extension 'python_setup_py'
[0.269s] Level 1:colcon.colcon_core.package_identification:_identify(src/movement/PID_codes/ros_library/micro_ros_arduino/src/example_interfaces/action) by extensions ['ignore', 'ignore_ament_install']
[0.269s] Level 1:colcon.colcon_core.package_identification:_identify(src/movement/PID_codes/ros_library/micro_ros_arduino/src/example_interfaces/action) by extension 'ignore'
[0.269s] Level 1:colcon.colcon_core.package_identification:_identify(src/movement/PID_codes/ros_library/micro_ros_arduino/src/example_interfaces/action) by extension 'ignore_ament_install'
[0.269s] Level 1:colcon.colcon_core.package_identification:_identify(src/movement/PID_codes/ros_library/micro_ros_arduino/src/example_interfaces/action) by extensions ['colcon_pkg']
[0.269s] Level 1:colcon.colcon_core.package_identification:_identify(src/movement/PID_codes/ros_library/micro_ros_arduino/src/example_interfaces/action) by extension 'colcon_pkg'
[0.269s] Level 1:colcon.colcon_core.package_identification:_identify(src/movement/PID_codes/ros_library/micro_ros_arduino/src/example_interfaces/action) by extensions ['colcon_meta']
[0.269s] Level 1:colcon.colcon_core.package_identification:_identify(src/movement/PID_codes/ros_library/micro_ros_arduino/src/example_interfaces/action) by extension 'colcon_meta'
[0.269s] Level 1:colcon.colcon_core.package_identification:_identify(src/movement/PID_codes/ros_library/micro_ros_arduino/src/example_interfaces/action) by extensions ['ros']
[0.269s] Level 1:colcon.colcon_core.package_identification:_identify(src/movement/PID_codes/ros_library/micro_ros_arduino/src/example_interfaces/action) by extension 'ros'
[0.269s] Level 1:colcon.colcon_core.package_identification:_identify(src/movement/PID_codes/ros_library/micro_ros_arduino/src/example_interfaces/action) by extensions ['cmake', 'python']
[0.269s] Level 1:colcon.colcon_core.package_identification:_identify(src/movement/PID_codes/ros_library/micro_ros_arduino/src/example_interfaces/action) by extension 'cmake'
[0.269s] Level 1:colcon.colcon_core.package_identification:_identify(src/movement/PID_codes/ros_library/micro_ros_arduino/src/example_interfaces/action) by extension 'python'
[0.269s] Level 1:colcon.colcon_core.package_identification:_identify(src/movement/PID_codes/ros_library/micro_ros_arduino/src/example_interfaces/action) by extensions ['python_setup_py']
[0.269s] Level 1:colcon.colcon_core.package_identification:_identify(src/movement/PID_codes/ros_library/micro_ros_arduino/src/example_interfaces/action) by extension 'python_setup_py'
[0.270s] Level 1:colcon.colcon_core.package_identification:_identify(src/movement/PID_codes/ros_library/micro_ros_arduino/src/example_interfaces/action/detail) by extensions ['ignore', 'ignore_ament_install']
[0.270s] Level 1:colcon.colcon_core.package_identification:_identify(src/movement/PID_codes/ros_library/micro_ros_arduino/src/example_interfaces/action/detail) by extension 'ignore'
[0.270s] Level 1:colcon.colcon_core.package_identification:_identify(src/movement/PID_codes/ros_library/micro_ros_arduino/src/example_interfaces/action/detail) by extension 'ignore_ament_install'
[0.270s] Level 1:colcon.colcon_core.package_identification:_identify(src/movement/PID_codes/ros_library/micro_ros_arduino/src/example_interfaces/action/detail) by extensions ['colcon_pkg']
[0.270s] Level 1:colcon.colcon_core.package_identification:_identify(src/movement/PID_codes/ros_library/micro_ros_arduino/src/example_interfaces/action/detail) by extension 'colcon_pkg'
[0.270s] Level 1:colcon.colcon_core.package_identification:_identify(src/movement/PID_codes/ros_library/micro_ros_arduino/src/example_interfaces/action/detail) by extensions ['colcon_meta']
[0.270s] Level 1:colcon.colcon_core.package_identification:_identify(src/movement/PID_codes/ros_library/micro_ros_arduino/src/example_interfaces/action/detail) by extension 'colcon_meta'
[0.270s] Level 1:colcon.colcon_core.package_identification:_identify(src/movement/PID_codes/ros_library/micro_ros_arduino/src/example_interfaces/action/detail) by extensions ['ros']
[0.270s] Level 1:colcon.colcon_core.package_identification:_identify(src/movement/PID_codes/ros_library/micro_ros_arduino/src/example_interfaces/action/detail) by extension 'ros'
[0.270s] Level 1:colcon.colcon_core.package_identification:_identify(src/movement/PID_codes/ros_library/micro_ros_arduino/src/example_interfaces/action/detail) by extensions ['cmake', 'python']
[0.270s] Level 1:colcon.colcon_core.package_identification:_identify(src/movement/PID_codes/ros_library/micro_ros_arduino/src/example_interfaces/action/detail) by extension 'cmake'
[0.270s] Level 1:colcon.colcon_core.package_identification:_identify(src/movement/PID_codes/ros_library/micro_ros_arduino/src/example_interfaces/action/detail) by extension 'python'
[0.270s] Level 1:colcon.colcon_core.package_identification:_identify(src/movement/PID_codes/ros_library/micro_ros_arduino/src/example_interfaces/action/detail) by extensions ['python_setup_py']
[0.270s] Level 1:colcon.colcon_core.package_identification:_identify(src/movement/PID_codes/ros_library/micro_ros_arduino/src/example_interfaces/action/detail) by extension 'python_setup_py'
[0.270s] Level 1:colcon.colcon_core.package_identification:_identify(src/movement/PID_codes/ros_library/micro_ros_arduino/src/example_interfaces/action/detail/microxrcedds) by extensions ['ignore', 'ignore_ament_install']
[0.270s] Level 1:colcon.colcon_core.package_identification:_identify(src/movement/PID_codes/ros_library/micro_ros_arduino/src/example_interfaces/action/detail/microxrcedds) by extension 'ignore'
[0.270s] Level 1:colcon.colcon_core.package_identification:_identify(src/movement/PID_codes/ros_library/micro_ros_arduino/src/example_interfaces/action/detail/microxrcedds) by extension 'ignore_ament_install'
[0.270s] Level 1:colcon.colcon_core.package_identification:_identify(src/movement/PID_codes/ros_library/micro_ros_arduino/src/example_interfaces/action/detail/microxrcedds) by extensions ['colcon_pkg']
[0.270s] Level 1:colcon.colcon_core.package_identification:_identify(src/movement/PID_codes/ros_library/micro_ros_arduino/src/example_interfaces/action/detail/microxrcedds) by extension 'colcon_pkg'
[0.270s] Level 1:colcon.colcon_core.package_identification:_identify(src/movement/PID_codes/ros_library/micro_ros_arduino/src/example_interfaces/action/detail/microxrcedds) by extensions ['colcon_meta']
[0.270s] Level 1:colcon.colcon_core.package_identification:_identify(src/movement/PID_codes/ros_library/micro_ros_arduino/src/example_interfaces/action/detail/microxrcedds) by extension 'colcon_meta'
[0.270s] Level 1:colcon.colcon_core.package_identification:_identify(src/movement/PID_codes/ros_library/micro_ros_arduino/src/example_interfaces/action/detail/microxrcedds) by extensions ['ros']
[0.270s] Level 1:colcon.colcon_core.package_identification:_identify(src/movement/PID_codes/ros_library/micro_ros_arduino/src/example_interfaces/action/detail/microxrcedds) by extension 'ros'
[0.270s] Level 1:colcon.colcon_core.package_identification:_identify(src/movement/PID_codes/ros_library/micro_ros_arduino/src/example_interfaces/action/detail/microxrcedds) by extensions ['cmake', 'python']
[0.270s] Level 1:colcon.colcon_core.package_identification:_identify(src/movement/PID_codes/ros_library/micro_ros_arduino/src/example_interfaces/action/detail/microxrcedds) by extension 'cmake'
[0.270s] Level 1:colcon.colcon_core.package_identification:_identify(src/movement/PID_codes/ros_library/micro_ros_arduino/src/example_interfaces/action/detail/microxrcedds) by extension 'python'
[0.270s] Level 1:colcon.colcon_core.package_identification:_identify(src/movement/PID_codes/ros_library/micro_ros_arduino/src/example_interfaces/action/detail/microxrcedds) by extensions ['python_setup_py']
[0.270s] Level 1:colcon.colcon_core.package_identification:_identify(src/movement/PID_codes/ros_library/micro_ros_arduino/src/example_interfaces/action/detail/microxrcedds) by extension 'python_setup_py'
[0.270s] Level 1:colcon.colcon_core.package_identification:_identify(src/movement/PID_codes/ros_library/micro_ros_arduino/src/example_interfaces/msg) by extensions ['ignore', 'ignore_ament_install']
[0.270s] Level 1:colcon.colcon_core.package_identification:_identify(src/movement/PID_codes/ros_library/micro_ros_arduino/src/example_interfaces/msg) by extension 'ignore'
[0.270s] Level 1:colcon.colcon_core.package_identification:_identify(src/movement/PID_codes/ros_library/micro_ros_arduino/src/example_interfaces/msg) by extension 'ignore_ament_install'
[0.270s] Level 1:colcon.colcon_core.package_identification:_identify(src/movement/PID_codes/ros_library/micro_ros_arduino/src/example_interfaces/msg) by extensions ['colcon_pkg']
[0.270s] Level 1:colcon.colcon_core.package_identification:_identify(src/movement/PID_codes/ros_library/micro_ros_arduino/src/example_interfaces/msg) by extension 'colcon_pkg'
[0.270s] Level 1:colcon.colcon_core.package_identification:_identify(src/movement/PID_codes/ros_library/micro_ros_arduino/src/example_interfaces/msg) by extensions ['colcon_meta']
[0.271s] Level 1:colcon.colcon_core.package_identification:_identify(src/movement/PID_codes/ros_library/micro_ros_arduino/src/example_interfaces/msg) by extension 'colcon_meta'
[0.271s] Level 1:colcon.colcon_core.package_identification:_identify(src/movement/PID_codes/ros_library/micro_ros_arduino/src/example_interfaces/msg) by extensions ['ros']
[0.271s] Level 1:colcon.colcon_core.package_identification:_identify(src/movement/PID_codes/ros_library/micro_ros_arduino/src/example_interfaces/msg) by extension 'ros'
[0.271s] Level 1:colcon.colcon_core.package_identification:_identify(src/movement/PID_codes/ros_library/micro_ros_arduino/src/example_interfaces/msg) by extensions ['cmake', 'python']
[0.271s] Level 1:colcon.colcon_core.package_identification:_identify(src/movement/PID_codes/ros_library/micro_ros_arduino/src/example_interfaces/msg) by extension 'cmake'
[0.271s] Level 1:colcon.colcon_core.package_identification:_identify(src/movement/PID_codes/ros_library/micro_ros_arduino/src/example_interfaces/msg) by extension 'python'
[0.271s] Level 1:colcon.colcon_core.package_identification:_identify(src/movement/PID_codes/ros_library/micro_ros_arduino/src/example_interfaces/msg) by extensions ['python_setup_py']
[0.271s] Level 1:colcon.colcon_core.package_identification:_identify(src/movement/PID_codes/ros_library/micro_ros_arduino/src/example_interfaces/msg) by extension 'python_setup_py'
[0.271s] Level 1:colcon.colcon_core.package_identification:_identify(src/movement/PID_codes/ros_library/micro_ros_arduino/src/example_interfaces/msg/detail) by extensions ['ignore', 'ignore_ament_install']
[0.271s] Level 1:colcon.colcon_core.package_identification:_identify(src/movement/PID_codes/ros_library/micro_ros_arduino/src/example_interfaces/msg/detail) by extension 'ignore'
[0.271s] Level 1:colcon.colcon_core.package_identification:_identify(src/movement/PID_codes/ros_library/micro_ros_arduino/src/example_interfaces/msg/detail) by extension 'ignore_ament_install'
[0.271s] Level 1:colcon.colcon_core.package_identification:_identify(src/movement/PID_codes/ros_library/micro_ros_arduino/src/example_interfaces/msg/detail) by extensions ['colcon_pkg']
[0.271s] Level 1:colcon.colcon_core.package_identification:_identify(src/movement/PID_codes/ros_library/micro_ros_arduino/src/example_interfaces/msg/detail) by extension 'colcon_pkg'
[0.271s] Level 1:colcon.colcon_core.package_identification:_identify(src/movement/PID_codes/ros_library/micro_ros_arduino/src/example_interfaces/msg/detail) by extensions ['colcon_meta']
[0.271s] Level 1:colcon.colcon_core.package_identification:_identify(src/movement/PID_codes/ros_library/micro_ros_arduino/src/example_interfaces/msg/detail) by extension 'colcon_meta'
[0.271s] Level 1:colcon.colcon_core.package_identification:_identify(src/movement/PID_codes/ros_library/micro_ros_arduino/src/example_interfaces/msg/detail) by extensions ['ros']
[0.271s] Level 1:colcon.colcon_core.package_identification:_identify(src/movement/PID_codes/ros_library/micro_ros_arduino/src/example_interfaces/msg/detail) by extension 'ros'
[0.271s] Level 1:colcon.colcon_core.package_identification:_identify(src/movement/PID_codes/ros_library/micro_ros_arduino/src/example_interfaces/msg/detail) by extensions ['cmake', 'python']
[0.271s] Level 1:colcon.colcon_core.package_identification:_identify(src/movement/PID_codes/ros_library/micro_ros_arduino/src/example_interfaces/msg/detail) by extension 'cmake'
[0.271s] Level 1:colcon.colcon_core.package_identification:_identify(src/movement/PID_codes/ros_library/micro_ros_arduino/src/example_interfaces/msg/detail) by extension 'python'
[0.271s] Level 1:colcon.colcon_core.package_identification:_identify(src/movement/PID_codes/ros_library/micro_ros_arduino/src/example_interfaces/msg/detail) by extensions ['python_setup_py']
[0.271s] Level 1:colcon.colcon_core.package_identification:_identify(src/movement/PID_codes/ros_library/micro_ros_arduino/src/example_interfaces/msg/detail) by extension 'python_setup_py'
[0.271s] Level 1:colcon.colcon_core.package_identification:_identify(src/movement/PID_codes/ros_library/micro_ros_arduino/src/example_interfaces/msg/detail/microxrcedds) by extensions ['ignore', 'ignore_ament_install']
[0.271s] Level 1:colcon.colcon_core.package_identification:_identify(src/movement/PID_codes/ros_library/micro_ros_arduino/src/example_interfaces/msg/detail/microxrcedds) by extension 'ignore'
[0.271s] Level 1:colcon.colcon_core.package_identification:_identify(src/movement/PID_codes/ros_library/micro_ros_arduino/src/example_interfaces/msg/detail/microxrcedds) by extension 'ignore_ament_install'
[0.271s] Level 1:colcon.colcon_core.package_identification:_identify(src/movement/PID_codes/ros_library/micro_ros_arduino/src/example_interfaces/msg/detail/microxrcedds) by extensions ['colcon_pkg']
[0.271s] Level 1:colcon.colcon_core.package_identification:_identify(src/movement/PID_codes/ros_library/micro_ros_arduino/src/example_interfaces/msg/detail/microxrcedds) by extension 'colcon_pkg'
[0.271s] Level 1:colcon.colcon_core.package_identification:_identify(src/movement/PID_codes/ros_library/micro_ros_arduino/src/example_interfaces/msg/detail/microxrcedds) by extensions ['colcon_meta']
[0.271s] Level 1:colcon.colcon_core.package_identification:_identify(src/movement/PID_codes/ros_library/micro_ros_arduino/src/example_interfaces/msg/detail/microxrcedds) by extension 'colcon_meta'
[0.271s] Level 1:colcon.colcon_core.package_identification:_identify(src/movement/PID_codes/ros_library/micro_ros_arduino/src/example_interfaces/msg/detail/microxrcedds) by extensions ['ros']
[0.271s] Level 1:colcon.colcon_core.package_identification:_identify(src/movement/PID_codes/ros_library/micro_ros_arduino/src/example_interfaces/msg/detail/microxrcedds) by extension 'ros'
[0.271s] Level 1:colcon.colcon_core.package_identification:_identify(src/movement/PID_codes/ros_library/micro_ros_arduino/src/example_interfaces/msg/detail/microxrcedds) by extensions ['cmake', 'python']
[0.271s] Level 1:colcon.colcon_core.package_identification:_identify(src/movement/PID_codes/ros_library/micro_ros_arduino/src/example_interfaces/msg/detail/microxrcedds) by extension 'cmake'
[0.271s] Level 1:colcon.colcon_core.package_identification:_identify(src/movement/PID_codes/ros_library/micro_ros_arduino/src/example_interfaces/msg/detail/microxrcedds) by extension 'python'
[0.271s] Level 1:colcon.colcon_core.package_identification:_identify(src/movement/PID_codes/ros_library/micro_ros_arduino/src/example_interfaces/msg/detail/microxrcedds) by extensions ['python_setup_py']
[0.271s] Level 1:colcon.colcon_core.package_identification:_identify(src/movement/PID_codes/ros_library/micro_ros_arduino/src/example_interfaces/msg/detail/microxrcedds) by extension 'python_setup_py'
[0.272s] Level 1:colcon.colcon_core.package_identification:_identify(src/movement/PID_codes/ros_library/micro_ros_arduino/src/example_interfaces/srv) by extensions ['ignore', 'ignore_ament_install']
[0.272s] Level 1:colcon.colcon_core.package_identification:_identify(src/movement/PID_codes/ros_library/micro_ros_arduino/src/example_interfaces/srv) by extension 'ignore'
[0.272s] Level 1:colcon.colcon_core.package_identification:_identify(src/movement/PID_codes/ros_library/micro_ros_arduino/src/example_interfaces/srv) by extension 'ignore_ament_install'
[0.272s] Level 1:colcon.colcon_core.package_identification:_identify(src/movement/PID_codes/ros_library/micro_ros_arduino/src/example_interfaces/srv) by extensions ['colcon_pkg']
[0.272s] Level 1:colcon.colcon_core.package_identification:_identify(src/movement/PID_codes/ros_library/micro_ros_arduino/src/example_interfaces/srv) by extension 'colcon_pkg'
[0.272s] Level 1:colcon.colcon_core.package_identification:_identify(src/movement/PID_codes/ros_library/micro_ros_arduino/src/example_interfaces/srv) by extensions ['colcon_meta']
[0.272s] Level 1:colcon.colcon_core.package_identification:_identify(src/movement/PID_codes/ros_library/micro_ros_arduino/src/example_interfaces/srv) by extension 'colcon_meta'
[0.272s] Level 1:colcon.colcon_core.package_identification:_identify(src/movement/PID_codes/ros_library/micro_ros_arduino/src/example_interfaces/srv) by extensions ['ros']
[0.272s] Level 1:colcon.colcon_core.package_identification:_identify(src/movement/PID_codes/ros_library/micro_ros_arduino/src/example_interfaces/srv) by extension 'ros'
[0.272s] Level 1:colcon.colcon_core.package_identification:_identify(src/movement/PID_codes/ros_library/micro_ros_arduino/src/example_interfaces/srv) by extensions ['cmake', 'python']
[0.272s] Level 1:colcon.colcon_core.package_identification:_identify(src/movement/PID_codes/ros_library/micro_ros_arduino/src/example_interfaces/srv) by extension 'cmake'
[0.272s] Level 1:colcon.colcon_core.package_identification:_identify(src/movement/PID_codes/ros_library/micro_ros_arduino/src/example_interfaces/srv) by extension 'python'
[0.272s] Level 1:colcon.colcon_core.package_identification:_identify(src/movement/PID_codes/ros_library/micro_ros_arduino/src/example_interfaces/srv) by extensions ['python_setup_py']
[0.272s] Level 1:colcon.colcon_core.package_identification:_identify(src/movement/PID_codes/ros_library/micro_ros_arduino/src/example_interfaces/srv) by extension 'python_setup_py'
[0.272s] Level 1:colcon.colcon_core.package_identification:_identify(src/movement/PID_codes/ros_library/micro_ros_arduino/src/example_interfaces/srv/detail) by extensions ['ignore', 'ignore_ament_install']
[0.272s] Level 1:colcon.colcon_core.package_identification:_identify(src/movement/PID_codes/ros_library/micro_ros_arduino/src/example_interfaces/srv/detail) by extension 'ignore'
[0.272s] Level 1:colcon.colcon_core.package_identification:_identify(src/movement/PID_codes/ros_library/micro_ros_arduino/src/example_interfaces/srv/detail) by extension 'ignore_ament_install'
[0.272s] Level 1:colcon.colcon_core.package_identification:_identify(src/movement/PID_codes/ros_library/micro_ros_arduino/src/example_interfaces/srv/detail) by extensions ['colcon_pkg']
[0.272s] Level 1:colcon.colcon_core.package_identification:_identify(src/movement/PID_codes/ros_library/micro_ros_arduino/src/example_interfaces/srv/detail) by extension 'colcon_pkg'
[0.272s] Level 1:colcon.colcon_core.package_identification:_identify(src/movement/PID_codes/ros_library/micro_ros_arduino/src/example_interfaces/srv/detail) by extensions ['colcon_meta']
[0.272s] Level 1:colcon.colcon_core.package_identification:_identify(src/movement/PID_codes/ros_library/micro_ros_arduino/src/example_interfaces/srv/detail) by extension 'colcon_meta'
[0.272s] Level 1:colcon.colcon_core.package_identification:_identify(src/movement/PID_codes/ros_library/micro_ros_arduino/src/example_interfaces/srv/detail) by extensions ['ros']
[0.272s] Level 1:colcon.colcon_core.package_identification:_identify(src/movement/PID_codes/ros_library/micro_ros_arduino/src/example_interfaces/srv/detail) by extension 'ros'
[0.272s] Level 1:colcon.colcon_core.package_identification:_identify(src/movement/PID_codes/ros_library/micro_ros_arduino/src/example_interfaces/srv/detail) by extensions ['cmake', 'python']
[0.272s] Level 1:colcon.colcon_core.package_identification:_identify(src/movement/PID_codes/ros_library/micro_ros_arduino/src/example_interfaces/srv/detail) by extension 'cmake'
[0.272s] Level 1:colcon.colcon_core.package_identification:_identify(src/movement/PID_codes/ros_library/micro_ros_arduino/src/example_interfaces/srv/detail) by extension 'python'
[0.272s] Level 1:colcon.colcon_core.package_identification:_identify(src/movement/PID_codes/ros_library/micro_ros_arduino/src/example_interfaces/srv/detail) by extensions ['python_setup_py']
[0.272s] Level 1:colcon.colcon_core.package_identification:_identify(src/movement/PID_codes/ros_library/micro_ros_arduino/src/example_interfaces/srv/detail) by extension 'python_setup_py'
[0.272s] Level 1:colcon.colcon_core.package_identification:_identify(src/movement/PID_codes/ros_library/micro_ros_arduino/src/example_interfaces/srv/detail/microxrcedds) by extensions ['ignore', 'ignore_ament_install']
[0.272s] Level 1:colcon.colcon_core.package_identification:_identify(src/movement/PID_codes/ros_library/micro_ros_arduino/src/example_interfaces/srv/detail/microxrcedds) by extension 'ignore'
[0.273s] Level 1:colcon.colcon_core.package_identification:_identify(src/movement/PID_codes/ros_library/micro_ros_arduino/src/example_interfaces/srv/detail/microxrcedds) by extension 'ignore_ament_install'
[0.273s] Level 1:colcon.colcon_core.package_identification:_identify(src/movement/PID_codes/ros_library/micro_ros_arduino/src/example_interfaces/srv/detail/microxrcedds) by extensions ['colcon_pkg']
[0.273s] Level 1:colcon.colcon_core.package_identification:_identify(src/movement/PID_codes/ros_library/micro_ros_arduino/src/example_interfaces/srv/detail/microxrcedds) by extension 'colcon_pkg'
[0.273s] Level 1:colcon.colcon_core.package_identification:_identify(src/movement/PID_codes/ros_library/micro_ros_arduino/src/example_interfaces/srv/detail/microxrcedds) by extensions ['colcon_meta']
[0.273s] Level 1:colcon.colcon_core.package_identification:_identify(src/movement/PID_codes/ros_library/micro_ros_arduino/src/example_interfaces/srv/detail/microxrcedds) by extension 'colcon_meta'
[0.273s] Level 1:colcon.colcon_core.package_identification:_identify(src/movement/PID_codes/ros_library/micro_ros_arduino/src/example_interfaces/srv/detail/microxrcedds) by extensions ['ros']
[0.273s] Level 1:colcon.colcon_core.package_identification:_identify(src/movement/PID_codes/ros_library/micro_ros_arduino/src/example_interfaces/srv/detail/microxrcedds) by extension 'ros'
[0.273s] Level 1:colcon.colcon_core.package_identification:_identify(src/movement/PID_codes/ros_library/micro_ros_arduino/src/example_interfaces/srv/detail/microxrcedds) by extensions ['cmake', 'python']
[0.273s] Level 1:colcon.colcon_core.package_identification:_identify(src/movement/PID_codes/ros_library/micro_ros_arduino/src/example_interfaces/srv/detail/microxrcedds) by extension 'cmake'
[0.273s] Level 1:colcon.colcon_core.package_identification:_identify(src/movement/PID_codes/ros_library/micro_ros_arduino/src/example_interfaces/srv/detail/microxrcedds) by extension 'python'
[0.273s] Level 1:colcon.colcon_core.package_identification:_identify(src/movement/PID_codes/ros_library/micro_ros_arduino/src/example_interfaces/srv/detail/microxrcedds) by extensions ['python_setup_py']
[0.273s] Level 1:colcon.colcon_core.package_identification:_identify(src/movement/PID_codes/ros_library/micro_ros_arduino/src/example_interfaces/srv/detail/microxrcedds) by extension 'python_setup_py'
[0.273s] Level 1:colcon.colcon_core.package_identification:_identify(src/movement/PID_codes/ros_library/micro_ros_arduino/src/geometry_msgs) by extensions ['ignore', 'ignore_ament_install']
[0.273s] Level 1:colcon.colcon_core.package_identification:_identify(src/movement/PID_codes/ros_library/micro_ros_arduino/src/geometry_msgs) by extension 'ignore'
[0.273s] Level 1:colcon.colcon_core.package_identification:_identify(src/movement/PID_codes/ros_library/micro_ros_arduino/src/geometry_msgs) by extension 'ignore_ament_install'
[0.273s] Level 1:colcon.colcon_core.package_identification:_identify(src/movement/PID_codes/ros_library/micro_ros_arduino/src/geometry_msgs) by extensions ['colcon_pkg']
[0.273s] Level 1:colcon.colcon_core.package_identification:_identify(src/movement/PID_codes/ros_library/micro_ros_arduino/src/geometry_msgs) by extension 'colcon_pkg'
[0.273s] Level 1:colcon.colcon_core.package_identification:_identify(src/movement/PID_codes/ros_library/micro_ros_arduino/src/geometry_msgs) by extensions ['colcon_meta']
[0.273s] Level 1:colcon.colcon_core.package_identification:_identify(src/movement/PID_codes/ros_library/micro_ros_arduino/src/geometry_msgs) by extension 'colcon_meta'
[0.273s] Level 1:colcon.colcon_core.package_identification:_identify(src/movement/PID_codes/ros_library/micro_ros_arduino/src/geometry_msgs) by extensions ['ros']
[0.273s] Level 1:colcon.colcon_core.package_identification:_identify(src/movement/PID_codes/ros_library/micro_ros_arduino/src/geometry_msgs) by extension 'ros'
[0.273s] Level 1:colcon.colcon_core.package_identification:_identify(src/movement/PID_codes/ros_library/micro_ros_arduino/src/geometry_msgs) by extensions ['cmake', 'python']
[0.273s] Level 1:colcon.colcon_core.package_identification:_identify(src/movement/PID_codes/ros_library/micro_ros_arduino/src/geometry_msgs) by extension 'cmake'
[0.273s] Level 1:colcon.colcon_core.package_identification:_identify(src/movement/PID_codes/ros_library/micro_ros_arduino/src/geometry_msgs) by extension 'python'
[0.273s] Level 1:colcon.colcon_core.package_identification:_identify(src/movement/PID_codes/ros_library/micro_ros_arduino/src/geometry_msgs) by extensions ['python_setup_py']
[0.273s] Level 1:colcon.colcon_core.package_identification:_identify(src/movement/PID_codes/ros_library/micro_ros_arduino/src/geometry_msgs) by extension 'python_setup_py'
[0.273s] Level 1:colcon.colcon_core.package_identification:_identify(src/movement/PID_codes/ros_library/micro_ros_arduino/src/geometry_msgs/msg) by extensions ['ignore', 'ignore_ament_install']
[0.273s] Level 1:colcon.colcon_core.package_identification:_identify(src/movement/PID_codes/ros_library/micro_ros_arduino/src/geometry_msgs/msg) by extension 'ignore'
[0.273s] Level 1:colcon.colcon_core.package_identification:_identify(src/movement/PID_codes/ros_library/micro_ros_arduino/src/geometry_msgs/msg) by extension 'ignore_ament_install'
[0.273s] Level 1:colcon.colcon_core.package_identification:_identify(src/movement/PID_codes/ros_library/micro_ros_arduino/src/geometry_msgs/msg) by extensions ['colcon_pkg']
[0.273s] Level 1:colcon.colcon_core.package_identification:_identify(src/movement/PID_codes/ros_library/micro_ros_arduino/src/geometry_msgs/msg) by extension 'colcon_pkg'
[0.273s] Level 1:colcon.colcon_core.package_identification:_identify(src/movement/PID_codes/ros_library/micro_ros_arduino/src/geometry_msgs/msg) by extensions ['colcon_meta']
[0.273s] Level 1:colcon.colcon_core.package_identification:_identify(src/movement/PID_codes/ros_library/micro_ros_arduino/src/geometry_msgs/msg) by extension 'colcon_meta'
[0.274s] Level 1:colcon.colcon_core.package_identification:_identify(src/movement/PID_codes/ros_library/micro_ros_arduino/src/geometry_msgs/msg) by extensions ['ros']
[0.274s] Level 1:colcon.colcon_core.package_identification:_identify(src/movement/PID_codes/ros_library/micro_ros_arduino/src/geometry_msgs/msg) by extension 'ros'
[0.274s] Level 1:colcon.colcon_core.package_identification:_identify(src/movement/PID_codes/ros_library/micro_ros_arduino/src/geometry_msgs/msg) by extensions ['cmake', 'python']
[0.274s] Level 1:colcon.colcon_core.package_identification:_identify(src/movement/PID_codes/ros_library/micro_ros_arduino/src/geometry_msgs/msg) by extension 'cmake'
[0.274s] Level 1:colcon.colcon_core.package_identification:_identify(src/movement/PID_codes/ros_library/micro_ros_arduino/src/geometry_msgs/msg) by extension 'python'
[0.274s] Level 1:colcon.colcon_core.package_identification:_identify(src/movement/PID_codes/ros_library/micro_ros_arduino/src/geometry_msgs/msg) by extensions ['python_setup_py']
[0.274s] Level 1:colcon.colcon_core.package_identification:_identify(src/movement/PID_codes/ros_library/micro_ros_arduino/src/geometry_msgs/msg) by extension 'python_setup_py'
[0.274s] Level 1:colcon.colcon_core.package_identification:_identify(src/movement/PID_codes/ros_library/micro_ros_arduino/src/geometry_msgs/msg/detail) by extensions ['ignore', 'ignore_ament_install']
[0.274s] Level 1:colcon.colcon_core.package_identification:_identify(src/movement/PID_codes/ros_library/micro_ros_arduino/src/geometry_msgs/msg/detail) by extension 'ignore'
[0.274s] Level 1:colcon.colcon_core.package_identification:_identify(src/movement/PID_codes/ros_library/micro_ros_arduino/src/geometry_msgs/msg/detail) by extension 'ignore_ament_install'
[0.274s] Level 1:colcon.colcon_core.package_identification:_identify(src/movement/PID_codes/ros_library/micro_ros_arduino/src/geometry_msgs/msg/detail) by extensions ['colcon_pkg']
[0.274s] Level 1:colcon.colcon_core.package_identification:_identify(src/movement/PID_codes/ros_library/micro_ros_arduino/src/geometry_msgs/msg/detail) by extension 'colcon_pkg'
[0.274s] Level 1:colcon.colcon_core.package_identification:_identify(src/movement/PID_codes/ros_library/micro_ros_arduino/src/geometry_msgs/msg/detail) by extensions ['colcon_meta']
[0.274s] Level 1:colcon.colcon_core.package_identification:_identify(src/movement/PID_codes/ros_library/micro_ros_arduino/src/geometry_msgs/msg/detail) by extension 'colcon_meta'
[0.274s] Level 1:colcon.colcon_core.package_identification:_identify(src/movement/PID_codes/ros_library/micro_ros_arduino/src/geometry_msgs/msg/detail) by extensions ['ros']
[0.274s] Level 1:colcon.colcon_core.package_identification:_identify(src/movement/PID_codes/ros_library/micro_ros_arduino/src/geometry_msgs/msg/detail) by extension 'ros'
[0.274s] Level 1:colcon.colcon_core.package_identification:_identify(src/movement/PID_codes/ros_library/micro_ros_arduino/src/geometry_msgs/msg/detail) by extensions ['cmake', 'python']
[0.274s] Level 1:colcon.colcon_core.package_identification:_identify(src/movement/PID_codes/ros_library/micro_ros_arduino/src/geometry_msgs/msg/detail) by extension 'cmake'
[0.274s] Level 1:colcon.colcon_core.package_identification:_identify(src/movement/PID_codes/ros_library/micro_ros_arduino/src/geometry_msgs/msg/detail) by extension 'python'
[0.274s] Level 1:colcon.colcon_core.package_identification:_identify(src/movement/PID_codes/ros_library/micro_ros_arduino/src/geometry_msgs/msg/detail) by extensions ['python_setup_py']
[0.274s] Level 1:colcon.colcon_core.package_identification:_identify(src/movement/PID_codes/ros_library/micro_ros_arduino/src/geometry_msgs/msg/detail) by extension 'python_setup_py'
[0.274s] Level 1:colcon.colcon_core.package_identification:_identify(src/movement/PID_codes/ros_library/micro_ros_arduino/src/geometry_msgs/msg/detail/microxrcedds) by extensions ['ignore', 'ignore_ament_install']
[0.274s] Level 1:colcon.colcon_core.package_identification:_identify(src/movement/PID_codes/ros_library/micro_ros_arduino/src/geometry_msgs/msg/detail/microxrcedds) by extension 'ignore'
[0.274s] Level 1:colcon.colcon_core.package_identification:_identify(src/movement/PID_codes/ros_library/micro_ros_arduino/src/geometry_msgs/msg/detail/microxrcedds) by extension 'ignore_ament_install'
[0.274s] Level 1:colcon.colcon_core.package_identification:_identify(src/movement/PID_codes/ros_library/micro_ros_arduino/src/geometry_msgs/msg/detail/microxrcedds) by extensions ['colcon_pkg']
[0.274s] Level 1:colcon.colcon_core.package_identification:_identify(src/movement/PID_codes/ros_library/micro_ros_arduino/src/geometry_msgs/msg/detail/microxrcedds) by extension 'colcon_pkg'
[0.274s] Level 1:colcon.colcon_core.package_identification:_identify(src/movement/PID_codes/ros_library/micro_ros_arduino/src/geometry_msgs/msg/detail/microxrcedds) by extensions ['colcon_meta']
[0.274s] Level 1:colcon.colcon_core.package_identification:_identify(src/movement/PID_codes/ros_library/micro_ros_arduino/src/geometry_msgs/msg/detail/microxrcedds) by extension 'colcon_meta'
[0.274s] Level 1:colcon.colcon_core.package_identification:_identify(src/movement/PID_codes/ros_library/micro_ros_arduino/src/geometry_msgs/msg/detail/microxrcedds) by extensions ['ros']
[0.274s] Level 1:colcon.colcon_core.package_identification:_identify(src/movement/PID_codes/ros_library/micro_ros_arduino/src/geometry_msgs/msg/detail/microxrcedds) by extension 'ros'
[0.274s] Level 1:colcon.colcon_core.package_identification:_identify(src/movement/PID_codes/ros_library/micro_ros_arduino/src/geometry_msgs/msg/detail/microxrcedds) by extensions ['cmake', 'python']
[0.274s] Level 1:colcon.colcon_core.package_identification:_identify(src/movement/PID_codes/ros_library/micro_ros_arduino/src/geometry_msgs/msg/detail/microxrcedds) by extension 'cmake'
[0.274s] Level 1:colcon.colcon_core.package_identification:_identify(src/movement/PID_codes/ros_library/micro_ros_arduino/src/geometry_msgs/msg/detail/microxrcedds) by extension 'python'
[0.274s] Level 1:colcon.colcon_core.package_identification:_identify(src/movement/PID_codes/ros_library/micro_ros_arduino/src/geometry_msgs/msg/detail/microxrcedds) by extensions ['python_setup_py']
[0.274s] Level 1:colcon.colcon_core.package_identification:_identify(src/movement/PID_codes/ros_library/micro_ros_arduino/src/geometry_msgs/msg/detail/microxrcedds) by extension 'python_setup_py'
[0.275s] Level 1:colcon.colcon_core.package_identification:_identify(src/movement/PID_codes/ros_library/micro_ros_arduino/src/lifecycle_msgs) by extensions ['ignore', 'ignore_ament_install']
[0.275s] Level 1:colcon.colcon_core.package_identification:_identify(src/movement/PID_codes/ros_library/micro_ros_arduino/src/lifecycle_msgs) by extension 'ignore'
[0.275s] Level 1:colcon.colcon_core.package_identification:_identify(src/movement/PID_codes/ros_library/micro_ros_arduino/src/lifecycle_msgs) by extension 'ignore_ament_install'
[0.275s] Level 1:colcon.colcon_core.package_identification:_identify(src/movement/PID_codes/ros_library/micro_ros_arduino/src/lifecycle_msgs) by extensions ['colcon_pkg']
[0.275s] Level 1:colcon.colcon_core.package_identification:_identify(src/movement/PID_codes/ros_library/micro_ros_arduino/src/lifecycle_msgs) by extension 'colcon_pkg'
[0.275s] Level 1:colcon.colcon_core.package_identification:_identify(src/movement/PID_codes/ros_library/micro_ros_arduino/src/lifecycle_msgs) by extensions ['colcon_meta']
[0.275s] Level 1:colcon.colcon_core.package_identification:_identify(src/movement/PID_codes/ros_library/micro_ros_arduino/src/lifecycle_msgs) by extension 'colcon_meta'
[0.275s] Level 1:colcon.colcon_core.package_identification:_identify(src/movement/PID_codes/ros_library/micro_ros_arduino/src/lifecycle_msgs) by extensions ['ros']
[0.275s] Level 1:colcon.colcon_core.package_identification:_identify(src/movement/PID_codes/ros_library/micro_ros_arduino/src/lifecycle_msgs) by extension 'ros'
[0.275s] Level 1:colcon.colcon_core.package_identification:_identify(src/movement/PID_codes/ros_library/micro_ros_arduino/src/lifecycle_msgs) by extensions ['cmake', 'python']
[0.275s] Level 1:colcon.colcon_core.package_identification:_identify(src/movement/PID_codes/ros_library/micro_ros_arduino/src/lifecycle_msgs) by extension 'cmake'
[0.275s] Level 1:colcon.colcon_core.package_identification:_identify(src/movement/PID_codes/ros_library/micro_ros_arduino/src/lifecycle_msgs) by extension 'python'
[0.275s] Level 1:colcon.colcon_core.package_identification:_identify(src/movement/PID_codes/ros_library/micro_ros_arduino/src/lifecycle_msgs) by extensions ['python_setup_py']
[0.275s] Level 1:colcon.colcon_core.package_identification:_identify(src/movement/PID_codes/ros_library/micro_ros_arduino/src/lifecycle_msgs) by extension 'python_setup_py'
[0.275s] Level 1:colcon.colcon_core.package_identification:_identify(src/movement/PID_codes/ros_library/micro_ros_arduino/src/lifecycle_msgs/msg) by extensions ['ignore', 'ignore_ament_install']
[0.275s] Level 1:colcon.colcon_core.package_identification:_identify(src/movement/PID_codes/ros_library/micro_ros_arduino/src/lifecycle_msgs/msg) by extension 'ignore'
[0.275s] Level 1:colcon.colcon_core.package_identification:_identify(src/movement/PID_codes/ros_library/micro_ros_arduino/src/lifecycle_msgs/msg) by extension 'ignore_ament_install'
[0.275s] Level 1:colcon.colcon_core.package_identification:_identify(src/movement/PID_codes/ros_library/micro_ros_arduino/src/lifecycle_msgs/msg) by extensions ['colcon_pkg']
[0.275s] Level 1:colcon.colcon_core.package_identification:_identify(src/movement/PID_codes/ros_library/micro_ros_arduino/src/lifecycle_msgs/msg) by extension 'colcon_pkg'
[0.275s] Level 1:colcon.colcon_core.package_identification:_identify(src/movement/PID_codes/ros_library/micro_ros_arduino/src/lifecycle_msgs/msg) by extensions ['colcon_meta']
[0.275s] Level 1:colcon.colcon_core.package_identification:_identify(src/movement/PID_codes/ros_library/micro_ros_arduino/src/lifecycle_msgs/msg) by extension 'colcon_meta'
[0.275s] Level 1:colcon.colcon_core.package_identification:_identify(src/movement/PID_codes/ros_library/micro_ros_arduino/src/lifecycle_msgs/msg) by extensions ['ros']
[0.275s] Level 1:colcon.colcon_core.package_identification:_identify(src/movement/PID_codes/ros_library/micro_ros_arduino/src/lifecycle_msgs/msg) by extension 'ros'
[0.275s] Level 1:colcon.colcon_core.package_identification:_identify(src/movement/PID_codes/ros_library/micro_ros_arduino/src/lifecycle_msgs/msg) by extensions ['cmake', 'python']
[0.275s] Level 1:colcon.colcon_core.package_identification:_identify(src/movement/PID_codes/ros_library/micro_ros_arduino/src/lifecycle_msgs/msg) by extension 'cmake'
[0.275s] Level 1:colcon.colcon_core.package_identification:_identify(src/movement/PID_codes/ros_library/micro_ros_arduino/src/lifecycle_msgs/msg) by extension 'python'
[0.275s] Level 1:colcon.colcon_core.package_identification:_identify(src/movement/PID_codes/ros_library/micro_ros_arduino/src/lifecycle_msgs/msg) by extensions ['python_setup_py']
[0.275s] Level 1:colcon.colcon_core.package_identification:_identify(src/movement/PID_codes/ros_library/micro_ros_arduino/src/lifecycle_msgs/msg) by extension 'python_setup_py'
[0.275s] Level 1:colcon.colcon_core.package_identification:_identify(src/movement/PID_codes/ros_library/micro_ros_arduino/src/lifecycle_msgs/msg/detail) by extensions ['ignore', 'ignore_ament_install']
[0.275s] Level 1:colcon.colcon_core.package_identification:_identify(src/movement/PID_codes/ros_library/micro_ros_arduino/src/lifecycle_msgs/msg/detail) by extension 'ignore'
[0.275s] Level 1:colcon.colcon_core.package_identification:_identify(src/movement/PID_codes/ros_library/micro_ros_arduino/src/lifecycle_msgs/msg/detail) by extension 'ignore_ament_install'
[0.276s] Level 1:colcon.colcon_core.package_identification:_identify(src/movement/PID_codes/ros_library/micro_ros_arduino/src/lifecycle_msgs/msg/detail) by extensions ['colcon_pkg']
[0.276s] Level 1:colcon.colcon_core.package_identification:_identify(src/movement/PID_codes/ros_library/micro_ros_arduino/src/lifecycle_msgs/msg/detail) by extension 'colcon_pkg'
[0.276s] Level 1:colcon.colcon_core.package_identification:_identify(src/movement/PID_codes/ros_library/micro_ros_arduino/src/lifecycle_msgs/msg/detail) by extensions ['colcon_meta']
[0.276s] Level 1:colcon.colcon_core.package_identification:_identify(src/movement/PID_codes/ros_library/micro_ros_arduino/src/lifecycle_msgs/msg/detail) by extension 'colcon_meta'
[0.276s] Level 1:colcon.colcon_core.package_identification:_identify(src/movement/PID_codes/ros_library/micro_ros_arduino/src/lifecycle_msgs/msg/detail) by extensions ['ros']
[0.276s] Level 1:colcon.colcon_core.package_identification:_identify(src/movement/PID_codes/ros_library/micro_ros_arduino/src/lifecycle_msgs/msg/detail) by extension 'ros'
[0.276s] Level 1:colcon.colcon_core.package_identification:_identify(src/movement/PID_codes/ros_library/micro_ros_arduino/src/lifecycle_msgs/msg/detail) by extensions ['cmake', 'python']
[0.276s] Level 1:colcon.colcon_core.package_identification:_identify(src/movement/PID_codes/ros_library/micro_ros_arduino/src/lifecycle_msgs/msg/detail) by extension 'cmake'
[0.276s] Level 1:colcon.colcon_core.package_identification:_identify(src/movement/PID_codes/ros_library/micro_ros_arduino/src/lifecycle_msgs/msg/detail) by extension 'python'
[0.276s] Level 1:colcon.colcon_core.package_identification:_identify(src/movement/PID_codes/ros_library/micro_ros_arduino/src/lifecycle_msgs/msg/detail) by extensions ['python_setup_py']
[0.276s] Level 1:colcon.colcon_core.package_identification:_identify(src/movement/PID_codes/ros_library/micro_ros_arduino/src/lifecycle_msgs/msg/detail) by extension 'python_setup_py'
[0.276s] Level 1:colcon.colcon_core.package_identification:_identify(src/movement/PID_codes/ros_library/micro_ros_arduino/src/lifecycle_msgs/msg/detail/microxrcedds) by extensions ['ignore', 'ignore_ament_install']
[0.276s] Level 1:colcon.colcon_core.package_identification:_identify(src/movement/PID_codes/ros_library/micro_ros_arduino/src/lifecycle_msgs/msg/detail/microxrcedds) by extension 'ignore'
[0.276s] Level 1:colcon.colcon_core.package_identification:_identify(src/movement/PID_codes/ros_library/micro_ros_arduino/src/lifecycle_msgs/msg/detail/microxrcedds) by extension 'ignore_ament_install'
[0.276s] Level 1:colcon.colcon_core.package_identification:_identify(src/movement/PID_codes/ros_library/micro_ros_arduino/src/lifecycle_msgs/msg/detail/microxrcedds) by extensions ['colcon_pkg']
[0.276s] Level 1:colcon.colcon_core.package_identification:_identify(src/movement/PID_codes/ros_library/micro_ros_arduino/src/lifecycle_msgs/msg/detail/microxrcedds) by extension 'colcon_pkg'
[0.276s] Level 1:colcon.colcon_core.package_identification:_identify(src/movement/PID_codes/ros_library/micro_ros_arduino/src/lifecycle_msgs/msg/detail/microxrcedds) by extensions ['colcon_meta']
[0.276s] Level 1:colcon.colcon_core.package_identification:_identify(src/movement/PID_codes/ros_library/micro_ros_arduino/src/lifecycle_msgs/msg/detail/microxrcedds) by extension 'colcon_meta'
[0.276s] Level 1:colcon.colcon_core.package_identification:_identify(src/movement/PID_codes/ros_library/micro_ros_arduino/src/lifecycle_msgs/msg/detail/microxrcedds) by extensions ['ros']
[0.276s] Level 1:colcon.colcon_core.package_identification:_identify(src/movement/PID_codes/ros_library/micro_ros_arduino/src/lifecycle_msgs/msg/detail/microxrcedds) by extension 'ros'
[0.276s] Level 1:colcon.colcon_core.package_identification:_identify(src/movement/PID_codes/ros_library/micro_ros_arduino/src/lifecycle_msgs/msg/detail/microxrcedds) by extensions ['cmake', 'python']
[0.276s] Level 1:colcon.colcon_core.package_identification:_identify(src/movement/PID_codes/ros_library/micro_ros_arduino/src/lifecycle_msgs/msg/detail/microxrcedds) by extension 'cmake'
[0.276s] Level 1:colcon.colcon_core.package_identification:_identify(src/movement/PID_codes/ros_library/micro_ros_arduino/src/lifecycle_msgs/msg/detail/microxrcedds) by extension 'python'
[0.276s] Level 1:colcon.colcon_core.package_identification:_identify(src/movement/PID_codes/ros_library/micro_ros_arduino/src/lifecycle_msgs/msg/detail/microxrcedds) by extensions ['python_setup_py']
[0.276s] Level 1:colcon.colcon_core.package_identification:_identify(src/movement/PID_codes/ros_library/micro_ros_arduino/src/lifecycle_msgs/msg/detail/microxrcedds) by extension 'python_setup_py'
[0.276s] Level 1:colcon.colcon_core.package_identification:_identify(src/movement/PID_codes/ros_library/micro_ros_arduino/src/lifecycle_msgs/srv) by extensions ['ignore', 'ignore_ament_install']
[0.276s] Level 1:colcon.colcon_core.package_identification:_identify(src/movement/PID_codes/ros_library/micro_ros_arduino/src/lifecycle_msgs/srv) by extension 'ignore'
[0.276s] Level 1:colcon.colcon_core.package_identification:_identify(src/movement/PID_codes/ros_library/micro_ros_arduino/src/lifecycle_msgs/srv) by extension 'ignore_ament_install'
[0.276s] Level 1:colcon.colcon_core.package_identification:_identify(src/movement/PID_codes/ros_library/micro_ros_arduino/src/lifecycle_msgs/srv) by extensions ['colcon_pkg']
[0.276s] Level 1:colcon.colcon_core.package_identification:_identify(src/movement/PID_codes/ros_library/micro_ros_arduino/src/lifecycle_msgs/srv) by extension 'colcon_pkg'
[0.276s] Level 1:colcon.colcon_core.package_identification:_identify(src/movement/PID_codes/ros_library/micro_ros_arduino/src/lifecycle_msgs/srv) by extensions ['colcon_meta']
[0.276s] Level 1:colcon.colcon_core.package_identification:_identify(src/movement/PID_codes/ros_library/micro_ros_arduino/src/lifecycle_msgs/srv) by extension 'colcon_meta'
[0.276s] Level 1:colcon.colcon_core.package_identification:_identify(src/movement/PID_codes/ros_library/micro_ros_arduino/src/lifecycle_msgs/srv) by extensions ['ros']
[0.276s] Level 1:colcon.colcon_core.package_identification:_identify(src/movement/PID_codes/ros_library/micro_ros_arduino/src/lifecycle_msgs/srv) by extension 'ros'
[0.277s] Level 1:colcon.colcon_core.package_identification:_identify(src/movement/PID_codes/ros_library/micro_ros_arduino/src/lifecycle_msgs/srv) by extensions ['cmake', 'python']
[0.277s] Level 1:colcon.colcon_core.package_identification:_identify(src/movement/PID_codes/ros_library/micro_ros_arduino/src/lifecycle_msgs/srv) by extension 'cmake'
[0.277s] Level 1:colcon.colcon_core.package_identification:_identify(src/movement/PID_codes/ros_library/micro_ros_arduino/src/lifecycle_msgs/srv) by extension 'python'
[0.277s] Level 1:colcon.colcon_core.package_identification:_identify(src/movement/PID_codes/ros_library/micro_ros_arduino/src/lifecycle_msgs/srv) by extensions ['python_setup_py']
[0.277s] Level 1:colcon.colcon_core.package_identification:_identify(src/movement/PID_codes/ros_library/micro_ros_arduino/src/lifecycle_msgs/srv) by extension 'python_setup_py'
[0.277s] Level 1:colcon.colcon_core.package_identification:_identify(src/movement/PID_codes/ros_library/micro_ros_arduino/src/lifecycle_msgs/srv/detail) by extensions ['ignore', 'ignore_ament_install']
[0.277s] Level 1:colcon.colcon_core.package_identification:_identify(src/movement/PID_codes/ros_library/micro_ros_arduino/src/lifecycle_msgs/srv/detail) by extension 'ignore'
[0.277s] Level 1:colcon.colcon_core.package_identification:_identify(src/movement/PID_codes/ros_library/micro_ros_arduino/src/lifecycle_msgs/srv/detail) by extension 'ignore_ament_install'
[0.277s] Level 1:colcon.colcon_core.package_identification:_identify(src/movement/PID_codes/ros_library/micro_ros_arduino/src/lifecycle_msgs/srv/detail) by extensions ['colcon_pkg']
[0.277s] Level 1:colcon.colcon_core.package_identification:_identify(src/movement/PID_codes/ros_library/micro_ros_arduino/src/lifecycle_msgs/srv/detail) by extension 'colcon_pkg'
[0.277s] Level 1:colcon.colcon_core.package_identification:_identify(src/movement/PID_codes/ros_library/micro_ros_arduino/src/lifecycle_msgs/srv/detail) by extensions ['colcon_meta']
[0.277s] Level 1:colcon.colcon_core.package_identification:_identify(src/movement/PID_codes/ros_library/micro_ros_arduino/src/lifecycle_msgs/srv/detail) by extension 'colcon_meta'
[0.277s] Level 1:colcon.colcon_core.package_identification:_identify(src/movement/PID_codes/ros_library/micro_ros_arduino/src/lifecycle_msgs/srv/detail) by extensions ['ros']
[0.277s] Level 1:colcon.colcon_core.package_identification:_identify(src/movement/PID_codes/ros_library/micro_ros_arduino/src/lifecycle_msgs/srv/detail) by extension 'ros'
[0.277s] Level 1:colcon.colcon_core.package_identification:_identify(src/movement/PID_codes/ros_library/micro_ros_arduino/src/lifecycle_msgs/srv/detail) by extensions ['cmake', 'python']
[0.277s] Level 1:colcon.colcon_core.package_identification:_identify(src/movement/PID_codes/ros_library/micro_ros_arduino/src/lifecycle_msgs/srv/detail) by extension 'cmake'
[0.277s] Level 1:colcon.colcon_core.package_identification:_identify(src/movement/PID_codes/ros_library/micro_ros_arduino/src/lifecycle_msgs/srv/detail) by extension 'python'
[0.277s] Level 1:colcon.colcon_core.package_identification:_identify(src/movement/PID_codes/ros_library/micro_ros_arduino/src/lifecycle_msgs/srv/detail) by extensions ['python_setup_py']
[0.277s] Level 1:colcon.colcon_core.package_identification:_identify(src/movement/PID_codes/ros_library/micro_ros_arduino/src/lifecycle_msgs/srv/detail) by extension 'python_setup_py'
[0.277s] Level 1:colcon.colcon_core.package_identification:_identify(src/movement/PID_codes/ros_library/micro_ros_arduino/src/lifecycle_msgs/srv/detail/microxrcedds) by extensions ['ignore', 'ignore_ament_install']
[0.277s] Level 1:colcon.colcon_core.package_identification:_identify(src/movement/PID_codes/ros_library/micro_ros_arduino/src/lifecycle_msgs/srv/detail/microxrcedds) by extension 'ignore'
[0.277s] Level 1:colcon.colcon_core.package_identification:_identify(src/movement/PID_codes/ros_library/micro_ros_arduino/src/lifecycle_msgs/srv/detail/microxrcedds) by extension 'ignore_ament_install'
[0.277s] Level 1:colcon.colcon_core.package_identification:_identify(src/movement/PID_codes/ros_library/micro_ros_arduino/src/lifecycle_msgs/srv/detail/microxrcedds) by extensions ['colcon_pkg']
[0.277s] Level 1:colcon.colcon_core.package_identification:_identify(src/movement/PID_codes/ros_library/micro_ros_arduino/src/lifecycle_msgs/srv/detail/microxrcedds) by extension 'colcon_pkg'
[0.277s] Level 1:colcon.colcon_core.package_identification:_identify(src/movement/PID_codes/ros_library/micro_ros_arduino/src/lifecycle_msgs/srv/detail/microxrcedds) by extensions ['colcon_meta']
[0.277s] Level 1:colcon.colcon_core.package_identification:_identify(src/movement/PID_codes/ros_library/micro_ros_arduino/src/lifecycle_msgs/srv/detail/microxrcedds) by extension 'colcon_meta'
[0.277s] Level 1:colcon.colcon_core.package_identification:_identify(src/movement/PID_codes/ros_library/micro_ros_arduino/src/lifecycle_msgs/srv/detail/microxrcedds) by extensions ['ros']
[0.277s] Level 1:colcon.colcon_core.package_identification:_identify(src/movement/PID_codes/ros_library/micro_ros_arduino/src/lifecycle_msgs/srv/detail/microxrcedds) by extension 'ros'
[0.277s] Level 1:colcon.colcon_core.package_identification:_identify(src/movement/PID_codes/ros_library/micro_ros_arduino/src/lifecycle_msgs/srv/detail/microxrcedds) by extensions ['cmake', 'python']
[0.277s] Level 1:colcon.colcon_core.package_identification:_identify(src/movement/PID_codes/ros_library/micro_ros_arduino/src/lifecycle_msgs/srv/detail/microxrcedds) by extension 'cmake'
[0.277s] Level 1:colcon.colcon_core.package_identification:_identify(src/movement/PID_codes/ros_library/micro_ros_arduino/src/lifecycle_msgs/srv/detail/microxrcedds) by extension 'python'
[0.277s] Level 1:colcon.colcon_core.package_identification:_identify(src/movement/PID_codes/ros_library/micro_ros_arduino/src/lifecycle_msgs/srv/detail/microxrcedds) by extensions ['python_setup_py']
[0.277s] Level 1:colcon.colcon_core.package_identification:_identify(src/movement/PID_codes/ros_library/micro_ros_arduino/src/lifecycle_msgs/srv/detail/microxrcedds) by extension 'python_setup_py'
[0.277s] Level 1:colcon.colcon_core.package_identification:_identify(src/movement/PID_codes/ros_library/micro_ros_arduino/src/micro_ros_msgs) by extensions ['ignore', 'ignore_ament_install']
[0.278s] Level 1:colcon.colcon_core.package_identification:_identify(src/movement/PID_codes/ros_library/micro_ros_arduino/src/micro_ros_msgs) by extension 'ignore'
[0.278s] Level 1:colcon.colcon_core.package_identification:_identify(src/movement/PID_codes/ros_library/micro_ros_arduino/src/micro_ros_msgs) by extension 'ignore_ament_install'
[0.278s] Level 1:colcon.colcon_core.package_identification:_identify(src/movement/PID_codes/ros_library/micro_ros_arduino/src/micro_ros_msgs) by extensions ['colcon_pkg']
[0.278s] Level 1:colcon.colcon_core.package_identification:_identify(src/movement/PID_codes/ros_library/micro_ros_arduino/src/micro_ros_msgs) by extension 'colcon_pkg'
[0.278s] Level 1:colcon.colcon_core.package_identification:_identify(src/movement/PID_codes/ros_library/micro_ros_arduino/src/micro_ros_msgs) by extensions ['colcon_meta']
[0.278s] Level 1:colcon.colcon_core.package_identification:_identify(src/movement/PID_codes/ros_library/micro_ros_arduino/src/micro_ros_msgs) by extension 'colcon_meta'
[0.278s] Level 1:colcon.colcon_core.package_identification:_identify(src/movement/PID_codes/ros_library/micro_ros_arduino/src/micro_ros_msgs) by extensions ['ros']
[0.278s] Level 1:colcon.colcon_core.package_identification:_identify(src/movement/PID_codes/ros_library/micro_ros_arduino/src/micro_ros_msgs) by extension 'ros'
[0.278s] Level 1:colcon.colcon_core.package_identification:_identify(src/movement/PID_codes/ros_library/micro_ros_arduino/src/micro_ros_msgs) by extensions ['cmake', 'python']
[0.278s] Level 1:colcon.colcon_core.package_identification:_identify(src/movement/PID_codes/ros_library/micro_ros_arduino/src/micro_ros_msgs) by extension 'cmake'
[0.278s] Level 1:colcon.colcon_core.package_identification:_identify(src/movement/PID_codes/ros_library/micro_ros_arduino/src/micro_ros_msgs) by extension 'python'
[0.278s] Level 1:colcon.colcon_core.package_identification:_identify(src/movement/PID_codes/ros_library/micro_ros_arduino/src/micro_ros_msgs) by extensions ['python_setup_py']
[0.278s] Level 1:colcon.colcon_core.package_identification:_identify(src/movement/PID_codes/ros_library/micro_ros_arduino/src/micro_ros_msgs) by extension 'python_setup_py'
[0.278s] Level 1:colcon.colcon_core.package_identification:_identify(src/movement/PID_codes/ros_library/micro_ros_arduino/src/micro_ros_msgs/msg) by extensions ['ignore', 'ignore_ament_install']
[0.278s] Level 1:colcon.colcon_core.package_identification:_identify(src/movement/PID_codes/ros_library/micro_ros_arduino/src/micro_ros_msgs/msg) by extension 'ignore'
[0.278s] Level 1:colcon.colcon_core.package_identification:_identify(src/movement/PID_codes/ros_library/micro_ros_arduino/src/micro_ros_msgs/msg) by extension 'ignore_ament_install'
[0.278s] Level 1:colcon.colcon_core.package_identification:_identify(src/movement/PID_codes/ros_library/micro_ros_arduino/src/micro_ros_msgs/msg) by extensions ['colcon_pkg']
[0.278s] Level 1:colcon.colcon_core.package_identification:_identify(src/movement/PID_codes/ros_library/micro_ros_arduino/src/micro_ros_msgs/msg) by extension 'colcon_pkg'
[0.278s] Level 1:colcon.colcon_core.package_identification:_identify(src/movement/PID_codes/ros_library/micro_ros_arduino/src/micro_ros_msgs/msg) by extensions ['colcon_meta']
[0.278s] Level 1:colcon.colcon_core.package_identification:_identify(src/movement/PID_codes/ros_library/micro_ros_arduino/src/micro_ros_msgs/msg) by extension 'colcon_meta'
[0.278s] Level 1:colcon.colcon_core.package_identification:_identify(src/movement/PID_codes/ros_library/micro_ros_arduino/src/micro_ros_msgs/msg) by extensions ['ros']
[0.278s] Level 1:colcon.colcon_core.package_identification:_identify(src/movement/PID_codes/ros_library/micro_ros_arduino/src/micro_ros_msgs/msg) by extension 'ros'
[0.278s] Level 1:colcon.colcon_core.package_identification:_identify(src/movement/PID_codes/ros_library/micro_ros_arduino/src/micro_ros_msgs/msg) by extensions ['cmake', 'python']
[0.278s] Level 1:colcon.colcon_core.package_identification:_identify(src/movement/PID_codes/ros_library/micro_ros_arduino/src/micro_ros_msgs/msg) by extension 'cmake'
[0.278s] Level 1:colcon.colcon_core.package_identification:_identify(src/movement/PID_codes/ros_library/micro_ros_arduino/src/micro_ros_msgs/msg) by extension 'python'
[0.278s] Level 1:colcon.colcon_core.package_identification:_identify(src/movement/PID_codes/ros_library/micro_ros_arduino/src/micro_ros_msgs/msg) by extensions ['python_setup_py']
[0.278s] Level 1:colcon.colcon_core.package_identification:_identify(src/movement/PID_codes/ros_library/micro_ros_arduino/src/micro_ros_msgs/msg) by extension 'python_setup_py'
[0.278s] Level 1:colcon.colcon_core.package_identification:_identify(src/movement/PID_codes/ros_library/micro_ros_arduino/src/micro_ros_msgs/msg/detail) by extensions ['ignore', 'ignore_ament_install']
[0.278s] Level 1:colcon.colcon_core.package_identification:_identify(src/movement/PID_codes/ros_library/micro_ros_arduino/src/micro_ros_msgs/msg/detail) by extension 'ignore'
[0.278s] Level 1:colcon.colcon_core.package_identification:_identify(src/movement/PID_codes/ros_library/micro_ros_arduino/src/micro_ros_msgs/msg/detail) by extension 'ignore_ament_install'
[0.278s] Level 1:colcon.colcon_core.package_identification:_identify(src/movement/PID_codes/ros_library/micro_ros_arduino/src/micro_ros_msgs/msg/detail) by extensions ['colcon_pkg']
[0.278s] Level 1:colcon.colcon_core.package_identification:_identify(src/movement/PID_codes/ros_library/micro_ros_arduino/src/micro_ros_msgs/msg/detail) by extension 'colcon_pkg'
[0.278s] Level 1:colcon.colcon_core.package_identification:_identify(src/movement/PID_codes/ros_library/micro_ros_arduino/src/micro_ros_msgs/msg/detail) by extensions ['colcon_meta']
[0.278s] Level 1:colcon.colcon_core.package_identification:_identify(src/movement/PID_codes/ros_library/micro_ros_arduino/src/micro_ros_msgs/msg/detail) by extension 'colcon_meta'
[0.278s] Level 1:colcon.colcon_core.package_identification:_identify(src/movement/PID_codes/ros_library/micro_ros_arduino/src/micro_ros_msgs/msg/detail) by extensions ['ros']
[0.278s] Level 1:colcon.colcon_core.package_identification:_identify(src/movement/PID_codes/ros_library/micro_ros_arduino/src/micro_ros_msgs/msg/detail) by extension 'ros'
[0.279s] Level 1:colcon.colcon_core.package_identification:_identify(src/movement/PID_codes/ros_library/micro_ros_arduino/src/micro_ros_msgs/msg/detail) by extensions ['cmake', 'python']
[0.279s] Level 1:colcon.colcon_core.package_identification:_identify(src/movement/PID_codes/ros_library/micro_ros_arduino/src/micro_ros_msgs/msg/detail) by extension 'cmake'
[0.279s] Level 1:colcon.colcon_core.package_identification:_identify(src/movement/PID_codes/ros_library/micro_ros_arduino/src/micro_ros_msgs/msg/detail) by extension 'python'
[0.279s] Level 1:colcon.colcon_core.package_identification:_identify(src/movement/PID_codes/ros_library/micro_ros_arduino/src/micro_ros_msgs/msg/detail) by extensions ['python_setup_py']
[0.279s] Level 1:colcon.colcon_core.package_identification:_identify(src/movement/PID_codes/ros_library/micro_ros_arduino/src/micro_ros_msgs/msg/detail) by extension 'python_setup_py'
[0.279s] Level 1:colcon.colcon_core.package_identification:_identify(src/movement/PID_codes/ros_library/micro_ros_arduino/src/micro_ros_msgs/msg/detail/microxrcedds) by extensions ['ignore', 'ignore_ament_install']
[0.279s] Level 1:colcon.colcon_core.package_identification:_identify(src/movement/PID_codes/ros_library/micro_ros_arduino/src/micro_ros_msgs/msg/detail/microxrcedds) by extension 'ignore'
[0.279s] Level 1:colcon.colcon_core.package_identification:_identify(src/movement/PID_codes/ros_library/micro_ros_arduino/src/micro_ros_msgs/msg/detail/microxrcedds) by extension 'ignore_ament_install'
[0.279s] Level 1:colcon.colcon_core.package_identification:_identify(src/movement/PID_codes/ros_library/micro_ros_arduino/src/micro_ros_msgs/msg/detail/microxrcedds) by extensions ['colcon_pkg']
[0.279s] Level 1:colcon.colcon_core.package_identification:_identify(src/movement/PID_codes/ros_library/micro_ros_arduino/src/micro_ros_msgs/msg/detail/microxrcedds) by extension 'colcon_pkg'
[0.279s] Level 1:colcon.colcon_core.package_identification:_identify(src/movement/PID_codes/ros_library/micro_ros_arduino/src/micro_ros_msgs/msg/detail/microxrcedds) by extensions ['colcon_meta']
[0.279s] Level 1:colcon.colcon_core.package_identification:_identify(src/movement/PID_codes/ros_library/micro_ros_arduino/src/micro_ros_msgs/msg/detail/microxrcedds) by extension 'colcon_meta'
[0.279s] Level 1:colcon.colcon_core.package_identification:_identify(src/movement/PID_codes/ros_library/micro_ros_arduino/src/micro_ros_msgs/msg/detail/microxrcedds) by extensions ['ros']
[0.279s] Level 1:colcon.colcon_core.package_identification:_identify(src/movement/PID_codes/ros_library/micro_ros_arduino/src/micro_ros_msgs/msg/detail/microxrcedds) by extension 'ros'
[0.279s] Level 1:colcon.colcon_core.package_identification:_identify(src/movement/PID_codes/ros_library/micro_ros_arduino/src/micro_ros_msgs/msg/detail/microxrcedds) by extensions ['cmake', 'python']
[0.279s] Level 1:colcon.colcon_core.package_identification:_identify(src/movement/PID_codes/ros_library/micro_ros_arduino/src/micro_ros_msgs/msg/detail/microxrcedds) by extension 'cmake'
[0.279s] Level 1:colcon.colcon_core.package_identification:_identify(src/movement/PID_codes/ros_library/micro_ros_arduino/src/micro_ros_msgs/msg/detail/microxrcedds) by extension 'python'
[0.279s] Level 1:colcon.colcon_core.package_identification:_identify(src/movement/PID_codes/ros_library/micro_ros_arduino/src/micro_ros_msgs/msg/detail/microxrcedds) by extensions ['python_setup_py']
[0.279s] Level 1:colcon.colcon_core.package_identification:_identify(src/movement/PID_codes/ros_library/micro_ros_arduino/src/micro_ros_msgs/msg/detail/microxrcedds) by extension 'python_setup_py'
[0.279s] Level 1:colcon.colcon_core.package_identification:_identify(src/movement/PID_codes/ros_library/micro_ros_arduino/src/microcdr) by extensions ['ignore', 'ignore_ament_install']
[0.279s] Level 1:colcon.colcon_core.package_identification:_identify(src/movement/PID_codes/ros_library/micro_ros_arduino/src/microcdr) by extension 'ignore'
[0.279s] Level 1:colcon.colcon_core.package_identification:_identify(src/movement/PID_codes/ros_library/micro_ros_arduino/src/microcdr) by extension 'ignore_ament_install'
[0.279s] Level 1:colcon.colcon_core.package_identification:_identify(src/movement/PID_codes/ros_library/micro_ros_arduino/src/microcdr) by extensions ['colcon_pkg']
[0.279s] Level 1:colcon.colcon_core.package_identification:_identify(src/movement/PID_codes/ros_library/micro_ros_arduino/src/microcdr) by extension 'colcon_pkg'
[0.279s] Level 1:colcon.colcon_core.package_identification:_identify(src/movement/PID_codes/ros_library/micro_ros_arduino/src/microcdr) by extensions ['colcon_meta']
[0.279s] Level 1:colcon.colcon_core.package_identification:_identify(src/movement/PID_codes/ros_library/micro_ros_arduino/src/microcdr) by extension 'colcon_meta'
[0.279s] Level 1:colcon.colcon_core.package_identification:_identify(src/movement/PID_codes/ros_library/micro_ros_arduino/src/microcdr) by extensions ['ros']
[0.279s] Level 1:colcon.colcon_core.package_identification:_identify(src/movement/PID_codes/ros_library/micro_ros_arduino/src/microcdr) by extension 'ros'
[0.279s] Level 1:colcon.colcon_core.package_identification:_identify(src/movement/PID_codes/ros_library/micro_ros_arduino/src/microcdr) by extensions ['cmake', 'python']
[0.279s] Level 1:colcon.colcon_core.package_identification:_identify(src/movement/PID_codes/ros_library/micro_ros_arduino/src/microcdr) by extension 'cmake'
[0.279s] Level 1:colcon.colcon_core.package_identification:_identify(src/movement/PID_codes/ros_library/micro_ros_arduino/src/microcdr) by extension 'python'
[0.279s] Level 1:colcon.colcon_core.package_identification:_identify(src/movement/PID_codes/ros_library/micro_ros_arduino/src/microcdr) by extensions ['python_setup_py']
[0.279s] Level 1:colcon.colcon_core.package_identification:_identify(src/movement/PID_codes/ros_library/micro_ros_arduino/src/microcdr) by extension 'python_setup_py'
[0.279s] Level 1:colcon.colcon_core.package_identification:_identify(src/movement/PID_codes/ros_library/micro_ros_arduino/src/microxrcedds_client) by extensions ['ignore', 'ignore_ament_install']
[0.279s] Level 1:colcon.colcon_core.package_identification:_identify(src/movement/PID_codes/ros_library/micro_ros_arduino/src/microxrcedds_client) by extension 'ignore'
[0.280s] Level 1:colcon.colcon_core.package_identification:_identify(src/movement/PID_codes/ros_library/micro_ros_arduino/src/microxrcedds_client) by extension 'ignore_ament_install'
[0.280s] Level 1:colcon.colcon_core.package_identification:_identify(src/movement/PID_codes/ros_library/micro_ros_arduino/src/microxrcedds_client) by extensions ['colcon_pkg']
[0.280s] Level 1:colcon.colcon_core.package_identification:_identify(src/movement/PID_codes/ros_library/micro_ros_arduino/src/microxrcedds_client) by extension 'colcon_pkg'
[0.280s] Level 1:colcon.colcon_core.package_identification:_identify(src/movement/PID_codes/ros_library/micro_ros_arduino/src/microxrcedds_client) by extensions ['colcon_meta']
[0.280s] Level 1:colcon.colcon_core.package_identification:_identify(src/movement/PID_codes/ros_library/micro_ros_arduino/src/microxrcedds_client) by extension 'colcon_meta'
[0.280s] Level 1:colcon.colcon_core.package_identification:_identify(src/movement/PID_codes/ros_library/micro_ros_arduino/src/microxrcedds_client) by extensions ['ros']
[0.280s] Level 1:colcon.colcon_core.package_identification:_identify(src/movement/PID_codes/ros_library/micro_ros_arduino/src/microxrcedds_client) by extension 'ros'
[0.280s] Level 1:colcon.colcon_core.package_identification:_identify(src/movement/PID_codes/ros_library/micro_ros_arduino/src/microxrcedds_client) by extensions ['cmake', 'python']
[0.280s] Level 1:colcon.colcon_core.package_identification:_identify(src/movement/PID_codes/ros_library/micro_ros_arduino/src/microxrcedds_client) by extension 'cmake'
[0.280s] Level 1:colcon.colcon_core.package_identification:_identify(src/movement/PID_codes/ros_library/micro_ros_arduino/src/microxrcedds_client) by extension 'python'
[0.280s] Level 1:colcon.colcon_core.package_identification:_identify(src/movement/PID_codes/ros_library/micro_ros_arduino/src/microxrcedds_client) by extensions ['python_setup_py']
[0.280s] Level 1:colcon.colcon_core.package_identification:_identify(src/movement/PID_codes/ros_library/micro_ros_arduino/src/microxrcedds_client) by extension 'python_setup_py'
[0.280s] Level 1:colcon.colcon_core.package_identification:_identify(src/movement/PID_codes/ros_library/micro_ros_arduino/src/nav_msgs) by extensions ['ignore', 'ignore_ament_install']
[0.280s] Level 1:colcon.colcon_core.package_identification:_identify(src/movement/PID_codes/ros_library/micro_ros_arduino/src/nav_msgs) by extension 'ignore'
[0.280s] Level 1:colcon.colcon_core.package_identification:_identify(src/movement/PID_codes/ros_library/micro_ros_arduino/src/nav_msgs) by extension 'ignore_ament_install'
[0.280s] Level 1:colcon.colcon_core.package_identification:_identify(src/movement/PID_codes/ros_library/micro_ros_arduino/src/nav_msgs) by extensions ['colcon_pkg']
[0.280s] Level 1:colcon.colcon_core.package_identification:_identify(src/movement/PID_codes/ros_library/micro_ros_arduino/src/nav_msgs) by extension 'colcon_pkg'
[0.280s] Level 1:colcon.colcon_core.package_identification:_identify(src/movement/PID_codes/ros_library/micro_ros_arduino/src/nav_msgs) by extensions ['colcon_meta']
[0.280s] Level 1:colcon.colcon_core.package_identification:_identify(src/movement/PID_codes/ros_library/micro_ros_arduino/src/nav_msgs) by extension 'colcon_meta'
[0.280s] Level 1:colcon.colcon_core.package_identification:_identify(src/movement/PID_codes/ros_library/micro_ros_arduino/src/nav_msgs) by extensions ['ros']
[0.280s] Level 1:colcon.colcon_core.package_identification:_identify(src/movement/PID_codes/ros_library/micro_ros_arduino/src/nav_msgs) by extension 'ros'
[0.280s] Level 1:colcon.colcon_core.package_identification:_identify(src/movement/PID_codes/ros_library/micro_ros_arduino/src/nav_msgs) by extensions ['cmake', 'python']
[0.280s] Level 1:colcon.colcon_core.package_identification:_identify(src/movement/PID_codes/ros_library/micro_ros_arduino/src/nav_msgs) by extension 'cmake'
[0.280s] Level 1:colcon.colcon_core.package_identification:_identify(src/movement/PID_codes/ros_library/micro_ros_arduino/src/nav_msgs) by extension 'python'
[0.280s] Level 1:colcon.colcon_core.package_identification:_identify(src/movement/PID_codes/ros_library/micro_ros_arduino/src/nav_msgs) by extensions ['python_setup_py']
[0.280s] Level 1:colcon.colcon_core.package_identification:_identify(src/movement/PID_codes/ros_library/micro_ros_arduino/src/nav_msgs) by extension 'python_setup_py'
[0.280s] Level 1:colcon.colcon_core.package_identification:_identify(src/movement/PID_codes/ros_library/micro_ros_arduino/src/nav_msgs/msg) by extensions ['ignore', 'ignore_ament_install']
[0.280s] Level 1:colcon.colcon_core.package_identification:_identify(src/movement/PID_codes/ros_library/micro_ros_arduino/src/nav_msgs/msg) by extension 'ignore'
[0.280s] Level 1:colcon.colcon_core.package_identification:_identify(src/movement/PID_codes/ros_library/micro_ros_arduino/src/nav_msgs/msg) by extension 'ignore_ament_install'
[0.280s] Level 1:colcon.colcon_core.package_identification:_identify(src/movement/PID_codes/ros_library/micro_ros_arduino/src/nav_msgs/msg) by extensions ['colcon_pkg']
[0.280s] Level 1:colcon.colcon_core.package_identification:_identify(src/movement/PID_codes/ros_library/micro_ros_arduino/src/nav_msgs/msg) by extension 'colcon_pkg'
[0.280s] Level 1:colcon.colcon_core.package_identification:_identify(src/movement/PID_codes/ros_library/micro_ros_arduino/src/nav_msgs/msg) by extensions ['colcon_meta']
[0.280s] Level 1:colcon.colcon_core.package_identification:_identify(src/movement/PID_codes/ros_library/micro_ros_arduino/src/nav_msgs/msg) by extension 'colcon_meta'
[0.280s] Level 1:colcon.colcon_core.package_identification:_identify(src/movement/PID_codes/ros_library/micro_ros_arduino/src/nav_msgs/msg) by extensions ['ros']
[0.280s] Level 1:colcon.colcon_core.package_identification:_identify(src/movement/PID_codes/ros_library/micro_ros_arduino/src/nav_msgs/msg) by extension 'ros'
[0.280s] Level 1:colcon.colcon_core.package_identification:_identify(src/movement/PID_codes/ros_library/micro_ros_arduino/src/nav_msgs/msg) by extensions ['cmake', 'python']
[0.280s] Level 1:colcon.colcon_core.package_identification:_identify(src/movement/PID_codes/ros_library/micro_ros_arduino/src/nav_msgs/msg) by extension 'cmake'
[0.281s] Level 1:colcon.colcon_core.package_identification:_identify(src/movement/PID_codes/ros_library/micro_ros_arduino/src/nav_msgs/msg) by extension 'python'
[0.281s] Level 1:colcon.colcon_core.package_identification:_identify(src/movement/PID_codes/ros_library/micro_ros_arduino/src/nav_msgs/msg) by extensions ['python_setup_py']
[0.281s] Level 1:colcon.colcon_core.package_identification:_identify(src/movement/PID_codes/ros_library/micro_ros_arduino/src/nav_msgs/msg) by extension 'python_setup_py'
[0.281s] Level 1:colcon.colcon_core.package_identification:_identify(src/movement/PID_codes/ros_library/micro_ros_arduino/src/nav_msgs/msg/detail) by extensions ['ignore', 'ignore_ament_install']
[0.281s] Level 1:colcon.colcon_core.package_identification:_identify(src/movement/PID_codes/ros_library/micro_ros_arduino/src/nav_msgs/msg/detail) by extension 'ignore'
[0.281s] Level 1:colcon.colcon_core.package_identification:_identify(src/movement/PID_codes/ros_library/micro_ros_arduino/src/nav_msgs/msg/detail) by extension 'ignore_ament_install'
[0.281s] Level 1:colcon.colcon_core.package_identification:_identify(src/movement/PID_codes/ros_library/micro_ros_arduino/src/nav_msgs/msg/detail) by extensions ['colcon_pkg']
[0.281s] Level 1:colcon.colcon_core.package_identification:_identify(src/movement/PID_codes/ros_library/micro_ros_arduino/src/nav_msgs/msg/detail) by extension 'colcon_pkg'
[0.281s] Level 1:colcon.colcon_core.package_identification:_identify(src/movement/PID_codes/ros_library/micro_ros_arduino/src/nav_msgs/msg/detail) by extensions ['colcon_meta']
[0.281s] Level 1:colcon.colcon_core.package_identification:_identify(src/movement/PID_codes/ros_library/micro_ros_arduino/src/nav_msgs/msg/detail) by extension 'colcon_meta'
[0.281s] Level 1:colcon.colcon_core.package_identification:_identify(src/movement/PID_codes/ros_library/micro_ros_arduino/src/nav_msgs/msg/detail) by extensions ['ros']
[0.281s] Level 1:colcon.colcon_core.package_identification:_identify(src/movement/PID_codes/ros_library/micro_ros_arduino/src/nav_msgs/msg/detail) by extension 'ros'
[0.281s] Level 1:colcon.colcon_core.package_identification:_identify(src/movement/PID_codes/ros_library/micro_ros_arduino/src/nav_msgs/msg/detail) by extensions ['cmake', 'python']
[0.281s] Level 1:colcon.colcon_core.package_identification:_identify(src/movement/PID_codes/ros_library/micro_ros_arduino/src/nav_msgs/msg/detail) by extension 'cmake'
[0.281s] Level 1:colcon.colcon_core.package_identification:_identify(src/movement/PID_codes/ros_library/micro_ros_arduino/src/nav_msgs/msg/detail) by extension 'python'
[0.281s] Level 1:colcon.colcon_core.package_identification:_identify(src/movement/PID_codes/ros_library/micro_ros_arduino/src/nav_msgs/msg/detail) by extensions ['python_setup_py']
[0.281s] Level 1:colcon.colcon_core.package_identification:_identify(src/movement/PID_codes/ros_library/micro_ros_arduino/src/nav_msgs/msg/detail) by extension 'python_setup_py'
[0.281s] Level 1:colcon.colcon_core.package_identification:_identify(src/movement/PID_codes/ros_library/micro_ros_arduino/src/nav_msgs/msg/detail/microxrcedds) by extensions ['ignore', 'ignore_ament_install']
[0.281s] Level 1:colcon.colcon_core.package_identification:_identify(src/movement/PID_codes/ros_library/micro_ros_arduino/src/nav_msgs/msg/detail/microxrcedds) by extension 'ignore'
[0.281s] Level 1:colcon.colcon_core.package_identification:_identify(src/movement/PID_codes/ros_library/micro_ros_arduino/src/nav_msgs/msg/detail/microxrcedds) by extension 'ignore_ament_install'
[0.281s] Level 1:colcon.colcon_core.package_identification:_identify(src/movement/PID_codes/ros_library/micro_ros_arduino/src/nav_msgs/msg/detail/microxrcedds) by extensions ['colcon_pkg']
[0.281s] Level 1:colcon.colcon_core.package_identification:_identify(src/movement/PID_codes/ros_library/micro_ros_arduino/src/nav_msgs/msg/detail/microxrcedds) by extension 'colcon_pkg'
[0.281s] Level 1:colcon.colcon_core.package_identification:_identify(src/movement/PID_codes/ros_library/micro_ros_arduino/src/nav_msgs/msg/detail/microxrcedds) by extensions ['colcon_meta']
[0.281s] Level 1:colcon.colcon_core.package_identification:_identify(src/movement/PID_codes/ros_library/micro_ros_arduino/src/nav_msgs/msg/detail/microxrcedds) by extension 'colcon_meta'
[0.281s] Level 1:colcon.colcon_core.package_identification:_identify(src/movement/PID_codes/ros_library/micro_ros_arduino/src/nav_msgs/msg/detail/microxrcedds) by extensions ['ros']
[0.281s] Level 1:colcon.colcon_core.package_identification:_identify(src/movement/PID_codes/ros_library/micro_ros_arduino/src/nav_msgs/msg/detail/microxrcedds) by extension 'ros'
[0.281s] Level 1:colcon.colcon_core.package_identification:_identify(src/movement/PID_codes/ros_library/micro_ros_arduino/src/nav_msgs/msg/detail/microxrcedds) by extensions ['cmake', 'python']
[0.281s] Level 1:colcon.colcon_core.package_identification:_identify(src/movement/PID_codes/ros_library/micro_ros_arduino/src/nav_msgs/msg/detail/microxrcedds) by extension 'cmake'
[0.281s] Level 1:colcon.colcon_core.package_identification:_identify(src/movement/PID_codes/ros_library/micro_ros_arduino/src/nav_msgs/msg/detail/microxrcedds) by extension 'python'
[0.281s] Level 1:colcon.colcon_core.package_identification:_identify(src/movement/PID_codes/ros_library/micro_ros_arduino/src/nav_msgs/msg/detail/microxrcedds) by extensions ['python_setup_py']
[0.281s] Level 1:colcon.colcon_core.package_identification:_identify(src/movement/PID_codes/ros_library/micro_ros_arduino/src/nav_msgs/msg/detail/microxrcedds) by extension 'python_setup_py'
[0.281s] Level 1:colcon.colcon_core.package_identification:_identify(src/movement/PID_codes/ros_library/micro_ros_arduino/src/nav_msgs/srv) by extensions ['ignore', 'ignore_ament_install']
[0.281s] Level 1:colcon.colcon_core.package_identification:_identify(src/movement/PID_codes/ros_library/micro_ros_arduino/src/nav_msgs/srv) by extension 'ignore'
[0.281s] Level 1:colcon.colcon_core.package_identification:_identify(src/movement/PID_codes/ros_library/micro_ros_arduino/src/nav_msgs/srv) by extension 'ignore_ament_install'
[0.281s] Level 1:colcon.colcon_core.package_identification:_identify(src/movement/PID_codes/ros_library/micro_ros_arduino/src/nav_msgs/srv) by extensions ['colcon_pkg']
[0.282s] Level 1:colcon.colcon_core.package_identification:_identify(src/movement/PID_codes/ros_library/micro_ros_arduino/src/nav_msgs/srv) by extension 'colcon_pkg'
[0.282s] Level 1:colcon.colcon_core.package_identification:_identify(src/movement/PID_codes/ros_library/micro_ros_arduino/src/nav_msgs/srv) by extensions ['colcon_meta']
[0.282s] Level 1:colcon.colcon_core.package_identification:_identify(src/movement/PID_codes/ros_library/micro_ros_arduino/src/nav_msgs/srv) by extension 'colcon_meta'
[0.282s] Level 1:colcon.colcon_core.package_identification:_identify(src/movement/PID_codes/ros_library/micro_ros_arduino/src/nav_msgs/srv) by extensions ['ros']
[0.282s] Level 1:colcon.colcon_core.package_identification:_identify(src/movement/PID_codes/ros_library/micro_ros_arduino/src/nav_msgs/srv) by extension 'ros'
[0.282s] Level 1:colcon.colcon_core.package_identification:_identify(src/movement/PID_codes/ros_library/micro_ros_arduino/src/nav_msgs/srv) by extensions ['cmake', 'python']
[0.282s] Level 1:colcon.colcon_core.package_identification:_identify(src/movement/PID_codes/ros_library/micro_ros_arduino/src/nav_msgs/srv) by extension 'cmake'
[0.282s] Level 1:colcon.colcon_core.package_identification:_identify(src/movement/PID_codes/ros_library/micro_ros_arduino/src/nav_msgs/srv) by extension 'python'
[0.282s] Level 1:colcon.colcon_core.package_identification:_identify(src/movement/PID_codes/ros_library/micro_ros_arduino/src/nav_msgs/srv) by extensions ['python_setup_py']
[0.282s] Level 1:colcon.colcon_core.package_identification:_identify(src/movement/PID_codes/ros_library/micro_ros_arduino/src/nav_msgs/srv) by extension 'python_setup_py'
[0.282s] Level 1:colcon.colcon_core.package_identification:_identify(src/movement/PID_codes/ros_library/micro_ros_arduino/src/nav_msgs/srv/detail) by extensions ['ignore', 'ignore_ament_install']
[0.282s] Level 1:colcon.colcon_core.package_identification:_identify(src/movement/PID_codes/ros_library/micro_ros_arduino/src/nav_msgs/srv/detail) by extension 'ignore'
[0.282s] Level 1:colcon.colcon_core.package_identification:_identify(src/movement/PID_codes/ros_library/micro_ros_arduino/src/nav_msgs/srv/detail) by extension 'ignore_ament_install'
[0.282s] Level 1:colcon.colcon_core.package_identification:_identify(src/movement/PID_codes/ros_library/micro_ros_arduino/src/nav_msgs/srv/detail) by extensions ['colcon_pkg']
[0.282s] Level 1:colcon.colcon_core.package_identification:_identify(src/movement/PID_codes/ros_library/micro_ros_arduino/src/nav_msgs/srv/detail) by extension 'colcon_pkg'
[0.282s] Level 1:colcon.colcon_core.package_identification:_identify(src/movement/PID_codes/ros_library/micro_ros_arduino/src/nav_msgs/srv/detail) by extensions ['colcon_meta']
[0.282s] Level 1:colcon.colcon_core.package_identification:_identify(src/movement/PID_codes/ros_library/micro_ros_arduino/src/nav_msgs/srv/detail) by extension 'colcon_meta'
[0.282s] Level 1:colcon.colcon_core.package_identification:_identify(src/movement/PID_codes/ros_library/micro_ros_arduino/src/nav_msgs/srv/detail) by extensions ['ros']
[0.282s] Level 1:colcon.colcon_core.package_identification:_identify(src/movement/PID_codes/ros_library/micro_ros_arduino/src/nav_msgs/srv/detail) by extension 'ros'
[0.282s] Level 1:colcon.colcon_core.package_identification:_identify(src/movement/PID_codes/ros_library/micro_ros_arduino/src/nav_msgs/srv/detail) by extensions ['cmake', 'python']
[0.282s] Level 1:colcon.colcon_core.package_identification:_identify(src/movement/PID_codes/ros_library/micro_ros_arduino/src/nav_msgs/srv/detail) by extension 'cmake'
[0.282s] Level 1:colcon.colcon_core.package_identification:_identify(src/movement/PID_codes/ros_library/micro_ros_arduino/src/nav_msgs/srv/detail) by extension 'python'
[0.282s] Level 1:colcon.colcon_core.package_identification:_identify(src/movement/PID_codes/ros_library/micro_ros_arduino/src/nav_msgs/srv/detail) by extensions ['python_setup_py']
[0.282s] Level 1:colcon.colcon_core.package_identification:_identify(src/movement/PID_codes/ros_library/micro_ros_arduino/src/nav_msgs/srv/detail) by extension 'python_setup_py'
[0.282s] Level 1:colcon.colcon_core.package_identification:_identify(src/movement/PID_codes/ros_library/micro_ros_arduino/src/nav_msgs/srv/detail/microxrcedds) by extensions ['ignore', 'ignore_ament_install']
[0.282s] Level 1:colcon.colcon_core.package_identification:_identify(src/movement/PID_codes/ros_library/micro_ros_arduino/src/nav_msgs/srv/detail/microxrcedds) by extension 'ignore'
[0.282s] Level 1:colcon.colcon_core.package_identification:_identify(src/movement/PID_codes/ros_library/micro_ros_arduino/src/nav_msgs/srv/detail/microxrcedds) by extension 'ignore_ament_install'
[0.282s] Level 1:colcon.colcon_core.package_identification:_identify(src/movement/PID_codes/ros_library/micro_ros_arduino/src/nav_msgs/srv/detail/microxrcedds) by extensions ['colcon_pkg']
[0.282s] Level 1:colcon.colcon_core.package_identification:_identify(src/movement/PID_codes/ros_library/micro_ros_arduino/src/nav_msgs/srv/detail/microxrcedds) by extension 'colcon_pkg'
[0.282s] Level 1:colcon.colcon_core.package_identification:_identify(src/movement/PID_codes/ros_library/micro_ros_arduino/src/nav_msgs/srv/detail/microxrcedds) by extensions ['colcon_meta']
[0.282s] Level 1:colcon.colcon_core.package_identification:_identify(src/movement/PID_codes/ros_library/micro_ros_arduino/src/nav_msgs/srv/detail/microxrcedds) by extension 'colcon_meta'
[0.282s] Level 1:colcon.colcon_core.package_identification:_identify(src/movement/PID_codes/ros_library/micro_ros_arduino/src/nav_msgs/srv/detail/microxrcedds) by extensions ['ros']
[0.282s] Level 1:colcon.colcon_core.package_identification:_identify(src/movement/PID_codes/ros_library/micro_ros_arduino/src/nav_msgs/srv/detail/microxrcedds) by extension 'ros'
[0.282s] Level 1:colcon.colcon_core.package_identification:_identify(src/movement/PID_codes/ros_library/micro_ros_arduino/src/nav_msgs/srv/detail/microxrcedds) by extensions ['cmake', 'python']
[0.282s] Level 1:colcon.colcon_core.package_identification:_identify(src/movement/PID_codes/ros_library/micro_ros_arduino/src/nav_msgs/srv/detail/microxrcedds) by extension 'cmake'
[0.282s] Level 1:colcon.colcon_core.package_identification:_identify(src/movement/PID_codes/ros_library/micro_ros_arduino/src/nav_msgs/srv/detail/microxrcedds) by extension 'python'
[0.282s] Level 1:colcon.colcon_core.package_identification:_identify(src/movement/PID_codes/ros_library/micro_ros_arduino/src/nav_msgs/srv/detail/microxrcedds) by extensions ['python_setup_py']
[0.283s] Level 1:colcon.colcon_core.package_identification:_identify(src/movement/PID_codes/ros_library/micro_ros_arduino/src/nav_msgs/srv/detail/microxrcedds) by extension 'python_setup_py'
[0.283s] Level 1:colcon.colcon_core.package_identification:_identify(src/movement/PID_codes/ros_library/micro_ros_arduino/src/potmessage) by extensions ['ignore', 'ignore_ament_install']
[0.283s] Level 1:colcon.colcon_core.package_identification:_identify(src/movement/PID_codes/ros_library/micro_ros_arduino/src/potmessage) by extension 'ignore'
[0.283s] Level 1:colcon.colcon_core.package_identification:_identify(src/movement/PID_codes/ros_library/micro_ros_arduino/src/potmessage) by extension 'ignore_ament_install'
[0.283s] Level 1:colcon.colcon_core.package_identification:_identify(src/movement/PID_codes/ros_library/micro_ros_arduino/src/potmessage) by extensions ['colcon_pkg']
[0.283s] Level 1:colcon.colcon_core.package_identification:_identify(src/movement/PID_codes/ros_library/micro_ros_arduino/src/potmessage) by extension 'colcon_pkg'
[0.283s] Level 1:colcon.colcon_core.package_identification:_identify(src/movement/PID_codes/ros_library/micro_ros_arduino/src/potmessage) by extensions ['colcon_meta']
[0.283s] Level 1:colcon.colcon_core.package_identification:_identify(src/movement/PID_codes/ros_library/micro_ros_arduino/src/potmessage) by extension 'colcon_meta'
[0.283s] Level 1:colcon.colcon_core.package_identification:_identify(src/movement/PID_codes/ros_library/micro_ros_arduino/src/potmessage) by extensions ['ros']
[0.283s] Level 1:colcon.colcon_core.package_identification:_identify(src/movement/PID_codes/ros_library/micro_ros_arduino/src/potmessage) by extension 'ros'
[0.283s] Level 1:colcon.colcon_core.package_identification:_identify(src/movement/PID_codes/ros_library/micro_ros_arduino/src/potmessage) by extensions ['cmake', 'python']
[0.283s] Level 1:colcon.colcon_core.package_identification:_identify(src/movement/PID_codes/ros_library/micro_ros_arduino/src/potmessage) by extension 'cmake'
[0.283s] Level 1:colcon.colcon_core.package_identification:_identify(src/movement/PID_codes/ros_library/micro_ros_arduino/src/potmessage) by extension 'python'
[0.283s] Level 1:colcon.colcon_core.package_identification:_identify(src/movement/PID_codes/ros_library/micro_ros_arduino/src/potmessage) by extensions ['python_setup_py']
[0.283s] Level 1:colcon.colcon_core.package_identification:_identify(src/movement/PID_codes/ros_library/micro_ros_arduino/src/potmessage) by extension 'python_setup_py'
[0.283s] Level 1:colcon.colcon_core.package_identification:_identify(src/movement/PID_codes/ros_library/micro_ros_arduino/src/potmessage/msg) by extensions ['ignore', 'ignore_ament_install']
[0.283s] Level 1:colcon.colcon_core.package_identification:_identify(src/movement/PID_codes/ros_library/micro_ros_arduino/src/potmessage/msg) by extension 'ignore'
[0.283s] Level 1:colcon.colcon_core.package_identification:_identify(src/movement/PID_codes/ros_library/micro_ros_arduino/src/potmessage/msg) by extension 'ignore_ament_install'
[0.283s] Level 1:colcon.colcon_core.package_identification:_identify(src/movement/PID_codes/ros_library/micro_ros_arduino/src/potmessage/msg) by extensions ['colcon_pkg']
[0.283s] Level 1:colcon.colcon_core.package_identification:_identify(src/movement/PID_codes/ros_library/micro_ros_arduino/src/potmessage/msg) by extension 'colcon_pkg'
[0.283s] Level 1:colcon.colcon_core.package_identification:_identify(src/movement/PID_codes/ros_library/micro_ros_arduino/src/potmessage/msg) by extensions ['colcon_meta']
[0.283s] Level 1:colcon.colcon_core.package_identification:_identify(src/movement/PID_codes/ros_library/micro_ros_arduino/src/potmessage/msg) by extension 'colcon_meta'
[0.283s] Level 1:colcon.colcon_core.package_identification:_identify(src/movement/PID_codes/ros_library/micro_ros_arduino/src/potmessage/msg) by extensions ['ros']
[0.283s] Level 1:colcon.colcon_core.package_identification:_identify(src/movement/PID_codes/ros_library/micro_ros_arduino/src/potmessage/msg) by extension 'ros'
[0.283s] Level 1:colcon.colcon_core.package_identification:_identify(src/movement/PID_codes/ros_library/micro_ros_arduino/src/potmessage/msg) by extensions ['cmake', 'python']
[0.283s] Level 1:colcon.colcon_core.package_identification:_identify(src/movement/PID_codes/ros_library/micro_ros_arduino/src/potmessage/msg) by extension 'cmake'
[0.283s] Level 1:colcon.colcon_core.package_identification:_identify(src/movement/PID_codes/ros_library/micro_ros_arduino/src/potmessage/msg) by extension 'python'
[0.283s] Level 1:colcon.colcon_core.package_identification:_identify(src/movement/PID_codes/ros_library/micro_ros_arduino/src/potmessage/msg) by extensions ['python_setup_py']
[0.283s] Level 1:colcon.colcon_core.package_identification:_identify(src/movement/PID_codes/ros_library/micro_ros_arduino/src/potmessage/msg) by extension 'python_setup_py'
[0.283s] Level 1:colcon.colcon_core.package_identification:_identify(src/movement/PID_codes/ros_library/micro_ros_arduino/src/potmessage/msg/detail) by extensions ['ignore', 'ignore_ament_install']
[0.283s] Level 1:colcon.colcon_core.package_identification:_identify(src/movement/PID_codes/ros_library/micro_ros_arduino/src/potmessage/msg/detail) by extension 'ignore'
[0.283s] Level 1:colcon.colcon_core.package_identification:_identify(src/movement/PID_codes/ros_library/micro_ros_arduino/src/potmessage/msg/detail) by extension 'ignore_ament_install'
[0.283s] Level 1:colcon.colcon_core.package_identification:_identify(src/movement/PID_codes/ros_library/micro_ros_arduino/src/potmessage/msg/detail) by extensions ['colcon_pkg']
[0.283s] Level 1:colcon.colcon_core.package_identification:_identify(src/movement/PID_codes/ros_library/micro_ros_arduino/src/potmessage/msg/detail) by extension 'colcon_pkg'
[0.283s] Level 1:colcon.colcon_core.package_identification:_identify(src/movement/PID_codes/ros_library/micro_ros_arduino/src/potmessage/msg/detail) by extensions ['colcon_meta']
[0.283s] Level 1:colcon.colcon_core.package_identification:_identify(src/movement/PID_codes/ros_library/micro_ros_arduino/src/potmessage/msg/detail) by extension 'colcon_meta'
[0.284s] Level 1:colcon.colcon_core.package_identification:_identify(src/movement/PID_codes/ros_library/micro_ros_arduino/src/potmessage/msg/detail) by extensions ['ros']
[0.284s] Level 1:colcon.colcon_core.package_identification:_identify(src/movement/PID_codes/ros_library/micro_ros_arduino/src/potmessage/msg/detail) by extension 'ros'
[0.284s] Level 1:colcon.colcon_core.package_identification:_identify(src/movement/PID_codes/ros_library/micro_ros_arduino/src/potmessage/msg/detail) by extensions ['cmake', 'python']
[0.284s] Level 1:colcon.colcon_core.package_identification:_identify(src/movement/PID_codes/ros_library/micro_ros_arduino/src/potmessage/msg/detail) by extension 'cmake'
[0.284s] Level 1:colcon.colcon_core.package_identification:_identify(src/movement/PID_codes/ros_library/micro_ros_arduino/src/potmessage/msg/detail) by extension 'python'
[0.284s] Level 1:colcon.colcon_core.package_identification:_identify(src/movement/PID_codes/ros_library/micro_ros_arduino/src/potmessage/msg/detail) by extensions ['python_setup_py']
[0.284s] Level 1:colcon.colcon_core.package_identification:_identify(src/movement/PID_codes/ros_library/micro_ros_arduino/src/potmessage/msg/detail) by extension 'python_setup_py'
[0.284s] Level 1:colcon.colcon_core.package_identification:_identify(src/movement/PID_codes/ros_library/micro_ros_arduino/src/potmessage/msg/detail/microxrcedds) by extensions ['ignore', 'ignore_ament_install']
[0.284s] Level 1:colcon.colcon_core.package_identification:_identify(src/movement/PID_codes/ros_library/micro_ros_arduino/src/potmessage/msg/detail/microxrcedds) by extension 'ignore'
[0.284s] Level 1:colcon.colcon_core.package_identification:_identify(src/movement/PID_codes/ros_library/micro_ros_arduino/src/potmessage/msg/detail/microxrcedds) by extension 'ignore_ament_install'
[0.284s] Level 1:colcon.colcon_core.package_identification:_identify(src/movement/PID_codes/ros_library/micro_ros_arduino/src/potmessage/msg/detail/microxrcedds) by extensions ['colcon_pkg']
[0.284s] Level 1:colcon.colcon_core.package_identification:_identify(src/movement/PID_codes/ros_library/micro_ros_arduino/src/potmessage/msg/detail/microxrcedds) by extension 'colcon_pkg'
[0.284s] Level 1:colcon.colcon_core.package_identification:_identify(src/movement/PID_codes/ros_library/micro_ros_arduino/src/potmessage/msg/detail/microxrcedds) by extensions ['colcon_meta']
[0.284s] Level 1:colcon.colcon_core.package_identification:_identify(src/movement/PID_codes/ros_library/micro_ros_arduino/src/potmessage/msg/detail/microxrcedds) by extension 'colcon_meta'
[0.284s] Level 1:colcon.colcon_core.package_identification:_identify(src/movement/PID_codes/ros_library/micro_ros_arduino/src/potmessage/msg/detail/microxrcedds) by extensions ['ros']
[0.284s] Level 1:colcon.colcon_core.package_identification:_identify(src/movement/PID_codes/ros_library/micro_ros_arduino/src/potmessage/msg/detail/microxrcedds) by extension 'ros'
[0.284s] Level 1:colcon.colcon_core.package_identification:_identify(src/movement/PID_codes/ros_library/micro_ros_arduino/src/potmessage/msg/detail/microxrcedds) by extensions ['cmake', 'python']
[0.284s] Level 1:colcon.colcon_core.package_identification:_identify(src/movement/PID_codes/ros_library/micro_ros_arduino/src/potmessage/msg/detail/microxrcedds) by extension 'cmake'
[0.284s] Level 1:colcon.colcon_core.package_identification:_identify(src/movement/PID_codes/ros_library/micro_ros_arduino/src/potmessage/msg/detail/microxrcedds) by extension 'python'
[0.284s] Level 1:colcon.colcon_core.package_identification:_identify(src/movement/PID_codes/ros_library/micro_ros_arduino/src/potmessage/msg/detail/microxrcedds) by extensions ['python_setup_py']
[0.284s] Level 1:colcon.colcon_core.package_identification:_identify(src/movement/PID_codes/ros_library/micro_ros_arduino/src/potmessage/msg/detail/microxrcedds) by extension 'python_setup_py'
[0.284s] Level 1:colcon.colcon_core.package_identification:_identify(src/movement/PID_codes/ros_library/micro_ros_arduino/src/rcl_interfaces) by extensions ['ignore', 'ignore_ament_install']
[0.284s] Level 1:colcon.colcon_core.package_identification:_identify(src/movement/PID_codes/ros_library/micro_ros_arduino/src/rcl_interfaces) by extension 'ignore'
[0.284s] Level 1:colcon.colcon_core.package_identification:_identify(src/movement/PID_codes/ros_library/micro_ros_arduino/src/rcl_interfaces) by extension 'ignore_ament_install'
[0.284s] Level 1:colcon.colcon_core.package_identification:_identify(src/movement/PID_codes/ros_library/micro_ros_arduino/src/rcl_interfaces) by extensions ['colcon_pkg']
[0.284s] Level 1:colcon.colcon_core.package_identification:_identify(src/movement/PID_codes/ros_library/micro_ros_arduino/src/rcl_interfaces) by extension 'colcon_pkg'
[0.284s] Level 1:colcon.colcon_core.package_identification:_identify(src/movement/PID_codes/ros_library/micro_ros_arduino/src/rcl_interfaces) by extensions ['colcon_meta']
[0.284s] Level 1:colcon.colcon_core.package_identification:_identify(src/movement/PID_codes/ros_library/micro_ros_arduino/src/rcl_interfaces) by extension 'colcon_meta'
[0.284s] Level 1:colcon.colcon_core.package_identification:_identify(src/movement/PID_codes/ros_library/micro_ros_arduino/src/rcl_interfaces) by extensions ['ros']
[0.284s] Level 1:colcon.colcon_core.package_identification:_identify(src/movement/PID_codes/ros_library/micro_ros_arduino/src/rcl_interfaces) by extension 'ros'
[0.284s] Level 1:colcon.colcon_core.package_identification:_identify(src/movement/PID_codes/ros_library/micro_ros_arduino/src/rcl_interfaces) by extensions ['cmake', 'python']
[0.284s] Level 1:colcon.colcon_core.package_identification:_identify(src/movement/PID_codes/ros_library/micro_ros_arduino/src/rcl_interfaces) by extension 'cmake'
[0.284s] Level 1:colcon.colcon_core.package_identification:_identify(src/movement/PID_codes/ros_library/micro_ros_arduino/src/rcl_interfaces) by extension 'python'
[0.284s] Level 1:colcon.colcon_core.package_identification:_identify(src/movement/PID_codes/ros_library/micro_ros_arduino/src/rcl_interfaces) by extensions ['python_setup_py']
[0.284s] Level 1:colcon.colcon_core.package_identification:_identify(src/movement/PID_codes/ros_library/micro_ros_arduino/src/rcl_interfaces) by extension 'python_setup_py'
[0.285s] Level 1:colcon.colcon_core.package_identification:_identify(src/movement/PID_codes/ros_library/micro_ros_arduino/src/rcl_interfaces/msg) by extensions ['ignore', 'ignore_ament_install']
[0.285s] Level 1:colcon.colcon_core.package_identification:_identify(src/movement/PID_codes/ros_library/micro_ros_arduino/src/rcl_interfaces/msg) by extension 'ignore'
[0.285s] Level 1:colcon.colcon_core.package_identification:_identify(src/movement/PID_codes/ros_library/micro_ros_arduino/src/rcl_interfaces/msg) by extension 'ignore_ament_install'
[0.285s] Level 1:colcon.colcon_core.package_identification:_identify(src/movement/PID_codes/ros_library/micro_ros_arduino/src/rcl_interfaces/msg) by extensions ['colcon_pkg']
[0.285s] Level 1:colcon.colcon_core.package_identification:_identify(src/movement/PID_codes/ros_library/micro_ros_arduino/src/rcl_interfaces/msg) by extension 'colcon_pkg'
[0.285s] Level 1:colcon.colcon_core.package_identification:_identify(src/movement/PID_codes/ros_library/micro_ros_arduino/src/rcl_interfaces/msg) by extensions ['colcon_meta']
[0.285s] Level 1:colcon.colcon_core.package_identification:_identify(src/movement/PID_codes/ros_library/micro_ros_arduino/src/rcl_interfaces/msg) by extension 'colcon_meta'
[0.285s] Level 1:colcon.colcon_core.package_identification:_identify(src/movement/PID_codes/ros_library/micro_ros_arduino/src/rcl_interfaces/msg) by extensions ['ros']
[0.285s] Level 1:colcon.colcon_core.package_identification:_identify(src/movement/PID_codes/ros_library/micro_ros_arduino/src/rcl_interfaces/msg) by extension 'ros'
[0.285s] Level 1:colcon.colcon_core.package_identification:_identify(src/movement/PID_codes/ros_library/micro_ros_arduino/src/rcl_interfaces/msg) by extensions ['cmake', 'python']
[0.285s] Level 1:colcon.colcon_core.package_identification:_identify(src/movement/PID_codes/ros_library/micro_ros_arduino/src/rcl_interfaces/msg) by extension 'cmake'
[0.285s] Level 1:colcon.colcon_core.package_identification:_identify(src/movement/PID_codes/ros_library/micro_ros_arduino/src/rcl_interfaces/msg) by extension 'python'
[0.285s] Level 1:colcon.colcon_core.package_identification:_identify(src/movement/PID_codes/ros_library/micro_ros_arduino/src/rcl_interfaces/msg) by extensions ['python_setup_py']
[0.285s] Level 1:colcon.colcon_core.package_identification:_identify(src/movement/PID_codes/ros_library/micro_ros_arduino/src/rcl_interfaces/msg) by extension 'python_setup_py'
[0.285s] Level 1:colcon.colcon_core.package_identification:_identify(src/movement/PID_codes/ros_library/micro_ros_arduino/src/rcl_interfaces/msg/detail) by extensions ['ignore', 'ignore_ament_install']
[0.285s] Level 1:colcon.colcon_core.package_identification:_identify(src/movement/PID_codes/ros_library/micro_ros_arduino/src/rcl_interfaces/msg/detail) by extension 'ignore'
[0.285s] Level 1:colcon.colcon_core.package_identification:_identify(src/movement/PID_codes/ros_library/micro_ros_arduino/src/rcl_interfaces/msg/detail) by extension 'ignore_ament_install'
[0.285s] Level 1:colcon.colcon_core.package_identification:_identify(src/movement/PID_codes/ros_library/micro_ros_arduino/src/rcl_interfaces/msg/detail) by extensions ['colcon_pkg']
[0.285s] Level 1:colcon.colcon_core.package_identification:_identify(src/movement/PID_codes/ros_library/micro_ros_arduino/src/rcl_interfaces/msg/detail) by extension 'colcon_pkg'
[0.285s] Level 1:colcon.colcon_core.package_identification:_identify(src/movement/PID_codes/ros_library/micro_ros_arduino/src/rcl_interfaces/msg/detail) by extensions ['colcon_meta']
[0.285s] Level 1:colcon.colcon_core.package_identification:_identify(src/movement/PID_codes/ros_library/micro_ros_arduino/src/rcl_interfaces/msg/detail) by extension 'colcon_meta'
[0.285s] Level 1:colcon.colcon_core.package_identification:_identify(src/movement/PID_codes/ros_library/micro_ros_arduino/src/rcl_interfaces/msg/detail) by extensions ['ros']
[0.285s] Level 1:colcon.colcon_core.package_identification:_identify(src/movement/PID_codes/ros_library/micro_ros_arduino/src/rcl_interfaces/msg/detail) by extension 'ros'
[0.285s] Level 1:colcon.colcon_core.package_identification:_identify(src/movement/PID_codes/ros_library/micro_ros_arduino/src/rcl_interfaces/msg/detail) by extensions ['cmake', 'python']
[0.285s] Level 1:colcon.colcon_core.package_identification:_identify(src/movement/PID_codes/ros_library/micro_ros_arduino/src/rcl_interfaces/msg/detail) by extension 'cmake'
[0.285s] Level 1:colcon.colcon_core.package_identification:_identify(src/movement/PID_codes/ros_library/micro_ros_arduino/src/rcl_interfaces/msg/detail) by extension 'python'
[0.285s] Level 1:colcon.colcon_core.package_identification:_identify(src/movement/PID_codes/ros_library/micro_ros_arduino/src/rcl_interfaces/msg/detail) by extensions ['python_setup_py']
[0.285s] Level 1:colcon.colcon_core.package_identification:_identify(src/movement/PID_codes/ros_library/micro_ros_arduino/src/rcl_interfaces/msg/detail) by extension 'python_setup_py'
[0.285s] Level 1:colcon.colcon_core.package_identification:_identify(src/movement/PID_codes/ros_library/micro_ros_arduino/src/rcl_interfaces/msg/detail/microxrcedds) by extensions ['ignore', 'ignore_ament_install']
[0.285s] Level 1:colcon.colcon_core.package_identification:_identify(src/movement/PID_codes/ros_library/micro_ros_arduino/src/rcl_interfaces/msg/detail/microxrcedds) by extension 'ignore'
[0.285s] Level 1:colcon.colcon_core.package_identification:_identify(src/movement/PID_codes/ros_library/micro_ros_arduino/src/rcl_interfaces/msg/detail/microxrcedds) by extension 'ignore_ament_install'
[0.285s] Level 1:colcon.colcon_core.package_identification:_identify(src/movement/PID_codes/ros_library/micro_ros_arduino/src/rcl_interfaces/msg/detail/microxrcedds) by extensions ['colcon_pkg']
[0.285s] Level 1:colcon.colcon_core.package_identification:_identify(src/movement/PID_codes/ros_library/micro_ros_arduino/src/rcl_interfaces/msg/detail/microxrcedds) by extension 'colcon_pkg'
[0.285s] Level 1:colcon.colcon_core.package_identification:_identify(src/movement/PID_codes/ros_library/micro_ros_arduino/src/rcl_interfaces/msg/detail/microxrcedds) by extensions ['colcon_meta']
[0.285s] Level 1:colcon.colcon_core.package_identification:_identify(src/movement/PID_codes/ros_library/micro_ros_arduino/src/rcl_interfaces/msg/detail/microxrcedds) by extension 'colcon_meta'
[0.285s] Level 1:colcon.colcon_core.package_identification:_identify(src/movement/PID_codes/ros_library/micro_ros_arduino/src/rcl_interfaces/msg/detail/microxrcedds) by extensions ['ros']
[0.286s] Level 1:colcon.colcon_core.package_identification:_identify(src/movement/PID_codes/ros_library/micro_ros_arduino/src/rcl_interfaces/msg/detail/microxrcedds) by extension 'ros'
[0.286s] Level 1:colcon.colcon_core.package_identification:_identify(src/movement/PID_codes/ros_library/micro_ros_arduino/src/rcl_interfaces/msg/detail/microxrcedds) by extensions ['cmake', 'python']
[0.286s] Level 1:colcon.colcon_core.package_identification:_identify(src/movement/PID_codes/ros_library/micro_ros_arduino/src/rcl_interfaces/msg/detail/microxrcedds) by extension 'cmake'
[0.286s] Level 1:colcon.colcon_core.package_identification:_identify(src/movement/PID_codes/ros_library/micro_ros_arduino/src/rcl_interfaces/msg/detail/microxrcedds) by extension 'python'
[0.286s] Level 1:colcon.colcon_core.package_identification:_identify(src/movement/PID_codes/ros_library/micro_ros_arduino/src/rcl_interfaces/msg/detail/microxrcedds) by extensions ['python_setup_py']
[0.286s] Level 1:colcon.colcon_core.package_identification:_identify(src/movement/PID_codes/ros_library/micro_ros_arduino/src/rcl_interfaces/msg/detail/microxrcedds) by extension 'python_setup_py'
[0.286s] Level 1:colcon.colcon_core.package_identification:_identify(src/movement/PID_codes/ros_library/micro_ros_arduino/src/rcl_interfaces/srv) by extensions ['ignore', 'ignore_ament_install']
[0.286s] Level 1:colcon.colcon_core.package_identification:_identify(src/movement/PID_codes/ros_library/micro_ros_arduino/src/rcl_interfaces/srv) by extension 'ignore'
[0.286s] Level 1:colcon.colcon_core.package_identification:_identify(src/movement/PID_codes/ros_library/micro_ros_arduino/src/rcl_interfaces/srv) by extension 'ignore_ament_install'
[0.286s] Level 1:colcon.colcon_core.package_identification:_identify(src/movement/PID_codes/ros_library/micro_ros_arduino/src/rcl_interfaces/srv) by extensions ['colcon_pkg']
[0.286s] Level 1:colcon.colcon_core.package_identification:_identify(src/movement/PID_codes/ros_library/micro_ros_arduino/src/rcl_interfaces/srv) by extension 'colcon_pkg'
[0.286s] Level 1:colcon.colcon_core.package_identification:_identify(src/movement/PID_codes/ros_library/micro_ros_arduino/src/rcl_interfaces/srv) by extensions ['colcon_meta']
[0.286s] Level 1:colcon.colcon_core.package_identification:_identify(src/movement/PID_codes/ros_library/micro_ros_arduino/src/rcl_interfaces/srv) by extension 'colcon_meta'
[0.286s] Level 1:colcon.colcon_core.package_identification:_identify(src/movement/PID_codes/ros_library/micro_ros_arduino/src/rcl_interfaces/srv) by extensions ['ros']
[0.286s] Level 1:colcon.colcon_core.package_identification:_identify(src/movement/PID_codes/ros_library/micro_ros_arduino/src/rcl_interfaces/srv) by extension 'ros'
[0.286s] Level 1:colcon.colcon_core.package_identification:_identify(src/movement/PID_codes/ros_library/micro_ros_arduino/src/rcl_interfaces/srv) by extensions ['cmake', 'python']
[0.286s] Level 1:colcon.colcon_core.package_identification:_identify(src/movement/PID_codes/ros_library/micro_ros_arduino/src/rcl_interfaces/srv) by extension 'cmake'
[0.286s] Level 1:colcon.colcon_core.package_identification:_identify(src/movement/PID_codes/ros_library/micro_ros_arduino/src/rcl_interfaces/srv) by extension 'python'
[0.286s] Level 1:colcon.colcon_core.package_identification:_identify(src/movement/PID_codes/ros_library/micro_ros_arduino/src/rcl_interfaces/srv) by extensions ['python_setup_py']
[0.286s] Level 1:colcon.colcon_core.package_identification:_identify(src/movement/PID_codes/ros_library/micro_ros_arduino/src/rcl_interfaces/srv) by extension 'python_setup_py'
[0.286s] Level 1:colcon.colcon_core.package_identification:_identify(src/movement/PID_codes/ros_library/micro_ros_arduino/src/rcl_interfaces/srv/detail) by extensions ['ignore', 'ignore_ament_install']
[0.286s] Level 1:colcon.colcon_core.package_identification:_identify(src/movement/PID_codes/ros_library/micro_ros_arduino/src/rcl_interfaces/srv/detail) by extension 'ignore'
[0.286s] Level 1:colcon.colcon_core.package_identification:_identify(src/movement/PID_codes/ros_library/micro_ros_arduino/src/rcl_interfaces/srv/detail) by extension 'ignore_ament_install'
[0.286s] Level 1:colcon.colcon_core.package_identification:_identify(src/movement/PID_codes/ros_library/micro_ros_arduino/src/rcl_interfaces/srv/detail) by extensions ['colcon_pkg']
[0.286s] Level 1:colcon.colcon_core.package_identification:_identify(src/movement/PID_codes/ros_library/micro_ros_arduino/src/rcl_interfaces/srv/detail) by extension 'colcon_pkg'
[0.286s] Level 1:colcon.colcon_core.package_identification:_identify(src/movement/PID_codes/ros_library/micro_ros_arduino/src/rcl_interfaces/srv/detail) by extensions ['colcon_meta']
[0.286s] Level 1:colcon.colcon_core.package_identification:_identify(src/movement/PID_codes/ros_library/micro_ros_arduino/src/rcl_interfaces/srv/detail) by extension 'colcon_meta'
[0.286s] Level 1:colcon.colcon_core.package_identification:_identify(src/movement/PID_codes/ros_library/micro_ros_arduino/src/rcl_interfaces/srv/detail) by extensions ['ros']
[0.286s] Level 1:colcon.colcon_core.package_identification:_identify(src/movement/PID_codes/ros_library/micro_ros_arduino/src/rcl_interfaces/srv/detail) by extension 'ros'
[0.286s] Level 1:colcon.colcon_core.package_identification:_identify(src/movement/PID_codes/ros_library/micro_ros_arduino/src/rcl_interfaces/srv/detail) by extensions ['cmake', 'python']
[0.286s] Level 1:colcon.colcon_core.package_identification:_identify(src/movement/PID_codes/ros_library/micro_ros_arduino/src/rcl_interfaces/srv/detail) by extension 'cmake'
[0.286s] Level 1:colcon.colcon_core.package_identification:_identify(src/movement/PID_codes/ros_library/micro_ros_arduino/src/rcl_interfaces/srv/detail) by extension 'python'
[0.286s] Level 1:colcon.colcon_core.package_identification:_identify(src/movement/PID_codes/ros_library/micro_ros_arduino/src/rcl_interfaces/srv/detail) by extensions ['python_setup_py']
[0.286s] Level 1:colcon.colcon_core.package_identification:_identify(src/movement/PID_codes/ros_library/micro_ros_arduino/src/rcl_interfaces/srv/detail) by extension 'python_setup_py'
[0.286s] Level 1:colcon.colcon_core.package_identification:_identify(src/movement/PID_codes/ros_library/micro_ros_arduino/src/rcl_interfaces/srv/detail/microxrcedds) by extensions ['ignore', 'ignore_ament_install']
[0.287s] Level 1:colcon.colcon_core.package_identification:_identify(src/movement/PID_codes/ros_library/micro_ros_arduino/src/rcl_interfaces/srv/detail/microxrcedds) by extension 'ignore'
[0.287s] Level 1:colcon.colcon_core.package_identification:_identify(src/movement/PID_codes/ros_library/micro_ros_arduino/src/rcl_interfaces/srv/detail/microxrcedds) by extension 'ignore_ament_install'
[0.287s] Level 1:colcon.colcon_core.package_identification:_identify(src/movement/PID_codes/ros_library/micro_ros_arduino/src/rcl_interfaces/srv/detail/microxrcedds) by extensions ['colcon_pkg']
[0.287s] Level 1:colcon.colcon_core.package_identification:_identify(src/movement/PID_codes/ros_library/micro_ros_arduino/src/rcl_interfaces/srv/detail/microxrcedds) by extension 'colcon_pkg'
[0.287s] Level 1:colcon.colcon_core.package_identification:_identify(src/movement/PID_codes/ros_library/micro_ros_arduino/src/rcl_interfaces/srv/detail/microxrcedds) by extensions ['colcon_meta']
[0.287s] Level 1:colcon.colcon_core.package_identification:_identify(src/movement/PID_codes/ros_library/micro_ros_arduino/src/rcl_interfaces/srv/detail/microxrcedds) by extension 'colcon_meta'
[0.287s] Level 1:colcon.colcon_core.package_identification:_identify(src/movement/PID_codes/ros_library/micro_ros_arduino/src/rcl_interfaces/srv/detail/microxrcedds) by extensions ['ros']
[0.287s] Level 1:colcon.colcon_core.package_identification:_identify(src/movement/PID_codes/ros_library/micro_ros_arduino/src/rcl_interfaces/srv/detail/microxrcedds) by extension 'ros'
[0.287s] Level 1:colcon.colcon_core.package_identification:_identify(src/movement/PID_codes/ros_library/micro_ros_arduino/src/rcl_interfaces/srv/detail/microxrcedds) by extensions ['cmake', 'python']
[0.287s] Level 1:colcon.colcon_core.package_identification:_identify(src/movement/PID_codes/ros_library/micro_ros_arduino/src/rcl_interfaces/srv/detail/microxrcedds) by extension 'cmake'
[0.287s] Level 1:colcon.colcon_core.package_identification:_identify(src/movement/PID_codes/ros_library/micro_ros_arduino/src/rcl_interfaces/srv/detail/microxrcedds) by extension 'python'
[0.287s] Level 1:colcon.colcon_core.package_identification:_identify(src/movement/PID_codes/ros_library/micro_ros_arduino/src/rcl_interfaces/srv/detail/microxrcedds) by extensions ['python_setup_py']
[0.287s] Level 1:colcon.colcon_core.package_identification:_identify(src/movement/PID_codes/ros_library/micro_ros_arduino/src/rcl_interfaces/srv/detail/microxrcedds) by extension 'python_setup_py'
[0.287s] Level 1:colcon.colcon_core.package_identification:_identify(src/movement/PID_codes/ros_library/micro_ros_arduino/src/rcl_logging_noop) by extensions ['ignore', 'ignore_ament_install']
[0.287s] Level 1:colcon.colcon_core.package_identification:_identify(src/movement/PID_codes/ros_library/micro_ros_arduino/src/rcl_logging_noop) by extension 'ignore'
[0.287s] Level 1:colcon.colcon_core.package_identification:_identify(src/movement/PID_codes/ros_library/micro_ros_arduino/src/rcl_logging_noop) by extension 'ignore_ament_install'
[0.287s] Level 1:colcon.colcon_core.package_identification:_identify(src/movement/PID_codes/ros_library/micro_ros_arduino/src/rcl_logging_noop) by extensions ['colcon_pkg']
[0.287s] Level 1:colcon.colcon_core.package_identification:_identify(src/movement/PID_codes/ros_library/micro_ros_arduino/src/rcl_logging_noop) by extension 'colcon_pkg'
[0.287s] Level 1:colcon.colcon_core.package_identification:_identify(src/movement/PID_codes/ros_library/micro_ros_arduino/src/rcl_logging_noop) by extensions ['colcon_meta']
[0.287s] Level 1:colcon.colcon_core.package_identification:_identify(src/movement/PID_codes/ros_library/micro_ros_arduino/src/rcl_logging_noop) by extension 'colcon_meta'
[0.287s] Level 1:colcon.colcon_core.package_identification:_identify(src/movement/PID_codes/ros_library/micro_ros_arduino/src/rcl_logging_noop) by extensions ['ros']
[0.287s] Level 1:colcon.colcon_core.package_identification:_identify(src/movement/PID_codes/ros_library/micro_ros_arduino/src/rcl_logging_noop) by extension 'ros'
[0.287s] Level 1:colcon.colcon_core.package_identification:_identify(src/movement/PID_codes/ros_library/micro_ros_arduino/src/rcl_logging_noop) by extensions ['cmake', 'python']
[0.287s] Level 1:colcon.colcon_core.package_identification:_identify(src/movement/PID_codes/ros_library/micro_ros_arduino/src/rcl_logging_noop) by extension 'cmake'
[0.287s] Level 1:colcon.colcon_core.package_identification:_identify(src/movement/PID_codes/ros_library/micro_ros_arduino/src/rcl_logging_noop) by extension 'python'
[0.287s] Level 1:colcon.colcon_core.package_identification:_identify(src/movement/PID_codes/ros_library/micro_ros_arduino/src/rcl_logging_noop) by extensions ['python_setup_py']
[0.287s] Level 1:colcon.colcon_core.package_identification:_identify(src/movement/PID_codes/ros_library/micro_ros_arduino/src/rcl_logging_noop) by extension 'python_setup_py'
[0.287s] Level 1:colcon.colcon_core.package_identification:_identify(src/movement/PID_codes/ros_library/micro_ros_arduino/src/rmw_implementation) by extensions ['ignore', 'ignore_ament_install']
[0.287s] Level 1:colcon.colcon_core.package_identification:_identify(src/movement/PID_codes/ros_library/micro_ros_arduino/src/rmw_implementation) by extension 'ignore'
[0.287s] Level 1:colcon.colcon_core.package_identification:_identify(src/movement/PID_codes/ros_library/micro_ros_arduino/src/rmw_implementation) by extension 'ignore_ament_install'
[0.287s] Level 1:colcon.colcon_core.package_identification:_identify(src/movement/PID_codes/ros_library/micro_ros_arduino/src/rmw_implementation) by extensions ['colcon_pkg']
[0.287s] Level 1:colcon.colcon_core.package_identification:_identify(src/movement/PID_codes/ros_library/micro_ros_arduino/src/rmw_implementation) by extension 'colcon_pkg'
[0.287s] Level 1:colcon.colcon_core.package_identification:_identify(src/movement/PID_codes/ros_library/micro_ros_arduino/src/rmw_implementation) by extensions ['colcon_meta']
[0.287s] Level 1:colcon.colcon_core.package_identification:_identify(src/movement/PID_codes/ros_library/micro_ros_arduino/src/rmw_implementation) by extension 'colcon_meta'
[0.287s] Level 1:colcon.colcon_core.package_identification:_identify(src/movement/PID_codes/ros_library/micro_ros_arduino/src/rmw_implementation) by extensions ['ros']
[0.287s] Level 1:colcon.colcon_core.package_identification:_identify(src/movement/PID_codes/ros_library/micro_ros_arduino/src/rmw_implementation) by extension 'ros'
[0.288s] Level 1:colcon.colcon_core.package_identification:_identify(src/movement/PID_codes/ros_library/micro_ros_arduino/src/rmw_implementation) by extensions ['cmake', 'python']
[0.288s] Level 1:colcon.colcon_core.package_identification:_identify(src/movement/PID_codes/ros_library/micro_ros_arduino/src/rmw_implementation) by extension 'cmake'
[0.288s] Level 1:colcon.colcon_core.package_identification:_identify(src/movement/PID_codes/ros_library/micro_ros_arduino/src/rmw_implementation) by extension 'python'
[0.288s] Level 1:colcon.colcon_core.package_identification:_identify(src/movement/PID_codes/ros_library/micro_ros_arduino/src/rmw_implementation) by extensions ['python_setup_py']
[0.288s] Level 1:colcon.colcon_core.package_identification:_identify(src/movement/PID_codes/ros_library/micro_ros_arduino/src/rmw_implementation) by extension 'python_setup_py'
[0.288s] Level 1:colcon.colcon_core.package_identification:_identify(src/movement/PID_codes/ros_library/micro_ros_arduino/src/rmw_implementation_cmake) by extensions ['ignore', 'ignore_ament_install']
[0.288s] Level 1:colcon.colcon_core.package_identification:_identify(src/movement/PID_codes/ros_library/micro_ros_arduino/src/rmw_implementation_cmake) by extension 'ignore'
[0.288s] Level 1:colcon.colcon_core.package_identification:_identify(src/movement/PID_codes/ros_library/micro_ros_arduino/src/rmw_implementation_cmake) by extension 'ignore_ament_install'
[0.288s] Level 1:colcon.colcon_core.package_identification:_identify(src/movement/PID_codes/ros_library/micro_ros_arduino/src/rmw_implementation_cmake) by extensions ['colcon_pkg']
[0.288s] Level 1:colcon.colcon_core.package_identification:_identify(src/movement/PID_codes/ros_library/micro_ros_arduino/src/rmw_implementation_cmake) by extension 'colcon_pkg'
[0.288s] Level 1:colcon.colcon_core.package_identification:_identify(src/movement/PID_codes/ros_library/micro_ros_arduino/src/rmw_implementation_cmake) by extensions ['colcon_meta']
[0.288s] Level 1:colcon.colcon_core.package_identification:_identify(src/movement/PID_codes/ros_library/micro_ros_arduino/src/rmw_implementation_cmake) by extension 'colcon_meta'
[0.288s] Level 1:colcon.colcon_core.package_identification:_identify(src/movement/PID_codes/ros_library/micro_ros_arduino/src/rmw_implementation_cmake) by extensions ['ros']
[0.288s] Level 1:colcon.colcon_core.package_identification:_identify(src/movement/PID_codes/ros_library/micro_ros_arduino/src/rmw_implementation_cmake) by extension 'ros'
[0.288s] Level 1:colcon.colcon_core.package_identification:_identify(src/movement/PID_codes/ros_library/micro_ros_arduino/src/rmw_implementation_cmake) by extensions ['cmake', 'python']
[0.288s] Level 1:colcon.colcon_core.package_identification:_identify(src/movement/PID_codes/ros_library/micro_ros_arduino/src/rmw_implementation_cmake) by extension 'cmake'
[0.288s] Level 1:colcon.colcon_core.package_identification:_identify(src/movement/PID_codes/ros_library/micro_ros_arduino/src/rmw_implementation_cmake) by extension 'python'
[0.288s] Level 1:colcon.colcon_core.package_identification:_identify(src/movement/PID_codes/ros_library/micro_ros_arduino/src/rmw_implementation_cmake) by extensions ['python_setup_py']
[0.288s] Level 1:colcon.colcon_core.package_identification:_identify(src/movement/PID_codes/ros_library/micro_ros_arduino/src/rmw_implementation_cmake) by extension 'python_setup_py'
[0.288s] Level 1:colcon.colcon_core.package_identification:_identify(src/movement/PID_codes/ros_library/micro_ros_arduino/src/rmw_microxrcedds) by extensions ['ignore', 'ignore_ament_install']
[0.288s] Level 1:colcon.colcon_core.package_identification:_identify(src/movement/PID_codes/ros_library/micro_ros_arduino/src/rmw_microxrcedds) by extension 'ignore'
[0.288s] Level 1:colcon.colcon_core.package_identification:_identify(src/movement/PID_codes/ros_library/micro_ros_arduino/src/rmw_microxrcedds) by extension 'ignore_ament_install'
[0.288s] Level 1:colcon.colcon_core.package_identification:_identify(src/movement/PID_codes/ros_library/micro_ros_arduino/src/rmw_microxrcedds) by extensions ['colcon_pkg']
[0.288s] Level 1:colcon.colcon_core.package_identification:_identify(src/movement/PID_codes/ros_library/micro_ros_arduino/src/rmw_microxrcedds) by extension 'colcon_pkg'
[0.288s] Level 1:colcon.colcon_core.package_identification:_identify(src/movement/PID_codes/ros_library/micro_ros_arduino/src/rmw_microxrcedds) by extensions ['colcon_meta']
[0.288s] Level 1:colcon.colcon_core.package_identification:_identify(src/movement/PID_codes/ros_library/micro_ros_arduino/src/rmw_microxrcedds) by extension 'colcon_meta'
[0.288s] Level 1:colcon.colcon_core.package_identification:_identify(src/movement/PID_codes/ros_library/micro_ros_arduino/src/rmw_microxrcedds) by extensions ['ros']
[0.288s] Level 1:colcon.colcon_core.package_identification:_identify(src/movement/PID_codes/ros_library/micro_ros_arduino/src/rmw_microxrcedds) by extension 'ros'
[0.288s] Level 1:colcon.colcon_core.package_identification:_identify(src/movement/PID_codes/ros_library/micro_ros_arduino/src/rmw_microxrcedds) by extensions ['cmake', 'python']
[0.288s] Level 1:colcon.colcon_core.package_identification:_identify(src/movement/PID_codes/ros_library/micro_ros_arduino/src/rmw_microxrcedds) by extension 'cmake'
[0.288s] Level 1:colcon.colcon_core.package_identification:_identify(src/movement/PID_codes/ros_library/micro_ros_arduino/src/rmw_microxrcedds) by extension 'python'
[0.288s] Level 1:colcon.colcon_core.package_identification:_identify(src/movement/PID_codes/ros_library/micro_ros_arduino/src/rmw_microxrcedds) by extensions ['python_setup_py']
[0.288s] Level 1:colcon.colcon_core.package_identification:_identify(src/movement/PID_codes/ros_library/micro_ros_arduino/src/rmw_microxrcedds) by extension 'python_setup_py'
[0.288s] Level 1:colcon.colcon_core.package_identification:_identify(src/movement/PID_codes/ros_library/micro_ros_arduino/src/ros2trace) by extensions ['ignore', 'ignore_ament_install']
[0.288s] Level 1:colcon.colcon_core.package_identification:_identify(src/movement/PID_codes/ros_library/micro_ros_arduino/src/ros2trace) by extension 'ignore'
[0.288s] Level 1:colcon.colcon_core.package_identification:_identify(src/movement/PID_codes/ros_library/micro_ros_arduino/src/ros2trace) by extension 'ignore_ament_install'
[0.288s] Level 1:colcon.colcon_core.package_identification:_identify(src/movement/PID_codes/ros_library/micro_ros_arduino/src/ros2trace) by extensions ['colcon_pkg']
[0.289s] Level 1:colcon.colcon_core.package_identification:_identify(src/movement/PID_codes/ros_library/micro_ros_arduino/src/ros2trace) by extension 'colcon_pkg'
[0.289s] Level 1:colcon.colcon_core.package_identification:_identify(src/movement/PID_codes/ros_library/micro_ros_arduino/src/ros2trace) by extensions ['colcon_meta']
[0.289s] Level 1:colcon.colcon_core.package_identification:_identify(src/movement/PID_codes/ros_library/micro_ros_arduino/src/ros2trace) by extension 'colcon_meta'
[0.289s] Level 1:colcon.colcon_core.package_identification:_identify(src/movement/PID_codes/ros_library/micro_ros_arduino/src/ros2trace) by extensions ['ros']
[0.289s] Level 1:colcon.colcon_core.package_identification:_identify(src/movement/PID_codes/ros_library/micro_ros_arduino/src/ros2trace) by extension 'ros'
[0.289s] Level 1:colcon.colcon_core.package_identification:_identify(src/movement/PID_codes/ros_library/micro_ros_arduino/src/ros2trace) by extensions ['cmake', 'python']
[0.289s] Level 1:colcon.colcon_core.package_identification:_identify(src/movement/PID_codes/ros_library/micro_ros_arduino/src/ros2trace) by extension 'cmake'
[0.289s] Level 1:colcon.colcon_core.package_identification:_identify(src/movement/PID_codes/ros_library/micro_ros_arduino/src/ros2trace) by extension 'python'
[0.289s] Level 1:colcon.colcon_core.package_identification:_identify(src/movement/PID_codes/ros_library/micro_ros_arduino/src/ros2trace) by extensions ['python_setup_py']
[0.289s] Level 1:colcon.colcon_core.package_identification:_identify(src/movement/PID_codes/ros_library/micro_ros_arduino/src/ros2trace) by extension 'python_setup_py'
[0.289s] Level 1:colcon.colcon_core.package_identification:_identify(src/movement/PID_codes/ros_library/micro_ros_arduino/src/rosgraph_msgs) by extensions ['ignore', 'ignore_ament_install']
[0.289s] Level 1:colcon.colcon_core.package_identification:_identify(src/movement/PID_codes/ros_library/micro_ros_arduino/src/rosgraph_msgs) by extension 'ignore'
[0.289s] Level 1:colcon.colcon_core.package_identification:_identify(src/movement/PID_codes/ros_library/micro_ros_arduino/src/rosgraph_msgs) by extension 'ignore_ament_install'
[0.289s] Level 1:colcon.colcon_core.package_identification:_identify(src/movement/PID_codes/ros_library/micro_ros_arduino/src/rosgraph_msgs) by extensions ['colcon_pkg']
[0.289s] Level 1:colcon.colcon_core.package_identification:_identify(src/movement/PID_codes/ros_library/micro_ros_arduino/src/rosgraph_msgs) by extension 'colcon_pkg'
[0.289s] Level 1:colcon.colcon_core.package_identification:_identify(src/movement/PID_codes/ros_library/micro_ros_arduino/src/rosgraph_msgs) by extensions ['colcon_meta']
[0.289s] Level 1:colcon.colcon_core.package_identification:_identify(src/movement/PID_codes/ros_library/micro_ros_arduino/src/rosgraph_msgs) by extension 'colcon_meta'
[0.289s] Level 1:colcon.colcon_core.package_identification:_identify(src/movement/PID_codes/ros_library/micro_ros_arduino/src/rosgraph_msgs) by extensions ['ros']
[0.289s] Level 1:colcon.colcon_core.package_identification:_identify(src/movement/PID_codes/ros_library/micro_ros_arduino/src/rosgraph_msgs) by extension 'ros'
[0.289s] Level 1:colcon.colcon_core.package_identification:_identify(src/movement/PID_codes/ros_library/micro_ros_arduino/src/rosgraph_msgs) by extensions ['cmake', 'python']
[0.289s] Level 1:colcon.colcon_core.package_identification:_identify(src/movement/PID_codes/ros_library/micro_ros_arduino/src/rosgraph_msgs) by extension 'cmake'
[0.289s] Level 1:colcon.colcon_core.package_identification:_identify(src/movement/PID_codes/ros_library/micro_ros_arduino/src/rosgraph_msgs) by extension 'python'
[0.289s] Level 1:colcon.colcon_core.package_identification:_identify(src/movement/PID_codes/ros_library/micro_ros_arduino/src/rosgraph_msgs) by extensions ['python_setup_py']
[0.289s] Level 1:colcon.colcon_core.package_identification:_identify(src/movement/PID_codes/ros_library/micro_ros_arduino/src/rosgraph_msgs) by extension 'python_setup_py'
[0.289s] Level 1:colcon.colcon_core.package_identification:_identify(src/movement/PID_codes/ros_library/micro_ros_arduino/src/rosgraph_msgs/msg) by extensions ['ignore', 'ignore_ament_install']
[0.289s] Level 1:colcon.colcon_core.package_identification:_identify(src/movement/PID_codes/ros_library/micro_ros_arduino/src/rosgraph_msgs/msg) by extension 'ignore'
[0.289s] Level 1:colcon.colcon_core.package_identification:_identify(src/movement/PID_codes/ros_library/micro_ros_arduino/src/rosgraph_msgs/msg) by extension 'ignore_ament_install'
[0.289s] Level 1:colcon.colcon_core.package_identification:_identify(src/movement/PID_codes/ros_library/micro_ros_arduino/src/rosgraph_msgs/msg) by extensions ['colcon_pkg']
[0.289s] Level 1:colcon.colcon_core.package_identification:_identify(src/movement/PID_codes/ros_library/micro_ros_arduino/src/rosgraph_msgs/msg) by extension 'colcon_pkg'
[0.289s] Level 1:colcon.colcon_core.package_identification:_identify(src/movement/PID_codes/ros_library/micro_ros_arduino/src/rosgraph_msgs/msg) by extensions ['colcon_meta']
[0.289s] Level 1:colcon.colcon_core.package_identification:_identify(src/movement/PID_codes/ros_library/micro_ros_arduino/src/rosgraph_msgs/msg) by extension 'colcon_meta'
[0.289s] Level 1:colcon.colcon_core.package_identification:_identify(src/movement/PID_codes/ros_library/micro_ros_arduino/src/rosgraph_msgs/msg) by extensions ['ros']
[0.289s] Level 1:colcon.colcon_core.package_identification:_identify(src/movement/PID_codes/ros_library/micro_ros_arduino/src/rosgraph_msgs/msg) by extension 'ros'
[0.289s] Level 1:colcon.colcon_core.package_identification:_identify(src/movement/PID_codes/ros_library/micro_ros_arduino/src/rosgraph_msgs/msg) by extensions ['cmake', 'python']
[0.289s] Level 1:colcon.colcon_core.package_identification:_identify(src/movement/PID_codes/ros_library/micro_ros_arduino/src/rosgraph_msgs/msg) by extension 'cmake'
[0.289s] Level 1:colcon.colcon_core.package_identification:_identify(src/movement/PID_codes/ros_library/micro_ros_arduino/src/rosgraph_msgs/msg) by extension 'python'
[0.289s] Level 1:colcon.colcon_core.package_identification:_identify(src/movement/PID_codes/ros_library/micro_ros_arduino/src/rosgraph_msgs/msg) by extensions ['python_setup_py']
[0.289s] Level 1:colcon.colcon_core.package_identification:_identify(src/movement/PID_codes/ros_library/micro_ros_arduino/src/rosgraph_msgs/msg) by extension 'python_setup_py'
[0.290s] Level 1:colcon.colcon_core.package_identification:_identify(src/movement/PID_codes/ros_library/micro_ros_arduino/src/rosgraph_msgs/msg/detail) by extensions ['ignore', 'ignore_ament_install']
[0.290s] Level 1:colcon.colcon_core.package_identification:_identify(src/movement/PID_codes/ros_library/micro_ros_arduino/src/rosgraph_msgs/msg/detail) by extension 'ignore'
[0.290s] Level 1:colcon.colcon_core.package_identification:_identify(src/movement/PID_codes/ros_library/micro_ros_arduino/src/rosgraph_msgs/msg/detail) by extension 'ignore_ament_install'
[0.290s] Level 1:colcon.colcon_core.package_identification:_identify(src/movement/PID_codes/ros_library/micro_ros_arduino/src/rosgraph_msgs/msg/detail) by extensions ['colcon_pkg']
[0.290s] Level 1:colcon.colcon_core.package_identification:_identify(src/movement/PID_codes/ros_library/micro_ros_arduino/src/rosgraph_msgs/msg/detail) by extension 'colcon_pkg'
[0.290s] Level 1:colcon.colcon_core.package_identification:_identify(src/movement/PID_codes/ros_library/micro_ros_arduino/src/rosgraph_msgs/msg/detail) by extensions ['colcon_meta']
[0.290s] Level 1:colcon.colcon_core.package_identification:_identify(src/movement/PID_codes/ros_library/micro_ros_arduino/src/rosgraph_msgs/msg/detail) by extension 'colcon_meta'
[0.290s] Level 1:colcon.colcon_core.package_identification:_identify(src/movement/PID_codes/ros_library/micro_ros_arduino/src/rosgraph_msgs/msg/detail) by extensions ['ros']
[0.290s] Level 1:colcon.colcon_core.package_identification:_identify(src/movement/PID_codes/ros_library/micro_ros_arduino/src/rosgraph_msgs/msg/detail) by extension 'ros'
[0.290s] Level 1:colcon.colcon_core.package_identification:_identify(src/movement/PID_codes/ros_library/micro_ros_arduino/src/rosgraph_msgs/msg/detail) by extensions ['cmake', 'python']
[0.290s] Level 1:colcon.colcon_core.package_identification:_identify(src/movement/PID_codes/ros_library/micro_ros_arduino/src/rosgraph_msgs/msg/detail) by extension 'cmake'
[0.290s] Level 1:colcon.colcon_core.package_identification:_identify(src/movement/PID_codes/ros_library/micro_ros_arduino/src/rosgraph_msgs/msg/detail) by extension 'python'
[0.290s] Level 1:colcon.colcon_core.package_identification:_identify(src/movement/PID_codes/ros_library/micro_ros_arduino/src/rosgraph_msgs/msg/detail) by extensions ['python_setup_py']
[0.290s] Level 1:colcon.colcon_core.package_identification:_identify(src/movement/PID_codes/ros_library/micro_ros_arduino/src/rosgraph_msgs/msg/detail) by extension 'python_setup_py'
[0.290s] Level 1:colcon.colcon_core.package_identification:_identify(src/movement/PID_codes/ros_library/micro_ros_arduino/src/rosgraph_msgs/msg/detail/microxrcedds) by extensions ['ignore', 'ignore_ament_install']
[0.290s] Level 1:colcon.colcon_core.package_identification:_identify(src/movement/PID_codes/ros_library/micro_ros_arduino/src/rosgraph_msgs/msg/detail/microxrcedds) by extension 'ignore'
[0.290s] Level 1:colcon.colcon_core.package_identification:_identify(src/movement/PID_codes/ros_library/micro_ros_arduino/src/rosgraph_msgs/msg/detail/microxrcedds) by extension 'ignore_ament_install'
[0.290s] Level 1:colcon.colcon_core.package_identification:_identify(src/movement/PID_codes/ros_library/micro_ros_arduino/src/rosgraph_msgs/msg/detail/microxrcedds) by extensions ['colcon_pkg']
[0.290s] Level 1:colcon.colcon_core.package_identification:_identify(src/movement/PID_codes/ros_library/micro_ros_arduino/src/rosgraph_msgs/msg/detail/microxrcedds) by extension 'colcon_pkg'
[0.290s] Level 1:colcon.colcon_core.package_identification:_identify(src/movement/PID_codes/ros_library/micro_ros_arduino/src/rosgraph_msgs/msg/detail/microxrcedds) by extensions ['colcon_meta']
[0.290s] Level 1:colcon.colcon_core.package_identification:_identify(src/movement/PID_codes/ros_library/micro_ros_arduino/src/rosgraph_msgs/msg/detail/microxrcedds) by extension 'colcon_meta'
[0.290s] Level 1:colcon.colcon_core.package_identification:_identify(src/movement/PID_codes/ros_library/micro_ros_arduino/src/rosgraph_msgs/msg/detail/microxrcedds) by extensions ['ros']
[0.290s] Level 1:colcon.colcon_core.package_identification:_identify(src/movement/PID_codes/ros_library/micro_ros_arduino/src/rosgraph_msgs/msg/detail/microxrcedds) by extension 'ros'
[0.290s] Level 1:colcon.colcon_core.package_identification:_identify(src/movement/PID_codes/ros_library/micro_ros_arduino/src/rosgraph_msgs/msg/detail/microxrcedds) by extensions ['cmake', 'python']
[0.290s] Level 1:colcon.colcon_core.package_identification:_identify(src/movement/PID_codes/ros_library/micro_ros_arduino/src/rosgraph_msgs/msg/detail/microxrcedds) by extension 'cmake'
[0.290s] Level 1:colcon.colcon_core.package_identification:_identify(src/movement/PID_codes/ros_library/micro_ros_arduino/src/rosgraph_msgs/msg/detail/microxrcedds) by extension 'python'
[0.290s] Level 1:colcon.colcon_core.package_identification:_identify(src/movement/PID_codes/ros_library/micro_ros_arduino/src/rosgraph_msgs/msg/detail/microxrcedds) by extensions ['python_setup_py']
[0.290s] Level 1:colcon.colcon_core.package_identification:_identify(src/movement/PID_codes/ros_library/micro_ros_arduino/src/rosgraph_msgs/msg/detail/microxrcedds) by extension 'python_setup_py'
[0.290s] Level 1:colcon.colcon_core.package_identification:_identify(src/movement/PID_codes/ros_library/micro_ros_arduino/src/rosidl_adapter) by extensions ['ignore', 'ignore_ament_install']
[0.290s] Level 1:colcon.colcon_core.package_identification:_identify(src/movement/PID_codes/ros_library/micro_ros_arduino/src/rosidl_adapter) by extension 'ignore'
[0.290s] Level 1:colcon.colcon_core.package_identification:_identify(src/movement/PID_codes/ros_library/micro_ros_arduino/src/rosidl_adapter) by extension 'ignore_ament_install'
[0.290s] Level 1:colcon.colcon_core.package_identification:_identify(src/movement/PID_codes/ros_library/micro_ros_arduino/src/rosidl_adapter) by extensions ['colcon_pkg']
[0.290s] Level 1:colcon.colcon_core.package_identification:_identify(src/movement/PID_codes/ros_library/micro_ros_arduino/src/rosidl_adapter) by extension 'colcon_pkg'
[0.290s] Level 1:colcon.colcon_core.package_identification:_identify(src/movement/PID_codes/ros_library/micro_ros_arduino/src/rosidl_adapter) by extensions ['colcon_meta']
[0.290s] Level 1:colcon.colcon_core.package_identification:_identify(src/movement/PID_codes/ros_library/micro_ros_arduino/src/rosidl_adapter) by extension 'colcon_meta'
[0.290s] Level 1:colcon.colcon_core.package_identification:_identify(src/movement/PID_codes/ros_library/micro_ros_arduino/src/rosidl_adapter) by extensions ['ros']
[0.290s] Level 1:colcon.colcon_core.package_identification:_identify(src/movement/PID_codes/ros_library/micro_ros_arduino/src/rosidl_adapter) by extension 'ros'
[0.291s] Level 1:colcon.colcon_core.package_identification:_identify(src/movement/PID_codes/ros_library/micro_ros_arduino/src/rosidl_adapter) by extensions ['cmake', 'python']
[0.291s] Level 1:colcon.colcon_core.package_identification:_identify(src/movement/PID_codes/ros_library/micro_ros_arduino/src/rosidl_adapter) by extension 'cmake'
[0.291s] Level 1:colcon.colcon_core.package_identification:_identify(src/movement/PID_codes/ros_library/micro_ros_arduino/src/rosidl_adapter) by extension 'python'
[0.291s] Level 1:colcon.colcon_core.package_identification:_identify(src/movement/PID_codes/ros_library/micro_ros_arduino/src/rosidl_adapter) by extensions ['python_setup_py']
[0.291s] Level 1:colcon.colcon_core.package_identification:_identify(src/movement/PID_codes/ros_library/micro_ros_arduino/src/rosidl_adapter) by extension 'python_setup_py'
[0.291s] Level 1:colcon.colcon_core.package_identification:_identify(src/movement/PID_codes/ros_library/micro_ros_arduino/src/rosidl_cli) by extensions ['ignore', 'ignore_ament_install']
[0.291s] Level 1:colcon.colcon_core.package_identification:_identify(src/movement/PID_codes/ros_library/micro_ros_arduino/src/rosidl_cli) by extension 'ignore'
[0.291s] Level 1:colcon.colcon_core.package_identification:_identify(src/movement/PID_codes/ros_library/micro_ros_arduino/src/rosidl_cli) by extension 'ignore_ament_install'
[0.291s] Level 1:colcon.colcon_core.package_identification:_identify(src/movement/PID_codes/ros_library/micro_ros_arduino/src/rosidl_cli) by extensions ['colcon_pkg']
[0.291s] Level 1:colcon.colcon_core.package_identification:_identify(src/movement/PID_codes/ros_library/micro_ros_arduino/src/rosidl_cli) by extension 'colcon_pkg'
[0.291s] Level 1:colcon.colcon_core.package_identification:_identify(src/movement/PID_codes/ros_library/micro_ros_arduino/src/rosidl_cli) by extensions ['colcon_meta']
[0.291s] Level 1:colcon.colcon_core.package_identification:_identify(src/movement/PID_codes/ros_library/micro_ros_arduino/src/rosidl_cli) by extension 'colcon_meta'
[0.291s] Level 1:colcon.colcon_core.package_identification:_identify(src/movement/PID_codes/ros_library/micro_ros_arduino/src/rosidl_cli) by extensions ['ros']
[0.291s] Level 1:colcon.colcon_core.package_identification:_identify(src/movement/PID_codes/ros_library/micro_ros_arduino/src/rosidl_cli) by extension 'ros'
[0.291s] Level 1:colcon.colcon_core.package_identification:_identify(src/movement/PID_codes/ros_library/micro_ros_arduino/src/rosidl_cli) by extensions ['cmake', 'python']
[0.291s] Level 1:colcon.colcon_core.package_identification:_identify(src/movement/PID_codes/ros_library/micro_ros_arduino/src/rosidl_cli) by extension 'cmake'
[0.291s] Level 1:colcon.colcon_core.package_identification:_identify(src/movement/PID_codes/ros_library/micro_ros_arduino/src/rosidl_cli) by extension 'python'
[0.291s] Level 1:colcon.colcon_core.package_identification:_identify(src/movement/PID_codes/ros_library/micro_ros_arduino/src/rosidl_cli) by extensions ['python_setup_py']
[0.291s] Level 1:colcon.colcon_core.package_identification:_identify(src/movement/PID_codes/ros_library/micro_ros_arduino/src/rosidl_cli) by extension 'python_setup_py'
[0.291s] Level 1:colcon.colcon_core.package_identification:_identify(src/movement/PID_codes/ros_library/micro_ros_arduino/src/rosidl_cmake) by extensions ['ignore', 'ignore_ament_install']
[0.291s] Level 1:colcon.colcon_core.package_identification:_identify(src/movement/PID_codes/ros_library/micro_ros_arduino/src/rosidl_cmake) by extension 'ignore'
[0.291s] Level 1:colcon.colcon_core.package_identification:_identify(src/movement/PID_codes/ros_library/micro_ros_arduino/src/rosidl_cmake) by extension 'ignore_ament_install'
[0.291s] Level 1:colcon.colcon_core.package_identification:_identify(src/movement/PID_codes/ros_library/micro_ros_arduino/src/rosidl_cmake) by extensions ['colcon_pkg']
[0.291s] Level 1:colcon.colcon_core.package_identification:_identify(src/movement/PID_codes/ros_library/micro_ros_arduino/src/rosidl_cmake) by extension 'colcon_pkg'
[0.291s] Level 1:colcon.colcon_core.package_identification:_identify(src/movement/PID_codes/ros_library/micro_ros_arduino/src/rosidl_cmake) by extensions ['colcon_meta']
[0.291s] Level 1:colcon.colcon_core.package_identification:_identify(src/movement/PID_codes/ros_library/micro_ros_arduino/src/rosidl_cmake) by extension 'colcon_meta'
[0.291s] Level 1:colcon.colcon_core.package_identification:_identify(src/movement/PID_codes/ros_library/micro_ros_arduino/src/rosidl_cmake) by extensions ['ros']
[0.291s] Level 1:colcon.colcon_core.package_identification:_identify(src/movement/PID_codes/ros_library/micro_ros_arduino/src/rosidl_cmake) by extension 'ros'
[0.291s] Level 1:colcon.colcon_core.package_identification:_identify(src/movement/PID_codes/ros_library/micro_ros_arduino/src/rosidl_cmake) by extensions ['cmake', 'python']
[0.291s] Level 1:colcon.colcon_core.package_identification:_identify(src/movement/PID_codes/ros_library/micro_ros_arduino/src/rosidl_cmake) by extension 'cmake'
[0.291s] Level 1:colcon.colcon_core.package_identification:_identify(src/movement/PID_codes/ros_library/micro_ros_arduino/src/rosidl_cmake) by extension 'python'
[0.291s] Level 1:colcon.colcon_core.package_identification:_identify(src/movement/PID_codes/ros_library/micro_ros_arduino/src/rosidl_cmake) by extensions ['python_setup_py']
[0.291s] Level 1:colcon.colcon_core.package_identification:_identify(src/movement/PID_codes/ros_library/micro_ros_arduino/src/rosidl_cmake) by extension 'python_setup_py'
[0.291s] Level 1:colcon.colcon_core.package_identification:_identify(src/movement/PID_codes/ros_library/micro_ros_arduino/src/rosidl_default_generators) by extensions ['ignore', 'ignore_ament_install']
[0.291s] Level 1:colcon.colcon_core.package_identification:_identify(src/movement/PID_codes/ros_library/micro_ros_arduino/src/rosidl_default_generators) by extension 'ignore'
[0.291s] Level 1:colcon.colcon_core.package_identification:_identify(src/movement/PID_codes/ros_library/micro_ros_arduino/src/rosidl_default_generators) by extension 'ignore_ament_install'
[0.291s] Level 1:colcon.colcon_core.package_identification:_identify(src/movement/PID_codes/ros_library/micro_ros_arduino/src/rosidl_default_generators) by extensions ['colcon_pkg']
[0.292s] Level 1:colcon.colcon_core.package_identification:_identify(src/movement/PID_codes/ros_library/micro_ros_arduino/src/rosidl_default_generators) by extension 'colcon_pkg'
[0.292s] Level 1:colcon.colcon_core.package_identification:_identify(src/movement/PID_codes/ros_library/micro_ros_arduino/src/rosidl_default_generators) by extensions ['colcon_meta']
[0.292s] Level 1:colcon.colcon_core.package_identification:_identify(src/movement/PID_codes/ros_library/micro_ros_arduino/src/rosidl_default_generators) by extension 'colcon_meta'
[0.292s] Level 1:colcon.colcon_core.package_identification:_identify(src/movement/PID_codes/ros_library/micro_ros_arduino/src/rosidl_default_generators) by extensions ['ros']
[0.292s] Level 1:colcon.colcon_core.package_identification:_identify(src/movement/PID_codes/ros_library/micro_ros_arduino/src/rosidl_default_generators) by extension 'ros'
[0.292s] Level 1:colcon.colcon_core.package_identification:_identify(src/movement/PID_codes/ros_library/micro_ros_arduino/src/rosidl_default_generators) by extensions ['cmake', 'python']
[0.292s] Level 1:colcon.colcon_core.package_identification:_identify(src/movement/PID_codes/ros_library/micro_ros_arduino/src/rosidl_default_generators) by extension 'cmake'
[0.292s] Level 1:colcon.colcon_core.package_identification:_identify(src/movement/PID_codes/ros_library/micro_ros_arduino/src/rosidl_default_generators) by extension 'python'
[0.292s] Level 1:colcon.colcon_core.package_identification:_identify(src/movement/PID_codes/ros_library/micro_ros_arduino/src/rosidl_default_generators) by extensions ['python_setup_py']
[0.292s] Level 1:colcon.colcon_core.package_identification:_identify(src/movement/PID_codes/ros_library/micro_ros_arduino/src/rosidl_default_generators) by extension 'python_setup_py'
[0.292s] Level 1:colcon.colcon_core.package_identification:_identify(src/movement/PID_codes/ros_library/micro_ros_arduino/src/rosidl_default_runtime) by extensions ['ignore', 'ignore_ament_install']
[0.292s] Level 1:colcon.colcon_core.package_identification:_identify(src/movement/PID_codes/ros_library/micro_ros_arduino/src/rosidl_default_runtime) by extension 'ignore'
[0.292s] Level 1:colcon.colcon_core.package_identification:_identify(src/movement/PID_codes/ros_library/micro_ros_arduino/src/rosidl_default_runtime) by extension 'ignore_ament_install'
[0.292s] Level 1:colcon.colcon_core.package_identification:_identify(src/movement/PID_codes/ros_library/micro_ros_arduino/src/rosidl_default_runtime) by extensions ['colcon_pkg']
[0.292s] Level 1:colcon.colcon_core.package_identification:_identify(src/movement/PID_codes/ros_library/micro_ros_arduino/src/rosidl_default_runtime) by extension 'colcon_pkg'
[0.292s] Level 1:colcon.colcon_core.package_identification:_identify(src/movement/PID_codes/ros_library/micro_ros_arduino/src/rosidl_default_runtime) by extensions ['colcon_meta']
[0.292s] Level 1:colcon.colcon_core.package_identification:_identify(src/movement/PID_codes/ros_library/micro_ros_arduino/src/rosidl_default_runtime) by extension 'colcon_meta'
[0.292s] Level 1:colcon.colcon_core.package_identification:_identify(src/movement/PID_codes/ros_library/micro_ros_arduino/src/rosidl_default_runtime) by extensions ['ros']
[0.292s] Level 1:colcon.colcon_core.package_identification:_identify(src/movement/PID_codes/ros_library/micro_ros_arduino/src/rosidl_default_runtime) by extension 'ros'
[0.292s] Level 1:colcon.colcon_core.package_identification:_identify(src/movement/PID_codes/ros_library/micro_ros_arduino/src/rosidl_default_runtime) by extensions ['cmake', 'python']
[0.292s] Level 1:colcon.colcon_core.package_identification:_identify(src/movement/PID_codes/ros_library/micro_ros_arduino/src/rosidl_default_runtime) by extension 'cmake'
[0.292s] Level 1:colcon.colcon_core.package_identification:_identify(src/movement/PID_codes/ros_library/micro_ros_arduino/src/rosidl_default_runtime) by extension 'python'
[0.292s] Level 1:colcon.colcon_core.package_identification:_identify(src/movement/PID_codes/ros_library/micro_ros_arduino/src/rosidl_default_runtime) by extensions ['python_setup_py']
[0.292s] Level 1:colcon.colcon_core.package_identification:_identify(src/movement/PID_codes/ros_library/micro_ros_arduino/src/rosidl_default_runtime) by extension 'python_setup_py'
[0.292s] Level 1:colcon.colcon_core.package_identification:_identify(src/movement/PID_codes/ros_library/micro_ros_arduino/src/rosidl_generator_c) by extensions ['ignore', 'ignore_ament_install']
[0.292s] Level 1:colcon.colcon_core.package_identification:_identify(src/movement/PID_codes/ros_library/micro_ros_arduino/src/rosidl_generator_c) by extension 'ignore'
[0.292s] Level 1:colcon.colcon_core.package_identification:_identify(src/movement/PID_codes/ros_library/micro_ros_arduino/src/rosidl_generator_c) by extension 'ignore_ament_install'
[0.292s] Level 1:colcon.colcon_core.package_identification:_identify(src/movement/PID_codes/ros_library/micro_ros_arduino/src/rosidl_generator_c) by extensions ['colcon_pkg']
[0.292s] Level 1:colcon.colcon_core.package_identification:_identify(src/movement/PID_codes/ros_library/micro_ros_arduino/src/rosidl_generator_c) by extension 'colcon_pkg'
[0.292s] Level 1:colcon.colcon_core.package_identification:_identify(src/movement/PID_codes/ros_library/micro_ros_arduino/src/rosidl_generator_c) by extensions ['colcon_meta']
[0.292s] Level 1:colcon.colcon_core.package_identification:_identify(src/movement/PID_codes/ros_library/micro_ros_arduino/src/rosidl_generator_c) by extension 'colcon_meta'
[0.292s] Level 1:colcon.colcon_core.package_identification:_identify(src/movement/PID_codes/ros_library/micro_ros_arduino/src/rosidl_generator_c) by extensions ['ros']
[0.292s] Level 1:colcon.colcon_core.package_identification:_identify(src/movement/PID_codes/ros_library/micro_ros_arduino/src/rosidl_generator_c) by extension 'ros'
[0.292s] Level 1:colcon.colcon_core.package_identification:_identify(src/movement/PID_codes/ros_library/micro_ros_arduino/src/rosidl_generator_c) by extensions ['cmake', 'python']
[0.292s] Level 1:colcon.colcon_core.package_identification:_identify(src/movement/PID_codes/ros_library/micro_ros_arduino/src/rosidl_generator_c) by extension 'cmake'
[0.292s] Level 1:colcon.colcon_core.package_identification:_identify(src/movement/PID_codes/ros_library/micro_ros_arduino/src/rosidl_generator_c) by extension 'python'
[0.292s] Level 1:colcon.colcon_core.package_identification:_identify(src/movement/PID_codes/ros_library/micro_ros_arduino/src/rosidl_generator_c) by extensions ['python_setup_py']
[0.292s] Level 1:colcon.colcon_core.package_identification:_identify(src/movement/PID_codes/ros_library/micro_ros_arduino/src/rosidl_generator_c) by extension 'python_setup_py'
[0.292s] Level 1:colcon.colcon_core.package_identification:_identify(src/movement/PID_codes/ros_library/micro_ros_arduino/src/rosidl_generator_cpp) by extensions ['ignore', 'ignore_ament_install']
[0.293s] Level 1:colcon.colcon_core.package_identification:_identify(src/movement/PID_codes/ros_library/micro_ros_arduino/src/rosidl_generator_cpp) by extension 'ignore'
[0.293s] Level 1:colcon.colcon_core.package_identification:_identify(src/movement/PID_codes/ros_library/micro_ros_arduino/src/rosidl_generator_cpp) by extension 'ignore_ament_install'
[0.293s] Level 1:colcon.colcon_core.package_identification:_identify(src/movement/PID_codes/ros_library/micro_ros_arduino/src/rosidl_generator_cpp) by extensions ['colcon_pkg']
[0.293s] Level 1:colcon.colcon_core.package_identification:_identify(src/movement/PID_codes/ros_library/micro_ros_arduino/src/rosidl_generator_cpp) by extension 'colcon_pkg'
[0.293s] Level 1:colcon.colcon_core.package_identification:_identify(src/movement/PID_codes/ros_library/micro_ros_arduino/src/rosidl_generator_cpp) by extensions ['colcon_meta']
[0.293s] Level 1:colcon.colcon_core.package_identification:_identify(src/movement/PID_codes/ros_library/micro_ros_arduino/src/rosidl_generator_cpp) by extension 'colcon_meta'
[0.293s] Level 1:colcon.colcon_core.package_identification:_identify(src/movement/PID_codes/ros_library/micro_ros_arduino/src/rosidl_generator_cpp) by extensions ['ros']
[0.293s] Level 1:colcon.colcon_core.package_identification:_identify(src/movement/PID_codes/ros_library/micro_ros_arduino/src/rosidl_generator_cpp) by extension 'ros'
[0.293s] Level 1:colcon.colcon_core.package_identification:_identify(src/movement/PID_codes/ros_library/micro_ros_arduino/src/rosidl_generator_cpp) by extensions ['cmake', 'python']
[0.293s] Level 1:colcon.colcon_core.package_identification:_identify(src/movement/PID_codes/ros_library/micro_ros_arduino/src/rosidl_generator_cpp) by extension 'cmake'
[0.293s] Level 1:colcon.colcon_core.package_identification:_identify(src/movement/PID_codes/ros_library/micro_ros_arduino/src/rosidl_generator_cpp) by extension 'python'
[0.293s] Level 1:colcon.colcon_core.package_identification:_identify(src/movement/PID_codes/ros_library/micro_ros_arduino/src/rosidl_generator_cpp) by extensions ['python_setup_py']
[0.293s] Level 1:colcon.colcon_core.package_identification:_identify(src/movement/PID_codes/ros_library/micro_ros_arduino/src/rosidl_generator_cpp) by extension 'python_setup_py'
[0.293s] Level 1:colcon.colcon_core.package_identification:_identify(src/movement/PID_codes/ros_library/micro_ros_arduino/src/rosidl_generator_dds_idl) by extensions ['ignore', 'ignore_ament_install']
[0.293s] Level 1:colcon.colcon_core.package_identification:_identify(src/movement/PID_codes/ros_library/micro_ros_arduino/src/rosidl_generator_dds_idl) by extension 'ignore'
[0.293s] Level 1:colcon.colcon_core.package_identification:_identify(src/movement/PID_codes/ros_library/micro_ros_arduino/src/rosidl_generator_dds_idl) by extension 'ignore_ament_install'
[0.293s] Level 1:colcon.colcon_core.package_identification:_identify(src/movement/PID_codes/ros_library/micro_ros_arduino/src/rosidl_generator_dds_idl) by extensions ['colcon_pkg']
[0.293s] Level 1:colcon.colcon_core.package_identification:_identify(src/movement/PID_codes/ros_library/micro_ros_arduino/src/rosidl_generator_dds_idl) by extension 'colcon_pkg'
[0.293s] Level 1:colcon.colcon_core.package_identification:_identify(src/movement/PID_codes/ros_library/micro_ros_arduino/src/rosidl_generator_dds_idl) by extensions ['colcon_meta']
[0.293s] Level 1:colcon.colcon_core.package_identification:_identify(src/movement/PID_codes/ros_library/micro_ros_arduino/src/rosidl_generator_dds_idl) by extension 'colcon_meta'
[0.293s] Level 1:colcon.colcon_core.package_identification:_identify(src/movement/PID_codes/ros_library/micro_ros_arduino/src/rosidl_generator_dds_idl) by extensions ['ros']
[0.293s] Level 1:colcon.colcon_core.package_identification:_identify(src/movement/PID_codes/ros_library/micro_ros_arduino/src/rosidl_generator_dds_idl) by extension 'ros'
[0.293s] Level 1:colcon.colcon_core.package_identification:_identify(src/movement/PID_codes/ros_library/micro_ros_arduino/src/rosidl_generator_dds_idl) by extensions ['cmake', 'python']
[0.293s] Level 1:colcon.colcon_core.package_identification:_identify(src/movement/PID_codes/ros_library/micro_ros_arduino/src/rosidl_generator_dds_idl) by extension 'cmake'
[0.293s] Level 1:colcon.colcon_core.package_identification:_identify(src/movement/PID_codes/ros_library/micro_ros_arduino/src/rosidl_generator_dds_idl) by extension 'python'
[0.293s] Level 1:colcon.colcon_core.package_identification:_identify(src/movement/PID_codes/ros_library/micro_ros_arduino/src/rosidl_generator_dds_idl) by extensions ['python_setup_py']
[0.293s] Level 1:colcon.colcon_core.package_identification:_identify(src/movement/PID_codes/ros_library/micro_ros_arduino/src/rosidl_generator_dds_idl) by extension 'python_setup_py'
[0.293s] Level 1:colcon.colcon_core.package_identification:_identify(src/movement/PID_codes/ros_library/micro_ros_arduino/src/rosidl_parser) by extensions ['ignore', 'ignore_ament_install']
[0.293s] Level 1:colcon.colcon_core.package_identification:_identify(src/movement/PID_codes/ros_library/micro_ros_arduino/src/rosidl_parser) by extension 'ignore'
[0.293s] Level 1:colcon.colcon_core.package_identification:_identify(src/movement/PID_codes/ros_library/micro_ros_arduino/src/rosidl_parser) by extension 'ignore_ament_install'
[0.293s] Level 1:colcon.colcon_core.package_identification:_identify(src/movement/PID_codes/ros_library/micro_ros_arduino/src/rosidl_parser) by extensions ['colcon_pkg']
[0.293s] Level 1:colcon.colcon_core.package_identification:_identify(src/movement/PID_codes/ros_library/micro_ros_arduino/src/rosidl_parser) by extension 'colcon_pkg'
[0.293s] Level 1:colcon.colcon_core.package_identification:_identify(src/movement/PID_codes/ros_library/micro_ros_arduino/src/rosidl_parser) by extensions ['colcon_meta']
[0.293s] Level 1:colcon.colcon_core.package_identification:_identify(src/movement/PID_codes/ros_library/micro_ros_arduino/src/rosidl_parser) by extension 'colcon_meta'
[0.293s] Level 1:colcon.colcon_core.package_identification:_identify(src/movement/PID_codes/ros_library/micro_ros_arduino/src/rosidl_parser) by extensions ['ros']
[0.293s] Level 1:colcon.colcon_core.package_identification:_identify(src/movement/PID_codes/ros_library/micro_ros_arduino/src/rosidl_parser) by extension 'ros'
[0.293s] Level 1:colcon.colcon_core.package_identification:_identify(src/movement/PID_codes/ros_library/micro_ros_arduino/src/rosidl_parser) by extensions ['cmake', 'python']
[0.293s] Level 1:colcon.colcon_core.package_identification:_identify(src/movement/PID_codes/ros_library/micro_ros_arduino/src/rosidl_parser) by extension 'cmake'
[0.293s] Level 1:colcon.colcon_core.package_identification:_identify(src/movement/PID_codes/ros_library/micro_ros_arduino/src/rosidl_parser) by extension 'python'
[0.294s] Level 1:colcon.colcon_core.package_identification:_identify(src/movement/PID_codes/ros_library/micro_ros_arduino/src/rosidl_parser) by extensions ['python_setup_py']
[0.294s] Level 1:colcon.colcon_core.package_identification:_identify(src/movement/PID_codes/ros_library/micro_ros_arduino/src/rosidl_parser) by extension 'python_setup_py'
[0.294s] Level 1:colcon.colcon_core.package_identification:_identify(src/movement/PID_codes/ros_library/micro_ros_arduino/src/rosidl_runtime_cpp) by extensions ['ignore', 'ignore_ament_install']
[0.294s] Level 1:colcon.colcon_core.package_identification:_identify(src/movement/PID_codes/ros_library/micro_ros_arduino/src/rosidl_runtime_cpp) by extension 'ignore'
[0.294s] Level 1:colcon.colcon_core.package_identification:_identify(src/movement/PID_codes/ros_library/micro_ros_arduino/src/rosidl_runtime_cpp) by extension 'ignore_ament_install'
[0.294s] Level 1:colcon.colcon_core.package_identification:_identify(src/movement/PID_codes/ros_library/micro_ros_arduino/src/rosidl_runtime_cpp) by extensions ['colcon_pkg']
[0.294s] Level 1:colcon.colcon_core.package_identification:_identify(src/movement/PID_codes/ros_library/micro_ros_arduino/src/rosidl_runtime_cpp) by extension 'colcon_pkg'
[0.294s] Level 1:colcon.colcon_core.package_identification:_identify(src/movement/PID_codes/ros_library/micro_ros_arduino/src/rosidl_runtime_cpp) by extensions ['colcon_meta']
[0.294s] Level 1:colcon.colcon_core.package_identification:_identify(src/movement/PID_codes/ros_library/micro_ros_arduino/src/rosidl_runtime_cpp) by extension 'colcon_meta'
[0.294s] Level 1:colcon.colcon_core.package_identification:_identify(src/movement/PID_codes/ros_library/micro_ros_arduino/src/rosidl_runtime_cpp) by extensions ['ros']
[0.294s] Level 1:colcon.colcon_core.package_identification:_identify(src/movement/PID_codes/ros_library/micro_ros_arduino/src/rosidl_runtime_cpp) by extension 'ros'
[0.294s] Level 1:colcon.colcon_core.package_identification:_identify(src/movement/PID_codes/ros_library/micro_ros_arduino/src/rosidl_runtime_cpp) by extensions ['cmake', 'python']
[0.294s] Level 1:colcon.colcon_core.package_identification:_identify(src/movement/PID_codes/ros_library/micro_ros_arduino/src/rosidl_runtime_cpp) by extension 'cmake'
[0.294s] Level 1:colcon.colcon_core.package_identification:_identify(src/movement/PID_codes/ros_library/micro_ros_arduino/src/rosidl_runtime_cpp) by extension 'python'
[0.294s] Level 1:colcon.colcon_core.package_identification:_identify(src/movement/PID_codes/ros_library/micro_ros_arduino/src/rosidl_runtime_cpp) by extensions ['python_setup_py']
[0.294s] Level 1:colcon.colcon_core.package_identification:_identify(src/movement/PID_codes/ros_library/micro_ros_arduino/src/rosidl_runtime_cpp) by extension 'python_setup_py'
[0.294s] Level 1:colcon.colcon_core.package_identification:_identify(src/movement/PID_codes/ros_library/micro_ros_arduino/src/rosidl_typesupport_cpp) by extensions ['ignore', 'ignore_ament_install']
[0.294s] Level 1:colcon.colcon_core.package_identification:_identify(src/movement/PID_codes/ros_library/micro_ros_arduino/src/rosidl_typesupport_cpp) by extension 'ignore'
[0.294s] Level 1:colcon.colcon_core.package_identification:_identify(src/movement/PID_codes/ros_library/micro_ros_arduino/src/rosidl_typesupport_cpp) by extension 'ignore_ament_install'
[0.294s] Level 1:colcon.colcon_core.package_identification:_identify(src/movement/PID_codes/ros_library/micro_ros_arduino/src/rosidl_typesupport_cpp) by extensions ['colcon_pkg']
[0.294s] Level 1:colcon.colcon_core.package_identification:_identify(src/movement/PID_codes/ros_library/micro_ros_arduino/src/rosidl_typesupport_cpp) by extension 'colcon_pkg'
[0.294s] Level 1:colcon.colcon_core.package_identification:_identify(src/movement/PID_codes/ros_library/micro_ros_arduino/src/rosidl_typesupport_cpp) by extensions ['colcon_meta']
[0.294s] Level 1:colcon.colcon_core.package_identification:_identify(src/movement/PID_codes/ros_library/micro_ros_arduino/src/rosidl_typesupport_cpp) by extension 'colcon_meta'
[0.294s] Level 1:colcon.colcon_core.package_identification:_identify(src/movement/PID_codes/ros_library/micro_ros_arduino/src/rosidl_typesupport_cpp) by extensions ['ros']
[0.294s] Level 1:colcon.colcon_core.package_identification:_identify(src/movement/PID_codes/ros_library/micro_ros_arduino/src/rosidl_typesupport_cpp) by extension 'ros'
[0.294s] Level 1:colcon.colcon_core.package_identification:_identify(src/movement/PID_codes/ros_library/micro_ros_arduino/src/rosidl_typesupport_cpp) by extensions ['cmake', 'python']
[0.294s] Level 1:colcon.colcon_core.package_identification:_identify(src/movement/PID_codes/ros_library/micro_ros_arduino/src/rosidl_typesupport_cpp) by extension 'cmake'
[0.294s] Level 1:colcon.colcon_core.package_identification:_identify(src/movement/PID_codes/ros_library/micro_ros_arduino/src/rosidl_typesupport_cpp) by extension 'python'
[0.294s] Level 1:colcon.colcon_core.package_identification:_identify(src/movement/PID_codes/ros_library/micro_ros_arduino/src/rosidl_typesupport_cpp) by extensions ['python_setup_py']
[0.294s] Level 1:colcon.colcon_core.package_identification:_identify(src/movement/PID_codes/ros_library/micro_ros_arduino/src/rosidl_typesupport_cpp) by extension 'python_setup_py'
[0.294s] Level 1:colcon.colcon_core.package_identification:_identify(src/movement/PID_codes/ros_library/micro_ros_arduino/src/rosidl_typesupport_introspection_tests) by extensions ['ignore', 'ignore_ament_install']
[0.294s] Level 1:colcon.colcon_core.package_identification:_identify(src/movement/PID_codes/ros_library/micro_ros_arduino/src/rosidl_typesupport_introspection_tests) by extension 'ignore'
[0.294s] Level 1:colcon.colcon_core.package_identification:_identify(src/movement/PID_codes/ros_library/micro_ros_arduino/src/rosidl_typesupport_introspection_tests) by extension 'ignore_ament_install'
[0.294s] Level 1:colcon.colcon_core.package_identification:_identify(src/movement/PID_codes/ros_library/micro_ros_arduino/src/rosidl_typesupport_introspection_tests) by extensions ['colcon_pkg']
[0.294s] Level 1:colcon.colcon_core.package_identification:_identify(src/movement/PID_codes/ros_library/micro_ros_arduino/src/rosidl_typesupport_introspection_tests) by extension 'colcon_pkg'
[0.294s] Level 1:colcon.colcon_core.package_identification:_identify(src/movement/PID_codes/ros_library/micro_ros_arduino/src/rosidl_typesupport_introspection_tests) by extensions ['colcon_meta']
[0.294s] Level 1:colcon.colcon_core.package_identification:_identify(src/movement/PID_codes/ros_library/micro_ros_arduino/src/rosidl_typesupport_introspection_tests) by extension 'colcon_meta'
[0.294s] Level 1:colcon.colcon_core.package_identification:_identify(src/movement/PID_codes/ros_library/micro_ros_arduino/src/rosidl_typesupport_introspection_tests) by extensions ['ros']
[0.295s] Level 1:colcon.colcon_core.package_identification:_identify(src/movement/PID_codes/ros_library/micro_ros_arduino/src/rosidl_typesupport_introspection_tests) by extension 'ros'
[0.295s] Level 1:colcon.colcon_core.package_identification:_identify(src/movement/PID_codes/ros_library/micro_ros_arduino/src/rosidl_typesupport_introspection_tests) by extensions ['cmake', 'python']
[0.295s] Level 1:colcon.colcon_core.package_identification:_identify(src/movement/PID_codes/ros_library/micro_ros_arduino/src/rosidl_typesupport_introspection_tests) by extension 'cmake'
[0.295s] Level 1:colcon.colcon_core.package_identification:_identify(src/movement/PID_codes/ros_library/micro_ros_arduino/src/rosidl_typesupport_introspection_tests) by extension 'python'
[0.295s] Level 1:colcon.colcon_core.package_identification:_identify(src/movement/PID_codes/ros_library/micro_ros_arduino/src/rosidl_typesupport_introspection_tests) by extensions ['python_setup_py']
[0.295s] Level 1:colcon.colcon_core.package_identification:_identify(src/movement/PID_codes/ros_library/micro_ros_arduino/src/rosidl_typesupport_introspection_tests) by extension 'python_setup_py'
[0.295s] Level 1:colcon.colcon_core.package_identification:_identify(src/movement/PID_codes/ros_library/micro_ros_arduino/src/rosidl_typesupport_microxrcedds_c_tests) by extensions ['ignore', 'ignore_ament_install']
[0.295s] Level 1:colcon.colcon_core.package_identification:_identify(src/movement/PID_codes/ros_library/micro_ros_arduino/src/rosidl_typesupport_microxrcedds_c_tests) by extension 'ignore'
[0.295s] Level 1:colcon.colcon_core.package_identification:_identify(src/movement/PID_codes/ros_library/micro_ros_arduino/src/rosidl_typesupport_microxrcedds_c_tests) by extension 'ignore_ament_install'
[0.295s] Level 1:colcon.colcon_core.package_identification:_identify(src/movement/PID_codes/ros_library/micro_ros_arduino/src/rosidl_typesupport_microxrcedds_c_tests) by extensions ['colcon_pkg']
[0.295s] Level 1:colcon.colcon_core.package_identification:_identify(src/movement/PID_codes/ros_library/micro_ros_arduino/src/rosidl_typesupport_microxrcedds_c_tests) by extension 'colcon_pkg'
[0.295s] Level 1:colcon.colcon_core.package_identification:_identify(src/movement/PID_codes/ros_library/micro_ros_arduino/src/rosidl_typesupport_microxrcedds_c_tests) by extensions ['colcon_meta']
[0.295s] Level 1:colcon.colcon_core.package_identification:_identify(src/movement/PID_codes/ros_library/micro_ros_arduino/src/rosidl_typesupport_microxrcedds_c_tests) by extension 'colcon_meta'
[0.295s] Level 1:colcon.colcon_core.package_identification:_identify(src/movement/PID_codes/ros_library/micro_ros_arduino/src/rosidl_typesupport_microxrcedds_c_tests) by extensions ['ros']
[0.295s] Level 1:colcon.colcon_core.package_identification:_identify(src/movement/PID_codes/ros_library/micro_ros_arduino/src/rosidl_typesupport_microxrcedds_c_tests) by extension 'ros'
[0.295s] Level 1:colcon.colcon_core.package_identification:_identify(src/movement/PID_codes/ros_library/micro_ros_arduino/src/rosidl_typesupport_microxrcedds_c_tests) by extensions ['cmake', 'python']
[0.295s] Level 1:colcon.colcon_core.package_identification:_identify(src/movement/PID_codes/ros_library/micro_ros_arduino/src/rosidl_typesupport_microxrcedds_c_tests) by extension 'cmake'
[0.295s] Level 1:colcon.colcon_core.package_identification:_identify(src/movement/PID_codes/ros_library/micro_ros_arduino/src/rosidl_typesupport_microxrcedds_c_tests) by extension 'python'
[0.295s] Level 1:colcon.colcon_core.package_identification:_identify(src/movement/PID_codes/ros_library/micro_ros_arduino/src/rosidl_typesupport_microxrcedds_c_tests) by extensions ['python_setup_py']
[0.295s] Level 1:colcon.colcon_core.package_identification:_identify(src/movement/PID_codes/ros_library/micro_ros_arduino/src/rosidl_typesupport_microxrcedds_c_tests) by extension 'python_setup_py'
[0.295s] Level 1:colcon.colcon_core.package_identification:_identify(src/movement/PID_codes/ros_library/micro_ros_arduino/src/rosidl_typesupport_microxrcedds_cpp) by extensions ['ignore', 'ignore_ament_install']
[0.295s] Level 1:colcon.colcon_core.package_identification:_identify(src/movement/PID_codes/ros_library/micro_ros_arduino/src/rosidl_typesupport_microxrcedds_cpp) by extension 'ignore'
[0.295s] Level 1:colcon.colcon_core.package_identification:_identify(src/movement/PID_codes/ros_library/micro_ros_arduino/src/rosidl_typesupport_microxrcedds_cpp) by extension 'ignore_ament_install'
[0.295s] Level 1:colcon.colcon_core.package_identification:_identify(src/movement/PID_codes/ros_library/micro_ros_arduino/src/rosidl_typesupport_microxrcedds_cpp) by extensions ['colcon_pkg']
[0.295s] Level 1:colcon.colcon_core.package_identification:_identify(src/movement/PID_codes/ros_library/micro_ros_arduino/src/rosidl_typesupport_microxrcedds_cpp) by extension 'colcon_pkg'
[0.295s] Level 1:colcon.colcon_core.package_identification:_identify(src/movement/PID_codes/ros_library/micro_ros_arduino/src/rosidl_typesupport_microxrcedds_cpp) by extensions ['colcon_meta']
[0.295s] Level 1:colcon.colcon_core.package_identification:_identify(src/movement/PID_codes/ros_library/micro_ros_arduino/src/rosidl_typesupport_microxrcedds_cpp) by extension 'colcon_meta'
[0.295s] Level 1:colcon.colcon_core.package_identification:_identify(src/movement/PID_codes/ros_library/micro_ros_arduino/src/rosidl_typesupport_microxrcedds_cpp) by extensions ['ros']
[0.295s] Level 1:colcon.colcon_core.package_identification:_identify(src/movement/PID_codes/ros_library/micro_ros_arduino/src/rosidl_typesupport_microxrcedds_cpp) by extension 'ros'
[0.295s] Level 1:colcon.colcon_core.package_identification:_identify(src/movement/PID_codes/ros_library/micro_ros_arduino/src/rosidl_typesupport_microxrcedds_cpp) by extensions ['cmake', 'python']
[0.295s] Level 1:colcon.colcon_core.package_identification:_identify(src/movement/PID_codes/ros_library/micro_ros_arduino/src/rosidl_typesupport_microxrcedds_cpp) by extension 'cmake'
[0.295s] Level 1:colcon.colcon_core.package_identification:_identify(src/movement/PID_codes/ros_library/micro_ros_arduino/src/rosidl_typesupport_microxrcedds_cpp) by extension 'python'
[0.295s] Level 1:colcon.colcon_core.package_identification:_identify(src/movement/PID_codes/ros_library/micro_ros_arduino/src/rosidl_typesupport_microxrcedds_cpp) by extensions ['python_setup_py']
[0.295s] Level 1:colcon.colcon_core.package_identification:_identify(src/movement/PID_codes/ros_library/micro_ros_arduino/src/rosidl_typesupport_microxrcedds_cpp) by extension 'python_setup_py'
[0.295s] Level 1:colcon.colcon_core.package_identification:_identify(src/movement/PID_codes/ros_library/micro_ros_arduino/src/rosidl_typesupport_microxrcedds_cpp_tests) by extensions ['ignore', 'ignore_ament_install']
[0.295s] Level 1:colcon.colcon_core.package_identification:_identify(src/movement/PID_codes/ros_library/micro_ros_arduino/src/rosidl_typesupport_microxrcedds_cpp_tests) by extension 'ignore'
[0.295s] Level 1:colcon.colcon_core.package_identification:_identify(src/movement/PID_codes/ros_library/micro_ros_arduino/src/rosidl_typesupport_microxrcedds_cpp_tests) by extension 'ignore_ament_install'
[0.296s] Level 1:colcon.colcon_core.package_identification:_identify(src/movement/PID_codes/ros_library/micro_ros_arduino/src/rosidl_typesupport_microxrcedds_cpp_tests) by extensions ['colcon_pkg']
[0.296s] Level 1:colcon.colcon_core.package_identification:_identify(src/movement/PID_codes/ros_library/micro_ros_arduino/src/rosidl_typesupport_microxrcedds_cpp_tests) by extension 'colcon_pkg'
[0.296s] Level 1:colcon.colcon_core.package_identification:_identify(src/movement/PID_codes/ros_library/micro_ros_arduino/src/rosidl_typesupport_microxrcedds_cpp_tests) by extensions ['colcon_meta']
[0.296s] Level 1:colcon.colcon_core.package_identification:_identify(src/movement/PID_codes/ros_library/micro_ros_arduino/src/rosidl_typesupport_microxrcedds_cpp_tests) by extension 'colcon_meta'
[0.296s] Level 1:colcon.colcon_core.package_identification:_identify(src/movement/PID_codes/ros_library/micro_ros_arduino/src/rosidl_typesupport_microxrcedds_cpp_tests) by extensions ['ros']
[0.296s] Level 1:colcon.colcon_core.package_identification:_identify(src/movement/PID_codes/ros_library/micro_ros_arduino/src/rosidl_typesupport_microxrcedds_cpp_tests) by extension 'ros'
[0.296s] Level 1:colcon.colcon_core.package_identification:_identify(src/movement/PID_codes/ros_library/micro_ros_arduino/src/rosidl_typesupport_microxrcedds_cpp_tests) by extensions ['cmake', 'python']
[0.296s] Level 1:colcon.colcon_core.package_identification:_identify(src/movement/PID_codes/ros_library/micro_ros_arduino/src/rosidl_typesupport_microxrcedds_cpp_tests) by extension 'cmake'
[0.296s] Level 1:colcon.colcon_core.package_identification:_identify(src/movement/PID_codes/ros_library/micro_ros_arduino/src/rosidl_typesupport_microxrcedds_cpp_tests) by extension 'python'
[0.296s] Level 1:colcon.colcon_core.package_identification:_identify(src/movement/PID_codes/ros_library/micro_ros_arduino/src/rosidl_typesupport_microxrcedds_cpp_tests) by extensions ['python_setup_py']
[0.296s] Level 1:colcon.colcon_core.package_identification:_identify(src/movement/PID_codes/ros_library/micro_ros_arduino/src/rosidl_typesupport_microxrcedds_cpp_tests) by extension 'python_setup_py'
[0.296s] Level 1:colcon.colcon_core.package_identification:_identify(src/movement/PID_codes/ros_library/micro_ros_arduino/src/rosidl_typesupport_microxrcedds_test_msg) by extensions ['ignore', 'ignore_ament_install']
[0.296s] Level 1:colcon.colcon_core.package_identification:_identify(src/movement/PID_codes/ros_library/micro_ros_arduino/src/rosidl_typesupport_microxrcedds_test_msg) by extension 'ignore'
[0.296s] Level 1:colcon.colcon_core.package_identification:_identify(src/movement/PID_codes/ros_library/micro_ros_arduino/src/rosidl_typesupport_microxrcedds_test_msg) by extension 'ignore_ament_install'
[0.296s] Level 1:colcon.colcon_core.package_identification:_identify(src/movement/PID_codes/ros_library/micro_ros_arduino/src/rosidl_typesupport_microxrcedds_test_msg) by extensions ['colcon_pkg']
[0.296s] Level 1:colcon.colcon_core.package_identification:_identify(src/movement/PID_codes/ros_library/micro_ros_arduino/src/rosidl_typesupport_microxrcedds_test_msg) by extension 'colcon_pkg'
[0.296s] Level 1:colcon.colcon_core.package_identification:_identify(src/movement/PID_codes/ros_library/micro_ros_arduino/src/rosidl_typesupport_microxrcedds_test_msg) by extensions ['colcon_meta']
[0.296s] Level 1:colcon.colcon_core.package_identification:_identify(src/movement/PID_codes/ros_library/micro_ros_arduino/src/rosidl_typesupport_microxrcedds_test_msg) by extension 'colcon_meta'
[0.296s] Level 1:colcon.colcon_core.package_identification:_identify(src/movement/PID_codes/ros_library/micro_ros_arduino/src/rosidl_typesupport_microxrcedds_test_msg) by extensions ['ros']
[0.296s] Level 1:colcon.colcon_core.package_identification:_identify(src/movement/PID_codes/ros_library/micro_ros_arduino/src/rosidl_typesupport_microxrcedds_test_msg) by extension 'ros'
[0.296s] Level 1:colcon.colcon_core.package_identification:_identify(src/movement/PID_codes/ros_library/micro_ros_arduino/src/rosidl_typesupport_microxrcedds_test_msg) by extensions ['cmake', 'python']
[0.296s] Level 1:colcon.colcon_core.package_identification:_identify(src/movement/PID_codes/ros_library/micro_ros_arduino/src/rosidl_typesupport_microxrcedds_test_msg) by extension 'cmake'
[0.296s] Level 1:colcon.colcon_core.package_identification:_identify(src/movement/PID_codes/ros_library/micro_ros_arduino/src/rosidl_typesupport_microxrcedds_test_msg) by extension 'python'
[0.296s] Level 1:colcon.colcon_core.package_identification:_identify(src/movement/PID_codes/ros_library/micro_ros_arduino/src/rosidl_typesupport_microxrcedds_test_msg) by extensions ['python_setup_py']
[0.296s] Level 1:colcon.colcon_core.package_identification:_identify(src/movement/PID_codes/ros_library/micro_ros_arduino/src/rosidl_typesupport_microxrcedds_test_msg) by extension 'python_setup_py'
[0.296s] Level 1:colcon.colcon_core.package_identification:_identify(src/movement/PID_codes/ros_library/micro_ros_arduino/src/sensor_msgs) by extensions ['ignore', 'ignore_ament_install']
[0.296s] Level 1:colcon.colcon_core.package_identification:_identify(src/movement/PID_codes/ros_library/micro_ros_arduino/src/sensor_msgs) by extension 'ignore'
[0.296s] Level 1:colcon.colcon_core.package_identification:_identify(src/movement/PID_codes/ros_library/micro_ros_arduino/src/sensor_msgs) by extension 'ignore_ament_install'
[0.296s] Level 1:colcon.colcon_core.package_identification:_identify(src/movement/PID_codes/ros_library/micro_ros_arduino/src/sensor_msgs) by extensions ['colcon_pkg']
[0.296s] Level 1:colcon.colcon_core.package_identification:_identify(src/movement/PID_codes/ros_library/micro_ros_arduino/src/sensor_msgs) by extension 'colcon_pkg'
[0.296s] Level 1:colcon.colcon_core.package_identification:_identify(src/movement/PID_codes/ros_library/micro_ros_arduino/src/sensor_msgs) by extensions ['colcon_meta']
[0.296s] Level 1:colcon.colcon_core.package_identification:_identify(src/movement/PID_codes/ros_library/micro_ros_arduino/src/sensor_msgs) by extension 'colcon_meta'
[0.296s] Level 1:colcon.colcon_core.package_identification:_identify(src/movement/PID_codes/ros_library/micro_ros_arduino/src/sensor_msgs) by extensions ['ros']
[0.296s] Level 1:colcon.colcon_core.package_identification:_identify(src/movement/PID_codes/ros_library/micro_ros_arduino/src/sensor_msgs) by extension 'ros'
[0.296s] Level 1:colcon.colcon_core.package_identification:_identify(src/movement/PID_codes/ros_library/micro_ros_arduino/src/sensor_msgs) by extensions ['cmake', 'python']
[0.296s] Level 1:colcon.colcon_core.package_identification:_identify(src/movement/PID_codes/ros_library/micro_ros_arduino/src/sensor_msgs) by extension 'cmake'
[0.296s] Level 1:colcon.colcon_core.package_identification:_identify(src/movement/PID_codes/ros_library/micro_ros_arduino/src/sensor_msgs) by extension 'python'
[0.296s] Level 1:colcon.colcon_core.package_identification:_identify(src/movement/PID_codes/ros_library/micro_ros_arduino/src/sensor_msgs) by extensions ['python_setup_py']
[0.296s] Level 1:colcon.colcon_core.package_identification:_identify(src/movement/PID_codes/ros_library/micro_ros_arduino/src/sensor_msgs) by extension 'python_setup_py'
[0.297s] Level 1:colcon.colcon_core.package_identification:_identify(src/movement/PID_codes/ros_library/micro_ros_arduino/src/sensor_msgs/msg) by extensions ['ignore', 'ignore_ament_install']
[0.297s] Level 1:colcon.colcon_core.package_identification:_identify(src/movement/PID_codes/ros_library/micro_ros_arduino/src/sensor_msgs/msg) by extension 'ignore'
[0.297s] Level 1:colcon.colcon_core.package_identification:_identify(src/movement/PID_codes/ros_library/micro_ros_arduino/src/sensor_msgs/msg) by extension 'ignore_ament_install'
[0.297s] Level 1:colcon.colcon_core.package_identification:_identify(src/movement/PID_codes/ros_library/micro_ros_arduino/src/sensor_msgs/msg) by extensions ['colcon_pkg']
[0.297s] Level 1:colcon.colcon_core.package_identification:_identify(src/movement/PID_codes/ros_library/micro_ros_arduino/src/sensor_msgs/msg) by extension 'colcon_pkg'
[0.297s] Level 1:colcon.colcon_core.package_identification:_identify(src/movement/PID_codes/ros_library/micro_ros_arduino/src/sensor_msgs/msg) by extensions ['colcon_meta']
[0.297s] Level 1:colcon.colcon_core.package_identification:_identify(src/movement/PID_codes/ros_library/micro_ros_arduino/src/sensor_msgs/msg) by extension 'colcon_meta'
[0.297s] Level 1:colcon.colcon_core.package_identification:_identify(src/movement/PID_codes/ros_library/micro_ros_arduino/src/sensor_msgs/msg) by extensions ['ros']
[0.297s] Level 1:colcon.colcon_core.package_identification:_identify(src/movement/PID_codes/ros_library/micro_ros_arduino/src/sensor_msgs/msg) by extension 'ros'
[0.297s] Level 1:colcon.colcon_core.package_identification:_identify(src/movement/PID_codes/ros_library/micro_ros_arduino/src/sensor_msgs/msg) by extensions ['cmake', 'python']
[0.297s] Level 1:colcon.colcon_core.package_identification:_identify(src/movement/PID_codes/ros_library/micro_ros_arduino/src/sensor_msgs/msg) by extension 'cmake'
[0.297s] Level 1:colcon.colcon_core.package_identification:_identify(src/movement/PID_codes/ros_library/micro_ros_arduino/src/sensor_msgs/msg) by extension 'python'
[0.297s] Level 1:colcon.colcon_core.package_identification:_identify(src/movement/PID_codes/ros_library/micro_ros_arduino/src/sensor_msgs/msg) by extensions ['python_setup_py']
[0.297s] Level 1:colcon.colcon_core.package_identification:_identify(src/movement/PID_codes/ros_library/micro_ros_arduino/src/sensor_msgs/msg) by extension 'python_setup_py'
[0.297s] Level 1:colcon.colcon_core.package_identification:_identify(src/movement/PID_codes/ros_library/micro_ros_arduino/src/sensor_msgs/msg/detail) by extensions ['ignore', 'ignore_ament_install']
[0.297s] Level 1:colcon.colcon_core.package_identification:_identify(src/movement/PID_codes/ros_library/micro_ros_arduino/src/sensor_msgs/msg/detail) by extension 'ignore'
[0.297s] Level 1:colcon.colcon_core.package_identification:_identify(src/movement/PID_codes/ros_library/micro_ros_arduino/src/sensor_msgs/msg/detail) by extension 'ignore_ament_install'
[0.297s] Level 1:colcon.colcon_core.package_identification:_identify(src/movement/PID_codes/ros_library/micro_ros_arduino/src/sensor_msgs/msg/detail) by extensions ['colcon_pkg']
[0.297s] Level 1:colcon.colcon_core.package_identification:_identify(src/movement/PID_codes/ros_library/micro_ros_arduino/src/sensor_msgs/msg/detail) by extension 'colcon_pkg'
[0.297s] Level 1:colcon.colcon_core.package_identification:_identify(src/movement/PID_codes/ros_library/micro_ros_arduino/src/sensor_msgs/msg/detail) by extensions ['colcon_meta']
[0.297s] Level 1:colcon.colcon_core.package_identification:_identify(src/movement/PID_codes/ros_library/micro_ros_arduino/src/sensor_msgs/msg/detail) by extension 'colcon_meta'
[0.297s] Level 1:colcon.colcon_core.package_identification:_identify(src/movement/PID_codes/ros_library/micro_ros_arduino/src/sensor_msgs/msg/detail) by extensions ['ros']
[0.297s] Level 1:colcon.colcon_core.package_identification:_identify(src/movement/PID_codes/ros_library/micro_ros_arduino/src/sensor_msgs/msg/detail) by extension 'ros'
[0.297s] Level 1:colcon.colcon_core.package_identification:_identify(src/movement/PID_codes/ros_library/micro_ros_arduino/src/sensor_msgs/msg/detail) by extensions ['cmake', 'python']
[0.297s] Level 1:colcon.colcon_core.package_identification:_identify(src/movement/PID_codes/ros_library/micro_ros_arduino/src/sensor_msgs/msg/detail) by extension 'cmake'
[0.297s] Level 1:colcon.colcon_core.package_identification:_identify(src/movement/PID_codes/ros_library/micro_ros_arduino/src/sensor_msgs/msg/detail) by extension 'python'
[0.297s] Level 1:colcon.colcon_core.package_identification:_identify(src/movement/PID_codes/ros_library/micro_ros_arduino/src/sensor_msgs/msg/detail) by extensions ['python_setup_py']
[0.297s] Level 1:colcon.colcon_core.package_identification:_identify(src/movement/PID_codes/ros_library/micro_ros_arduino/src/sensor_msgs/msg/detail) by extension 'python_setup_py'
[0.297s] Level 1:colcon.colcon_core.package_identification:_identify(src/movement/PID_codes/ros_library/micro_ros_arduino/src/sensor_msgs/msg/detail/microxrcedds) by extensions ['ignore', 'ignore_ament_install']
[0.297s] Level 1:colcon.colcon_core.package_identification:_identify(src/movement/PID_codes/ros_library/micro_ros_arduino/src/sensor_msgs/msg/detail/microxrcedds) by extension 'ignore'
[0.297s] Level 1:colcon.colcon_core.package_identification:_identify(src/movement/PID_codes/ros_library/micro_ros_arduino/src/sensor_msgs/msg/detail/microxrcedds) by extension 'ignore_ament_install'
[0.297s] Level 1:colcon.colcon_core.package_identification:_identify(src/movement/PID_codes/ros_library/micro_ros_arduino/src/sensor_msgs/msg/detail/microxrcedds) by extensions ['colcon_pkg']
[0.297s] Level 1:colcon.colcon_core.package_identification:_identify(src/movement/PID_codes/ros_library/micro_ros_arduino/src/sensor_msgs/msg/detail/microxrcedds) by extension 'colcon_pkg'
[0.297s] Level 1:colcon.colcon_core.package_identification:_identify(src/movement/PID_codes/ros_library/micro_ros_arduino/src/sensor_msgs/msg/detail/microxrcedds) by extensions ['colcon_meta']
[0.297s] Level 1:colcon.colcon_core.package_identification:_identify(src/movement/PID_codes/ros_library/micro_ros_arduino/src/sensor_msgs/msg/detail/microxrcedds) by extension 'colcon_meta'
[0.298s] Level 1:colcon.colcon_core.package_identification:_identify(src/movement/PID_codes/ros_library/micro_ros_arduino/src/sensor_msgs/msg/detail/microxrcedds) by extensions ['ros']
[0.298s] Level 1:colcon.colcon_core.package_identification:_identify(src/movement/PID_codes/ros_library/micro_ros_arduino/src/sensor_msgs/msg/detail/microxrcedds) by extension 'ros'
[0.298s] Level 1:colcon.colcon_core.package_identification:_identify(src/movement/PID_codes/ros_library/micro_ros_arduino/src/sensor_msgs/msg/detail/microxrcedds) by extensions ['cmake', 'python']
[0.298s] Level 1:colcon.colcon_core.package_identification:_identify(src/movement/PID_codes/ros_library/micro_ros_arduino/src/sensor_msgs/msg/detail/microxrcedds) by extension 'cmake'
[0.298s] Level 1:colcon.colcon_core.package_identification:_identify(src/movement/PID_codes/ros_library/micro_ros_arduino/src/sensor_msgs/msg/detail/microxrcedds) by extension 'python'
[0.298s] Level 1:colcon.colcon_core.package_identification:_identify(src/movement/PID_codes/ros_library/micro_ros_arduino/src/sensor_msgs/msg/detail/microxrcedds) by extensions ['python_setup_py']
[0.298s] Level 1:colcon.colcon_core.package_identification:_identify(src/movement/PID_codes/ros_library/micro_ros_arduino/src/sensor_msgs/msg/detail/microxrcedds) by extension 'python_setup_py'
[0.298s] Level 1:colcon.colcon_core.package_identification:_identify(src/movement/PID_codes/ros_library/micro_ros_arduino/src/sensor_msgs/srv) by extensions ['ignore', 'ignore_ament_install']
[0.298s] Level 1:colcon.colcon_core.package_identification:_identify(src/movement/PID_codes/ros_library/micro_ros_arduino/src/sensor_msgs/srv) by extension 'ignore'
[0.298s] Level 1:colcon.colcon_core.package_identification:_identify(src/movement/PID_codes/ros_library/micro_ros_arduino/src/sensor_msgs/srv) by extension 'ignore_ament_install'
[0.298s] Level 1:colcon.colcon_core.package_identification:_identify(src/movement/PID_codes/ros_library/micro_ros_arduino/src/sensor_msgs/srv) by extensions ['colcon_pkg']
[0.298s] Level 1:colcon.colcon_core.package_identification:_identify(src/movement/PID_codes/ros_library/micro_ros_arduino/src/sensor_msgs/srv) by extension 'colcon_pkg'
[0.298s] Level 1:colcon.colcon_core.package_identification:_identify(src/movement/PID_codes/ros_library/micro_ros_arduino/src/sensor_msgs/srv) by extensions ['colcon_meta']
[0.298s] Level 1:colcon.colcon_core.package_identification:_identify(src/movement/PID_codes/ros_library/micro_ros_arduino/src/sensor_msgs/srv) by extension 'colcon_meta'
[0.298s] Level 1:colcon.colcon_core.package_identification:_identify(src/movement/PID_codes/ros_library/micro_ros_arduino/src/sensor_msgs/srv) by extensions ['ros']
[0.298s] Level 1:colcon.colcon_core.package_identification:_identify(src/movement/PID_codes/ros_library/micro_ros_arduino/src/sensor_msgs/srv) by extension 'ros'
[0.298s] Level 1:colcon.colcon_core.package_identification:_identify(src/movement/PID_codes/ros_library/micro_ros_arduino/src/sensor_msgs/srv) by extensions ['cmake', 'python']
[0.298s] Level 1:colcon.colcon_core.package_identification:_identify(src/movement/PID_codes/ros_library/micro_ros_arduino/src/sensor_msgs/srv) by extension 'cmake'
[0.298s] Level 1:colcon.colcon_core.package_identification:_identify(src/movement/PID_codes/ros_library/micro_ros_arduino/src/sensor_msgs/srv) by extension 'python'
[0.298s] Level 1:colcon.colcon_core.package_identification:_identify(src/movement/PID_codes/ros_library/micro_ros_arduino/src/sensor_msgs/srv) by extensions ['python_setup_py']
[0.298s] Level 1:colcon.colcon_core.package_identification:_identify(src/movement/PID_codes/ros_library/micro_ros_arduino/src/sensor_msgs/srv) by extension 'python_setup_py'
[0.298s] Level 1:colcon.colcon_core.package_identification:_identify(src/movement/PID_codes/ros_library/micro_ros_arduino/src/sensor_msgs/srv/detail) by extensions ['ignore', 'ignore_ament_install']
[0.298s] Level 1:colcon.colcon_core.package_identification:_identify(src/movement/PID_codes/ros_library/micro_ros_arduino/src/sensor_msgs/srv/detail) by extension 'ignore'
[0.298s] Level 1:colcon.colcon_core.package_identification:_identify(src/movement/PID_codes/ros_library/micro_ros_arduino/src/sensor_msgs/srv/detail) by extension 'ignore_ament_install'
[0.298s] Level 1:colcon.colcon_core.package_identification:_identify(src/movement/PID_codes/ros_library/micro_ros_arduino/src/sensor_msgs/srv/detail) by extensions ['colcon_pkg']
[0.298s] Level 1:colcon.colcon_core.package_identification:_identify(src/movement/PID_codes/ros_library/micro_ros_arduino/src/sensor_msgs/srv/detail) by extension 'colcon_pkg'
[0.298s] Level 1:colcon.colcon_core.package_identification:_identify(src/movement/PID_codes/ros_library/micro_ros_arduino/src/sensor_msgs/srv/detail) by extensions ['colcon_meta']
[0.298s] Level 1:colcon.colcon_core.package_identification:_identify(src/movement/PID_codes/ros_library/micro_ros_arduino/src/sensor_msgs/srv/detail) by extension 'colcon_meta'
[0.298s] Level 1:colcon.colcon_core.package_identification:_identify(src/movement/PID_codes/ros_library/micro_ros_arduino/src/sensor_msgs/srv/detail) by extensions ['ros']
[0.298s] Level 1:colcon.colcon_core.package_identification:_identify(src/movement/PID_codes/ros_library/micro_ros_arduino/src/sensor_msgs/srv/detail) by extension 'ros'
[0.298s] Level 1:colcon.colcon_core.package_identification:_identify(src/movement/PID_codes/ros_library/micro_ros_arduino/src/sensor_msgs/srv/detail) by extensions ['cmake', 'python']
[0.298s] Level 1:colcon.colcon_core.package_identification:_identify(src/movement/PID_codes/ros_library/micro_ros_arduino/src/sensor_msgs/srv/detail) by extension 'cmake'
[0.298s] Level 1:colcon.colcon_core.package_identification:_identify(src/movement/PID_codes/ros_library/micro_ros_arduino/src/sensor_msgs/srv/detail) by extension 'python'
[0.298s] Level 1:colcon.colcon_core.package_identification:_identify(src/movement/PID_codes/ros_library/micro_ros_arduino/src/sensor_msgs/srv/detail) by extensions ['python_setup_py']
[0.298s] Level 1:colcon.colcon_core.package_identification:_identify(src/movement/PID_codes/ros_library/micro_ros_arduino/src/sensor_msgs/srv/detail) by extension 'python_setup_py'
[0.298s] Level 1:colcon.colcon_core.package_identification:_identify(src/movement/PID_codes/ros_library/micro_ros_arduino/src/sensor_msgs/srv/detail/microxrcedds) by extensions ['ignore', 'ignore_ament_install']
[0.299s] Level 1:colcon.colcon_core.package_identification:_identify(src/movement/PID_codes/ros_library/micro_ros_arduino/src/sensor_msgs/srv/detail/microxrcedds) by extension 'ignore'
[0.299s] Level 1:colcon.colcon_core.package_identification:_identify(src/movement/PID_codes/ros_library/micro_ros_arduino/src/sensor_msgs/srv/detail/microxrcedds) by extension 'ignore_ament_install'
[0.299s] Level 1:colcon.colcon_core.package_identification:_identify(src/movement/PID_codes/ros_library/micro_ros_arduino/src/sensor_msgs/srv/detail/microxrcedds) by extensions ['colcon_pkg']
[0.299s] Level 1:colcon.colcon_core.package_identification:_identify(src/movement/PID_codes/ros_library/micro_ros_arduino/src/sensor_msgs/srv/detail/microxrcedds) by extension 'colcon_pkg'
[0.299s] Level 1:colcon.colcon_core.package_identification:_identify(src/movement/PID_codes/ros_library/micro_ros_arduino/src/sensor_msgs/srv/detail/microxrcedds) by extensions ['colcon_meta']
[0.299s] Level 1:colcon.colcon_core.package_identification:_identify(src/movement/PID_codes/ros_library/micro_ros_arduino/src/sensor_msgs/srv/detail/microxrcedds) by extension 'colcon_meta'
[0.299s] Level 1:colcon.colcon_core.package_identification:_identify(src/movement/PID_codes/ros_library/micro_ros_arduino/src/sensor_msgs/srv/detail/microxrcedds) by extensions ['ros']
[0.299s] Level 1:colcon.colcon_core.package_identification:_identify(src/movement/PID_codes/ros_library/micro_ros_arduino/src/sensor_msgs/srv/detail/microxrcedds) by extension 'ros'
[0.299s] Level 1:colcon.colcon_core.package_identification:_identify(src/movement/PID_codes/ros_library/micro_ros_arduino/src/sensor_msgs/srv/detail/microxrcedds) by extensions ['cmake', 'python']
[0.299s] Level 1:colcon.colcon_core.package_identification:_identify(src/movement/PID_codes/ros_library/micro_ros_arduino/src/sensor_msgs/srv/detail/microxrcedds) by extension 'cmake'
[0.299s] Level 1:colcon.colcon_core.package_identification:_identify(src/movement/PID_codes/ros_library/micro_ros_arduino/src/sensor_msgs/srv/detail/microxrcedds) by extension 'python'
[0.299s] Level 1:colcon.colcon_core.package_identification:_identify(src/movement/PID_codes/ros_library/micro_ros_arduino/src/sensor_msgs/srv/detail/microxrcedds) by extensions ['python_setup_py']
[0.299s] Level 1:colcon.colcon_core.package_identification:_identify(src/movement/PID_codes/ros_library/micro_ros_arduino/src/sensor_msgs/srv/detail/microxrcedds) by extension 'python_setup_py'
[0.299s] Level 1:colcon.colcon_core.package_identification:_identify(src/movement/PID_codes/ros_library/micro_ros_arduino/src/sensor_msgs_py) by extensions ['ignore', 'ignore_ament_install']
[0.299s] Level 1:colcon.colcon_core.package_identification:_identify(src/movement/PID_codes/ros_library/micro_ros_arduino/src/sensor_msgs_py) by extension 'ignore'
[0.299s] Level 1:colcon.colcon_core.package_identification:_identify(src/movement/PID_codes/ros_library/micro_ros_arduino/src/sensor_msgs_py) by extension 'ignore_ament_install'
[0.299s] Level 1:colcon.colcon_core.package_identification:_identify(src/movement/PID_codes/ros_library/micro_ros_arduino/src/sensor_msgs_py) by extensions ['colcon_pkg']
[0.299s] Level 1:colcon.colcon_core.package_identification:_identify(src/movement/PID_codes/ros_library/micro_ros_arduino/src/sensor_msgs_py) by extension 'colcon_pkg'
[0.299s] Level 1:colcon.colcon_core.package_identification:_identify(src/movement/PID_codes/ros_library/micro_ros_arduino/src/sensor_msgs_py) by extensions ['colcon_meta']
[0.299s] Level 1:colcon.colcon_core.package_identification:_identify(src/movement/PID_codes/ros_library/micro_ros_arduino/src/sensor_msgs_py) by extension 'colcon_meta'
[0.299s] Level 1:colcon.colcon_core.package_identification:_identify(src/movement/PID_codes/ros_library/micro_ros_arduino/src/sensor_msgs_py) by extensions ['ros']
[0.299s] Level 1:colcon.colcon_core.package_identification:_identify(src/movement/PID_codes/ros_library/micro_ros_arduino/src/sensor_msgs_py) by extension 'ros'
[0.299s] Level 1:colcon.colcon_core.package_identification:_identify(src/movement/PID_codes/ros_library/micro_ros_arduino/src/sensor_msgs_py) by extensions ['cmake', 'python']
[0.299s] Level 1:colcon.colcon_core.package_identification:_identify(src/movement/PID_codes/ros_library/micro_ros_arduino/src/sensor_msgs_py) by extension 'cmake'
[0.299s] Level 1:colcon.colcon_core.package_identification:_identify(src/movement/PID_codes/ros_library/micro_ros_arduino/src/sensor_msgs_py) by extension 'python'
[0.299s] Level 1:colcon.colcon_core.package_identification:_identify(src/movement/PID_codes/ros_library/micro_ros_arduino/src/sensor_msgs_py) by extensions ['python_setup_py']
[0.299s] Level 1:colcon.colcon_core.package_identification:_identify(src/movement/PID_codes/ros_library/micro_ros_arduino/src/sensor_msgs_py) by extension 'python_setup_py'
[0.299s] Level 1:colcon.colcon_core.package_identification:_identify(src/movement/PID_codes/ros_library/micro_ros_arduino/src/shape_msgs) by extensions ['ignore', 'ignore_ament_install']
[0.299s] Level 1:colcon.colcon_core.package_identification:_identify(src/movement/PID_codes/ros_library/micro_ros_arduino/src/shape_msgs) by extension 'ignore'
[0.299s] Level 1:colcon.colcon_core.package_identification:_identify(src/movement/PID_codes/ros_library/micro_ros_arduino/src/shape_msgs) by extension 'ignore_ament_install'
[0.299s] Level 1:colcon.colcon_core.package_identification:_identify(src/movement/PID_codes/ros_library/micro_ros_arduino/src/shape_msgs) by extensions ['colcon_pkg']
[0.299s] Level 1:colcon.colcon_core.package_identification:_identify(src/movement/PID_codes/ros_library/micro_ros_arduino/src/shape_msgs) by extension 'colcon_pkg'
[0.299s] Level 1:colcon.colcon_core.package_identification:_identify(src/movement/PID_codes/ros_library/micro_ros_arduino/src/shape_msgs) by extensions ['colcon_meta']
[0.299s] Level 1:colcon.colcon_core.package_identification:_identify(src/movement/PID_codes/ros_library/micro_ros_arduino/src/shape_msgs) by extension 'colcon_meta'
[0.299s] Level 1:colcon.colcon_core.package_identification:_identify(src/movement/PID_codes/ros_library/micro_ros_arduino/src/shape_msgs) by extensions ['ros']
[0.299s] Level 1:colcon.colcon_core.package_identification:_identify(src/movement/PID_codes/ros_library/micro_ros_arduino/src/shape_msgs) by extension 'ros'
[0.299s] Level 1:colcon.colcon_core.package_identification:_identify(src/movement/PID_codes/ros_library/micro_ros_arduino/src/shape_msgs) by extensions ['cmake', 'python']
[0.300s] Level 1:colcon.colcon_core.package_identification:_identify(src/movement/PID_codes/ros_library/micro_ros_arduino/src/shape_msgs) by extension 'cmake'
[0.300s] Level 1:colcon.colcon_core.package_identification:_identify(src/movement/PID_codes/ros_library/micro_ros_arduino/src/shape_msgs) by extension 'python'
[0.300s] Level 1:colcon.colcon_core.package_identification:_identify(src/movement/PID_codes/ros_library/micro_ros_arduino/src/shape_msgs) by extensions ['python_setup_py']
[0.300s] Level 1:colcon.colcon_core.package_identification:_identify(src/movement/PID_codes/ros_library/micro_ros_arduino/src/shape_msgs) by extension 'python_setup_py'
[0.300s] Level 1:colcon.colcon_core.package_identification:_identify(src/movement/PID_codes/ros_library/micro_ros_arduino/src/shape_msgs/msg) by extensions ['ignore', 'ignore_ament_install']
[0.300s] Level 1:colcon.colcon_core.package_identification:_identify(src/movement/PID_codes/ros_library/micro_ros_arduino/src/shape_msgs/msg) by extension 'ignore'
[0.300s] Level 1:colcon.colcon_core.package_identification:_identify(src/movement/PID_codes/ros_library/micro_ros_arduino/src/shape_msgs/msg) by extension 'ignore_ament_install'
[0.300s] Level 1:colcon.colcon_core.package_identification:_identify(src/movement/PID_codes/ros_library/micro_ros_arduino/src/shape_msgs/msg) by extensions ['colcon_pkg']
[0.300s] Level 1:colcon.colcon_core.package_identification:_identify(src/movement/PID_codes/ros_library/micro_ros_arduino/src/shape_msgs/msg) by extension 'colcon_pkg'
[0.300s] Level 1:colcon.colcon_core.package_identification:_identify(src/movement/PID_codes/ros_library/micro_ros_arduino/src/shape_msgs/msg) by extensions ['colcon_meta']
[0.300s] Level 1:colcon.colcon_core.package_identification:_identify(src/movement/PID_codes/ros_library/micro_ros_arduino/src/shape_msgs/msg) by extension 'colcon_meta'
[0.300s] Level 1:colcon.colcon_core.package_identification:_identify(src/movement/PID_codes/ros_library/micro_ros_arduino/src/shape_msgs/msg) by extensions ['ros']
[0.300s] Level 1:colcon.colcon_core.package_identification:_identify(src/movement/PID_codes/ros_library/micro_ros_arduino/src/shape_msgs/msg) by extension 'ros'
[0.300s] Level 1:colcon.colcon_core.package_identification:_identify(src/movement/PID_codes/ros_library/micro_ros_arduino/src/shape_msgs/msg) by extensions ['cmake', 'python']
[0.300s] Level 1:colcon.colcon_core.package_identification:_identify(src/movement/PID_codes/ros_library/micro_ros_arduino/src/shape_msgs/msg) by extension 'cmake'
[0.300s] Level 1:colcon.colcon_core.package_identification:_identify(src/movement/PID_codes/ros_library/micro_ros_arduino/src/shape_msgs/msg) by extension 'python'
[0.300s] Level 1:colcon.colcon_core.package_identification:_identify(src/movement/PID_codes/ros_library/micro_ros_arduino/src/shape_msgs/msg) by extensions ['python_setup_py']
[0.300s] Level 1:colcon.colcon_core.package_identification:_identify(src/movement/PID_codes/ros_library/micro_ros_arduino/src/shape_msgs/msg) by extension 'python_setup_py'
[0.300s] Level 1:colcon.colcon_core.package_identification:_identify(src/movement/PID_codes/ros_library/micro_ros_arduino/src/shape_msgs/msg/detail) by extensions ['ignore', 'ignore_ament_install']
[0.300s] Level 1:colcon.colcon_core.package_identification:_identify(src/movement/PID_codes/ros_library/micro_ros_arduino/src/shape_msgs/msg/detail) by extension 'ignore'
[0.300s] Level 1:colcon.colcon_core.package_identification:_identify(src/movement/PID_codes/ros_library/micro_ros_arduino/src/shape_msgs/msg/detail) by extension 'ignore_ament_install'
[0.300s] Level 1:colcon.colcon_core.package_identification:_identify(src/movement/PID_codes/ros_library/micro_ros_arduino/src/shape_msgs/msg/detail) by extensions ['colcon_pkg']
[0.300s] Level 1:colcon.colcon_core.package_identification:_identify(src/movement/PID_codes/ros_library/micro_ros_arduino/src/shape_msgs/msg/detail) by extension 'colcon_pkg'
[0.300s] Level 1:colcon.colcon_core.package_identification:_identify(src/movement/PID_codes/ros_library/micro_ros_arduino/src/shape_msgs/msg/detail) by extensions ['colcon_meta']
[0.300s] Level 1:colcon.colcon_core.package_identification:_identify(src/movement/PID_codes/ros_library/micro_ros_arduino/src/shape_msgs/msg/detail) by extension 'colcon_meta'
[0.300s] Level 1:colcon.colcon_core.package_identification:_identify(src/movement/PID_codes/ros_library/micro_ros_arduino/src/shape_msgs/msg/detail) by extensions ['ros']
[0.300s] Level 1:colcon.colcon_core.package_identification:_identify(src/movement/PID_codes/ros_library/micro_ros_arduino/src/shape_msgs/msg/detail) by extension 'ros'
[0.300s] Level 1:colcon.colcon_core.package_identification:_identify(src/movement/PID_codes/ros_library/micro_ros_arduino/src/shape_msgs/msg/detail) by extensions ['cmake', 'python']
[0.300s] Level 1:colcon.colcon_core.package_identification:_identify(src/movement/PID_codes/ros_library/micro_ros_arduino/src/shape_msgs/msg/detail) by extension 'cmake'
[0.300s] Level 1:colcon.colcon_core.package_identification:_identify(src/movement/PID_codes/ros_library/micro_ros_arduino/src/shape_msgs/msg/detail) by extension 'python'
[0.300s] Level 1:colcon.colcon_core.package_identification:_identify(src/movement/PID_codes/ros_library/micro_ros_arduino/src/shape_msgs/msg/detail) by extensions ['python_setup_py']
[0.300s] Level 1:colcon.colcon_core.package_identification:_identify(src/movement/PID_codes/ros_library/micro_ros_arduino/src/shape_msgs/msg/detail) by extension 'python_setup_py'
[0.300s] Level 1:colcon.colcon_core.package_identification:_identify(src/movement/PID_codes/ros_library/micro_ros_arduino/src/shape_msgs/msg/detail/microxrcedds) by extensions ['ignore', 'ignore_ament_install']
[0.300s] Level 1:colcon.colcon_core.package_identification:_identify(src/movement/PID_codes/ros_library/micro_ros_arduino/src/shape_msgs/msg/detail/microxrcedds) by extension 'ignore'
[0.300s] Level 1:colcon.colcon_core.package_identification:_identify(src/movement/PID_codes/ros_library/micro_ros_arduino/src/shape_msgs/msg/detail/microxrcedds) by extension 'ignore_ament_install'
[0.300s] Level 1:colcon.colcon_core.package_identification:_identify(src/movement/PID_codes/ros_library/micro_ros_arduino/src/shape_msgs/msg/detail/microxrcedds) by extensions ['colcon_pkg']
[0.300s] Level 1:colcon.colcon_core.package_identification:_identify(src/movement/PID_codes/ros_library/micro_ros_arduino/src/shape_msgs/msg/detail/microxrcedds) by extension 'colcon_pkg'
[0.301s] Level 1:colcon.colcon_core.package_identification:_identify(src/movement/PID_codes/ros_library/micro_ros_arduino/src/shape_msgs/msg/detail/microxrcedds) by extensions ['colcon_meta']
[0.301s] Level 1:colcon.colcon_core.package_identification:_identify(src/movement/PID_codes/ros_library/micro_ros_arduino/src/shape_msgs/msg/detail/microxrcedds) by extension 'colcon_meta'
[0.301s] Level 1:colcon.colcon_core.package_identification:_identify(src/movement/PID_codes/ros_library/micro_ros_arduino/src/shape_msgs/msg/detail/microxrcedds) by extensions ['ros']
[0.301s] Level 1:colcon.colcon_core.package_identification:_identify(src/movement/PID_codes/ros_library/micro_ros_arduino/src/shape_msgs/msg/detail/microxrcedds) by extension 'ros'
[0.301s] Level 1:colcon.colcon_core.package_identification:_identify(src/movement/PID_codes/ros_library/micro_ros_arduino/src/shape_msgs/msg/detail/microxrcedds) by extensions ['cmake', 'python']
[0.301s] Level 1:colcon.colcon_core.package_identification:_identify(src/movement/PID_codes/ros_library/micro_ros_arduino/src/shape_msgs/msg/detail/microxrcedds) by extension 'cmake'
[0.301s] Level 1:colcon.colcon_core.package_identification:_identify(src/movement/PID_codes/ros_library/micro_ros_arduino/src/shape_msgs/msg/detail/microxrcedds) by extension 'python'
[0.301s] Level 1:colcon.colcon_core.package_identification:_identify(src/movement/PID_codes/ros_library/micro_ros_arduino/src/shape_msgs/msg/detail/microxrcedds) by extensions ['python_setup_py']
[0.301s] Level 1:colcon.colcon_core.package_identification:_identify(src/movement/PID_codes/ros_library/micro_ros_arduino/src/shape_msgs/msg/detail/microxrcedds) by extension 'python_setup_py'
[0.301s] Level 1:colcon.colcon_core.package_identification:_identify(src/movement/PID_codes/ros_library/micro_ros_arduino/src/statistics_msgs) by extensions ['ignore', 'ignore_ament_install']
[0.301s] Level 1:colcon.colcon_core.package_identification:_identify(src/movement/PID_codes/ros_library/micro_ros_arduino/src/statistics_msgs) by extension 'ignore'
[0.301s] Level 1:colcon.colcon_core.package_identification:_identify(src/movement/PID_codes/ros_library/micro_ros_arduino/src/statistics_msgs) by extension 'ignore_ament_install'
[0.301s] Level 1:colcon.colcon_core.package_identification:_identify(src/movement/PID_codes/ros_library/micro_ros_arduino/src/statistics_msgs) by extensions ['colcon_pkg']
[0.301s] Level 1:colcon.colcon_core.package_identification:_identify(src/movement/PID_codes/ros_library/micro_ros_arduino/src/statistics_msgs) by extension 'colcon_pkg'
[0.301s] Level 1:colcon.colcon_core.package_identification:_identify(src/movement/PID_codes/ros_library/micro_ros_arduino/src/statistics_msgs) by extensions ['colcon_meta']
[0.301s] Level 1:colcon.colcon_core.package_identification:_identify(src/movement/PID_codes/ros_library/micro_ros_arduino/src/statistics_msgs) by extension 'colcon_meta'
[0.301s] Level 1:colcon.colcon_core.package_identification:_identify(src/movement/PID_codes/ros_library/micro_ros_arduino/src/statistics_msgs) by extensions ['ros']
[0.301s] Level 1:colcon.colcon_core.package_identification:_identify(src/movement/PID_codes/ros_library/micro_ros_arduino/src/statistics_msgs) by extension 'ros'
[0.301s] Level 1:colcon.colcon_core.package_identification:_identify(src/movement/PID_codes/ros_library/micro_ros_arduino/src/statistics_msgs) by extensions ['cmake', 'python']
[0.301s] Level 1:colcon.colcon_core.package_identification:_identify(src/movement/PID_codes/ros_library/micro_ros_arduino/src/statistics_msgs) by extension 'cmake'
[0.301s] Level 1:colcon.colcon_core.package_identification:_identify(src/movement/PID_codes/ros_library/micro_ros_arduino/src/statistics_msgs) by extension 'python'
[0.301s] Level 1:colcon.colcon_core.package_identification:_identify(src/movement/PID_codes/ros_library/micro_ros_arduino/src/statistics_msgs) by extensions ['python_setup_py']
[0.301s] Level 1:colcon.colcon_core.package_identification:_identify(src/movement/PID_codes/ros_library/micro_ros_arduino/src/statistics_msgs) by extension 'python_setup_py'
[0.301s] Level 1:colcon.colcon_core.package_identification:_identify(src/movement/PID_codes/ros_library/micro_ros_arduino/src/statistics_msgs/msg) by extensions ['ignore', 'ignore_ament_install']
[0.301s] Level 1:colcon.colcon_core.package_identification:_identify(src/movement/PID_codes/ros_library/micro_ros_arduino/src/statistics_msgs/msg) by extension 'ignore'
[0.301s] Level 1:colcon.colcon_core.package_identification:_identify(src/movement/PID_codes/ros_library/micro_ros_arduino/src/statistics_msgs/msg) by extension 'ignore_ament_install'
[0.301s] Level 1:colcon.colcon_core.package_identification:_identify(src/movement/PID_codes/ros_library/micro_ros_arduino/src/statistics_msgs/msg) by extensions ['colcon_pkg']
[0.301s] Level 1:colcon.colcon_core.package_identification:_identify(src/movement/PID_codes/ros_library/micro_ros_arduino/src/statistics_msgs/msg) by extension 'colcon_pkg'
[0.301s] Level 1:colcon.colcon_core.package_identification:_identify(src/movement/PID_codes/ros_library/micro_ros_arduino/src/statistics_msgs/msg) by extensions ['colcon_meta']
[0.301s] Level 1:colcon.colcon_core.package_identification:_identify(src/movement/PID_codes/ros_library/micro_ros_arduino/src/statistics_msgs/msg) by extension 'colcon_meta'
[0.301s] Level 1:colcon.colcon_core.package_identification:_identify(src/movement/PID_codes/ros_library/micro_ros_arduino/src/statistics_msgs/msg) by extensions ['ros']
[0.301s] Level 1:colcon.colcon_core.package_identification:_identify(src/movement/PID_codes/ros_library/micro_ros_arduino/src/statistics_msgs/msg) by extension 'ros'
[0.301s] Level 1:colcon.colcon_core.package_identification:_identify(src/movement/PID_codes/ros_library/micro_ros_arduino/src/statistics_msgs/msg) by extensions ['cmake', 'python']
[0.301s] Level 1:colcon.colcon_core.package_identification:_identify(src/movement/PID_codes/ros_library/micro_ros_arduino/src/statistics_msgs/msg) by extension 'cmake'
[0.301s] Level 1:colcon.colcon_core.package_identification:_identify(src/movement/PID_codes/ros_library/micro_ros_arduino/src/statistics_msgs/msg) by extension 'python'
[0.301s] Level 1:colcon.colcon_core.package_identification:_identify(src/movement/PID_codes/ros_library/micro_ros_arduino/src/statistics_msgs/msg) by extensions ['python_setup_py']
[0.301s] Level 1:colcon.colcon_core.package_identification:_identify(src/movement/PID_codes/ros_library/micro_ros_arduino/src/statistics_msgs/msg) by extension 'python_setup_py'
[0.302s] Level 1:colcon.colcon_core.package_identification:_identify(src/movement/PID_codes/ros_library/micro_ros_arduino/src/statistics_msgs/msg/detail) by extensions ['ignore', 'ignore_ament_install']
[0.302s] Level 1:colcon.colcon_core.package_identification:_identify(src/movement/PID_codes/ros_library/micro_ros_arduino/src/statistics_msgs/msg/detail) by extension 'ignore'
[0.302s] Level 1:colcon.colcon_core.package_identification:_identify(src/movement/PID_codes/ros_library/micro_ros_arduino/src/statistics_msgs/msg/detail) by extension 'ignore_ament_install'
[0.302s] Level 1:colcon.colcon_core.package_identification:_identify(src/movement/PID_codes/ros_library/micro_ros_arduino/src/statistics_msgs/msg/detail) by extensions ['colcon_pkg']
[0.302s] Level 1:colcon.colcon_core.package_identification:_identify(src/movement/PID_codes/ros_library/micro_ros_arduino/src/statistics_msgs/msg/detail) by extension 'colcon_pkg'
[0.302s] Level 1:colcon.colcon_core.package_identification:_identify(src/movement/PID_codes/ros_library/micro_ros_arduino/src/statistics_msgs/msg/detail) by extensions ['colcon_meta']
[0.302s] Level 1:colcon.colcon_core.package_identification:_identify(src/movement/PID_codes/ros_library/micro_ros_arduino/src/statistics_msgs/msg/detail) by extension 'colcon_meta'
[0.302s] Level 1:colcon.colcon_core.package_identification:_identify(src/movement/PID_codes/ros_library/micro_ros_arduino/src/statistics_msgs/msg/detail) by extensions ['ros']
[0.302s] Level 1:colcon.colcon_core.package_identification:_identify(src/movement/PID_codes/ros_library/micro_ros_arduino/src/statistics_msgs/msg/detail) by extension 'ros'
[0.302s] Level 1:colcon.colcon_core.package_identification:_identify(src/movement/PID_codes/ros_library/micro_ros_arduino/src/statistics_msgs/msg/detail) by extensions ['cmake', 'python']
[0.302s] Level 1:colcon.colcon_core.package_identification:_identify(src/movement/PID_codes/ros_library/micro_ros_arduino/src/statistics_msgs/msg/detail) by extension 'cmake'
[0.302s] Level 1:colcon.colcon_core.package_identification:_identify(src/movement/PID_codes/ros_library/micro_ros_arduino/src/statistics_msgs/msg/detail) by extension 'python'
[0.302s] Level 1:colcon.colcon_core.package_identification:_identify(src/movement/PID_codes/ros_library/micro_ros_arduino/src/statistics_msgs/msg/detail) by extensions ['python_setup_py']
[0.302s] Level 1:colcon.colcon_core.package_identification:_identify(src/movement/PID_codes/ros_library/micro_ros_arduino/src/statistics_msgs/msg/detail) by extension 'python_setup_py'
[0.302s] Level 1:colcon.colcon_core.package_identification:_identify(src/movement/PID_codes/ros_library/micro_ros_arduino/src/statistics_msgs/msg/detail/microxrcedds) by extensions ['ignore', 'ignore_ament_install']
[0.302s] Level 1:colcon.colcon_core.package_identification:_identify(src/movement/PID_codes/ros_library/micro_ros_arduino/src/statistics_msgs/msg/detail/microxrcedds) by extension 'ignore'
[0.302s] Level 1:colcon.colcon_core.package_identification:_identify(src/movement/PID_codes/ros_library/micro_ros_arduino/src/statistics_msgs/msg/detail/microxrcedds) by extension 'ignore_ament_install'
[0.302s] Level 1:colcon.colcon_core.package_identification:_identify(src/movement/PID_codes/ros_library/micro_ros_arduino/src/statistics_msgs/msg/detail/microxrcedds) by extensions ['colcon_pkg']
[0.302s] Level 1:colcon.colcon_core.package_identification:_identify(src/movement/PID_codes/ros_library/micro_ros_arduino/src/statistics_msgs/msg/detail/microxrcedds) by extension 'colcon_pkg'
[0.302s] Level 1:colcon.colcon_core.package_identification:_identify(src/movement/PID_codes/ros_library/micro_ros_arduino/src/statistics_msgs/msg/detail/microxrcedds) by extensions ['colcon_meta']
[0.302s] Level 1:colcon.colcon_core.package_identification:_identify(src/movement/PID_codes/ros_library/micro_ros_arduino/src/statistics_msgs/msg/detail/microxrcedds) by extension 'colcon_meta'
[0.302s] Level 1:colcon.colcon_core.package_identification:_identify(src/movement/PID_codes/ros_library/micro_ros_arduino/src/statistics_msgs/msg/detail/microxrcedds) by extensions ['ros']
[0.302s] Level 1:colcon.colcon_core.package_identification:_identify(src/movement/PID_codes/ros_library/micro_ros_arduino/src/statistics_msgs/msg/detail/microxrcedds) by extension 'ros'
[0.302s] Level 1:colcon.colcon_core.package_identification:_identify(src/movement/PID_codes/ros_library/micro_ros_arduino/src/statistics_msgs/msg/detail/microxrcedds) by extensions ['cmake', 'python']
[0.302s] Level 1:colcon.colcon_core.package_identification:_identify(src/movement/PID_codes/ros_library/micro_ros_arduino/src/statistics_msgs/msg/detail/microxrcedds) by extension 'cmake'
[0.302s] Level 1:colcon.colcon_core.package_identification:_identify(src/movement/PID_codes/ros_library/micro_ros_arduino/src/statistics_msgs/msg/detail/microxrcedds) by extension 'python'
[0.302s] Level 1:colcon.colcon_core.package_identification:_identify(src/movement/PID_codes/ros_library/micro_ros_arduino/src/statistics_msgs/msg/detail/microxrcedds) by extensions ['python_setup_py']
[0.302s] Level 1:colcon.colcon_core.package_identification:_identify(src/movement/PID_codes/ros_library/micro_ros_arduino/src/statistics_msgs/msg/detail/microxrcedds) by extension 'python_setup_py'
[0.302s] Level 1:colcon.colcon_core.package_identification:_identify(src/movement/PID_codes/ros_library/micro_ros_arduino/src/std_msgs) by extensions ['ignore', 'ignore_ament_install']
[0.302s] Level 1:colcon.colcon_core.package_identification:_identify(src/movement/PID_codes/ros_library/micro_ros_arduino/src/std_msgs) by extension 'ignore'
[0.302s] Level 1:colcon.colcon_core.package_identification:_identify(src/movement/PID_codes/ros_library/micro_ros_arduino/src/std_msgs) by extension 'ignore_ament_install'
[0.302s] Level 1:colcon.colcon_core.package_identification:_identify(src/movement/PID_codes/ros_library/micro_ros_arduino/src/std_msgs) by extensions ['colcon_pkg']
[0.302s] Level 1:colcon.colcon_core.package_identification:_identify(src/movement/PID_codes/ros_library/micro_ros_arduino/src/std_msgs) by extension 'colcon_pkg'
[0.302s] Level 1:colcon.colcon_core.package_identification:_identify(src/movement/PID_codes/ros_library/micro_ros_arduino/src/std_msgs) by extensions ['colcon_meta']
[0.302s] Level 1:colcon.colcon_core.package_identification:_identify(src/movement/PID_codes/ros_library/micro_ros_arduino/src/std_msgs) by extension 'colcon_meta'
[0.302s] Level 1:colcon.colcon_core.package_identification:_identify(src/movement/PID_codes/ros_library/micro_ros_arduino/src/std_msgs) by extensions ['ros']
[0.302s] Level 1:colcon.colcon_core.package_identification:_identify(src/movement/PID_codes/ros_library/micro_ros_arduino/src/std_msgs) by extension 'ros'
[0.303s] Level 1:colcon.colcon_core.package_identification:_identify(src/movement/PID_codes/ros_library/micro_ros_arduino/src/std_msgs) by extensions ['cmake', 'python']
[0.303s] Level 1:colcon.colcon_core.package_identification:_identify(src/movement/PID_codes/ros_library/micro_ros_arduino/src/std_msgs) by extension 'cmake'
[0.303s] Level 1:colcon.colcon_core.package_identification:_identify(src/movement/PID_codes/ros_library/micro_ros_arduino/src/std_msgs) by extension 'python'
[0.303s] Level 1:colcon.colcon_core.package_identification:_identify(src/movement/PID_codes/ros_library/micro_ros_arduino/src/std_msgs) by extensions ['python_setup_py']
[0.303s] Level 1:colcon.colcon_core.package_identification:_identify(src/movement/PID_codes/ros_library/micro_ros_arduino/src/std_msgs) by extension 'python_setup_py'
[0.303s] Level 1:colcon.colcon_core.package_identification:_identify(src/movement/PID_codes/ros_library/micro_ros_arduino/src/std_msgs/msg) by extensions ['ignore', 'ignore_ament_install']
[0.303s] Level 1:colcon.colcon_core.package_identification:_identify(src/movement/PID_codes/ros_library/micro_ros_arduino/src/std_msgs/msg) by extension 'ignore'
[0.303s] Level 1:colcon.colcon_core.package_identification:_identify(src/movement/PID_codes/ros_library/micro_ros_arduino/src/std_msgs/msg) by extension 'ignore_ament_install'
[0.303s] Level 1:colcon.colcon_core.package_identification:_identify(src/movement/PID_codes/ros_library/micro_ros_arduino/src/std_msgs/msg) by extensions ['colcon_pkg']
[0.303s] Level 1:colcon.colcon_core.package_identification:_identify(src/movement/PID_codes/ros_library/micro_ros_arduino/src/std_msgs/msg) by extension 'colcon_pkg'
[0.303s] Level 1:colcon.colcon_core.package_identification:_identify(src/movement/PID_codes/ros_library/micro_ros_arduino/src/std_msgs/msg) by extensions ['colcon_meta']
[0.303s] Level 1:colcon.colcon_core.package_identification:_identify(src/movement/PID_codes/ros_library/micro_ros_arduino/src/std_msgs/msg) by extension 'colcon_meta'
[0.303s] Level 1:colcon.colcon_core.package_identification:_identify(src/movement/PID_codes/ros_library/micro_ros_arduino/src/std_msgs/msg) by extensions ['ros']
[0.303s] Level 1:colcon.colcon_core.package_identification:_identify(src/movement/PID_codes/ros_library/micro_ros_arduino/src/std_msgs/msg) by extension 'ros'
[0.303s] Level 1:colcon.colcon_core.package_identification:_identify(src/movement/PID_codes/ros_library/micro_ros_arduino/src/std_msgs/msg) by extensions ['cmake', 'python']
[0.303s] Level 1:colcon.colcon_core.package_identification:_identify(src/movement/PID_codes/ros_library/micro_ros_arduino/src/std_msgs/msg) by extension 'cmake'
[0.303s] Level 1:colcon.colcon_core.package_identification:_identify(src/movement/PID_codes/ros_library/micro_ros_arduino/src/std_msgs/msg) by extension 'python'
[0.303s] Level 1:colcon.colcon_core.package_identification:_identify(src/movement/PID_codes/ros_library/micro_ros_arduino/src/std_msgs/msg) by extensions ['python_setup_py']
[0.303s] Level 1:colcon.colcon_core.package_identification:_identify(src/movement/PID_codes/ros_library/micro_ros_arduino/src/std_msgs/msg) by extension 'python_setup_py'
[0.303s] Level 1:colcon.colcon_core.package_identification:_identify(src/movement/PID_codes/ros_library/micro_ros_arduino/src/std_msgs/msg/detail) by extensions ['ignore', 'ignore_ament_install']
[0.303s] Level 1:colcon.colcon_core.package_identification:_identify(src/movement/PID_codes/ros_library/micro_ros_arduino/src/std_msgs/msg/detail) by extension 'ignore'
[0.303s] Level 1:colcon.colcon_core.package_identification:_identify(src/movement/PID_codes/ros_library/micro_ros_arduino/src/std_msgs/msg/detail) by extension 'ignore_ament_install'
[0.303s] Level 1:colcon.colcon_core.package_identification:_identify(src/movement/PID_codes/ros_library/micro_ros_arduino/src/std_msgs/msg/detail) by extensions ['colcon_pkg']
[0.303s] Level 1:colcon.colcon_core.package_identification:_identify(src/movement/PID_codes/ros_library/micro_ros_arduino/src/std_msgs/msg/detail) by extension 'colcon_pkg'
[0.303s] Level 1:colcon.colcon_core.package_identification:_identify(src/movement/PID_codes/ros_library/micro_ros_arduino/src/std_msgs/msg/detail) by extensions ['colcon_meta']
[0.303s] Level 1:colcon.colcon_core.package_identification:_identify(src/movement/PID_codes/ros_library/micro_ros_arduino/src/std_msgs/msg/detail) by extension 'colcon_meta'
[0.303s] Level 1:colcon.colcon_core.package_identification:_identify(src/movement/PID_codes/ros_library/micro_ros_arduino/src/std_msgs/msg/detail) by extensions ['ros']
[0.303s] Level 1:colcon.colcon_core.package_identification:_identify(src/movement/PID_codes/ros_library/micro_ros_arduino/src/std_msgs/msg/detail) by extension 'ros'
[0.303s] Level 1:colcon.colcon_core.package_identification:_identify(src/movement/PID_codes/ros_library/micro_ros_arduino/src/std_msgs/msg/detail) by extensions ['cmake', 'python']
[0.303s] Level 1:colcon.colcon_core.package_identification:_identify(src/movement/PID_codes/ros_library/micro_ros_arduino/src/std_msgs/msg/detail) by extension 'cmake'
[0.303s] Level 1:colcon.colcon_core.package_identification:_identify(src/movement/PID_codes/ros_library/micro_ros_arduino/src/std_msgs/msg/detail) by extension 'python'
[0.303s] Level 1:colcon.colcon_core.package_identification:_identify(src/movement/PID_codes/ros_library/micro_ros_arduino/src/std_msgs/msg/detail) by extensions ['python_setup_py']
[0.303s] Level 1:colcon.colcon_core.package_identification:_identify(src/movement/PID_codes/ros_library/micro_ros_arduino/src/std_msgs/msg/detail) by extension 'python_setup_py'
[0.303s] Level 1:colcon.colcon_core.package_identification:_identify(src/movement/PID_codes/ros_library/micro_ros_arduino/src/std_msgs/msg/detail/microxrcedds) by extensions ['ignore', 'ignore_ament_install']
[0.303s] Level 1:colcon.colcon_core.package_identification:_identify(src/movement/PID_codes/ros_library/micro_ros_arduino/src/std_msgs/msg/detail/microxrcedds) by extension 'ignore'
[0.303s] Level 1:colcon.colcon_core.package_identification:_identify(src/movement/PID_codes/ros_library/micro_ros_arduino/src/std_msgs/msg/detail/microxrcedds) by extension 'ignore_ament_install'
[0.304s] Level 1:colcon.colcon_core.package_identification:_identify(src/movement/PID_codes/ros_library/micro_ros_arduino/src/std_msgs/msg/detail/microxrcedds) by extensions ['colcon_pkg']
[0.304s] Level 1:colcon.colcon_core.package_identification:_identify(src/movement/PID_codes/ros_library/micro_ros_arduino/src/std_msgs/msg/detail/microxrcedds) by extension 'colcon_pkg'
[0.304s] Level 1:colcon.colcon_core.package_identification:_identify(src/movement/PID_codes/ros_library/micro_ros_arduino/src/std_msgs/msg/detail/microxrcedds) by extensions ['colcon_meta']
[0.304s] Level 1:colcon.colcon_core.package_identification:_identify(src/movement/PID_codes/ros_library/micro_ros_arduino/src/std_msgs/msg/detail/microxrcedds) by extension 'colcon_meta'
[0.304s] Level 1:colcon.colcon_core.package_identification:_identify(src/movement/PID_codes/ros_library/micro_ros_arduino/src/std_msgs/msg/detail/microxrcedds) by extensions ['ros']
[0.304s] Level 1:colcon.colcon_core.package_identification:_identify(src/movement/PID_codes/ros_library/micro_ros_arduino/src/std_msgs/msg/detail/microxrcedds) by extension 'ros'
[0.304s] Level 1:colcon.colcon_core.package_identification:_identify(src/movement/PID_codes/ros_library/micro_ros_arduino/src/std_msgs/msg/detail/microxrcedds) by extensions ['cmake', 'python']
[0.304s] Level 1:colcon.colcon_core.package_identification:_identify(src/movement/PID_codes/ros_library/micro_ros_arduino/src/std_msgs/msg/detail/microxrcedds) by extension 'cmake'
[0.304s] Level 1:colcon.colcon_core.package_identification:_identify(src/movement/PID_codes/ros_library/micro_ros_arduino/src/std_msgs/msg/detail/microxrcedds) by extension 'python'
[0.304s] Level 1:colcon.colcon_core.package_identification:_identify(src/movement/PID_codes/ros_library/micro_ros_arduino/src/std_msgs/msg/detail/microxrcedds) by extensions ['python_setup_py']
[0.304s] Level 1:colcon.colcon_core.package_identification:_identify(src/movement/PID_codes/ros_library/micro_ros_arduino/src/std_msgs/msg/detail/microxrcedds) by extension 'python_setup_py'
[0.304s] Level 1:colcon.colcon_core.package_identification:_identify(src/movement/PID_codes/ros_library/micro_ros_arduino/src/std_srvs) by extensions ['ignore', 'ignore_ament_install']
[0.304s] Level 1:colcon.colcon_core.package_identification:_identify(src/movement/PID_codes/ros_library/micro_ros_arduino/src/std_srvs) by extension 'ignore'
[0.304s] Level 1:colcon.colcon_core.package_identification:_identify(src/movement/PID_codes/ros_library/micro_ros_arduino/src/std_srvs) by extension 'ignore_ament_install'
[0.304s] Level 1:colcon.colcon_core.package_identification:_identify(src/movement/PID_codes/ros_library/micro_ros_arduino/src/std_srvs) by extensions ['colcon_pkg']
[0.304s] Level 1:colcon.colcon_core.package_identification:_identify(src/movement/PID_codes/ros_library/micro_ros_arduino/src/std_srvs) by extension 'colcon_pkg'
[0.304s] Level 1:colcon.colcon_core.package_identification:_identify(src/movement/PID_codes/ros_library/micro_ros_arduino/src/std_srvs) by extensions ['colcon_meta']
[0.304s] Level 1:colcon.colcon_core.package_identification:_identify(src/movement/PID_codes/ros_library/micro_ros_arduino/src/std_srvs) by extension 'colcon_meta'
[0.304s] Level 1:colcon.colcon_core.package_identification:_identify(src/movement/PID_codes/ros_library/micro_ros_arduino/src/std_srvs) by extensions ['ros']
[0.304s] Level 1:colcon.colcon_core.package_identification:_identify(src/movement/PID_codes/ros_library/micro_ros_arduino/src/std_srvs) by extension 'ros'
[0.304s] Level 1:colcon.colcon_core.package_identification:_identify(src/movement/PID_codes/ros_library/micro_ros_arduino/src/std_srvs) by extensions ['cmake', 'python']
[0.304s] Level 1:colcon.colcon_core.package_identification:_identify(src/movement/PID_codes/ros_library/micro_ros_arduino/src/std_srvs) by extension 'cmake'
[0.304s] Level 1:colcon.colcon_core.package_identification:_identify(src/movement/PID_codes/ros_library/micro_ros_arduino/src/std_srvs) by extension 'python'
[0.304s] Level 1:colcon.colcon_core.package_identification:_identify(src/movement/PID_codes/ros_library/micro_ros_arduino/src/std_srvs) by extensions ['python_setup_py']
[0.304s] Level 1:colcon.colcon_core.package_identification:_identify(src/movement/PID_codes/ros_library/micro_ros_arduino/src/std_srvs) by extension 'python_setup_py'
[0.304s] Level 1:colcon.colcon_core.package_identification:_identify(src/movement/PID_codes/ros_library/micro_ros_arduino/src/std_srvs/srv) by extensions ['ignore', 'ignore_ament_install']
[0.304s] Level 1:colcon.colcon_core.package_identification:_identify(src/movement/PID_codes/ros_library/micro_ros_arduino/src/std_srvs/srv) by extension 'ignore'
[0.304s] Level 1:colcon.colcon_core.package_identification:_identify(src/movement/PID_codes/ros_library/micro_ros_arduino/src/std_srvs/srv) by extension 'ignore_ament_install'
[0.304s] Level 1:colcon.colcon_core.package_identification:_identify(src/movement/PID_codes/ros_library/micro_ros_arduino/src/std_srvs/srv) by extensions ['colcon_pkg']
[0.304s] Level 1:colcon.colcon_core.package_identification:_identify(src/movement/PID_codes/ros_library/micro_ros_arduino/src/std_srvs/srv) by extension 'colcon_pkg'
[0.304s] Level 1:colcon.colcon_core.package_identification:_identify(src/movement/PID_codes/ros_library/micro_ros_arduino/src/std_srvs/srv) by extensions ['colcon_meta']
[0.304s] Level 1:colcon.colcon_core.package_identification:_identify(src/movement/PID_codes/ros_library/micro_ros_arduino/src/std_srvs/srv) by extension 'colcon_meta'
[0.304s] Level 1:colcon.colcon_core.package_identification:_identify(src/movement/PID_codes/ros_library/micro_ros_arduino/src/std_srvs/srv) by extensions ['ros']
[0.304s] Level 1:colcon.colcon_core.package_identification:_identify(src/movement/PID_codes/ros_library/micro_ros_arduino/src/std_srvs/srv) by extension 'ros'
[0.304s] Level 1:colcon.colcon_core.package_identification:_identify(src/movement/PID_codes/ros_library/micro_ros_arduino/src/std_srvs/srv) by extensions ['cmake', 'python']
[0.304s] Level 1:colcon.colcon_core.package_identification:_identify(src/movement/PID_codes/ros_library/micro_ros_arduino/src/std_srvs/srv) by extension 'cmake'
[0.304s] Level 1:colcon.colcon_core.package_identification:_identify(src/movement/PID_codes/ros_library/micro_ros_arduino/src/std_srvs/srv) by extension 'python'
[0.304s] Level 1:colcon.colcon_core.package_identification:_identify(src/movement/PID_codes/ros_library/micro_ros_arduino/src/std_srvs/srv) by extensions ['python_setup_py']
[0.304s] Level 1:colcon.colcon_core.package_identification:_identify(src/movement/PID_codes/ros_library/micro_ros_arduino/src/std_srvs/srv) by extension 'python_setup_py'
[0.305s] Level 1:colcon.colcon_core.package_identification:_identify(src/movement/PID_codes/ros_library/micro_ros_arduino/src/std_srvs/srv/detail) by extensions ['ignore', 'ignore_ament_install']
[0.305s] Level 1:colcon.colcon_core.package_identification:_identify(src/movement/PID_codes/ros_library/micro_ros_arduino/src/std_srvs/srv/detail) by extension 'ignore'
[0.305s] Level 1:colcon.colcon_core.package_identification:_identify(src/movement/PID_codes/ros_library/micro_ros_arduino/src/std_srvs/srv/detail) by extension 'ignore_ament_install'
[0.305s] Level 1:colcon.colcon_core.package_identification:_identify(src/movement/PID_codes/ros_library/micro_ros_arduino/src/std_srvs/srv/detail) by extensions ['colcon_pkg']
[0.305s] Level 1:colcon.colcon_core.package_identification:_identify(src/movement/PID_codes/ros_library/micro_ros_arduino/src/std_srvs/srv/detail) by extension 'colcon_pkg'
[0.305s] Level 1:colcon.colcon_core.package_identification:_identify(src/movement/PID_codes/ros_library/micro_ros_arduino/src/std_srvs/srv/detail) by extensions ['colcon_meta']
[0.305s] Level 1:colcon.colcon_core.package_identification:_identify(src/movement/PID_codes/ros_library/micro_ros_arduino/src/std_srvs/srv/detail) by extension 'colcon_meta'
[0.305s] Level 1:colcon.colcon_core.package_identification:_identify(src/movement/PID_codes/ros_library/micro_ros_arduino/src/std_srvs/srv/detail) by extensions ['ros']
[0.305s] Level 1:colcon.colcon_core.package_identification:_identify(src/movement/PID_codes/ros_library/micro_ros_arduino/src/std_srvs/srv/detail) by extension 'ros'
[0.305s] Level 1:colcon.colcon_core.package_identification:_identify(src/movement/PID_codes/ros_library/micro_ros_arduino/src/std_srvs/srv/detail) by extensions ['cmake', 'python']
[0.305s] Level 1:colcon.colcon_core.package_identification:_identify(src/movement/PID_codes/ros_library/micro_ros_arduino/src/std_srvs/srv/detail) by extension 'cmake'
[0.305s] Level 1:colcon.colcon_core.package_identification:_identify(src/movement/PID_codes/ros_library/micro_ros_arduino/src/std_srvs/srv/detail) by extension 'python'
[0.305s] Level 1:colcon.colcon_core.package_identification:_identify(src/movement/PID_codes/ros_library/micro_ros_arduino/src/std_srvs/srv/detail) by extensions ['python_setup_py']
[0.305s] Level 1:colcon.colcon_core.package_identification:_identify(src/movement/PID_codes/ros_library/micro_ros_arduino/src/std_srvs/srv/detail) by extension 'python_setup_py'
[0.305s] Level 1:colcon.colcon_core.package_identification:_identify(src/movement/PID_codes/ros_library/micro_ros_arduino/src/std_srvs/srv/detail/microxrcedds) by extensions ['ignore', 'ignore_ament_install']
[0.305s] Level 1:colcon.colcon_core.package_identification:_identify(src/movement/PID_codes/ros_library/micro_ros_arduino/src/std_srvs/srv/detail/microxrcedds) by extension 'ignore'
[0.305s] Level 1:colcon.colcon_core.package_identification:_identify(src/movement/PID_codes/ros_library/micro_ros_arduino/src/std_srvs/srv/detail/microxrcedds) by extension 'ignore_ament_install'
[0.305s] Level 1:colcon.colcon_core.package_identification:_identify(src/movement/PID_codes/ros_library/micro_ros_arduino/src/std_srvs/srv/detail/microxrcedds) by extensions ['colcon_pkg']
[0.305s] Level 1:colcon.colcon_core.package_identification:_identify(src/movement/PID_codes/ros_library/micro_ros_arduino/src/std_srvs/srv/detail/microxrcedds) by extension 'colcon_pkg'
[0.305s] Level 1:colcon.colcon_core.package_identification:_identify(src/movement/PID_codes/ros_library/micro_ros_arduino/src/std_srvs/srv/detail/microxrcedds) by extensions ['colcon_meta']
[0.305s] Level 1:colcon.colcon_core.package_identification:_identify(src/movement/PID_codes/ros_library/micro_ros_arduino/src/std_srvs/srv/detail/microxrcedds) by extension 'colcon_meta'
[0.305s] Level 1:colcon.colcon_core.package_identification:_identify(src/movement/PID_codes/ros_library/micro_ros_arduino/src/std_srvs/srv/detail/microxrcedds) by extensions ['ros']
[0.305s] Level 1:colcon.colcon_core.package_identification:_identify(src/movement/PID_codes/ros_library/micro_ros_arduino/src/std_srvs/srv/detail/microxrcedds) by extension 'ros'
[0.305s] Level 1:colcon.colcon_core.package_identification:_identify(src/movement/PID_codes/ros_library/micro_ros_arduino/src/std_srvs/srv/detail/microxrcedds) by extensions ['cmake', 'python']
[0.305s] Level 1:colcon.colcon_core.package_identification:_identify(src/movement/PID_codes/ros_library/micro_ros_arduino/src/std_srvs/srv/detail/microxrcedds) by extension 'cmake'
[0.305s] Level 1:colcon.colcon_core.package_identification:_identify(src/movement/PID_codes/ros_library/micro_ros_arduino/src/std_srvs/srv/detail/microxrcedds) by extension 'python'
[0.305s] Level 1:colcon.colcon_core.package_identification:_identify(src/movement/PID_codes/ros_library/micro_ros_arduino/src/std_srvs/srv/detail/microxrcedds) by extensions ['python_setup_py']
[0.305s] Level 1:colcon.colcon_core.package_identification:_identify(src/movement/PID_codes/ros_library/micro_ros_arduino/src/std_srvs/srv/detail/microxrcedds) by extension 'python_setup_py'
[0.305s] Level 1:colcon.colcon_core.package_identification:_identify(src/movement/PID_codes/ros_library/micro_ros_arduino/src/stereo_msgs) by extensions ['ignore', 'ignore_ament_install']
[0.305s] Level 1:colcon.colcon_core.package_identification:_identify(src/movement/PID_codes/ros_library/micro_ros_arduino/src/stereo_msgs) by extension 'ignore'
[0.305s] Level 1:colcon.colcon_core.package_identification:_identify(src/movement/PID_codes/ros_library/micro_ros_arduino/src/stereo_msgs) by extension 'ignore_ament_install'
[0.305s] Level 1:colcon.colcon_core.package_identification:_identify(src/movement/PID_codes/ros_library/micro_ros_arduino/src/stereo_msgs) by extensions ['colcon_pkg']
[0.305s] Level 1:colcon.colcon_core.package_identification:_identify(src/movement/PID_codes/ros_library/micro_ros_arduino/src/stereo_msgs) by extension 'colcon_pkg'
[0.305s] Level 1:colcon.colcon_core.package_identification:_identify(src/movement/PID_codes/ros_library/micro_ros_arduino/src/stereo_msgs) by extensions ['colcon_meta']
[0.305s] Level 1:colcon.colcon_core.package_identification:_identify(src/movement/PID_codes/ros_library/micro_ros_arduino/src/stereo_msgs) by extension 'colcon_meta'
[0.306s] Level 1:colcon.colcon_core.package_identification:_identify(src/movement/PID_codes/ros_library/micro_ros_arduino/src/stereo_msgs) by extensions ['ros']
[0.306s] Level 1:colcon.colcon_core.package_identification:_identify(src/movement/PID_codes/ros_library/micro_ros_arduino/src/stereo_msgs) by extension 'ros'
[0.306s] Level 1:colcon.colcon_core.package_identification:_identify(src/movement/PID_codes/ros_library/micro_ros_arduino/src/stereo_msgs) by extensions ['cmake', 'python']
[0.306s] Level 1:colcon.colcon_core.package_identification:_identify(src/movement/PID_codes/ros_library/micro_ros_arduino/src/stereo_msgs) by extension 'cmake'
[0.306s] Level 1:colcon.colcon_core.package_identification:_identify(src/movement/PID_codes/ros_library/micro_ros_arduino/src/stereo_msgs) by extension 'python'
[0.306s] Level 1:colcon.colcon_core.package_identification:_identify(src/movement/PID_codes/ros_library/micro_ros_arduino/src/stereo_msgs) by extensions ['python_setup_py']
[0.306s] Level 1:colcon.colcon_core.package_identification:_identify(src/movement/PID_codes/ros_library/micro_ros_arduino/src/stereo_msgs) by extension 'python_setup_py'
[0.306s] Level 1:colcon.colcon_core.package_identification:_identify(src/movement/PID_codes/ros_library/micro_ros_arduino/src/stereo_msgs/msg) by extensions ['ignore', 'ignore_ament_install']
[0.306s] Level 1:colcon.colcon_core.package_identification:_identify(src/movement/PID_codes/ros_library/micro_ros_arduino/src/stereo_msgs/msg) by extension 'ignore'
[0.306s] Level 1:colcon.colcon_core.package_identification:_identify(src/movement/PID_codes/ros_library/micro_ros_arduino/src/stereo_msgs/msg) by extension 'ignore_ament_install'
[0.306s] Level 1:colcon.colcon_core.package_identification:_identify(src/movement/PID_codes/ros_library/micro_ros_arduino/src/stereo_msgs/msg) by extensions ['colcon_pkg']
[0.306s] Level 1:colcon.colcon_core.package_identification:_identify(src/movement/PID_codes/ros_library/micro_ros_arduino/src/stereo_msgs/msg) by extension 'colcon_pkg'
[0.306s] Level 1:colcon.colcon_core.package_identification:_identify(src/movement/PID_codes/ros_library/micro_ros_arduino/src/stereo_msgs/msg) by extensions ['colcon_meta']
[0.306s] Level 1:colcon.colcon_core.package_identification:_identify(src/movement/PID_codes/ros_library/micro_ros_arduino/src/stereo_msgs/msg) by extension 'colcon_meta'
[0.306s] Level 1:colcon.colcon_core.package_identification:_identify(src/movement/PID_codes/ros_library/micro_ros_arduino/src/stereo_msgs/msg) by extensions ['ros']
[0.306s] Level 1:colcon.colcon_core.package_identification:_identify(src/movement/PID_codes/ros_library/micro_ros_arduino/src/stereo_msgs/msg) by extension 'ros'
[0.306s] Level 1:colcon.colcon_core.package_identification:_identify(src/movement/PID_codes/ros_library/micro_ros_arduino/src/stereo_msgs/msg) by extensions ['cmake', 'python']
[0.306s] Level 1:colcon.colcon_core.package_identification:_identify(src/movement/PID_codes/ros_library/micro_ros_arduino/src/stereo_msgs/msg) by extension 'cmake'
[0.306s] Level 1:colcon.colcon_core.package_identification:_identify(src/movement/PID_codes/ros_library/micro_ros_arduino/src/stereo_msgs/msg) by extension 'python'
[0.306s] Level 1:colcon.colcon_core.package_identification:_identify(src/movement/PID_codes/ros_library/micro_ros_arduino/src/stereo_msgs/msg) by extensions ['python_setup_py']
[0.306s] Level 1:colcon.colcon_core.package_identification:_identify(src/movement/PID_codes/ros_library/micro_ros_arduino/src/stereo_msgs/msg) by extension 'python_setup_py'
[0.306s] Level 1:colcon.colcon_core.package_identification:_identify(src/movement/PID_codes/ros_library/micro_ros_arduino/src/stereo_msgs/msg/detail) by extensions ['ignore', 'ignore_ament_install']
[0.306s] Level 1:colcon.colcon_core.package_identification:_identify(src/movement/PID_codes/ros_library/micro_ros_arduino/src/stereo_msgs/msg/detail) by extension 'ignore'
[0.306s] Level 1:colcon.colcon_core.package_identification:_identify(src/movement/PID_codes/ros_library/micro_ros_arduino/src/stereo_msgs/msg/detail) by extension 'ignore_ament_install'
[0.306s] Level 1:colcon.colcon_core.package_identification:_identify(src/movement/PID_codes/ros_library/micro_ros_arduino/src/stereo_msgs/msg/detail) by extensions ['colcon_pkg']
[0.306s] Level 1:colcon.colcon_core.package_identification:_identify(src/movement/PID_codes/ros_library/micro_ros_arduino/src/stereo_msgs/msg/detail) by extension 'colcon_pkg'
[0.306s] Level 1:colcon.colcon_core.package_identification:_identify(src/movement/PID_codes/ros_library/micro_ros_arduino/src/stereo_msgs/msg/detail) by extensions ['colcon_meta']
[0.306s] Level 1:colcon.colcon_core.package_identification:_identify(src/movement/PID_codes/ros_library/micro_ros_arduino/src/stereo_msgs/msg/detail) by extension 'colcon_meta'
[0.306s] Level 1:colcon.colcon_core.package_identification:_identify(src/movement/PID_codes/ros_library/micro_ros_arduino/src/stereo_msgs/msg/detail) by extensions ['ros']
[0.306s] Level 1:colcon.colcon_core.package_identification:_identify(src/movement/PID_codes/ros_library/micro_ros_arduino/src/stereo_msgs/msg/detail) by extension 'ros'
[0.306s] Level 1:colcon.colcon_core.package_identification:_identify(src/movement/PID_codes/ros_library/micro_ros_arduino/src/stereo_msgs/msg/detail) by extensions ['cmake', 'python']
[0.306s] Level 1:colcon.colcon_core.package_identification:_identify(src/movement/PID_codes/ros_library/micro_ros_arduino/src/stereo_msgs/msg/detail) by extension 'cmake'
[0.306s] Level 1:colcon.colcon_core.package_identification:_identify(src/movement/PID_codes/ros_library/micro_ros_arduino/src/stereo_msgs/msg/detail) by extension 'python'
[0.306s] Level 1:colcon.colcon_core.package_identification:_identify(src/movement/PID_codes/ros_library/micro_ros_arduino/src/stereo_msgs/msg/detail) by extensions ['python_setup_py']
[0.306s] Level 1:colcon.colcon_core.package_identification:_identify(src/movement/PID_codes/ros_library/micro_ros_arduino/src/stereo_msgs/msg/detail) by extension 'python_setup_py'
[0.307s] Level 1:colcon.colcon_core.package_identification:_identify(src/movement/PID_codes/ros_library/micro_ros_arduino/src/stereo_msgs/msg/detail/microxrcedds) by extensions ['ignore', 'ignore_ament_install']
[0.307s] Level 1:colcon.colcon_core.package_identification:_identify(src/movement/PID_codes/ros_library/micro_ros_arduino/src/stereo_msgs/msg/detail/microxrcedds) by extension 'ignore'
[0.307s] Level 1:colcon.colcon_core.package_identification:_identify(src/movement/PID_codes/ros_library/micro_ros_arduino/src/stereo_msgs/msg/detail/microxrcedds) by extension 'ignore_ament_install'
[0.307s] Level 1:colcon.colcon_core.package_identification:_identify(src/movement/PID_codes/ros_library/micro_ros_arduino/src/stereo_msgs/msg/detail/microxrcedds) by extensions ['colcon_pkg']
[0.307s] Level 1:colcon.colcon_core.package_identification:_identify(src/movement/PID_codes/ros_library/micro_ros_arduino/src/stereo_msgs/msg/detail/microxrcedds) by extension 'colcon_pkg'
[0.307s] Level 1:colcon.colcon_core.package_identification:_identify(src/movement/PID_codes/ros_library/micro_ros_arduino/src/stereo_msgs/msg/detail/microxrcedds) by extensions ['colcon_meta']
[0.307s] Level 1:colcon.colcon_core.package_identification:_identify(src/movement/PID_codes/ros_library/micro_ros_arduino/src/stereo_msgs/msg/detail/microxrcedds) by extension 'colcon_meta'
[0.307s] Level 1:colcon.colcon_core.package_identification:_identify(src/movement/PID_codes/ros_library/micro_ros_arduino/src/stereo_msgs/msg/detail/microxrcedds) by extensions ['ros']
[0.307s] Level 1:colcon.colcon_core.package_identification:_identify(src/movement/PID_codes/ros_library/micro_ros_arduino/src/stereo_msgs/msg/detail/microxrcedds) by extension 'ros'
[0.307s] Level 1:colcon.colcon_core.package_identification:_identify(src/movement/PID_codes/ros_library/micro_ros_arduino/src/stereo_msgs/msg/detail/microxrcedds) by extensions ['cmake', 'python']
[0.307s] Level 1:colcon.colcon_core.package_identification:_identify(src/movement/PID_codes/ros_library/micro_ros_arduino/src/stereo_msgs/msg/detail/microxrcedds) by extension 'cmake'
[0.307s] Level 1:colcon.colcon_core.package_identification:_identify(src/movement/PID_codes/ros_library/micro_ros_arduino/src/stereo_msgs/msg/detail/microxrcedds) by extension 'python'
[0.307s] Level 1:colcon.colcon_core.package_identification:_identify(src/movement/PID_codes/ros_library/micro_ros_arduino/src/stereo_msgs/msg/detail/microxrcedds) by extensions ['python_setup_py']
[0.307s] Level 1:colcon.colcon_core.package_identification:_identify(src/movement/PID_codes/ros_library/micro_ros_arduino/src/stereo_msgs/msg/detail/microxrcedds) by extension 'python_setup_py'
[0.307s] Level 1:colcon.colcon_core.package_identification:_identify(src/movement/PID_codes/ros_library/micro_ros_arduino/src/test_interface_files) by extensions ['ignore', 'ignore_ament_install']
[0.307s] Level 1:colcon.colcon_core.package_identification:_identify(src/movement/PID_codes/ros_library/micro_ros_arduino/src/test_interface_files) by extension 'ignore'
[0.307s] Level 1:colcon.colcon_core.package_identification:_identify(src/movement/PID_codes/ros_library/micro_ros_arduino/src/test_interface_files) by extension 'ignore_ament_install'
[0.307s] Level 1:colcon.colcon_core.package_identification:_identify(src/movement/PID_codes/ros_library/micro_ros_arduino/src/test_interface_files) by extensions ['colcon_pkg']
[0.307s] Level 1:colcon.colcon_core.package_identification:_identify(src/movement/PID_codes/ros_library/micro_ros_arduino/src/test_interface_files) by extension 'colcon_pkg'
[0.307s] Level 1:colcon.colcon_core.package_identification:_identify(src/movement/PID_codes/ros_library/micro_ros_arduino/src/test_interface_files) by extensions ['colcon_meta']
[0.307s] Level 1:colcon.colcon_core.package_identification:_identify(src/movement/PID_codes/ros_library/micro_ros_arduino/src/test_interface_files) by extension 'colcon_meta'
[0.307s] Level 1:colcon.colcon_core.package_identification:_identify(src/movement/PID_codes/ros_library/micro_ros_arduino/src/test_interface_files) by extensions ['ros']
[0.307s] Level 1:colcon.colcon_core.package_identification:_identify(src/movement/PID_codes/ros_library/micro_ros_arduino/src/test_interface_files) by extension 'ros'
[0.307s] Level 1:colcon.colcon_core.package_identification:_identify(src/movement/PID_codes/ros_library/micro_ros_arduino/src/test_interface_files) by extensions ['cmake', 'python']
[0.307s] Level 1:colcon.colcon_core.package_identification:_identify(src/movement/PID_codes/ros_library/micro_ros_arduino/src/test_interface_files) by extension 'cmake'
[0.307s] Level 1:colcon.colcon_core.package_identification:_identify(src/movement/PID_codes/ros_library/micro_ros_arduino/src/test_interface_files) by extension 'python'
[0.307s] Level 1:colcon.colcon_core.package_identification:_identify(src/movement/PID_codes/ros_library/micro_ros_arduino/src/test_interface_files) by extensions ['python_setup_py']
[0.307s] Level 1:colcon.colcon_core.package_identification:_identify(src/movement/PID_codes/ros_library/micro_ros_arduino/src/test_interface_files) by extension 'python_setup_py'
[0.307s] Level 1:colcon.colcon_core.package_identification:_identify(src/movement/PID_codes/ros_library/micro_ros_arduino/src/test_msgs) by extensions ['ignore', 'ignore_ament_install']
[0.307s] Level 1:colcon.colcon_core.package_identification:_identify(src/movement/PID_codes/ros_library/micro_ros_arduino/src/test_msgs) by extension 'ignore'
[0.307s] Level 1:colcon.colcon_core.package_identification:_identify(src/movement/PID_codes/ros_library/micro_ros_arduino/src/test_msgs) by extension 'ignore_ament_install'
[0.307s] Level 1:colcon.colcon_core.package_identification:_identify(src/movement/PID_codes/ros_library/micro_ros_arduino/src/test_msgs) by extensions ['colcon_pkg']
[0.307s] Level 1:colcon.colcon_core.package_identification:_identify(src/movement/PID_codes/ros_library/micro_ros_arduino/src/test_msgs) by extension 'colcon_pkg'
[0.307s] Level 1:colcon.colcon_core.package_identification:_identify(src/movement/PID_codes/ros_library/micro_ros_arduino/src/test_msgs) by extensions ['colcon_meta']
[0.307s] Level 1:colcon.colcon_core.package_identification:_identify(src/movement/PID_codes/ros_library/micro_ros_arduino/src/test_msgs) by extension 'colcon_meta'
[0.308s] Level 1:colcon.colcon_core.package_identification:_identify(src/movement/PID_codes/ros_library/micro_ros_arduino/src/test_msgs) by extensions ['ros']
[0.308s] Level 1:colcon.colcon_core.package_identification:_identify(src/movement/PID_codes/ros_library/micro_ros_arduino/src/test_msgs) by extension 'ros'
[0.308s] Level 1:colcon.colcon_core.package_identification:_identify(src/movement/PID_codes/ros_library/micro_ros_arduino/src/test_msgs) by extensions ['cmake', 'python']
[0.308s] Level 1:colcon.colcon_core.package_identification:_identify(src/movement/PID_codes/ros_library/micro_ros_arduino/src/test_msgs) by extension 'cmake'
[0.308s] Level 1:colcon.colcon_core.package_identification:_identify(src/movement/PID_codes/ros_library/micro_ros_arduino/src/test_msgs) by extension 'python'
[0.308s] Level 1:colcon.colcon_core.package_identification:_identify(src/movement/PID_codes/ros_library/micro_ros_arduino/src/test_msgs) by extensions ['python_setup_py']
[0.308s] Level 1:colcon.colcon_core.package_identification:_identify(src/movement/PID_codes/ros_library/micro_ros_arduino/src/test_msgs) by extension 'python_setup_py'
[0.308s] Level 1:colcon.colcon_core.package_identification:_identify(src/movement/PID_codes/ros_library/micro_ros_arduino/src/test_msgs/action) by extensions ['ignore', 'ignore_ament_install']
[0.308s] Level 1:colcon.colcon_core.package_identification:_identify(src/movement/PID_codes/ros_library/micro_ros_arduino/src/test_msgs/action) by extension 'ignore'
[0.308s] Level 1:colcon.colcon_core.package_identification:_identify(src/movement/PID_codes/ros_library/micro_ros_arduino/src/test_msgs/action) by extension 'ignore_ament_install'
[0.308s] Level 1:colcon.colcon_core.package_identification:_identify(src/movement/PID_codes/ros_library/micro_ros_arduino/src/test_msgs/action) by extensions ['colcon_pkg']
[0.308s] Level 1:colcon.colcon_core.package_identification:_identify(src/movement/PID_codes/ros_library/micro_ros_arduino/src/test_msgs/action) by extension 'colcon_pkg'
[0.308s] Level 1:colcon.colcon_core.package_identification:_identify(src/movement/PID_codes/ros_library/micro_ros_arduino/src/test_msgs/action) by extensions ['colcon_meta']
[0.308s] Level 1:colcon.colcon_core.package_identification:_identify(src/movement/PID_codes/ros_library/micro_ros_arduino/src/test_msgs/action) by extension 'colcon_meta'
[0.308s] Level 1:colcon.colcon_core.package_identification:_identify(src/movement/PID_codes/ros_library/micro_ros_arduino/src/test_msgs/action) by extensions ['ros']
[0.308s] Level 1:colcon.colcon_core.package_identification:_identify(src/movement/PID_codes/ros_library/micro_ros_arduino/src/test_msgs/action) by extension 'ros'
[0.308s] Level 1:colcon.colcon_core.package_identification:_identify(src/movement/PID_codes/ros_library/micro_ros_arduino/src/test_msgs/action) by extensions ['cmake', 'python']
[0.308s] Level 1:colcon.colcon_core.package_identification:_identify(src/movement/PID_codes/ros_library/micro_ros_arduino/src/test_msgs/action) by extension 'cmake'
[0.308s] Level 1:colcon.colcon_core.package_identification:_identify(src/movement/PID_codes/ros_library/micro_ros_arduino/src/test_msgs/action) by extension 'python'
[0.308s] Level 1:colcon.colcon_core.package_identification:_identify(src/movement/PID_codes/ros_library/micro_ros_arduino/src/test_msgs/action) by extensions ['python_setup_py']
[0.308s] Level 1:colcon.colcon_core.package_identification:_identify(src/movement/PID_codes/ros_library/micro_ros_arduino/src/test_msgs/action) by extension 'python_setup_py'
[0.308s] Level 1:colcon.colcon_core.package_identification:_identify(src/movement/PID_codes/ros_library/micro_ros_arduino/src/test_msgs/action/detail) by extensions ['ignore', 'ignore_ament_install']
[0.308s] Level 1:colcon.colcon_core.package_identification:_identify(src/movement/PID_codes/ros_library/micro_ros_arduino/src/test_msgs/action/detail) by extension 'ignore'
[0.308s] Level 1:colcon.colcon_core.package_identification:_identify(src/movement/PID_codes/ros_library/micro_ros_arduino/src/test_msgs/action/detail) by extension 'ignore_ament_install'
[0.308s] Level 1:colcon.colcon_core.package_identification:_identify(src/movement/PID_codes/ros_library/micro_ros_arduino/src/test_msgs/action/detail) by extensions ['colcon_pkg']
[0.308s] Level 1:colcon.colcon_core.package_identification:_identify(src/movement/PID_codes/ros_library/micro_ros_arduino/src/test_msgs/action/detail) by extension 'colcon_pkg'
[0.308s] Level 1:colcon.colcon_core.package_identification:_identify(src/movement/PID_codes/ros_library/micro_ros_arduino/src/test_msgs/action/detail) by extensions ['colcon_meta']
[0.308s] Level 1:colcon.colcon_core.package_identification:_identify(src/movement/PID_codes/ros_library/micro_ros_arduino/src/test_msgs/action/detail) by extension 'colcon_meta'
[0.308s] Level 1:colcon.colcon_core.package_identification:_identify(src/movement/PID_codes/ros_library/micro_ros_arduino/src/test_msgs/action/detail) by extensions ['ros']
[0.308s] Level 1:colcon.colcon_core.package_identification:_identify(src/movement/PID_codes/ros_library/micro_ros_arduino/src/test_msgs/action/detail) by extension 'ros'
[0.308s] Level 1:colcon.colcon_core.package_identification:_identify(src/movement/PID_codes/ros_library/micro_ros_arduino/src/test_msgs/action/detail) by extensions ['cmake', 'python']
[0.308s] Level 1:colcon.colcon_core.package_identification:_identify(src/movement/PID_codes/ros_library/micro_ros_arduino/src/test_msgs/action/detail) by extension 'cmake'
[0.308s] Level 1:colcon.colcon_core.package_identification:_identify(src/movement/PID_codes/ros_library/micro_ros_arduino/src/test_msgs/action/detail) by extension 'python'
[0.308s] Level 1:colcon.colcon_core.package_identification:_identify(src/movement/PID_codes/ros_library/micro_ros_arduino/src/test_msgs/action/detail) by extensions ['python_setup_py']
[0.308s] Level 1:colcon.colcon_core.package_identification:_identify(src/movement/PID_codes/ros_library/micro_ros_arduino/src/test_msgs/action/detail) by extension 'python_setup_py'
[0.309s] Level 1:colcon.colcon_core.package_identification:_identify(src/movement/PID_codes/ros_library/micro_ros_arduino/src/test_msgs/action/detail/microxrcedds) by extensions ['ignore', 'ignore_ament_install']
[0.309s] Level 1:colcon.colcon_core.package_identification:_identify(src/movement/PID_codes/ros_library/micro_ros_arduino/src/test_msgs/action/detail/microxrcedds) by extension 'ignore'
[0.309s] Level 1:colcon.colcon_core.package_identification:_identify(src/movement/PID_codes/ros_library/micro_ros_arduino/src/test_msgs/action/detail/microxrcedds) by extension 'ignore_ament_install'
[0.309s] Level 1:colcon.colcon_core.package_identification:_identify(src/movement/PID_codes/ros_library/micro_ros_arduino/src/test_msgs/action/detail/microxrcedds) by extensions ['colcon_pkg']
[0.309s] Level 1:colcon.colcon_core.package_identification:_identify(src/movement/PID_codes/ros_library/micro_ros_arduino/src/test_msgs/action/detail/microxrcedds) by extension 'colcon_pkg'
[0.309s] Level 1:colcon.colcon_core.package_identification:_identify(src/movement/PID_codes/ros_library/micro_ros_arduino/src/test_msgs/action/detail/microxrcedds) by extensions ['colcon_meta']
[0.309s] Level 1:colcon.colcon_core.package_identification:_identify(src/movement/PID_codes/ros_library/micro_ros_arduino/src/test_msgs/action/detail/microxrcedds) by extension 'colcon_meta'
[0.309s] Level 1:colcon.colcon_core.package_identification:_identify(src/movement/PID_codes/ros_library/micro_ros_arduino/src/test_msgs/action/detail/microxrcedds) by extensions ['ros']
[0.309s] Level 1:colcon.colcon_core.package_identification:_identify(src/movement/PID_codes/ros_library/micro_ros_arduino/src/test_msgs/action/detail/microxrcedds) by extension 'ros'
[0.309s] Level 1:colcon.colcon_core.package_identification:_identify(src/movement/PID_codes/ros_library/micro_ros_arduino/src/test_msgs/action/detail/microxrcedds) by extensions ['cmake', 'python']
[0.309s] Level 1:colcon.colcon_core.package_identification:_identify(src/movement/PID_codes/ros_library/micro_ros_arduino/src/test_msgs/action/detail/microxrcedds) by extension 'cmake'
[0.309s] Level 1:colcon.colcon_core.package_identification:_identify(src/movement/PID_codes/ros_library/micro_ros_arduino/src/test_msgs/action/detail/microxrcedds) by extension 'python'
[0.309s] Level 1:colcon.colcon_core.package_identification:_identify(src/movement/PID_codes/ros_library/micro_ros_arduino/src/test_msgs/action/detail/microxrcedds) by extensions ['python_setup_py']
[0.309s] Level 1:colcon.colcon_core.package_identification:_identify(src/movement/PID_codes/ros_library/micro_ros_arduino/src/test_msgs/action/detail/microxrcedds) by extension 'python_setup_py'
[0.309s] Level 1:colcon.colcon_core.package_identification:_identify(src/movement/PID_codes/ros_library/micro_ros_arduino/src/test_msgs/msg) by extensions ['ignore', 'ignore_ament_install']
[0.309s] Level 1:colcon.colcon_core.package_identification:_identify(src/movement/PID_codes/ros_library/micro_ros_arduino/src/test_msgs/msg) by extension 'ignore'
[0.309s] Level 1:colcon.colcon_core.package_identification:_identify(src/movement/PID_codes/ros_library/micro_ros_arduino/src/test_msgs/msg) by extension 'ignore_ament_install'
[0.309s] Level 1:colcon.colcon_core.package_identification:_identify(src/movement/PID_codes/ros_library/micro_ros_arduino/src/test_msgs/msg) by extensions ['colcon_pkg']
[0.309s] Level 1:colcon.colcon_core.package_identification:_identify(src/movement/PID_codes/ros_library/micro_ros_arduino/src/test_msgs/msg) by extension 'colcon_pkg'
[0.309s] Level 1:colcon.colcon_core.package_identification:_identify(src/movement/PID_codes/ros_library/micro_ros_arduino/src/test_msgs/msg) by extensions ['colcon_meta']
[0.309s] Level 1:colcon.colcon_core.package_identification:_identify(src/movement/PID_codes/ros_library/micro_ros_arduino/src/test_msgs/msg) by extension 'colcon_meta'
[0.309s] Level 1:colcon.colcon_core.package_identification:_identify(src/movement/PID_codes/ros_library/micro_ros_arduino/src/test_msgs/msg) by extensions ['ros']
[0.309s] Level 1:colcon.colcon_core.package_identification:_identify(src/movement/PID_codes/ros_library/micro_ros_arduino/src/test_msgs/msg) by extension 'ros'
[0.309s] Level 1:colcon.colcon_core.package_identification:_identify(src/movement/PID_codes/ros_library/micro_ros_arduino/src/test_msgs/msg) by extensions ['cmake', 'python']
[0.309s] Level 1:colcon.colcon_core.package_identification:_identify(src/movement/PID_codes/ros_library/micro_ros_arduino/src/test_msgs/msg) by extension 'cmake'
[0.309s] Level 1:colcon.colcon_core.package_identification:_identify(src/movement/PID_codes/ros_library/micro_ros_arduino/src/test_msgs/msg) by extension 'python'
[0.309s] Level 1:colcon.colcon_core.package_identification:_identify(src/movement/PID_codes/ros_library/micro_ros_arduino/src/test_msgs/msg) by extensions ['python_setup_py']
[0.309s] Level 1:colcon.colcon_core.package_identification:_identify(src/movement/PID_codes/ros_library/micro_ros_arduino/src/test_msgs/msg) by extension 'python_setup_py'
[0.309s] Level 1:colcon.colcon_core.package_identification:_identify(src/movement/PID_codes/ros_library/micro_ros_arduino/src/test_msgs/msg/detail) by extensions ['ignore', 'ignore_ament_install']
[0.309s] Level 1:colcon.colcon_core.package_identification:_identify(src/movement/PID_codes/ros_library/micro_ros_arduino/src/test_msgs/msg/detail) by extension 'ignore'
[0.309s] Level 1:colcon.colcon_core.package_identification:_identify(src/movement/PID_codes/ros_library/micro_ros_arduino/src/test_msgs/msg/detail) by extension 'ignore_ament_install'
[0.309s] Level 1:colcon.colcon_core.package_identification:_identify(src/movement/PID_codes/ros_library/micro_ros_arduino/src/test_msgs/msg/detail) by extensions ['colcon_pkg']
[0.309s] Level 1:colcon.colcon_core.package_identification:_identify(src/movement/PID_codes/ros_library/micro_ros_arduino/src/test_msgs/msg/detail) by extension 'colcon_pkg'
[0.309s] Level 1:colcon.colcon_core.package_identification:_identify(src/movement/PID_codes/ros_library/micro_ros_arduino/src/test_msgs/msg/detail) by extensions ['colcon_meta']
[0.309s] Level 1:colcon.colcon_core.package_identification:_identify(src/movement/PID_codes/ros_library/micro_ros_arduino/src/test_msgs/msg/detail) by extension 'colcon_meta'
[0.310s] Level 1:colcon.colcon_core.package_identification:_identify(src/movement/PID_codes/ros_library/micro_ros_arduino/src/test_msgs/msg/detail) by extensions ['ros']
[0.310s] Level 1:colcon.colcon_core.package_identification:_identify(src/movement/PID_codes/ros_library/micro_ros_arduino/src/test_msgs/msg/detail) by extension 'ros'
[0.310s] Level 1:colcon.colcon_core.package_identification:_identify(src/movement/PID_codes/ros_library/micro_ros_arduino/src/test_msgs/msg/detail) by extensions ['cmake', 'python']
[0.310s] Level 1:colcon.colcon_core.package_identification:_identify(src/movement/PID_codes/ros_library/micro_ros_arduino/src/test_msgs/msg/detail) by extension 'cmake'
[0.310s] Level 1:colcon.colcon_core.package_identification:_identify(src/movement/PID_codes/ros_library/micro_ros_arduino/src/test_msgs/msg/detail) by extension 'python'
[0.310s] Level 1:colcon.colcon_core.package_identification:_identify(src/movement/PID_codes/ros_library/micro_ros_arduino/src/test_msgs/msg/detail) by extensions ['python_setup_py']
[0.310s] Level 1:colcon.colcon_core.package_identification:_identify(src/movement/PID_codes/ros_library/micro_ros_arduino/src/test_msgs/msg/detail) by extension 'python_setup_py'
[0.310s] Level 1:colcon.colcon_core.package_identification:_identify(src/movement/PID_codes/ros_library/micro_ros_arduino/src/test_msgs/msg/detail/microxrcedds) by extensions ['ignore', 'ignore_ament_install']
[0.310s] Level 1:colcon.colcon_core.package_identification:_identify(src/movement/PID_codes/ros_library/micro_ros_arduino/src/test_msgs/msg/detail/microxrcedds) by extension 'ignore'
[0.310s] Level 1:colcon.colcon_core.package_identification:_identify(src/movement/PID_codes/ros_library/micro_ros_arduino/src/test_msgs/msg/detail/microxrcedds) by extension 'ignore_ament_install'
[0.310s] Level 1:colcon.colcon_core.package_identification:_identify(src/movement/PID_codes/ros_library/micro_ros_arduino/src/test_msgs/msg/detail/microxrcedds) by extensions ['colcon_pkg']
[0.310s] Level 1:colcon.colcon_core.package_identification:_identify(src/movement/PID_codes/ros_library/micro_ros_arduino/src/test_msgs/msg/detail/microxrcedds) by extension 'colcon_pkg'
[0.310s] Level 1:colcon.colcon_core.package_identification:_identify(src/movement/PID_codes/ros_library/micro_ros_arduino/src/test_msgs/msg/detail/microxrcedds) by extensions ['colcon_meta']
[0.310s] Level 1:colcon.colcon_core.package_identification:_identify(src/movement/PID_codes/ros_library/micro_ros_arduino/src/test_msgs/msg/detail/microxrcedds) by extension 'colcon_meta'
[0.310s] Level 1:colcon.colcon_core.package_identification:_identify(src/movement/PID_codes/ros_library/micro_ros_arduino/src/test_msgs/msg/detail/microxrcedds) by extensions ['ros']
[0.310s] Level 1:colcon.colcon_core.package_identification:_identify(src/movement/PID_codes/ros_library/micro_ros_arduino/src/test_msgs/msg/detail/microxrcedds) by extension 'ros'
[0.310s] Level 1:colcon.colcon_core.package_identification:_identify(src/movement/PID_codes/ros_library/micro_ros_arduino/src/test_msgs/msg/detail/microxrcedds) by extensions ['cmake', 'python']
[0.310s] Level 1:colcon.colcon_core.package_identification:_identify(src/movement/PID_codes/ros_library/micro_ros_arduino/src/test_msgs/msg/detail/microxrcedds) by extension 'cmake'
[0.310s] Level 1:colcon.colcon_core.package_identification:_identify(src/movement/PID_codes/ros_library/micro_ros_arduino/src/test_msgs/msg/detail/microxrcedds) by extension 'python'
[0.310s] Level 1:colcon.colcon_core.package_identification:_identify(src/movement/PID_codes/ros_library/micro_ros_arduino/src/test_msgs/msg/detail/microxrcedds) by extensions ['python_setup_py']
[0.310s] Level 1:colcon.colcon_core.package_identification:_identify(src/movement/PID_codes/ros_library/micro_ros_arduino/src/test_msgs/msg/detail/microxrcedds) by extension 'python_setup_py'
[0.310s] Level 1:colcon.colcon_core.package_identification:_identify(src/movement/PID_codes/ros_library/micro_ros_arduino/src/test_msgs/srv) by extensions ['ignore', 'ignore_ament_install']
[0.310s] Level 1:colcon.colcon_core.package_identification:_identify(src/movement/PID_codes/ros_library/micro_ros_arduino/src/test_msgs/srv) by extension 'ignore'
[0.310s] Level 1:colcon.colcon_core.package_identification:_identify(src/movement/PID_codes/ros_library/micro_ros_arduino/src/test_msgs/srv) by extension 'ignore_ament_install'
[0.310s] Level 1:colcon.colcon_core.package_identification:_identify(src/movement/PID_codes/ros_library/micro_ros_arduino/src/test_msgs/srv) by extensions ['colcon_pkg']
[0.310s] Level 1:colcon.colcon_core.package_identification:_identify(src/movement/PID_codes/ros_library/micro_ros_arduino/src/test_msgs/srv) by extension 'colcon_pkg'
[0.310s] Level 1:colcon.colcon_core.package_identification:_identify(src/movement/PID_codes/ros_library/micro_ros_arduino/src/test_msgs/srv) by extensions ['colcon_meta']
[0.310s] Level 1:colcon.colcon_core.package_identification:_identify(src/movement/PID_codes/ros_library/micro_ros_arduino/src/test_msgs/srv) by extension 'colcon_meta'
[0.310s] Level 1:colcon.colcon_core.package_identification:_identify(src/movement/PID_codes/ros_library/micro_ros_arduino/src/test_msgs/srv) by extensions ['ros']
[0.310s] Level 1:colcon.colcon_core.package_identification:_identify(src/movement/PID_codes/ros_library/micro_ros_arduino/src/test_msgs/srv) by extension 'ros'
[0.310s] Level 1:colcon.colcon_core.package_identification:_identify(src/movement/PID_codes/ros_library/micro_ros_arduino/src/test_msgs/srv) by extensions ['cmake', 'python']
[0.310s] Level 1:colcon.colcon_core.package_identification:_identify(src/movement/PID_codes/ros_library/micro_ros_arduino/src/test_msgs/srv) by extension 'cmake'
[0.310s] Level 1:colcon.colcon_core.package_identification:_identify(src/movement/PID_codes/ros_library/micro_ros_arduino/src/test_msgs/srv) by extension 'python'
[0.310s] Level 1:colcon.colcon_core.package_identification:_identify(src/movement/PID_codes/ros_library/micro_ros_arduino/src/test_msgs/srv) by extensions ['python_setup_py']
[0.310s] Level 1:colcon.colcon_core.package_identification:_identify(src/movement/PID_codes/ros_library/micro_ros_arduino/src/test_msgs/srv) by extension 'python_setup_py'
[0.311s] Level 1:colcon.colcon_core.package_identification:_identify(src/movement/PID_codes/ros_library/micro_ros_arduino/src/test_msgs/srv/detail) by extensions ['ignore', 'ignore_ament_install']
[0.311s] Level 1:colcon.colcon_core.package_identification:_identify(src/movement/PID_codes/ros_library/micro_ros_arduino/src/test_msgs/srv/detail) by extension 'ignore'
[0.311s] Level 1:colcon.colcon_core.package_identification:_identify(src/movement/PID_codes/ros_library/micro_ros_arduino/src/test_msgs/srv/detail) by extension 'ignore_ament_install'
[0.311s] Level 1:colcon.colcon_core.package_identification:_identify(src/movement/PID_codes/ros_library/micro_ros_arduino/src/test_msgs/srv/detail) by extensions ['colcon_pkg']
[0.311s] Level 1:colcon.colcon_core.package_identification:_identify(src/movement/PID_codes/ros_library/micro_ros_arduino/src/test_msgs/srv/detail) by extension 'colcon_pkg'
[0.311s] Level 1:colcon.colcon_core.package_identification:_identify(src/movement/PID_codes/ros_library/micro_ros_arduino/src/test_msgs/srv/detail) by extensions ['colcon_meta']
[0.311s] Level 1:colcon.colcon_core.package_identification:_identify(src/movement/PID_codes/ros_library/micro_ros_arduino/src/test_msgs/srv/detail) by extension 'colcon_meta'
[0.311s] Level 1:colcon.colcon_core.package_identification:_identify(src/movement/PID_codes/ros_library/micro_ros_arduino/src/test_msgs/srv/detail) by extensions ['ros']
[0.311s] Level 1:colcon.colcon_core.package_identification:_identify(src/movement/PID_codes/ros_library/micro_ros_arduino/src/test_msgs/srv/detail) by extension 'ros'
[0.311s] Level 1:colcon.colcon_core.package_identification:_identify(src/movement/PID_codes/ros_library/micro_ros_arduino/src/test_msgs/srv/detail) by extensions ['cmake', 'python']
[0.311s] Level 1:colcon.colcon_core.package_identification:_identify(src/movement/PID_codes/ros_library/micro_ros_arduino/src/test_msgs/srv/detail) by extension 'cmake'
[0.311s] Level 1:colcon.colcon_core.package_identification:_identify(src/movement/PID_codes/ros_library/micro_ros_arduino/src/test_msgs/srv/detail) by extension 'python'
[0.311s] Level 1:colcon.colcon_core.package_identification:_identify(src/movement/PID_codes/ros_library/micro_ros_arduino/src/test_msgs/srv/detail) by extensions ['python_setup_py']
[0.311s] Level 1:colcon.colcon_core.package_identification:_identify(src/movement/PID_codes/ros_library/micro_ros_arduino/src/test_msgs/srv/detail) by extension 'python_setup_py'
[0.311s] Level 1:colcon.colcon_core.package_identification:_identify(src/movement/PID_codes/ros_library/micro_ros_arduino/src/test_msgs/srv/detail/microxrcedds) by extensions ['ignore', 'ignore_ament_install']
[0.311s] Level 1:colcon.colcon_core.package_identification:_identify(src/movement/PID_codes/ros_library/micro_ros_arduino/src/test_msgs/srv/detail/microxrcedds) by extension 'ignore'
[0.311s] Level 1:colcon.colcon_core.package_identification:_identify(src/movement/PID_codes/ros_library/micro_ros_arduino/src/test_msgs/srv/detail/microxrcedds) by extension 'ignore_ament_install'
[0.311s] Level 1:colcon.colcon_core.package_identification:_identify(src/movement/PID_codes/ros_library/micro_ros_arduino/src/test_msgs/srv/detail/microxrcedds) by extensions ['colcon_pkg']
[0.311s] Level 1:colcon.colcon_core.package_identification:_identify(src/movement/PID_codes/ros_library/micro_ros_arduino/src/test_msgs/srv/detail/microxrcedds) by extension 'colcon_pkg'
[0.311s] Level 1:colcon.colcon_core.package_identification:_identify(src/movement/PID_codes/ros_library/micro_ros_arduino/src/test_msgs/srv/detail/microxrcedds) by extensions ['colcon_meta']
[0.311s] Level 1:colcon.colcon_core.package_identification:_identify(src/movement/PID_codes/ros_library/micro_ros_arduino/src/test_msgs/srv/detail/microxrcedds) by extension 'colcon_meta'
[0.311s] Level 1:colcon.colcon_core.package_identification:_identify(src/movement/PID_codes/ros_library/micro_ros_arduino/src/test_msgs/srv/detail/microxrcedds) by extensions ['ros']
[0.311s] Level 1:colcon.colcon_core.package_identification:_identify(src/movement/PID_codes/ros_library/micro_ros_arduino/src/test_msgs/srv/detail/microxrcedds) by extension 'ros'
[0.311s] Level 1:colcon.colcon_core.package_identification:_identify(src/movement/PID_codes/ros_library/micro_ros_arduino/src/test_msgs/srv/detail/microxrcedds) by extensions ['cmake', 'python']
[0.311s] Level 1:colcon.colcon_core.package_identification:_identify(src/movement/PID_codes/ros_library/micro_ros_arduino/src/test_msgs/srv/detail/microxrcedds) by extension 'cmake'
[0.311s] Level 1:colcon.colcon_core.package_identification:_identify(src/movement/PID_codes/ros_library/micro_ros_arduino/src/test_msgs/srv/detail/microxrcedds) by extension 'python'
[0.311s] Level 1:colcon.colcon_core.package_identification:_identify(src/movement/PID_codes/ros_library/micro_ros_arduino/src/test_msgs/srv/detail/microxrcedds) by extensions ['python_setup_py']
[0.311s] Level 1:colcon.colcon_core.package_identification:_identify(src/movement/PID_codes/ros_library/micro_ros_arduino/src/test_msgs/srv/detail/microxrcedds) by extension 'python_setup_py'
[0.311s] Level 1:colcon.colcon_core.package_identification:_identify(src/movement/PID_codes/ros_library/micro_ros_arduino/src/test_rmw_implementation) by extensions ['ignore', 'ignore_ament_install']
[0.311s] Level 1:colcon.colcon_core.package_identification:_identify(src/movement/PID_codes/ros_library/micro_ros_arduino/src/test_rmw_implementation) by extension 'ignore'
[0.311s] Level 1:colcon.colcon_core.package_identification:_identify(src/movement/PID_codes/ros_library/micro_ros_arduino/src/test_rmw_implementation) by extension 'ignore_ament_install'
[0.312s] Level 1:colcon.colcon_core.package_identification:_identify(src/movement/PID_codes/ros_library/micro_ros_arduino/src/test_rmw_implementation) by extensions ['colcon_pkg']
[0.312s] Level 1:colcon.colcon_core.package_identification:_identify(src/movement/PID_codes/ros_library/micro_ros_arduino/src/test_rmw_implementation) by extension 'colcon_pkg'
[0.312s] Level 1:colcon.colcon_core.package_identification:_identify(src/movement/PID_codes/ros_library/micro_ros_arduino/src/test_rmw_implementation) by extensions ['colcon_meta']
[0.312s] Level 1:colcon.colcon_core.package_identification:_identify(src/movement/PID_codes/ros_library/micro_ros_arduino/src/test_rmw_implementation) by extension 'colcon_meta'
[0.312s] Level 1:colcon.colcon_core.package_identification:_identify(src/movement/PID_codes/ros_library/micro_ros_arduino/src/test_rmw_implementation) by extensions ['ros']
[0.312s] Level 1:colcon.colcon_core.package_identification:_identify(src/movement/PID_codes/ros_library/micro_ros_arduino/src/test_rmw_implementation) by extension 'ros'
[0.312s] Level 1:colcon.colcon_core.package_identification:_identify(src/movement/PID_codes/ros_library/micro_ros_arduino/src/test_rmw_implementation) by extensions ['cmake', 'python']
[0.312s] Level 1:colcon.colcon_core.package_identification:_identify(src/movement/PID_codes/ros_library/micro_ros_arduino/src/test_rmw_implementation) by extension 'cmake'
[0.312s] Level 1:colcon.colcon_core.package_identification:_identify(src/movement/PID_codes/ros_library/micro_ros_arduino/src/test_rmw_implementation) by extension 'python'
[0.312s] Level 1:colcon.colcon_core.package_identification:_identify(src/movement/PID_codes/ros_library/micro_ros_arduino/src/test_rmw_implementation) by extensions ['python_setup_py']
[0.312s] Level 1:colcon.colcon_core.package_identification:_identify(src/movement/PID_codes/ros_library/micro_ros_arduino/src/test_rmw_implementation) by extension 'python_setup_py'
[0.312s] Level 1:colcon.colcon_core.package_identification:_identify(src/movement/PID_codes/ros_library/micro_ros_arduino/src/test_tracetools) by extensions ['ignore', 'ignore_ament_install']
[0.312s] Level 1:colcon.colcon_core.package_identification:_identify(src/movement/PID_codes/ros_library/micro_ros_arduino/src/test_tracetools) by extension 'ignore'
[0.312s] Level 1:colcon.colcon_core.package_identification:_identify(src/movement/PID_codes/ros_library/micro_ros_arduino/src/test_tracetools) by extension 'ignore_ament_install'
[0.312s] Level 1:colcon.colcon_core.package_identification:_identify(src/movement/PID_codes/ros_library/micro_ros_arduino/src/test_tracetools) by extensions ['colcon_pkg']
[0.312s] Level 1:colcon.colcon_core.package_identification:_identify(src/movement/PID_codes/ros_library/micro_ros_arduino/src/test_tracetools) by extension 'colcon_pkg'
[0.312s] Level 1:colcon.colcon_core.package_identification:_identify(src/movement/PID_codes/ros_library/micro_ros_arduino/src/test_tracetools) by extensions ['colcon_meta']
[0.312s] Level 1:colcon.colcon_core.package_identification:_identify(src/movement/PID_codes/ros_library/micro_ros_arduino/src/test_tracetools) by extension 'colcon_meta'
[0.312s] Level 1:colcon.colcon_core.package_identification:_identify(src/movement/PID_codes/ros_library/micro_ros_arduino/src/test_tracetools) by extensions ['ros']
[0.312s] Level 1:colcon.colcon_core.package_identification:_identify(src/movement/PID_codes/ros_library/micro_ros_arduino/src/test_tracetools) by extension 'ros'
[0.312s] Level 1:colcon.colcon_core.package_identification:_identify(src/movement/PID_codes/ros_library/micro_ros_arduino/src/test_tracetools) by extensions ['cmake', 'python']
[0.312s] Level 1:colcon.colcon_core.package_identification:_identify(src/movement/PID_codes/ros_library/micro_ros_arduino/src/test_tracetools) by extension 'cmake'
[0.312s] Level 1:colcon.colcon_core.package_identification:_identify(src/movement/PID_codes/ros_library/micro_ros_arduino/src/test_tracetools) by extension 'python'
[0.312s] Level 1:colcon.colcon_core.package_identification:_identify(src/movement/PID_codes/ros_library/micro_ros_arduino/src/test_tracetools) by extensions ['python_setup_py']
[0.312s] Level 1:colcon.colcon_core.package_identification:_identify(src/movement/PID_codes/ros_library/micro_ros_arduino/src/test_tracetools) by extension 'python_setup_py'
[0.312s] Level 1:colcon.colcon_core.package_identification:_identify(src/movement/PID_codes/ros_library/micro_ros_arduino/src/test_tracetools_launch) by extensions ['ignore', 'ignore_ament_install']
[0.312s] Level 1:colcon.colcon_core.package_identification:_identify(src/movement/PID_codes/ros_library/micro_ros_arduino/src/test_tracetools_launch) by extension 'ignore'
[0.312s] Level 1:colcon.colcon_core.package_identification:_identify(src/movement/PID_codes/ros_library/micro_ros_arduino/src/test_tracetools_launch) by extension 'ignore_ament_install'
[0.312s] Level 1:colcon.colcon_core.package_identification:_identify(src/movement/PID_codes/ros_library/micro_ros_arduino/src/test_tracetools_launch) by extensions ['colcon_pkg']
[0.312s] Level 1:colcon.colcon_core.package_identification:_identify(src/movement/PID_codes/ros_library/micro_ros_arduino/src/test_tracetools_launch) by extension 'colcon_pkg'
[0.312s] Level 1:colcon.colcon_core.package_identification:_identify(src/movement/PID_codes/ros_library/micro_ros_arduino/src/test_tracetools_launch) by extensions ['colcon_meta']
[0.312s] Level 1:colcon.colcon_core.package_identification:_identify(src/movement/PID_codes/ros_library/micro_ros_arduino/src/test_tracetools_launch) by extension 'colcon_meta'
[0.312s] Level 1:colcon.colcon_core.package_identification:_identify(src/movement/PID_codes/ros_library/micro_ros_arduino/src/test_tracetools_launch) by extensions ['ros']
[0.312s] Level 1:colcon.colcon_core.package_identification:_identify(src/movement/PID_codes/ros_library/micro_ros_arduino/src/test_tracetools_launch) by extension 'ros'
[0.313s] Level 1:colcon.colcon_core.package_identification:_identify(src/movement/PID_codes/ros_library/micro_ros_arduino/src/test_tracetools_launch) by extensions ['cmake', 'python']
[0.313s] Level 1:colcon.colcon_core.package_identification:_identify(src/movement/PID_codes/ros_library/micro_ros_arduino/src/test_tracetools_launch) by extension 'cmake'
[0.313s] Level 1:colcon.colcon_core.package_identification:_identify(src/movement/PID_codes/ros_library/micro_ros_arduino/src/test_tracetools_launch) by extension 'python'
[0.313s] Level 1:colcon.colcon_core.package_identification:_identify(src/movement/PID_codes/ros_library/micro_ros_arduino/src/test_tracetools_launch) by extensions ['python_setup_py']
[0.313s] Level 1:colcon.colcon_core.package_identification:_identify(src/movement/PID_codes/ros_library/micro_ros_arduino/src/test_tracetools_launch) by extension 'python_setup_py'
[0.313s] Level 1:colcon.colcon_core.package_identification:_identify(src/movement/PID_codes/ros_library/micro_ros_arduino/src/tf2_msgs) by extensions ['ignore', 'ignore_ament_install']
[0.313s] Level 1:colcon.colcon_core.package_identification:_identify(src/movement/PID_codes/ros_library/micro_ros_arduino/src/tf2_msgs) by extension 'ignore'
[0.313s] Level 1:colcon.colcon_core.package_identification:_identify(src/movement/PID_codes/ros_library/micro_ros_arduino/src/tf2_msgs) by extension 'ignore_ament_install'
[0.313s] Level 1:colcon.colcon_core.package_identification:_identify(src/movement/PID_codes/ros_library/micro_ros_arduino/src/tf2_msgs) by extensions ['colcon_pkg']
[0.313s] Level 1:colcon.colcon_core.package_identification:_identify(src/movement/PID_codes/ros_library/micro_ros_arduino/src/tf2_msgs) by extension 'colcon_pkg'
[0.313s] Level 1:colcon.colcon_core.package_identification:_identify(src/movement/PID_codes/ros_library/micro_ros_arduino/src/tf2_msgs) by extensions ['colcon_meta']
[0.313s] Level 1:colcon.colcon_core.package_identification:_identify(src/movement/PID_codes/ros_library/micro_ros_arduino/src/tf2_msgs) by extension 'colcon_meta'
[0.313s] Level 1:colcon.colcon_core.package_identification:_identify(src/movement/PID_codes/ros_library/micro_ros_arduino/src/tf2_msgs) by extensions ['ros']
[0.313s] Level 1:colcon.colcon_core.package_identification:_identify(src/movement/PID_codes/ros_library/micro_ros_arduino/src/tf2_msgs) by extension 'ros'
[0.313s] Level 1:colcon.colcon_core.package_identification:_identify(src/movement/PID_codes/ros_library/micro_ros_arduino/src/tf2_msgs) by extensions ['cmake', 'python']
[0.313s] Level 1:colcon.colcon_core.package_identification:_identify(src/movement/PID_codes/ros_library/micro_ros_arduino/src/tf2_msgs) by extension 'cmake'
[0.313s] Level 1:colcon.colcon_core.package_identification:_identify(src/movement/PID_codes/ros_library/micro_ros_arduino/src/tf2_msgs) by extension 'python'
[0.313s] Level 1:colcon.colcon_core.package_identification:_identify(src/movement/PID_codes/ros_library/micro_ros_arduino/src/tf2_msgs) by extensions ['python_setup_py']
[0.313s] Level 1:colcon.colcon_core.package_identification:_identify(src/movement/PID_codes/ros_library/micro_ros_arduino/src/tf2_msgs) by extension 'python_setup_py'
[0.313s] Level 1:colcon.colcon_core.package_identification:_identify(src/movement/PID_codes/ros_library/micro_ros_arduino/src/tf2_msgs/action) by extensions ['ignore', 'ignore_ament_install']
[0.313s] Level 1:colcon.colcon_core.package_identification:_identify(src/movement/PID_codes/ros_library/micro_ros_arduino/src/tf2_msgs/action) by extension 'ignore'
[0.313s] Level 1:colcon.colcon_core.package_identification:_identify(src/movement/PID_codes/ros_library/micro_ros_arduino/src/tf2_msgs/action) by extension 'ignore_ament_install'
[0.313s] Level 1:colcon.colcon_core.package_identification:_identify(src/movement/PID_codes/ros_library/micro_ros_arduino/src/tf2_msgs/action) by extensions ['colcon_pkg']
[0.313s] Level 1:colcon.colcon_core.package_identification:_identify(src/movement/PID_codes/ros_library/micro_ros_arduino/src/tf2_msgs/action) by extension 'colcon_pkg'
[0.313s] Level 1:colcon.colcon_core.package_identification:_identify(src/movement/PID_codes/ros_library/micro_ros_arduino/src/tf2_msgs/action) by extensions ['colcon_meta']
[0.313s] Level 1:colcon.colcon_core.package_identification:_identify(src/movement/PID_codes/ros_library/micro_ros_arduino/src/tf2_msgs/action) by extension 'colcon_meta'
[0.313s] Level 1:colcon.colcon_core.package_identification:_identify(src/movement/PID_codes/ros_library/micro_ros_arduino/src/tf2_msgs/action) by extensions ['ros']
[0.313s] Level 1:colcon.colcon_core.package_identification:_identify(src/movement/PID_codes/ros_library/micro_ros_arduino/src/tf2_msgs/action) by extension 'ros'
[0.313s] Level 1:colcon.colcon_core.package_identification:_identify(src/movement/PID_codes/ros_library/micro_ros_arduino/src/tf2_msgs/action) by extensions ['cmake', 'python']
[0.313s] Level 1:colcon.colcon_core.package_identification:_identify(src/movement/PID_codes/ros_library/micro_ros_arduino/src/tf2_msgs/action) by extension 'cmake'
[0.313s] Level 1:colcon.colcon_core.package_identification:_identify(src/movement/PID_codes/ros_library/micro_ros_arduino/src/tf2_msgs/action) by extension 'python'
[0.313s] Level 1:colcon.colcon_core.package_identification:_identify(src/movement/PID_codes/ros_library/micro_ros_arduino/src/tf2_msgs/action) by extensions ['python_setup_py']
[0.313s] Level 1:colcon.colcon_core.package_identification:_identify(src/movement/PID_codes/ros_library/micro_ros_arduino/src/tf2_msgs/action) by extension 'python_setup_py'
[0.313s] Level 1:colcon.colcon_core.package_identification:_identify(src/movement/PID_codes/ros_library/micro_ros_arduino/src/tf2_msgs/action/detail) by extensions ['ignore', 'ignore_ament_install']
[0.313s] Level 1:colcon.colcon_core.package_identification:_identify(src/movement/PID_codes/ros_library/micro_ros_arduino/src/tf2_msgs/action/detail) by extension 'ignore'
[0.314s] Level 1:colcon.colcon_core.package_identification:_identify(src/movement/PID_codes/ros_library/micro_ros_arduino/src/tf2_msgs/action/detail) by extension 'ignore_ament_install'
[0.314s] Level 1:colcon.colcon_core.package_identification:_identify(src/movement/PID_codes/ros_library/micro_ros_arduino/src/tf2_msgs/action/detail) by extensions ['colcon_pkg']
[0.314s] Level 1:colcon.colcon_core.package_identification:_identify(src/movement/PID_codes/ros_library/micro_ros_arduino/src/tf2_msgs/action/detail) by extension 'colcon_pkg'
[0.314s] Level 1:colcon.colcon_core.package_identification:_identify(src/movement/PID_codes/ros_library/micro_ros_arduino/src/tf2_msgs/action/detail) by extensions ['colcon_meta']
[0.314s] Level 1:colcon.colcon_core.package_identification:_identify(src/movement/PID_codes/ros_library/micro_ros_arduino/src/tf2_msgs/action/detail) by extension 'colcon_meta'
[0.314s] Level 1:colcon.colcon_core.package_identification:_identify(src/movement/PID_codes/ros_library/micro_ros_arduino/src/tf2_msgs/action/detail) by extensions ['ros']
[0.314s] Level 1:colcon.colcon_core.package_identification:_identify(src/movement/PID_codes/ros_library/micro_ros_arduino/src/tf2_msgs/action/detail) by extension 'ros'
[0.314s] Level 1:colcon.colcon_core.package_identification:_identify(src/movement/PID_codes/ros_library/micro_ros_arduino/src/tf2_msgs/action/detail) by extensions ['cmake', 'python']
[0.314s] Level 1:colcon.colcon_core.package_identification:_identify(src/movement/PID_codes/ros_library/micro_ros_arduino/src/tf2_msgs/action/detail) by extension 'cmake'
[0.314s] Level 1:colcon.colcon_core.package_identification:_identify(src/movement/PID_codes/ros_library/micro_ros_arduino/src/tf2_msgs/action/detail) by extension 'python'
[0.314s] Level 1:colcon.colcon_core.package_identification:_identify(src/movement/PID_codes/ros_library/micro_ros_arduino/src/tf2_msgs/action/detail) by extensions ['python_setup_py']
[0.314s] Level 1:colcon.colcon_core.package_identification:_identify(src/movement/PID_codes/ros_library/micro_ros_arduino/src/tf2_msgs/action/detail) by extension 'python_setup_py'
[0.314s] Level 1:colcon.colcon_core.package_identification:_identify(src/movement/PID_codes/ros_library/micro_ros_arduino/src/tf2_msgs/action/detail/microxrcedds) by extensions ['ignore', 'ignore_ament_install']
[0.314s] Level 1:colcon.colcon_core.package_identification:_identify(src/movement/PID_codes/ros_library/micro_ros_arduino/src/tf2_msgs/action/detail/microxrcedds) by extension 'ignore'
[0.314s] Level 1:colcon.colcon_core.package_identification:_identify(src/movement/PID_codes/ros_library/micro_ros_arduino/src/tf2_msgs/action/detail/microxrcedds) by extension 'ignore_ament_install'
[0.314s] Level 1:colcon.colcon_core.package_identification:_identify(src/movement/PID_codes/ros_library/micro_ros_arduino/src/tf2_msgs/action/detail/microxrcedds) by extensions ['colcon_pkg']
[0.314s] Level 1:colcon.colcon_core.package_identification:_identify(src/movement/PID_codes/ros_library/micro_ros_arduino/src/tf2_msgs/action/detail/microxrcedds) by extension 'colcon_pkg'
[0.314s] Level 1:colcon.colcon_core.package_identification:_identify(src/movement/PID_codes/ros_library/micro_ros_arduino/src/tf2_msgs/action/detail/microxrcedds) by extensions ['colcon_meta']
[0.314s] Level 1:colcon.colcon_core.package_identification:_identify(src/movement/PID_codes/ros_library/micro_ros_arduino/src/tf2_msgs/action/detail/microxrcedds) by extension 'colcon_meta'
[0.314s] Level 1:colcon.colcon_core.package_identification:_identify(src/movement/PID_codes/ros_library/micro_ros_arduino/src/tf2_msgs/action/detail/microxrcedds) by extensions ['ros']
[0.314s] Level 1:colcon.colcon_core.package_identification:_identify(src/movement/PID_codes/ros_library/micro_ros_arduino/src/tf2_msgs/action/detail/microxrcedds) by extension 'ros'
[0.314s] Level 1:colcon.colcon_core.package_identification:_identify(src/movement/PID_codes/ros_library/micro_ros_arduino/src/tf2_msgs/action/detail/microxrcedds) by extensions ['cmake', 'python']
[0.314s] Level 1:colcon.colcon_core.package_identification:_identify(src/movement/PID_codes/ros_library/micro_ros_arduino/src/tf2_msgs/action/detail/microxrcedds) by extension 'cmake'
[0.314s] Level 1:colcon.colcon_core.package_identification:_identify(src/movement/PID_codes/ros_library/micro_ros_arduino/src/tf2_msgs/action/detail/microxrcedds) by extension 'python'
[0.314s] Level 1:colcon.colcon_core.package_identification:_identify(src/movement/PID_codes/ros_library/micro_ros_arduino/src/tf2_msgs/action/detail/microxrcedds) by extensions ['python_setup_py']
[0.314s] Level 1:colcon.colcon_core.package_identification:_identify(src/movement/PID_codes/ros_library/micro_ros_arduino/src/tf2_msgs/action/detail/microxrcedds) by extension 'python_setup_py'
[0.314s] Level 1:colcon.colcon_core.package_identification:_identify(src/movement/PID_codes/ros_library/micro_ros_arduino/src/tf2_msgs/msg) by extensions ['ignore', 'ignore_ament_install']
[0.314s] Level 1:colcon.colcon_core.package_identification:_identify(src/movement/PID_codes/ros_library/micro_ros_arduino/src/tf2_msgs/msg) by extension 'ignore'
[0.314s] Level 1:colcon.colcon_core.package_identification:_identify(src/movement/PID_codes/ros_library/micro_ros_arduino/src/tf2_msgs/msg) by extension 'ignore_ament_install'
[0.314s] Level 1:colcon.colcon_core.package_identification:_identify(src/movement/PID_codes/ros_library/micro_ros_arduino/src/tf2_msgs/msg) by extensions ['colcon_pkg']
[0.314s] Level 1:colcon.colcon_core.package_identification:_identify(src/movement/PID_codes/ros_library/micro_ros_arduino/src/tf2_msgs/msg) by extension 'colcon_pkg'
[0.314s] Level 1:colcon.colcon_core.package_identification:_identify(src/movement/PID_codes/ros_library/micro_ros_arduino/src/tf2_msgs/msg) by extensions ['colcon_meta']
[0.314s] Level 1:colcon.colcon_core.package_identification:_identify(src/movement/PID_codes/ros_library/micro_ros_arduino/src/tf2_msgs/msg) by extension 'colcon_meta'
[0.314s] Level 1:colcon.colcon_core.package_identification:_identify(src/movement/PID_codes/ros_library/micro_ros_arduino/src/tf2_msgs/msg) by extensions ['ros']
[0.314s] Level 1:colcon.colcon_core.package_identification:_identify(src/movement/PID_codes/ros_library/micro_ros_arduino/src/tf2_msgs/msg) by extension 'ros'
[0.314s] Level 1:colcon.colcon_core.package_identification:_identify(src/movement/PID_codes/ros_library/micro_ros_arduino/src/tf2_msgs/msg) by extensions ['cmake', 'python']
[0.314s] Level 1:colcon.colcon_core.package_identification:_identify(src/movement/PID_codes/ros_library/micro_ros_arduino/src/tf2_msgs/msg) by extension 'cmake'
[0.315s] Level 1:colcon.colcon_core.package_identification:_identify(src/movement/PID_codes/ros_library/micro_ros_arduino/src/tf2_msgs/msg) by extension 'python'
[0.315s] Level 1:colcon.colcon_core.package_identification:_identify(src/movement/PID_codes/ros_library/micro_ros_arduino/src/tf2_msgs/msg) by extensions ['python_setup_py']
[0.315s] Level 1:colcon.colcon_core.package_identification:_identify(src/movement/PID_codes/ros_library/micro_ros_arduino/src/tf2_msgs/msg) by extension 'python_setup_py'
[0.315s] Level 1:colcon.colcon_core.package_identification:_identify(src/movement/PID_codes/ros_library/micro_ros_arduino/src/tf2_msgs/msg/detail) by extensions ['ignore', 'ignore_ament_install']
[0.315s] Level 1:colcon.colcon_core.package_identification:_identify(src/movement/PID_codes/ros_library/micro_ros_arduino/src/tf2_msgs/msg/detail) by extension 'ignore'
[0.315s] Level 1:colcon.colcon_core.package_identification:_identify(src/movement/PID_codes/ros_library/micro_ros_arduino/src/tf2_msgs/msg/detail) by extension 'ignore_ament_install'
[0.315s] Level 1:colcon.colcon_core.package_identification:_identify(src/movement/PID_codes/ros_library/micro_ros_arduino/src/tf2_msgs/msg/detail) by extensions ['colcon_pkg']
[0.315s] Level 1:colcon.colcon_core.package_identification:_identify(src/movement/PID_codes/ros_library/micro_ros_arduino/src/tf2_msgs/msg/detail) by extension 'colcon_pkg'
[0.315s] Level 1:colcon.colcon_core.package_identification:_identify(src/movement/PID_codes/ros_library/micro_ros_arduino/src/tf2_msgs/msg/detail) by extensions ['colcon_meta']
[0.315s] Level 1:colcon.colcon_core.package_identification:_identify(src/movement/PID_codes/ros_library/micro_ros_arduino/src/tf2_msgs/msg/detail) by extension 'colcon_meta'
[0.315s] Level 1:colcon.colcon_core.package_identification:_identify(src/movement/PID_codes/ros_library/micro_ros_arduino/src/tf2_msgs/msg/detail) by extensions ['ros']
[0.315s] Level 1:colcon.colcon_core.package_identification:_identify(src/movement/PID_codes/ros_library/micro_ros_arduino/src/tf2_msgs/msg/detail) by extension 'ros'
[0.315s] Level 1:colcon.colcon_core.package_identification:_identify(src/movement/PID_codes/ros_library/micro_ros_arduino/src/tf2_msgs/msg/detail) by extensions ['cmake', 'python']
[0.315s] Level 1:colcon.colcon_core.package_identification:_identify(src/movement/PID_codes/ros_library/micro_ros_arduino/src/tf2_msgs/msg/detail) by extension 'cmake'
[0.315s] Level 1:colcon.colcon_core.package_identification:_identify(src/movement/PID_codes/ros_library/micro_ros_arduino/src/tf2_msgs/msg/detail) by extension 'python'
[0.315s] Level 1:colcon.colcon_core.package_identification:_identify(src/movement/PID_codes/ros_library/micro_ros_arduino/src/tf2_msgs/msg/detail) by extensions ['python_setup_py']
[0.315s] Level 1:colcon.colcon_core.package_identification:_identify(src/movement/PID_codes/ros_library/micro_ros_arduino/src/tf2_msgs/msg/detail) by extension 'python_setup_py'
[0.315s] Level 1:colcon.colcon_core.package_identification:_identify(src/movement/PID_codes/ros_library/micro_ros_arduino/src/tf2_msgs/msg/detail/microxrcedds) by extensions ['ignore', 'ignore_ament_install']
[0.315s] Level 1:colcon.colcon_core.package_identification:_identify(src/movement/PID_codes/ros_library/micro_ros_arduino/src/tf2_msgs/msg/detail/microxrcedds) by extension 'ignore'
[0.315s] Level 1:colcon.colcon_core.package_identification:_identify(src/movement/PID_codes/ros_library/micro_ros_arduino/src/tf2_msgs/msg/detail/microxrcedds) by extension 'ignore_ament_install'
[0.315s] Level 1:colcon.colcon_core.package_identification:_identify(src/movement/PID_codes/ros_library/micro_ros_arduino/src/tf2_msgs/msg/detail/microxrcedds) by extensions ['colcon_pkg']
[0.315s] Level 1:colcon.colcon_core.package_identification:_identify(src/movement/PID_codes/ros_library/micro_ros_arduino/src/tf2_msgs/msg/detail/microxrcedds) by extension 'colcon_pkg'
[0.315s] Level 1:colcon.colcon_core.package_identification:_identify(src/movement/PID_codes/ros_library/micro_ros_arduino/src/tf2_msgs/msg/detail/microxrcedds) by extensions ['colcon_meta']
[0.315s] Level 1:colcon.colcon_core.package_identification:_identify(src/movement/PID_codes/ros_library/micro_ros_arduino/src/tf2_msgs/msg/detail/microxrcedds) by extension 'colcon_meta'
[0.315s] Level 1:colcon.colcon_core.package_identification:_identify(src/movement/PID_codes/ros_library/micro_ros_arduino/src/tf2_msgs/msg/detail/microxrcedds) by extensions ['ros']
[0.315s] Level 1:colcon.colcon_core.package_identification:_identify(src/movement/PID_codes/ros_library/micro_ros_arduino/src/tf2_msgs/msg/detail/microxrcedds) by extension 'ros'
[0.315s] Level 1:colcon.colcon_core.package_identification:_identify(src/movement/PID_codes/ros_library/micro_ros_arduino/src/tf2_msgs/msg/detail/microxrcedds) by extensions ['cmake', 'python']
[0.315s] Level 1:colcon.colcon_core.package_identification:_identify(src/movement/PID_codes/ros_library/micro_ros_arduino/src/tf2_msgs/msg/detail/microxrcedds) by extension 'cmake'
[0.315s] Level 1:colcon.colcon_core.package_identification:_identify(src/movement/PID_codes/ros_library/micro_ros_arduino/src/tf2_msgs/msg/detail/microxrcedds) by extension 'python'
[0.315s] Level 1:colcon.colcon_core.package_identification:_identify(src/movement/PID_codes/ros_library/micro_ros_arduino/src/tf2_msgs/msg/detail/microxrcedds) by extensions ['python_setup_py']
[0.315s] Level 1:colcon.colcon_core.package_identification:_identify(src/movement/PID_codes/ros_library/micro_ros_arduino/src/tf2_msgs/msg/detail/microxrcedds) by extension 'python_setup_py'
[0.315s] Level 1:colcon.colcon_core.package_identification:_identify(src/movement/PID_codes/ros_library/micro_ros_arduino/src/tf2_msgs/srv) by extensions ['ignore', 'ignore_ament_install']
[0.315s] Level 1:colcon.colcon_core.package_identification:_identify(src/movement/PID_codes/ros_library/micro_ros_arduino/src/tf2_msgs/srv) by extension 'ignore'
[0.315s] Level 1:colcon.colcon_core.package_identification:_identify(src/movement/PID_codes/ros_library/micro_ros_arduino/src/tf2_msgs/srv) by extension 'ignore_ament_install'
[0.315s] Level 1:colcon.colcon_core.package_identification:_identify(src/movement/PID_codes/ros_library/micro_ros_arduino/src/tf2_msgs/srv) by extensions ['colcon_pkg']
[0.316s] Level 1:colcon.colcon_core.package_identification:_identify(src/movement/PID_codes/ros_library/micro_ros_arduino/src/tf2_msgs/srv) by extension 'colcon_pkg'
[0.316s] Level 1:colcon.colcon_core.package_identification:_identify(src/movement/PID_codes/ros_library/micro_ros_arduino/src/tf2_msgs/srv) by extensions ['colcon_meta']
[0.316s] Level 1:colcon.colcon_core.package_identification:_identify(src/movement/PID_codes/ros_library/micro_ros_arduino/src/tf2_msgs/srv) by extension 'colcon_meta'
[0.316s] Level 1:colcon.colcon_core.package_identification:_identify(src/movement/PID_codes/ros_library/micro_ros_arduino/src/tf2_msgs/srv) by extensions ['ros']
[0.316s] Level 1:colcon.colcon_core.package_identification:_identify(src/movement/PID_codes/ros_library/micro_ros_arduino/src/tf2_msgs/srv) by extension 'ros'
[0.316s] Level 1:colcon.colcon_core.package_identification:_identify(src/movement/PID_codes/ros_library/micro_ros_arduino/src/tf2_msgs/srv) by extensions ['cmake', 'python']
[0.316s] Level 1:colcon.colcon_core.package_identification:_identify(src/movement/PID_codes/ros_library/micro_ros_arduino/src/tf2_msgs/srv) by extension 'cmake'
[0.316s] Level 1:colcon.colcon_core.package_identification:_identify(src/movement/PID_codes/ros_library/micro_ros_arduino/src/tf2_msgs/srv) by extension 'python'
[0.316s] Level 1:colcon.colcon_core.package_identification:_identify(src/movement/PID_codes/ros_library/micro_ros_arduino/src/tf2_msgs/srv) by extensions ['python_setup_py']
[0.316s] Level 1:colcon.colcon_core.package_identification:_identify(src/movement/PID_codes/ros_library/micro_ros_arduino/src/tf2_msgs/srv) by extension 'python_setup_py'
[0.316s] Level 1:colcon.colcon_core.package_identification:_identify(src/movement/PID_codes/ros_library/micro_ros_arduino/src/tf2_msgs/srv/detail) by extensions ['ignore', 'ignore_ament_install']
[0.316s] Level 1:colcon.colcon_core.package_identification:_identify(src/movement/PID_codes/ros_library/micro_ros_arduino/src/tf2_msgs/srv/detail) by extension 'ignore'
[0.316s] Level 1:colcon.colcon_core.package_identification:_identify(src/movement/PID_codes/ros_library/micro_ros_arduino/src/tf2_msgs/srv/detail) by extension 'ignore_ament_install'
[0.316s] Level 1:colcon.colcon_core.package_identification:_identify(src/movement/PID_codes/ros_library/micro_ros_arduino/src/tf2_msgs/srv/detail) by extensions ['colcon_pkg']
[0.316s] Level 1:colcon.colcon_core.package_identification:_identify(src/movement/PID_codes/ros_library/micro_ros_arduino/src/tf2_msgs/srv/detail) by extension 'colcon_pkg'
[0.316s] Level 1:colcon.colcon_core.package_identification:_identify(src/movement/PID_codes/ros_library/micro_ros_arduino/src/tf2_msgs/srv/detail) by extensions ['colcon_meta']
[0.316s] Level 1:colcon.colcon_core.package_identification:_identify(src/movement/PID_codes/ros_library/micro_ros_arduino/src/tf2_msgs/srv/detail) by extension 'colcon_meta'
[0.316s] Level 1:colcon.colcon_core.package_identification:_identify(src/movement/PID_codes/ros_library/micro_ros_arduino/src/tf2_msgs/srv/detail) by extensions ['ros']
[0.316s] Level 1:colcon.colcon_core.package_identification:_identify(src/movement/PID_codes/ros_library/micro_ros_arduino/src/tf2_msgs/srv/detail) by extension 'ros'
[0.316s] Level 1:colcon.colcon_core.package_identification:_identify(src/movement/PID_codes/ros_library/micro_ros_arduino/src/tf2_msgs/srv/detail) by extensions ['cmake', 'python']
[0.316s] Level 1:colcon.colcon_core.package_identification:_identify(src/movement/PID_codes/ros_library/micro_ros_arduino/src/tf2_msgs/srv/detail) by extension 'cmake'
[0.316s] Level 1:colcon.colcon_core.package_identification:_identify(src/movement/PID_codes/ros_library/micro_ros_arduino/src/tf2_msgs/srv/detail) by extension 'python'
[0.316s] Level 1:colcon.colcon_core.package_identification:_identify(src/movement/PID_codes/ros_library/micro_ros_arduino/src/tf2_msgs/srv/detail) by extensions ['python_setup_py']
[0.316s] Level 1:colcon.colcon_core.package_identification:_identify(src/movement/PID_codes/ros_library/micro_ros_arduino/src/tf2_msgs/srv/detail) by extension 'python_setup_py'
[0.316s] Level 1:colcon.colcon_core.package_identification:_identify(src/movement/PID_codes/ros_library/micro_ros_arduino/src/tf2_msgs/srv/detail/microxrcedds) by extensions ['ignore', 'ignore_ament_install']
[0.316s] Level 1:colcon.colcon_core.package_identification:_identify(src/movement/PID_codes/ros_library/micro_ros_arduino/src/tf2_msgs/srv/detail/microxrcedds) by extension 'ignore'
[0.316s] Level 1:colcon.colcon_core.package_identification:_identify(src/movement/PID_codes/ros_library/micro_ros_arduino/src/tf2_msgs/srv/detail/microxrcedds) by extension 'ignore_ament_install'
[0.316s] Level 1:colcon.colcon_core.package_identification:_identify(src/movement/PID_codes/ros_library/micro_ros_arduino/src/tf2_msgs/srv/detail/microxrcedds) by extensions ['colcon_pkg']
[0.316s] Level 1:colcon.colcon_core.package_identification:_identify(src/movement/PID_codes/ros_library/micro_ros_arduino/src/tf2_msgs/srv/detail/microxrcedds) by extension 'colcon_pkg'
[0.316s] Level 1:colcon.colcon_core.package_identification:_identify(src/movement/PID_codes/ros_library/micro_ros_arduino/src/tf2_msgs/srv/detail/microxrcedds) by extensions ['colcon_meta']
[0.316s] Level 1:colcon.colcon_core.package_identification:_identify(src/movement/PID_codes/ros_library/micro_ros_arduino/src/tf2_msgs/srv/detail/microxrcedds) by extension 'colcon_meta'
[0.316s] Level 1:colcon.colcon_core.package_identification:_identify(src/movement/PID_codes/ros_library/micro_ros_arduino/src/tf2_msgs/srv/detail/microxrcedds) by extensions ['ros']
[0.316s] Level 1:colcon.colcon_core.package_identification:_identify(src/movement/PID_codes/ros_library/micro_ros_arduino/src/tf2_msgs/srv/detail/microxrcedds) by extension 'ros'
[0.316s] Level 1:colcon.colcon_core.package_identification:_identify(src/movement/PID_codes/ros_library/micro_ros_arduino/src/tf2_msgs/srv/detail/microxrcedds) by extensions ['cmake', 'python']
[0.316s] Level 1:colcon.colcon_core.package_identification:_identify(src/movement/PID_codes/ros_library/micro_ros_arduino/src/tf2_msgs/srv/detail/microxrcedds) by extension 'cmake'
[0.316s] Level 1:colcon.colcon_core.package_identification:_identify(src/movement/PID_codes/ros_library/micro_ros_arduino/src/tf2_msgs/srv/detail/microxrcedds) by extension 'python'
[0.317s] Level 1:colcon.colcon_core.package_identification:_identify(src/movement/PID_codes/ros_library/micro_ros_arduino/src/tf2_msgs/srv/detail/microxrcedds) by extensions ['python_setup_py']
[0.317s] Level 1:colcon.colcon_core.package_identification:_identify(src/movement/PID_codes/ros_library/micro_ros_arduino/src/tf2_msgs/srv/detail/microxrcedds) by extension 'python_setup_py'
[0.317s] Level 1:colcon.colcon_core.package_identification:_identify(src/movement/PID_codes/ros_library/micro_ros_arduino/src/tracetools_launch) by extensions ['ignore', 'ignore_ament_install']
[0.317s] Level 1:colcon.colcon_core.package_identification:_identify(src/movement/PID_codes/ros_library/micro_ros_arduino/src/tracetools_launch) by extension 'ignore'
[0.317s] Level 1:colcon.colcon_core.package_identification:_identify(src/movement/PID_codes/ros_library/micro_ros_arduino/src/tracetools_launch) by extension 'ignore_ament_install'
[0.317s] Level 1:colcon.colcon_core.package_identification:_identify(src/movement/PID_codes/ros_library/micro_ros_arduino/src/tracetools_launch) by extensions ['colcon_pkg']
[0.317s] Level 1:colcon.colcon_core.package_identification:_identify(src/movement/PID_codes/ros_library/micro_ros_arduino/src/tracetools_launch) by extension 'colcon_pkg'
[0.317s] Level 1:colcon.colcon_core.package_identification:_identify(src/movement/PID_codes/ros_library/micro_ros_arduino/src/tracetools_launch) by extensions ['colcon_meta']
[0.317s] Level 1:colcon.colcon_core.package_identification:_identify(src/movement/PID_codes/ros_library/micro_ros_arduino/src/tracetools_launch) by extension 'colcon_meta'
[0.317s] Level 1:colcon.colcon_core.package_identification:_identify(src/movement/PID_codes/ros_library/micro_ros_arduino/src/tracetools_launch) by extensions ['ros']
[0.317s] Level 1:colcon.colcon_core.package_identification:_identify(src/movement/PID_codes/ros_library/micro_ros_arduino/src/tracetools_launch) by extension 'ros'
[0.317s] Level 1:colcon.colcon_core.package_identification:_identify(src/movement/PID_codes/ros_library/micro_ros_arduino/src/tracetools_launch) by extensions ['cmake', 'python']
[0.317s] Level 1:colcon.colcon_core.package_identification:_identify(src/movement/PID_codes/ros_library/micro_ros_arduino/src/tracetools_launch) by extension 'cmake'
[0.317s] Level 1:colcon.colcon_core.package_identification:_identify(src/movement/PID_codes/ros_library/micro_ros_arduino/src/tracetools_launch) by extension 'python'
[0.317s] Level 1:colcon.colcon_core.package_identification:_identify(src/movement/PID_codes/ros_library/micro_ros_arduino/src/tracetools_launch) by extensions ['python_setup_py']
[0.317s] Level 1:colcon.colcon_core.package_identification:_identify(src/movement/PID_codes/ros_library/micro_ros_arduino/src/tracetools_launch) by extension 'python_setup_py'
[0.317s] Level 1:colcon.colcon_core.package_identification:_identify(src/movement/PID_codes/ros_library/micro_ros_arduino/src/tracetools_read) by extensions ['ignore', 'ignore_ament_install']
[0.317s] Level 1:colcon.colcon_core.package_identification:_identify(src/movement/PID_codes/ros_library/micro_ros_arduino/src/tracetools_read) by extension 'ignore'
[0.317s] Level 1:colcon.colcon_core.package_identification:_identify(src/movement/PID_codes/ros_library/micro_ros_arduino/src/tracetools_read) by extension 'ignore_ament_install'
[0.317s] Level 1:colcon.colcon_core.package_identification:_identify(src/movement/PID_codes/ros_library/micro_ros_arduino/src/tracetools_read) by extensions ['colcon_pkg']
[0.317s] Level 1:colcon.colcon_core.package_identification:_identify(src/movement/PID_codes/ros_library/micro_ros_arduino/src/tracetools_read) by extension 'colcon_pkg'
[0.317s] Level 1:colcon.colcon_core.package_identification:_identify(src/movement/PID_codes/ros_library/micro_ros_arduino/src/tracetools_read) by extensions ['colcon_meta']
[0.317s] Level 1:colcon.colcon_core.package_identification:_identify(src/movement/PID_codes/ros_library/micro_ros_arduino/src/tracetools_read) by extension 'colcon_meta'
[0.317s] Level 1:colcon.colcon_core.package_identification:_identify(src/movement/PID_codes/ros_library/micro_ros_arduino/src/tracetools_read) by extensions ['ros']
[0.317s] Level 1:colcon.colcon_core.package_identification:_identify(src/movement/PID_codes/ros_library/micro_ros_arduino/src/tracetools_read) by extension 'ros'
[0.317s] Level 1:colcon.colcon_core.package_identification:_identify(src/movement/PID_codes/ros_library/micro_ros_arduino/src/tracetools_read) by extensions ['cmake', 'python']
[0.317s] Level 1:colcon.colcon_core.package_identification:_identify(src/movement/PID_codes/ros_library/micro_ros_arduino/src/tracetools_read) by extension 'cmake'
[0.317s] Level 1:colcon.colcon_core.package_identification:_identify(src/movement/PID_codes/ros_library/micro_ros_arduino/src/tracetools_read) by extension 'python'
[0.317s] Level 1:colcon.colcon_core.package_identification:_identify(src/movement/PID_codes/ros_library/micro_ros_arduino/src/tracetools_read) by extensions ['python_setup_py']
[0.317s] Level 1:colcon.colcon_core.package_identification:_identify(src/movement/PID_codes/ros_library/micro_ros_arduino/src/tracetools_read) by extension 'python_setup_py'
[0.317s] Level 1:colcon.colcon_core.package_identification:_identify(src/movement/PID_codes/ros_library/micro_ros_arduino/src/tracetools_test) by extensions ['ignore', 'ignore_ament_install']
[0.317s] Level 1:colcon.colcon_core.package_identification:_identify(src/movement/PID_codes/ros_library/micro_ros_arduino/src/tracetools_test) by extension 'ignore'
[0.317s] Level 1:colcon.colcon_core.package_identification:_identify(src/movement/PID_codes/ros_library/micro_ros_arduino/src/tracetools_test) by extension 'ignore_ament_install'
[0.317s] Level 1:colcon.colcon_core.package_identification:_identify(src/movement/PID_codes/ros_library/micro_ros_arduino/src/tracetools_test) by extensions ['colcon_pkg']
[0.317s] Level 1:colcon.colcon_core.package_identification:_identify(src/movement/PID_codes/ros_library/micro_ros_arduino/src/tracetools_test) by extension 'colcon_pkg'
[0.318s] Level 1:colcon.colcon_core.package_identification:_identify(src/movement/PID_codes/ros_library/micro_ros_arduino/src/tracetools_test) by extensions ['colcon_meta']
[0.318s] Level 1:colcon.colcon_core.package_identification:_identify(src/movement/PID_codes/ros_library/micro_ros_arduino/src/tracetools_test) by extension 'colcon_meta'
[0.318s] Level 1:colcon.colcon_core.package_identification:_identify(src/movement/PID_codes/ros_library/micro_ros_arduino/src/tracetools_test) by extensions ['ros']
[0.318s] Level 1:colcon.colcon_core.package_identification:_identify(src/movement/PID_codes/ros_library/micro_ros_arduino/src/tracetools_test) by extension 'ros'
[0.318s] Level 1:colcon.colcon_core.package_identification:_identify(src/movement/PID_codes/ros_library/micro_ros_arduino/src/tracetools_test) by extensions ['cmake', 'python']
[0.318s] Level 1:colcon.colcon_core.package_identification:_identify(src/movement/PID_codes/ros_library/micro_ros_arduino/src/tracetools_test) by extension 'cmake'
[0.318s] Level 1:colcon.colcon_core.package_identification:_identify(src/movement/PID_codes/ros_library/micro_ros_arduino/src/tracetools_test) by extension 'python'
[0.318s] Level 1:colcon.colcon_core.package_identification:_identify(src/movement/PID_codes/ros_library/micro_ros_arduino/src/tracetools_test) by extensions ['python_setup_py']
[0.318s] Level 1:colcon.colcon_core.package_identification:_identify(src/movement/PID_codes/ros_library/micro_ros_arduino/src/tracetools_test) by extension 'python_setup_py'
[0.318s] Level 1:colcon.colcon_core.package_identification:_identify(src/movement/PID_codes/ros_library/micro_ros_arduino/src/tracetools_trace) by extensions ['ignore', 'ignore_ament_install']
[0.318s] Level 1:colcon.colcon_core.package_identification:_identify(src/movement/PID_codes/ros_library/micro_ros_arduino/src/tracetools_trace) by extension 'ignore'
[0.318s] Level 1:colcon.colcon_core.package_identification:_identify(src/movement/PID_codes/ros_library/micro_ros_arduino/src/tracetools_trace) by extension 'ignore_ament_install'
[0.318s] Level 1:colcon.colcon_core.package_identification:_identify(src/movement/PID_codes/ros_library/micro_ros_arduino/src/tracetools_trace) by extensions ['colcon_pkg']
[0.318s] Level 1:colcon.colcon_core.package_identification:_identify(src/movement/PID_codes/ros_library/micro_ros_arduino/src/tracetools_trace) by extension 'colcon_pkg'
[0.318s] Level 1:colcon.colcon_core.package_identification:_identify(src/movement/PID_codes/ros_library/micro_ros_arduino/src/tracetools_trace) by extensions ['colcon_meta']
[0.318s] Level 1:colcon.colcon_core.package_identification:_identify(src/movement/PID_codes/ros_library/micro_ros_arduino/src/tracetools_trace) by extension 'colcon_meta'
[0.318s] Level 1:colcon.colcon_core.package_identification:_identify(src/movement/PID_codes/ros_library/micro_ros_arduino/src/tracetools_trace) by extensions ['ros']
[0.318s] Level 1:colcon.colcon_core.package_identification:_identify(src/movement/PID_codes/ros_library/micro_ros_arduino/src/tracetools_trace) by extension 'ros'
[0.318s] Level 1:colcon.colcon_core.package_identification:_identify(src/movement/PID_codes/ros_library/micro_ros_arduino/src/tracetools_trace) by extensions ['cmake', 'python']
[0.318s] Level 1:colcon.colcon_core.package_identification:_identify(src/movement/PID_codes/ros_library/micro_ros_arduino/src/tracetools_trace) by extension 'cmake'
[0.318s] Level 1:colcon.colcon_core.package_identification:_identify(src/movement/PID_codes/ros_library/micro_ros_arduino/src/tracetools_trace) by extension 'python'
[0.318s] Level 1:colcon.colcon_core.package_identification:_identify(src/movement/PID_codes/ros_library/micro_ros_arduino/src/tracetools_trace) by extensions ['python_setup_py']
[0.318s] Level 1:colcon.colcon_core.package_identification:_identify(src/movement/PID_codes/ros_library/micro_ros_arduino/src/tracetools_trace) by extension 'python_setup_py'
[0.318s] Level 1:colcon.colcon_core.package_identification:_identify(src/movement/PID_codes/ros_library/micro_ros_arduino/src/trajectory_msgs) by extensions ['ignore', 'ignore_ament_install']
[0.318s] Level 1:colcon.colcon_core.package_identification:_identify(src/movement/PID_codes/ros_library/micro_ros_arduino/src/trajectory_msgs) by extension 'ignore'
[0.318s] Level 1:colcon.colcon_core.package_identification:_identify(src/movement/PID_codes/ros_library/micro_ros_arduino/src/trajectory_msgs) by extension 'ignore_ament_install'
[0.318s] Level 1:colcon.colcon_core.package_identification:_identify(src/movement/PID_codes/ros_library/micro_ros_arduino/src/trajectory_msgs) by extensions ['colcon_pkg']
[0.318s] Level 1:colcon.colcon_core.package_identification:_identify(src/movement/PID_codes/ros_library/micro_ros_arduino/src/trajectory_msgs) by extension 'colcon_pkg'
[0.318s] Level 1:colcon.colcon_core.package_identification:_identify(src/movement/PID_codes/ros_library/micro_ros_arduino/src/trajectory_msgs) by extensions ['colcon_meta']
[0.318s] Level 1:colcon.colcon_core.package_identification:_identify(src/movement/PID_codes/ros_library/micro_ros_arduino/src/trajectory_msgs) by extension 'colcon_meta'
[0.318s] Level 1:colcon.colcon_core.package_identification:_identify(src/movement/PID_codes/ros_library/micro_ros_arduino/src/trajectory_msgs) by extensions ['ros']
[0.318s] Level 1:colcon.colcon_core.package_identification:_identify(src/movement/PID_codes/ros_library/micro_ros_arduino/src/trajectory_msgs) by extension 'ros'
[0.318s] Level 1:colcon.colcon_core.package_identification:_identify(src/movement/PID_codes/ros_library/micro_ros_arduino/src/trajectory_msgs) by extensions ['cmake', 'python']
[0.318s] Level 1:colcon.colcon_core.package_identification:_identify(src/movement/PID_codes/ros_library/micro_ros_arduino/src/trajectory_msgs) by extension 'cmake'
[0.318s] Level 1:colcon.colcon_core.package_identification:_identify(src/movement/PID_codes/ros_library/micro_ros_arduino/src/trajectory_msgs) by extension 'python'
[0.318s] Level 1:colcon.colcon_core.package_identification:_identify(src/movement/PID_codes/ros_library/micro_ros_arduino/src/trajectory_msgs) by extensions ['python_setup_py']
[0.318s] Level 1:colcon.colcon_core.package_identification:_identify(src/movement/PID_codes/ros_library/micro_ros_arduino/src/trajectory_msgs) by extension 'python_setup_py'
[0.319s] Level 1:colcon.colcon_core.package_identification:_identify(src/movement/PID_codes/ros_library/micro_ros_arduino/src/trajectory_msgs/msg) by extensions ['ignore', 'ignore_ament_install']
[0.319s] Level 1:colcon.colcon_core.package_identification:_identify(src/movement/PID_codes/ros_library/micro_ros_arduino/src/trajectory_msgs/msg) by extension 'ignore'
[0.319s] Level 1:colcon.colcon_core.package_identification:_identify(src/movement/PID_codes/ros_library/micro_ros_arduino/src/trajectory_msgs/msg) by extension 'ignore_ament_install'
[0.319s] Level 1:colcon.colcon_core.package_identification:_identify(src/movement/PID_codes/ros_library/micro_ros_arduino/src/trajectory_msgs/msg) by extensions ['colcon_pkg']
[0.319s] Level 1:colcon.colcon_core.package_identification:_identify(src/movement/PID_codes/ros_library/micro_ros_arduino/src/trajectory_msgs/msg) by extension 'colcon_pkg'
[0.319s] Level 1:colcon.colcon_core.package_identification:_identify(src/movement/PID_codes/ros_library/micro_ros_arduino/src/trajectory_msgs/msg) by extensions ['colcon_meta']
[0.319s] Level 1:colcon.colcon_core.package_identification:_identify(src/movement/PID_codes/ros_library/micro_ros_arduino/src/trajectory_msgs/msg) by extension 'colcon_meta'
[0.319s] Level 1:colcon.colcon_core.package_identification:_identify(src/movement/PID_codes/ros_library/micro_ros_arduino/src/trajectory_msgs/msg) by extensions ['ros']
[0.319s] Level 1:colcon.colcon_core.package_identification:_identify(src/movement/PID_codes/ros_library/micro_ros_arduino/src/trajectory_msgs/msg) by extension 'ros'
[0.319s] Level 1:colcon.colcon_core.package_identification:_identify(src/movement/PID_codes/ros_library/micro_ros_arduino/src/trajectory_msgs/msg) by extensions ['cmake', 'python']
[0.319s] Level 1:colcon.colcon_core.package_identification:_identify(src/movement/PID_codes/ros_library/micro_ros_arduino/src/trajectory_msgs/msg) by extension 'cmake'
[0.319s] Level 1:colcon.colcon_core.package_identification:_identify(src/movement/PID_codes/ros_library/micro_ros_arduino/src/trajectory_msgs/msg) by extension 'python'
[0.319s] Level 1:colcon.colcon_core.package_identification:_identify(src/movement/PID_codes/ros_library/micro_ros_arduino/src/trajectory_msgs/msg) by extensions ['python_setup_py']
[0.319s] Level 1:colcon.colcon_core.package_identification:_identify(src/movement/PID_codes/ros_library/micro_ros_arduino/src/trajectory_msgs/msg) by extension 'python_setup_py'
[0.319s] Level 1:colcon.colcon_core.package_identification:_identify(src/movement/PID_codes/ros_library/micro_ros_arduino/src/trajectory_msgs/msg/detail) by extensions ['ignore', 'ignore_ament_install']
[0.319s] Level 1:colcon.colcon_core.package_identification:_identify(src/movement/PID_codes/ros_library/micro_ros_arduino/src/trajectory_msgs/msg/detail) by extension 'ignore'
[0.319s] Level 1:colcon.colcon_core.package_identification:_identify(src/movement/PID_codes/ros_library/micro_ros_arduino/src/trajectory_msgs/msg/detail) by extension 'ignore_ament_install'
[0.319s] Level 1:colcon.colcon_core.package_identification:_identify(src/movement/PID_codes/ros_library/micro_ros_arduino/src/trajectory_msgs/msg/detail) by extensions ['colcon_pkg']
[0.319s] Level 1:colcon.colcon_core.package_identification:_identify(src/movement/PID_codes/ros_library/micro_ros_arduino/src/trajectory_msgs/msg/detail) by extension 'colcon_pkg'
[0.319s] Level 1:colcon.colcon_core.package_identification:_identify(src/movement/PID_codes/ros_library/micro_ros_arduino/src/trajectory_msgs/msg/detail) by extensions ['colcon_meta']
[0.319s] Level 1:colcon.colcon_core.package_identification:_identify(src/movement/PID_codes/ros_library/micro_ros_arduino/src/trajectory_msgs/msg/detail) by extension 'colcon_meta'
[0.319s] Level 1:colcon.colcon_core.package_identification:_identify(src/movement/PID_codes/ros_library/micro_ros_arduino/src/trajectory_msgs/msg/detail) by extensions ['ros']
[0.319s] Level 1:colcon.colcon_core.package_identification:_identify(src/movement/PID_codes/ros_library/micro_ros_arduino/src/trajectory_msgs/msg/detail) by extension 'ros'
[0.319s] Level 1:colcon.colcon_core.package_identification:_identify(src/movement/PID_codes/ros_library/micro_ros_arduino/src/trajectory_msgs/msg/detail) by extensions ['cmake', 'python']
[0.319s] Level 1:colcon.colcon_core.package_identification:_identify(src/movement/PID_codes/ros_library/micro_ros_arduino/src/trajectory_msgs/msg/detail) by extension 'cmake'
[0.319s] Level 1:colcon.colcon_core.package_identification:_identify(src/movement/PID_codes/ros_library/micro_ros_arduino/src/trajectory_msgs/msg/detail) by extension 'python'
[0.319s] Level 1:colcon.colcon_core.package_identification:_identify(src/movement/PID_codes/ros_library/micro_ros_arduino/src/trajectory_msgs/msg/detail) by extensions ['python_setup_py']
[0.319s] Level 1:colcon.colcon_core.package_identification:_identify(src/movement/PID_codes/ros_library/micro_ros_arduino/src/trajectory_msgs/msg/detail) by extension 'python_setup_py'
[0.319s] Level 1:colcon.colcon_core.package_identification:_identify(src/movement/PID_codes/ros_library/micro_ros_arduino/src/trajectory_msgs/msg/detail/microxrcedds) by extensions ['ignore', 'ignore_ament_install']
[0.319s] Level 1:colcon.colcon_core.package_identification:_identify(src/movement/PID_codes/ros_library/micro_ros_arduino/src/trajectory_msgs/msg/detail/microxrcedds) by extension 'ignore'
[0.319s] Level 1:colcon.colcon_core.package_identification:_identify(src/movement/PID_codes/ros_library/micro_ros_arduino/src/trajectory_msgs/msg/detail/microxrcedds) by extension 'ignore_ament_install'
[0.319s] Level 1:colcon.colcon_core.package_identification:_identify(src/movement/PID_codes/ros_library/micro_ros_arduino/src/trajectory_msgs/msg/detail/microxrcedds) by extensions ['colcon_pkg']
[0.319s] Level 1:colcon.colcon_core.package_identification:_identify(src/movement/PID_codes/ros_library/micro_ros_arduino/src/trajectory_msgs/msg/detail/microxrcedds) by extension 'colcon_pkg'
[0.319s] Level 1:colcon.colcon_core.package_identification:_identify(src/movement/PID_codes/ros_library/micro_ros_arduino/src/trajectory_msgs/msg/detail/microxrcedds) by extensions ['colcon_meta']
[0.319s] Level 1:colcon.colcon_core.package_identification:_identify(src/movement/PID_codes/ros_library/micro_ros_arduino/src/trajectory_msgs/msg/detail/microxrcedds) by extension 'colcon_meta'
[0.320s] Level 1:colcon.colcon_core.package_identification:_identify(src/movement/PID_codes/ros_library/micro_ros_arduino/src/trajectory_msgs/msg/detail/microxrcedds) by extensions ['ros']
[0.320s] Level 1:colcon.colcon_core.package_identification:_identify(src/movement/PID_codes/ros_library/micro_ros_arduino/src/trajectory_msgs/msg/detail/microxrcedds) by extension 'ros'
[0.320s] Level 1:colcon.colcon_core.package_identification:_identify(src/movement/PID_codes/ros_library/micro_ros_arduino/src/trajectory_msgs/msg/detail/microxrcedds) by extensions ['cmake', 'python']
[0.320s] Level 1:colcon.colcon_core.package_identification:_identify(src/movement/PID_codes/ros_library/micro_ros_arduino/src/trajectory_msgs/msg/detail/microxrcedds) by extension 'cmake'
[0.320s] Level 1:colcon.colcon_core.package_identification:_identify(src/movement/PID_codes/ros_library/micro_ros_arduino/src/trajectory_msgs/msg/detail/microxrcedds) by extension 'python'
[0.320s] Level 1:colcon.colcon_core.package_identification:_identify(src/movement/PID_codes/ros_library/micro_ros_arduino/src/trajectory_msgs/msg/detail/microxrcedds) by extensions ['python_setup_py']
[0.320s] Level 1:colcon.colcon_core.package_identification:_identify(src/movement/PID_codes/ros_library/micro_ros_arduino/src/trajectory_msgs/msg/detail/microxrcedds) by extension 'python_setup_py'
[0.320s] Level 1:colcon.colcon_core.package_identification:_identify(src/movement/PID_codes/ros_library/micro_ros_arduino/src/unique_identifier_msgs) by extensions ['ignore', 'ignore_ament_install']
[0.320s] Level 1:colcon.colcon_core.package_identification:_identify(src/movement/PID_codes/ros_library/micro_ros_arduino/src/unique_identifier_msgs) by extension 'ignore'
[0.320s] Level 1:colcon.colcon_core.package_identification:_identify(src/movement/PID_codes/ros_library/micro_ros_arduino/src/unique_identifier_msgs) by extension 'ignore_ament_install'
[0.320s] Level 1:colcon.colcon_core.package_identification:_identify(src/movement/PID_codes/ros_library/micro_ros_arduino/src/unique_identifier_msgs) by extensions ['colcon_pkg']
[0.320s] Level 1:colcon.colcon_core.package_identification:_identify(src/movement/PID_codes/ros_library/micro_ros_arduino/src/unique_identifier_msgs) by extension 'colcon_pkg'
[0.320s] Level 1:colcon.colcon_core.package_identification:_identify(src/movement/PID_codes/ros_library/micro_ros_arduino/src/unique_identifier_msgs) by extensions ['colcon_meta']
[0.320s] Level 1:colcon.colcon_core.package_identification:_identify(src/movement/PID_codes/ros_library/micro_ros_arduino/src/unique_identifier_msgs) by extension 'colcon_meta'
[0.320s] Level 1:colcon.colcon_core.package_identification:_identify(src/movement/PID_codes/ros_library/micro_ros_arduino/src/unique_identifier_msgs) by extensions ['ros']
[0.320s] Level 1:colcon.colcon_core.package_identification:_identify(src/movement/PID_codes/ros_library/micro_ros_arduino/src/unique_identifier_msgs) by extension 'ros'
[0.320s] Level 1:colcon.colcon_core.package_identification:_identify(src/movement/PID_codes/ros_library/micro_ros_arduino/src/unique_identifier_msgs) by extensions ['cmake', 'python']
[0.320s] Level 1:colcon.colcon_core.package_identification:_identify(src/movement/PID_codes/ros_library/micro_ros_arduino/src/unique_identifier_msgs) by extension 'cmake'
[0.320s] Level 1:colcon.colcon_core.package_identification:_identify(src/movement/PID_codes/ros_library/micro_ros_arduino/src/unique_identifier_msgs) by extension 'python'
[0.320s] Level 1:colcon.colcon_core.package_identification:_identify(src/movement/PID_codes/ros_library/micro_ros_arduino/src/unique_identifier_msgs) by extensions ['python_setup_py']
[0.320s] Level 1:colcon.colcon_core.package_identification:_identify(src/movement/PID_codes/ros_library/micro_ros_arduino/src/unique_identifier_msgs) by extension 'python_setup_py'
[0.320s] Level 1:colcon.colcon_core.package_identification:_identify(src/movement/PID_codes/ros_library/micro_ros_arduino/src/unique_identifier_msgs/msg) by extensions ['ignore', 'ignore_ament_install']
[0.320s] Level 1:colcon.colcon_core.package_identification:_identify(src/movement/PID_codes/ros_library/micro_ros_arduino/src/unique_identifier_msgs/msg) by extension 'ignore'
[0.320s] Level 1:colcon.colcon_core.package_identification:_identify(src/movement/PID_codes/ros_library/micro_ros_arduino/src/unique_identifier_msgs/msg) by extension 'ignore_ament_install'
[0.320s] Level 1:colcon.colcon_core.package_identification:_identify(src/movement/PID_codes/ros_library/micro_ros_arduino/src/unique_identifier_msgs/msg) by extensions ['colcon_pkg']
[0.320s] Level 1:colcon.colcon_core.package_identification:_identify(src/movement/PID_codes/ros_library/micro_ros_arduino/src/unique_identifier_msgs/msg) by extension 'colcon_pkg'
[0.320s] Level 1:colcon.colcon_core.package_identification:_identify(src/movement/PID_codes/ros_library/micro_ros_arduino/src/unique_identifier_msgs/msg) by extensions ['colcon_meta']
[0.320s] Level 1:colcon.colcon_core.package_identification:_identify(src/movement/PID_codes/ros_library/micro_ros_arduino/src/unique_identifier_msgs/msg) by extension 'colcon_meta'
[0.320s] Level 1:colcon.colcon_core.package_identification:_identify(src/movement/PID_codes/ros_library/micro_ros_arduino/src/unique_identifier_msgs/msg) by extensions ['ros']
[0.320s] Level 1:colcon.colcon_core.package_identification:_identify(src/movement/PID_codes/ros_library/micro_ros_arduino/src/unique_identifier_msgs/msg) by extension 'ros'
[0.320s] Level 1:colcon.colcon_core.package_identification:_identify(src/movement/PID_codes/ros_library/micro_ros_arduino/src/unique_identifier_msgs/msg) by extensions ['cmake', 'python']
[0.320s] Level 1:colcon.colcon_core.package_identification:_identify(src/movement/PID_codes/ros_library/micro_ros_arduino/src/unique_identifier_msgs/msg) by extension 'cmake'
[0.320s] Level 1:colcon.colcon_core.package_identification:_identify(src/movement/PID_codes/ros_library/micro_ros_arduino/src/unique_identifier_msgs/msg) by extension 'python'
[0.320s] Level 1:colcon.colcon_core.package_identification:_identify(src/movement/PID_codes/ros_library/micro_ros_arduino/src/unique_identifier_msgs/msg) by extensions ['python_setup_py']
[0.320s] Level 1:colcon.colcon_core.package_identification:_identify(src/movement/PID_codes/ros_library/micro_ros_arduino/src/unique_identifier_msgs/msg) by extension 'python_setup_py'
[0.320s] Level 1:colcon.colcon_core.package_identification:_identify(src/movement/PID_codes/ros_library/micro_ros_arduino/src/unique_identifier_msgs/msg/detail) by extensions ['ignore', 'ignore_ament_install']
[0.321s] Level 1:colcon.colcon_core.package_identification:_identify(src/movement/PID_codes/ros_library/micro_ros_arduino/src/unique_identifier_msgs/msg/detail) by extension 'ignore'
[0.321s] Level 1:colcon.colcon_core.package_identification:_identify(src/movement/PID_codes/ros_library/micro_ros_arduino/src/unique_identifier_msgs/msg/detail) by extension 'ignore_ament_install'
[0.321s] Level 1:colcon.colcon_core.package_identification:_identify(src/movement/PID_codes/ros_library/micro_ros_arduino/src/unique_identifier_msgs/msg/detail) by extensions ['colcon_pkg']
[0.321s] Level 1:colcon.colcon_core.package_identification:_identify(src/movement/PID_codes/ros_library/micro_ros_arduino/src/unique_identifier_msgs/msg/detail) by extension 'colcon_pkg'
[0.321s] Level 1:colcon.colcon_core.package_identification:_identify(src/movement/PID_codes/ros_library/micro_ros_arduino/src/unique_identifier_msgs/msg/detail) by extensions ['colcon_meta']
[0.321s] Level 1:colcon.colcon_core.package_identification:_identify(src/movement/PID_codes/ros_library/micro_ros_arduino/src/unique_identifier_msgs/msg/detail) by extension 'colcon_meta'
[0.321s] Level 1:colcon.colcon_core.package_identification:_identify(src/movement/PID_codes/ros_library/micro_ros_arduino/src/unique_identifier_msgs/msg/detail) by extensions ['ros']
[0.321s] Level 1:colcon.colcon_core.package_identification:_identify(src/movement/PID_codes/ros_library/micro_ros_arduino/src/unique_identifier_msgs/msg/detail) by extension 'ros'
[0.321s] Level 1:colcon.colcon_core.package_identification:_identify(src/movement/PID_codes/ros_library/micro_ros_arduino/src/unique_identifier_msgs/msg/detail) by extensions ['cmake', 'python']
[0.321s] Level 1:colcon.colcon_core.package_identification:_identify(src/movement/PID_codes/ros_library/micro_ros_arduino/src/unique_identifier_msgs/msg/detail) by extension 'cmake'
[0.321s] Level 1:colcon.colcon_core.package_identification:_identify(src/movement/PID_codes/ros_library/micro_ros_arduino/src/unique_identifier_msgs/msg/detail) by extension 'python'
[0.321s] Level 1:colcon.colcon_core.package_identification:_identify(src/movement/PID_codes/ros_library/micro_ros_arduino/src/unique_identifier_msgs/msg/detail) by extensions ['python_setup_py']
[0.321s] Level 1:colcon.colcon_core.package_identification:_identify(src/movement/PID_codes/ros_library/micro_ros_arduino/src/unique_identifier_msgs/msg/detail) by extension 'python_setup_py'
[0.321s] Level 1:colcon.colcon_core.package_identification:_identify(src/movement/PID_codes/ros_library/micro_ros_arduino/src/unique_identifier_msgs/msg/detail/microxrcedds) by extensions ['ignore', 'ignore_ament_install']
[0.321s] Level 1:colcon.colcon_core.package_identification:_identify(src/movement/PID_codes/ros_library/micro_ros_arduino/src/unique_identifier_msgs/msg/detail/microxrcedds) by extension 'ignore'
[0.321s] Level 1:colcon.colcon_core.package_identification:_identify(src/movement/PID_codes/ros_library/micro_ros_arduino/src/unique_identifier_msgs/msg/detail/microxrcedds) by extension 'ignore_ament_install'
[0.321s] Level 1:colcon.colcon_core.package_identification:_identify(src/movement/PID_codes/ros_library/micro_ros_arduino/src/unique_identifier_msgs/msg/detail/microxrcedds) by extensions ['colcon_pkg']
[0.321s] Level 1:colcon.colcon_core.package_identification:_identify(src/movement/PID_codes/ros_library/micro_ros_arduino/src/unique_identifier_msgs/msg/detail/microxrcedds) by extension 'colcon_pkg'
[0.321s] Level 1:colcon.colcon_core.package_identification:_identify(src/movement/PID_codes/ros_library/micro_ros_arduino/src/unique_identifier_msgs/msg/detail/microxrcedds) by extensions ['colcon_meta']
[0.321s] Level 1:colcon.colcon_core.package_identification:_identify(src/movement/PID_codes/ros_library/micro_ros_arduino/src/unique_identifier_msgs/msg/detail/microxrcedds) by extension 'colcon_meta'
[0.321s] Level 1:colcon.colcon_core.package_identification:_identify(src/movement/PID_codes/ros_library/micro_ros_arduino/src/unique_identifier_msgs/msg/detail/microxrcedds) by extensions ['ros']
[0.321s] Level 1:colcon.colcon_core.package_identification:_identify(src/movement/PID_codes/ros_library/micro_ros_arduino/src/unique_identifier_msgs/msg/detail/microxrcedds) by extension 'ros'
[0.321s] Level 1:colcon.colcon_core.package_identification:_identify(src/movement/PID_codes/ros_library/micro_ros_arduino/src/unique_identifier_msgs/msg/detail/microxrcedds) by extensions ['cmake', 'python']
[0.321s] Level 1:colcon.colcon_core.package_identification:_identify(src/movement/PID_codes/ros_library/micro_ros_arduino/src/unique_identifier_msgs/msg/detail/microxrcedds) by extension 'cmake'
[0.321s] Level 1:colcon.colcon_core.package_identification:_identify(src/movement/PID_codes/ros_library/micro_ros_arduino/src/unique_identifier_msgs/msg/detail/microxrcedds) by extension 'python'
[0.321s] Level 1:colcon.colcon_core.package_identification:_identify(src/movement/PID_codes/ros_library/micro_ros_arduino/src/unique_identifier_msgs/msg/detail/microxrcedds) by extensions ['python_setup_py']
[0.321s] Level 1:colcon.colcon_core.package_identification:_identify(src/movement/PID_codes/ros_library/micro_ros_arduino/src/unique_identifier_msgs/msg/detail/microxrcedds) by extension 'python_setup_py'
[0.321s] Level 1:colcon.colcon_core.package_identification:_identify(src/movement/PID_codes/ros_library/micro_ros_arduino/src/visualization_msgs) by extensions ['ignore', 'ignore_ament_install']
[0.321s] Level 1:colcon.colcon_core.package_identification:_identify(src/movement/PID_codes/ros_library/micro_ros_arduino/src/visualization_msgs) by extension 'ignore'
[0.321s] Level 1:colcon.colcon_core.package_identification:_identify(src/movement/PID_codes/ros_library/micro_ros_arduino/src/visualization_msgs) by extension 'ignore_ament_install'
[0.321s] Level 1:colcon.colcon_core.package_identification:_identify(src/movement/PID_codes/ros_library/micro_ros_arduino/src/visualization_msgs) by extensions ['colcon_pkg']
[0.321s] Level 1:colcon.colcon_core.package_identification:_identify(src/movement/PID_codes/ros_library/micro_ros_arduino/src/visualization_msgs) by extension 'colcon_pkg'
[0.321s] Level 1:colcon.colcon_core.package_identification:_identify(src/movement/PID_codes/ros_library/micro_ros_arduino/src/visualization_msgs) by extensions ['colcon_meta']
[0.321s] Level 1:colcon.colcon_core.package_identification:_identify(src/movement/PID_codes/ros_library/micro_ros_arduino/src/visualization_msgs) by extension 'colcon_meta'
[0.321s] Level 1:colcon.colcon_core.package_identification:_identify(src/movement/PID_codes/ros_library/micro_ros_arduino/src/visualization_msgs) by extensions ['ros']
[0.321s] Level 1:colcon.colcon_core.package_identification:_identify(src/movement/PID_codes/ros_library/micro_ros_arduino/src/visualization_msgs) by extension 'ros'
[0.322s] Level 1:colcon.colcon_core.package_identification:_identify(src/movement/PID_codes/ros_library/micro_ros_arduino/src/visualization_msgs) by extensions ['cmake', 'python']
[0.322s] Level 1:colcon.colcon_core.package_identification:_identify(src/movement/PID_codes/ros_library/micro_ros_arduino/src/visualization_msgs) by extension 'cmake'
[0.322s] Level 1:colcon.colcon_core.package_identification:_identify(src/movement/PID_codes/ros_library/micro_ros_arduino/src/visualization_msgs) by extension 'python'
[0.322s] Level 1:colcon.colcon_core.package_identification:_identify(src/movement/PID_codes/ros_library/micro_ros_arduino/src/visualization_msgs) by extensions ['python_setup_py']
[0.322s] Level 1:colcon.colcon_core.package_identification:_identify(src/movement/PID_codes/ros_library/micro_ros_arduino/src/visualization_msgs) by extension 'python_setup_py'
[0.322s] Level 1:colcon.colcon_core.package_identification:_identify(src/movement/PID_codes/ros_library/micro_ros_arduino/src/visualization_msgs/msg) by extensions ['ignore', 'ignore_ament_install']
[0.322s] Level 1:colcon.colcon_core.package_identification:_identify(src/movement/PID_codes/ros_library/micro_ros_arduino/src/visualization_msgs/msg) by extension 'ignore'
[0.322s] Level 1:colcon.colcon_core.package_identification:_identify(src/movement/PID_codes/ros_library/micro_ros_arduino/src/visualization_msgs/msg) by extension 'ignore_ament_install'
[0.322s] Level 1:colcon.colcon_core.package_identification:_identify(src/movement/PID_codes/ros_library/micro_ros_arduino/src/visualization_msgs/msg) by extensions ['colcon_pkg']
[0.322s] Level 1:colcon.colcon_core.package_identification:_identify(src/movement/PID_codes/ros_library/micro_ros_arduino/src/visualization_msgs/msg) by extension 'colcon_pkg'
[0.322s] Level 1:colcon.colcon_core.package_identification:_identify(src/movement/PID_codes/ros_library/micro_ros_arduino/src/visualization_msgs/msg) by extensions ['colcon_meta']
[0.322s] Level 1:colcon.colcon_core.package_identification:_identify(src/movement/PID_codes/ros_library/micro_ros_arduino/src/visualization_msgs/msg) by extension 'colcon_meta'
[0.322s] Level 1:colcon.colcon_core.package_identification:_identify(src/movement/PID_codes/ros_library/micro_ros_arduino/src/visualization_msgs/msg) by extensions ['ros']
[0.322s] Level 1:colcon.colcon_core.package_identification:_identify(src/movement/PID_codes/ros_library/micro_ros_arduino/src/visualization_msgs/msg) by extension 'ros'
[0.322s] Level 1:colcon.colcon_core.package_identification:_identify(src/movement/PID_codes/ros_library/micro_ros_arduino/src/visualization_msgs/msg) by extensions ['cmake', 'python']
[0.322s] Level 1:colcon.colcon_core.package_identification:_identify(src/movement/PID_codes/ros_library/micro_ros_arduino/src/visualization_msgs/msg) by extension 'cmake'
[0.322s] Level 1:colcon.colcon_core.package_identification:_identify(src/movement/PID_codes/ros_library/micro_ros_arduino/src/visualization_msgs/msg) by extension 'python'
[0.322s] Level 1:colcon.colcon_core.package_identification:_identify(src/movement/PID_codes/ros_library/micro_ros_arduino/src/visualization_msgs/msg) by extensions ['python_setup_py']
[0.322s] Level 1:colcon.colcon_core.package_identification:_identify(src/movement/PID_codes/ros_library/micro_ros_arduino/src/visualization_msgs/msg) by extension 'python_setup_py'
[0.322s] Level 1:colcon.colcon_core.package_identification:_identify(src/movement/PID_codes/ros_library/micro_ros_arduino/src/visualization_msgs/msg/detail) by extensions ['ignore', 'ignore_ament_install']
[0.322s] Level 1:colcon.colcon_core.package_identification:_identify(src/movement/PID_codes/ros_library/micro_ros_arduino/src/visualization_msgs/msg/detail) by extension 'ignore'
[0.322s] Level 1:colcon.colcon_core.package_identification:_identify(src/movement/PID_codes/ros_library/micro_ros_arduino/src/visualization_msgs/msg/detail) by extension 'ignore_ament_install'
[0.322s] Level 1:colcon.colcon_core.package_identification:_identify(src/movement/PID_codes/ros_library/micro_ros_arduino/src/visualization_msgs/msg/detail) by extensions ['colcon_pkg']
[0.322s] Level 1:colcon.colcon_core.package_identification:_identify(src/movement/PID_codes/ros_library/micro_ros_arduino/src/visualization_msgs/msg/detail) by extension 'colcon_pkg'
[0.322s] Level 1:colcon.colcon_core.package_identification:_identify(src/movement/PID_codes/ros_library/micro_ros_arduino/src/visualization_msgs/msg/detail) by extensions ['colcon_meta']
[0.322s] Level 1:colcon.colcon_core.package_identification:_identify(src/movement/PID_codes/ros_library/micro_ros_arduino/src/visualization_msgs/msg/detail) by extension 'colcon_meta'
[0.322s] Level 1:colcon.colcon_core.package_identification:_identify(src/movement/PID_codes/ros_library/micro_ros_arduino/src/visualization_msgs/msg/detail) by extensions ['ros']
[0.322s] Level 1:colcon.colcon_core.package_identification:_identify(src/movement/PID_codes/ros_library/micro_ros_arduino/src/visualization_msgs/msg/detail) by extension 'ros'
[0.322s] Level 1:colcon.colcon_core.package_identification:_identify(src/movement/PID_codes/ros_library/micro_ros_arduino/src/visualization_msgs/msg/detail) by extensions ['cmake', 'python']
[0.322s] Level 1:colcon.colcon_core.package_identification:_identify(src/movement/PID_codes/ros_library/micro_ros_arduino/src/visualization_msgs/msg/detail) by extension 'cmake'
[0.322s] Level 1:colcon.colcon_core.package_identification:_identify(src/movement/PID_codes/ros_library/micro_ros_arduino/src/visualization_msgs/msg/detail) by extension 'python'
[0.322s] Level 1:colcon.colcon_core.package_identification:_identify(src/movement/PID_codes/ros_library/micro_ros_arduino/src/visualization_msgs/msg/detail) by extensions ['python_setup_py']
[0.322s] Level 1:colcon.colcon_core.package_identification:_identify(src/movement/PID_codes/ros_library/micro_ros_arduino/src/visualization_msgs/msg/detail) by extension 'python_setup_py'
[0.322s] Level 1:colcon.colcon_core.package_identification:_identify(src/movement/PID_codes/ros_library/micro_ros_arduino/src/visualization_msgs/msg/detail/microxrcedds) by extensions ['ignore', 'ignore_ament_install']
[0.322s] Level 1:colcon.colcon_core.package_identification:_identify(src/movement/PID_codes/ros_library/micro_ros_arduino/src/visualization_msgs/msg/detail/microxrcedds) by extension 'ignore'
[0.323s] Level 1:colcon.colcon_core.package_identification:_identify(src/movement/PID_codes/ros_library/micro_ros_arduino/src/visualization_msgs/msg/detail/microxrcedds) by extension 'ignore_ament_install'
[0.323s] Level 1:colcon.colcon_core.package_identification:_identify(src/movement/PID_codes/ros_library/micro_ros_arduino/src/visualization_msgs/msg/detail/microxrcedds) by extensions ['colcon_pkg']
[0.323s] Level 1:colcon.colcon_core.package_identification:_identify(src/movement/PID_codes/ros_library/micro_ros_arduino/src/visualization_msgs/msg/detail/microxrcedds) by extension 'colcon_pkg'
[0.323s] Level 1:colcon.colcon_core.package_identification:_identify(src/movement/PID_codes/ros_library/micro_ros_arduino/src/visualization_msgs/msg/detail/microxrcedds) by extensions ['colcon_meta']
[0.323s] Level 1:colcon.colcon_core.package_identification:_identify(src/movement/PID_codes/ros_library/micro_ros_arduino/src/visualization_msgs/msg/detail/microxrcedds) by extension 'colcon_meta'
[0.323s] Level 1:colcon.colcon_core.package_identification:_identify(src/movement/PID_codes/ros_library/micro_ros_arduino/src/visualization_msgs/msg/detail/microxrcedds) by extensions ['ros']
[0.323s] Level 1:colcon.colcon_core.package_identification:_identify(src/movement/PID_codes/ros_library/micro_ros_arduino/src/visualization_msgs/msg/detail/microxrcedds) by extension 'ros'
[0.323s] Level 1:colcon.colcon_core.package_identification:_identify(src/movement/PID_codes/ros_library/micro_ros_arduino/src/visualization_msgs/msg/detail/microxrcedds) by extensions ['cmake', 'python']
[0.323s] Level 1:colcon.colcon_core.package_identification:_identify(src/movement/PID_codes/ros_library/micro_ros_arduino/src/visualization_msgs/msg/detail/microxrcedds) by extension 'cmake'
[0.323s] Level 1:colcon.colcon_core.package_identification:_identify(src/movement/PID_codes/ros_library/micro_ros_arduino/src/visualization_msgs/msg/detail/microxrcedds) by extension 'python'
[0.323s] Level 1:colcon.colcon_core.package_identification:_identify(src/movement/PID_codes/ros_library/micro_ros_arduino/src/visualization_msgs/msg/detail/microxrcedds) by extensions ['python_setup_py']
[0.323s] Level 1:colcon.colcon_core.package_identification:_identify(src/movement/PID_codes/ros_library/micro_ros_arduino/src/visualization_msgs/msg/detail/microxrcedds) by extension 'python_setup_py'
[0.323s] Level 1:colcon.colcon_core.package_identification:_identify(src/movement/PID_codes/ros_library/micro_ros_arduino/src/visualization_msgs/srv) by extensions ['ignore', 'ignore_ament_install']
[0.323s] Level 1:colcon.colcon_core.package_identification:_identify(src/movement/PID_codes/ros_library/micro_ros_arduino/src/visualization_msgs/srv) by extension 'ignore'
[0.323s] Level 1:colcon.colcon_core.package_identification:_identify(src/movement/PID_codes/ros_library/micro_ros_arduino/src/visualization_msgs/srv) by extension 'ignore_ament_install'
[0.323s] Level 1:colcon.colcon_core.package_identification:_identify(src/movement/PID_codes/ros_library/micro_ros_arduino/src/visualization_msgs/srv) by extensions ['colcon_pkg']
[0.323s] Level 1:colcon.colcon_core.package_identification:_identify(src/movement/PID_codes/ros_library/micro_ros_arduino/src/visualization_msgs/srv) by extension 'colcon_pkg'
[0.323s] Level 1:colcon.colcon_core.package_identification:_identify(src/movement/PID_codes/ros_library/micro_ros_arduino/src/visualization_msgs/srv) by extensions ['colcon_meta']
[0.323s] Level 1:colcon.colcon_core.package_identification:_identify(src/movement/PID_codes/ros_library/micro_ros_arduino/src/visualization_msgs/srv) by extension 'colcon_meta'
[0.323s] Level 1:colcon.colcon_core.package_identification:_identify(src/movement/PID_codes/ros_library/micro_ros_arduino/src/visualization_msgs/srv) by extensions ['ros']
[0.323s] Level 1:colcon.colcon_core.package_identification:_identify(src/movement/PID_codes/ros_library/micro_ros_arduino/src/visualization_msgs/srv) by extension 'ros'
[0.323s] Level 1:colcon.colcon_core.package_identification:_identify(src/movement/PID_codes/ros_library/micro_ros_arduino/src/visualization_msgs/srv) by extensions ['cmake', 'python']
[0.323s] Level 1:colcon.colcon_core.package_identification:_identify(src/movement/PID_codes/ros_library/micro_ros_arduino/src/visualization_msgs/srv) by extension 'cmake'
[0.323s] Level 1:colcon.colcon_core.package_identification:_identify(src/movement/PID_codes/ros_library/micro_ros_arduino/src/visualization_msgs/srv) by extension 'python'
[0.323s] Level 1:colcon.colcon_core.package_identification:_identify(src/movement/PID_codes/ros_library/micro_ros_arduino/src/visualization_msgs/srv) by extensions ['python_setup_py']
[0.323s] Level 1:colcon.colcon_core.package_identification:_identify(src/movement/PID_codes/ros_library/micro_ros_arduino/src/visualization_msgs/srv) by extension 'python_setup_py'
[0.323s] Level 1:colcon.colcon_core.package_identification:_identify(src/movement/PID_codes/ros_library/micro_ros_arduino/src/visualization_msgs/srv/detail) by extensions ['ignore', 'ignore_ament_install']
[0.323s] Level 1:colcon.colcon_core.package_identification:_identify(src/movement/PID_codes/ros_library/micro_ros_arduino/src/visualization_msgs/srv/detail) by extension 'ignore'
[0.323s] Level 1:colcon.colcon_core.package_identification:_identify(src/movement/PID_codes/ros_library/micro_ros_arduino/src/visualization_msgs/srv/detail) by extension 'ignore_ament_install'
[0.323s] Level 1:colcon.colcon_core.package_identification:_identify(src/movement/PID_codes/ros_library/micro_ros_arduino/src/visualization_msgs/srv/detail) by extensions ['colcon_pkg']
[0.323s] Level 1:colcon.colcon_core.package_identification:_identify(src/movement/PID_codes/ros_library/micro_ros_arduino/src/visualization_msgs/srv/detail) by extension 'colcon_pkg'
[0.323s] Level 1:colcon.colcon_core.package_identification:_identify(src/movement/PID_codes/ros_library/micro_ros_arduino/src/visualization_msgs/srv/detail) by extensions ['colcon_meta']
[0.323s] Level 1:colcon.colcon_core.package_identification:_identify(src/movement/PID_codes/ros_library/micro_ros_arduino/src/visualization_msgs/srv/detail) by extension 'colcon_meta'
[0.323s] Level 1:colcon.colcon_core.package_identification:_identify(src/movement/PID_codes/ros_library/micro_ros_arduino/src/visualization_msgs/srv/detail) by extensions ['ros']
[0.323s] Level 1:colcon.colcon_core.package_identification:_identify(src/movement/PID_codes/ros_library/micro_ros_arduino/src/visualization_msgs/srv/detail) by extension 'ros'
[0.323s] Level 1:colcon.colcon_core.package_identification:_identify(src/movement/PID_codes/ros_library/micro_ros_arduino/src/visualization_msgs/srv/detail) by extensions ['cmake', 'python']
[0.323s] Level 1:colcon.colcon_core.package_identification:_identify(src/movement/PID_codes/ros_library/micro_ros_arduino/src/visualization_msgs/srv/detail) by extension 'cmake'
[0.324s] Level 1:colcon.colcon_core.package_identification:_identify(src/movement/PID_codes/ros_library/micro_ros_arduino/src/visualization_msgs/srv/detail) by extension 'python'
[0.324s] Level 1:colcon.colcon_core.package_identification:_identify(src/movement/PID_codes/ros_library/micro_ros_arduino/src/visualization_msgs/srv/detail) by extensions ['python_setup_py']
[0.324s] Level 1:colcon.colcon_core.package_identification:_identify(src/movement/PID_codes/ros_library/micro_ros_arduino/src/visualization_msgs/srv/detail) by extension 'python_setup_py'
[0.324s] Level 1:colcon.colcon_core.package_identification:_identify(src/movement/PID_codes/ros_library/micro_ros_arduino/src/visualization_msgs/srv/detail/microxrcedds) by extensions ['ignore', 'ignore_ament_install']
[0.324s] Level 1:colcon.colcon_core.package_identification:_identify(src/movement/PID_codes/ros_library/micro_ros_arduino/src/visualization_msgs/srv/detail/microxrcedds) by extension 'ignore'
[0.324s] Level 1:colcon.colcon_core.package_identification:_identify(src/movement/PID_codes/ros_library/micro_ros_arduino/src/visualization_msgs/srv/detail/microxrcedds) by extension 'ignore_ament_install'
[0.324s] Level 1:colcon.colcon_core.package_identification:_identify(src/movement/PID_codes/ros_library/micro_ros_arduino/src/visualization_msgs/srv/detail/microxrcedds) by extensions ['colcon_pkg']
[0.324s] Level 1:colcon.colcon_core.package_identification:_identify(src/movement/PID_codes/ros_library/micro_ros_arduino/src/visualization_msgs/srv/detail/microxrcedds) by extension 'colcon_pkg'
[0.324s] Level 1:colcon.colcon_core.package_identification:_identify(src/movement/PID_codes/ros_library/micro_ros_arduino/src/visualization_msgs/srv/detail/microxrcedds) by extensions ['colcon_meta']
[0.324s] Level 1:colcon.colcon_core.package_identification:_identify(src/movement/PID_codes/ros_library/micro_ros_arduino/src/visualization_msgs/srv/detail/microxrcedds) by extension 'colcon_meta'
[0.324s] Level 1:colcon.colcon_core.package_identification:_identify(src/movement/PID_codes/ros_library/micro_ros_arduino/src/visualization_msgs/srv/detail/microxrcedds) by extensions ['ros']
[0.324s] Level 1:colcon.colcon_core.package_identification:_identify(src/movement/PID_codes/ros_library/micro_ros_arduino/src/visualization_msgs/srv/detail/microxrcedds) by extension 'ros'
[0.324s] Level 1:colcon.colcon_core.package_identification:_identify(src/movement/PID_codes/ros_library/micro_ros_arduino/src/visualization_msgs/srv/detail/microxrcedds) by extensions ['cmake', 'python']
[0.324s] Level 1:colcon.colcon_core.package_identification:_identify(src/movement/PID_codes/ros_library/micro_ros_arduino/src/visualization_msgs/srv/detail/microxrcedds) by extension 'cmake'
[0.324s] Level 1:colcon.colcon_core.package_identification:_identify(src/movement/PID_codes/ros_library/micro_ros_arduino/src/visualization_msgs/srv/detail/microxrcedds) by extension 'python'
[0.324s] Level 1:colcon.colcon_core.package_identification:_identify(src/movement/PID_codes/ros_library/micro_ros_arduino/src/visualization_msgs/srv/detail/microxrcedds) by extensions ['python_setup_py']
[0.324s] Level 1:colcon.colcon_core.package_identification:_identify(src/movement/PID_codes/ros_library/micro_ros_arduino/src/visualization_msgs/srv/detail/microxrcedds) by extension 'python_setup_py'
[0.324s] Level 1:colcon.colcon_core.package_identification:_identify(src/movement/Ros2_change) by extensions ['ignore', 'ignore_ament_install']
[0.324s] Level 1:colcon.colcon_core.package_identification:_identify(src/movement/Ros2_change) by extension 'ignore'
[0.324s] Level 1:colcon.colcon_core.package_identification:_identify(src/movement/Ros2_change) by extension 'ignore_ament_install'
[0.324s] Level 1:colcon.colcon_core.package_identification:_identify(src/movement/Ros2_change) by extensions ['colcon_pkg']
[0.324s] Level 1:colcon.colcon_core.package_identification:_identify(src/movement/Ros2_change) by extension 'colcon_pkg'
[0.324s] Level 1:colcon.colcon_core.package_identification:_identify(src/movement/Ros2_change) by extensions ['colcon_meta']
[0.324s] Level 1:colcon.colcon_core.package_identification:_identify(src/movement/Ros2_change) by extension 'colcon_meta'
[0.324s] Level 1:colcon.colcon_core.package_identification:_identify(src/movement/Ros2_change) by extensions ['ros']
[0.324s] Level 1:colcon.colcon_core.package_identification:_identify(src/movement/Ros2_change) by extension 'ros'
[0.324s] Level 1:colcon.colcon_core.package_identification:_identify(src/movement/Ros2_change) by extensions ['cmake', 'python']
[0.324s] Level 1:colcon.colcon_core.package_identification:_identify(src/movement/Ros2_change) by extension 'cmake'
[0.324s] Level 1:colcon.colcon_core.package_identification:_identify(src/movement/Ros2_change) by extension 'python'
[0.324s] Level 1:colcon.colcon_core.package_identification:_identify(src/movement/Ros2_change) by extensions ['python_setup_py']
[0.324s] Level 1:colcon.colcon_core.package_identification:_identify(src/movement/Ros2_change) by extension 'python_setup_py'
[0.324s] Level 1:colcon.colcon_core.package_identification:_identify(src/movement/Ros2_change/build) by extensions ['ignore', 'ignore_ament_install']
[0.324s] Level 1:colcon.colcon_core.package_identification:_identify(src/movement/Ros2_change/build) by extension 'ignore'
[0.324s] Level 1:colcon.colcon_core.package_identification:_identify(src/movement/Ros2_change/build) ignored
[0.325s] Level 1:colcon.colcon_core.package_identification:_identify(src/movement/Ros2_change/install) by extensions ['ignore', 'ignore_ament_install']
[0.325s] Level 1:colcon.colcon_core.package_identification:_identify(src/movement/Ros2_change/install) by extension 'ignore'
[0.325s] Level 1:colcon.colcon_core.package_identification:_identify(src/movement/Ros2_change/install) ignored
[0.325s] Level 1:colcon.colcon_core.package_identification:_identify(src/movement/Ros2_change/log) by extensions ['ignore', 'ignore_ament_install']
[0.325s] Level 1:colcon.colcon_core.package_identification:_identify(src/movement/Ros2_change/log) by extension 'ignore'
[0.325s] Level 1:colcon.colcon_core.package_identification:_identify(src/movement/Ros2_change/log) ignored
[0.325s] Level 1:colcon.colcon_core.package_identification:_identify(src/movement/Ros2_change/src) by extensions ['ignore', 'ignore_ament_install']
[0.325s] Level 1:colcon.colcon_core.package_identification:_identify(src/movement/Ros2_change/src) by extension 'ignore'
[0.325s] Level 1:colcon.colcon_core.package_identification:_identify(src/movement/Ros2_change/src) by extension 'ignore_ament_install'
[0.325s] Level 1:colcon.colcon_core.package_identification:_identify(src/movement/Ros2_change/src) by extensions ['colcon_pkg']
[0.325s] Level 1:colcon.colcon_core.package_identification:_identify(src/movement/Ros2_change/src) by extension 'colcon_pkg'
[0.325s] Level 1:colcon.colcon_core.package_identification:_identify(src/movement/Ros2_change/src) by extensions ['colcon_meta']
[0.325s] Level 1:colcon.colcon_core.package_identification:_identify(src/movement/Ros2_change/src) by extension 'colcon_meta'
[0.325s] Level 1:colcon.colcon_core.package_identification:_identify(src/movement/Ros2_change/src) by extensions ['ros']
[0.325s] Level 1:colcon.colcon_core.package_identification:_identify(src/movement/Ros2_change/src) by extension 'ros'
[0.325s] Level 1:colcon.colcon_core.package_identification:_identify(src/movement/Ros2_change/src) by extensions ['cmake', 'python']
[0.325s] Level 1:colcon.colcon_core.package_identification:_identify(src/movement/Ros2_change/src) by extension 'cmake'
[0.325s] Level 1:colcon.colcon_core.package_identification:_identify(src/movement/Ros2_change/src) by extension 'python'
[0.325s] Level 1:colcon.colcon_core.package_identification:_identify(src/movement/Ros2_change/src) by extensions ['python_setup_py']
[0.325s] Level 1:colcon.colcon_core.package_identification:_identify(src/movement/Ros2_change/src) by extension 'python_setup_py'
[0.325s] Level 1:colcon.colcon_core.package_identification:_identify(src/movement/Ros2_change/src/humanoid_definition) by extensions ['ignore', 'ignore_ament_install']
[0.325s] Level 1:colcon.colcon_core.package_identification:_identify(src/movement/Ros2_change/src/humanoid_definition) by extension 'ignore'
[0.325s] Level 1:colcon.colcon_core.package_identification:_identify(src/movement/Ros2_change/src/humanoid_definition) by extension 'ignore_ament_install'
[0.325s] Level 1:colcon.colcon_core.package_identification:_identify(src/movement/Ros2_change/src/humanoid_definition) by extensions ['colcon_pkg']
[0.325s] Level 1:colcon.colcon_core.package_identification:_identify(src/movement/Ros2_change/src/humanoid_definition) by extension 'colcon_pkg'
[0.325s] Level 1:colcon.colcon_core.package_identification:_identify(src/movement/Ros2_change/src/humanoid_definition) by extensions ['colcon_meta']
[0.326s] Level 1:colcon.colcon_core.package_identification:_identify(src/movement/Ros2_change/src/humanoid_definition) by extension 'colcon_meta'
[0.326s] Level 1:colcon.colcon_core.package_identification:_identify(src/movement/Ros2_change/src/humanoid_definition) by extensions ['ros']
[0.326s] Level 1:colcon.colcon_core.package_identification:_identify(src/movement/Ros2_change/src/humanoid_definition) by extension 'ros'
[0.327s] DEBUG:colcon.colcon_core.package_identification:Package 'src/movement/Ros2_change/src/humanoid_definition' with type 'ros.ament_python' and name 'humanoid_definition'
[0.327s] Level 1:colcon.colcon_core.package_identification:_identify(src/movement/Ros2_change/src/humanoid_visualization) by extensions ['ignore', 'ignore_ament_install']
[0.327s] Level 1:colcon.colcon_core.package_identification:_identify(src/movement/Ros2_change/src/humanoid_visualization) by extension 'ignore'
[0.327s] Level 1:colcon.colcon_core.package_identification:_identify(src/movement/Ros2_change/src/humanoid_visualization) by extension 'ignore_ament_install'
[0.327s] Level 1:colcon.colcon_core.package_identification:_identify(src/movement/Ros2_change/src/humanoid_visualization) by extensions ['colcon_pkg']
[0.327s] Level 1:colcon.colcon_core.package_identification:_identify(src/movement/Ros2_change/src/humanoid_visualization) by extension 'colcon_pkg'
[0.327s] Level 1:colcon.colcon_core.package_identification:_identify(src/movement/Ros2_change/src/humanoid_visualization) by extensions ['colcon_meta']
[0.327s] Level 1:colcon.colcon_core.package_identification:_identify(src/movement/Ros2_change/src/humanoid_visualization) by extension 'colcon_meta'
[0.327s] Level 1:colcon.colcon_core.package_identification:_identify(src/movement/Ros2_change/src/humanoid_visualization) by extensions ['ros']
[0.327s] Level 1:colcon.colcon_core.package_identification:_identify(src/movement/Ros2_change/src/humanoid_visualization) by extension 'ros'
[0.328s] DEBUG:colcon.colcon_core.package_identification:Package 'src/movement/Ros2_change/src/humanoid_visualization' with type 'ros.ament_cmake' and name 'humanoid_visualization'
[0.328s] Level 1:colcon.colcon_core.package_identification:_identify(src/movement/Ros2_change/src/kinematic_functions) by extensions ['ignore', 'ignore_ament_install']
[0.328s] Level 1:colcon.colcon_core.package_identification:_identify(src/movement/Ros2_change/src/kinematic_functions) by extension 'ignore'
[0.328s] Level 1:colcon.colcon_core.package_identification:_identify(src/movement/Ros2_change/src/kinematic_functions) by extension 'ignore_ament_install'
[0.328s] Level 1:colcon.colcon_core.package_identification:_identify(src/movement/Ros2_change/src/kinematic_functions) by extensions ['colcon_pkg']
[0.328s] Level 1:colcon.colcon_core.package_identification:_identify(src/movement/Ros2_change/src/kinematic_functions) by extension 'colcon_pkg'
[0.328s] Level 1:colcon.colcon_core.package_identification:_identify(src/movement/Ros2_change/src/kinematic_functions) by extensions ['colcon_meta']
[0.328s] Level 1:colcon.colcon_core.package_identification:_identify(src/movement/Ros2_change/src/kinematic_functions) by extension 'colcon_meta'
[0.328s] Level 1:colcon.colcon_core.package_identification:_identify(src/movement/Ros2_change/src/kinematic_functions) by extensions ['ros']
[0.328s] Level 1:colcon.colcon_core.package_identification:_identify(src/movement/Ros2_change/src/kinematic_functions) by extension 'ros'
[0.328s] DEBUG:colcon.colcon_core.package_identification:Package 'src/movement/Ros2_change/src/kinematic_functions' with type 'ros.ament_python' and name 'kinematic_functions'
[0.328s] Level 1:colcon.colcon_core.package_identification:_identify(src/movement/Ros2_change/src/matlab_codes) by extensions ['ignore', 'ignore_ament_install']
[0.328s] Level 1:colcon.colcon_core.package_identification:_identify(src/movement/Ros2_change/src/matlab_codes) by extension 'ignore'
[0.328s] Level 1:colcon.colcon_core.package_identification:_identify(src/movement/Ros2_change/src/matlab_codes) by extension 'ignore_ament_install'
[0.328s] Level 1:colcon.colcon_core.package_identification:_identify(src/movement/Ros2_change/src/matlab_codes) by extensions ['colcon_pkg']
[0.328s] Level 1:colcon.colcon_core.package_identification:_identify(src/movement/Ros2_change/src/matlab_codes) by extension 'colcon_pkg'
[0.328s] Level 1:colcon.colcon_core.package_identification:_identify(src/movement/Ros2_change/src/matlab_codes) by extensions ['colcon_meta']
[0.328s] Level 1:colcon.colcon_core.package_identification:_identify(src/movement/Ros2_change/src/matlab_codes) by extension 'colcon_meta'
[0.328s] Level 1:colcon.colcon_core.package_identification:_identify(src/movement/Ros2_change/src/matlab_codes) by extensions ['ros']
[0.328s] Level 1:colcon.colcon_core.package_identification:_identify(src/movement/Ros2_change/src/matlab_codes) by extension 'ros'
[0.329s] Level 1:colcon.colcon_core.package_identification:_identify(src/movement/Ros2_change/src/matlab_codes) by extensions ['cmake', 'python']
[0.329s] Level 1:colcon.colcon_core.package_identification:_identify(src/movement/Ros2_change/src/matlab_codes) by extension 'cmake'
[0.329s] Level 1:colcon.colcon_core.package_identification:_identify(src/movement/Ros2_change/src/matlab_codes) by extension 'python'
[0.329s] Level 1:colcon.colcon_core.package_identification:_identify(src/movement/Ros2_change/src/matlab_codes) by extensions ['python_setup_py']
[0.329s] Level 1:colcon.colcon_core.package_identification:_identify(src/movement/Ros2_change/src/matlab_codes) by extension 'python_setup_py'
[0.329s] Level 1:colcon.colcon_core.package_identification:_identify(src/movement/Ros2_change/src/micro_ros) by extensions ['ignore', 'ignore_ament_install']
[0.329s] Level 1:colcon.colcon_core.package_identification:_identify(src/movement/Ros2_change/src/micro_ros) by extension 'ignore'
[0.329s] Level 1:colcon.colcon_core.package_identification:_identify(src/movement/Ros2_change/src/micro_ros) by extension 'ignore_ament_install'
[0.329s] Level 1:colcon.colcon_core.package_identification:_identify(src/movement/Ros2_change/src/micro_ros) by extensions ['colcon_pkg']
[0.329s] Level 1:colcon.colcon_core.package_identification:_identify(src/movement/Ros2_change/src/micro_ros) by extension 'colcon_pkg'
[0.329s] Level 1:colcon.colcon_core.package_identification:_identify(src/movement/Ros2_change/src/micro_ros) by extensions ['colcon_meta']
[0.329s] Level 1:colcon.colcon_core.package_identification:_identify(src/movement/Ros2_change/src/micro_ros) by extension 'colcon_meta'
[0.329s] Level 1:colcon.colcon_core.package_identification:_identify(src/movement/Ros2_change/src/micro_ros) by extensions ['ros']
[0.329s] Level 1:colcon.colcon_core.package_identification:_identify(src/movement/Ros2_change/src/micro_ros) by extension 'ros'
[0.329s] Level 1:colcon.colcon_core.package_identification:_identify(src/movement/Ros2_change/src/micro_ros) by extensions ['cmake', 'python']
[0.329s] Level 1:colcon.colcon_core.package_identification:_identify(src/movement/Ros2_change/src/micro_ros) by extension 'cmake'
[0.329s] Level 1:colcon.colcon_core.package_identification:_identify(src/movement/Ros2_change/src/micro_ros) by extension 'python'
[0.329s] Level 1:colcon.colcon_core.package_identification:_identify(src/movement/Ros2_change/src/micro_ros) by extensions ['python_setup_py']
[0.329s] Level 1:colcon.colcon_core.package_identification:_identify(src/movement/Ros2_change/src/micro_ros) by extension 'python_setup_py'
[0.329s] Level 1:colcon.colcon_core.package_identification:_identify(src/movement/Ros2_change/src/micro_ros/Tinyxml2) by extensions ['ignore', 'ignore_ament_install']
[0.329s] Level 1:colcon.colcon_core.package_identification:_identify(src/movement/Ros2_change/src/micro_ros/Tinyxml2) by extension 'ignore'
[0.329s] Level 1:colcon.colcon_core.package_identification:_identify(src/movement/Ros2_change/src/micro_ros/Tinyxml2) by extension 'ignore_ament_install'
[0.329s] Level 1:colcon.colcon_core.package_identification:_identify(src/movement/Ros2_change/src/micro_ros/Tinyxml2) by extensions ['colcon_pkg']
[0.329s] Level 1:colcon.colcon_core.package_identification:_identify(src/movement/Ros2_change/src/micro_ros/Tinyxml2) by extension 'colcon_pkg'
[0.329s] Level 1:colcon.colcon_core.package_identification:_identify(src/movement/Ros2_change/src/micro_ros/Tinyxml2) by extensions ['colcon_meta']
[0.329s] Level 1:colcon.colcon_core.package_identification:_identify(src/movement/Ros2_change/src/micro_ros/Tinyxml2) by extension 'colcon_meta'
[0.329s] Level 1:colcon.colcon_core.package_identification:_identify(src/movement/Ros2_change/src/micro_ros/Tinyxml2) by extensions ['ros']
[0.329s] Level 1:colcon.colcon_core.package_identification:_identify(src/movement/Ros2_change/src/micro_ros/Tinyxml2) by extension 'ros'
[0.329s] Level 1:colcon.colcon_core.package_identification:_identify(src/movement/Ros2_change/src/micro_ros/Tinyxml2) by extensions ['cmake', 'python']
[0.329s] Level 1:colcon.colcon_core.package_identification:_identify(src/movement/Ros2_change/src/micro_ros/Tinyxml2) by extension 'cmake'
[0.331s] Level 1:colcon.colcon_core.package_identification:_identify(src/movement/Ros2_change/src/micro_ros/Tinyxml2) by extension 'python'
[0.331s] DEBUG:colcon.colcon_core.package_identification:Package 'src/movement/Ros2_change/src/micro_ros/Tinyxml2' with type 'cmake' and name 'tinyxml2'
[0.331s] Level 1:colcon.colcon_core.package_identification:_identify(src/movement/Ros2_change/src/micro_ros/esp_code) by extensions ['ignore', 'ignore_ament_install']
[0.331s] Level 1:colcon.colcon_core.package_identification:_identify(src/movement/Ros2_change/src/micro_ros/esp_code) by extension 'ignore'
[0.331s] Level 1:colcon.colcon_core.package_identification:_identify(src/movement/Ros2_change/src/micro_ros/esp_code) by extension 'ignore_ament_install'
[0.331s] Level 1:colcon.colcon_core.package_identification:_identify(src/movement/Ros2_change/src/micro_ros/esp_code) by extensions ['colcon_pkg']
[0.331s] Level 1:colcon.colcon_core.package_identification:_identify(src/movement/Ros2_change/src/micro_ros/esp_code) by extension 'colcon_pkg'
[0.331s] Level 1:colcon.colcon_core.package_identification:_identify(src/movement/Ros2_change/src/micro_ros/esp_code) by extensions ['colcon_meta']
[0.331s] Level 1:colcon.colcon_core.package_identification:_identify(src/movement/Ros2_change/src/micro_ros/esp_code) by extension 'colcon_meta'
[0.331s] Level 1:colcon.colcon_core.package_identification:_identify(src/movement/Ros2_change/src/micro_ros/esp_code) by extensions ['ros']
[0.331s] Level 1:colcon.colcon_core.package_identification:_identify(src/movement/Ros2_change/src/micro_ros/esp_code) by extension 'ros'
[0.331s] Level 1:colcon.colcon_core.package_identification:_identify(src/movement/Ros2_change/src/micro_ros/esp_code) by extensions ['cmake', 'python']
[0.331s] Level 1:colcon.colcon_core.package_identification:_identify(src/movement/Ros2_change/src/micro_ros/esp_code) by extension 'cmake'
[0.331s] Level 1:colcon.colcon_core.package_identification:_identify(src/movement/Ros2_change/src/micro_ros/esp_code) by extension 'python'
[0.331s] Level 1:colcon.colcon_core.package_identification:_identify(src/movement/Ros2_change/src/micro_ros/esp_code) by extensions ['python_setup_py']
[0.331s] Level 1:colcon.colcon_core.package_identification:_identify(src/movement/Ros2_change/src/micro_ros/esp_code) by extension 'python_setup_py'
[0.331s] Level 1:colcon.colcon_core.package_identification:_identify(src/movement/Ros2_change/src/micro_ros/esp_code/micro_ros_pub_sub) by extensions ['ignore', 'ignore_ament_install']
[0.331s] Level 1:colcon.colcon_core.package_identification:_identify(src/movement/Ros2_change/src/micro_ros/esp_code/micro_ros_pub_sub) by extension 'ignore'
[0.331s] Level 1:colcon.colcon_core.package_identification:_identify(src/movement/Ros2_change/src/micro_ros/esp_code/micro_ros_pub_sub) by extension 'ignore_ament_install'
[0.331s] Level 1:colcon.colcon_core.package_identification:_identify(src/movement/Ros2_change/src/micro_ros/esp_code/micro_ros_pub_sub) by extensions ['colcon_pkg']
[0.331s] Level 1:colcon.colcon_core.package_identification:_identify(src/movement/Ros2_change/src/micro_ros/esp_code/micro_ros_pub_sub) by extension 'colcon_pkg'
[0.331s] Level 1:colcon.colcon_core.package_identification:_identify(src/movement/Ros2_change/src/micro_ros/esp_code/micro_ros_pub_sub) by extensions ['colcon_meta']
[0.331s] Level 1:colcon.colcon_core.package_identification:_identify(src/movement/Ros2_change/src/micro_ros/esp_code/micro_ros_pub_sub) by extension 'colcon_meta'
[0.331s] Level 1:colcon.colcon_core.package_identification:_identify(src/movement/Ros2_change/src/micro_ros/esp_code/micro_ros_pub_sub) by extensions ['ros']
[0.331s] Level 1:colcon.colcon_core.package_identification:_identify(src/movement/Ros2_change/src/micro_ros/esp_code/micro_ros_pub_sub) by extension 'ros'
[0.331s] Level 1:colcon.colcon_core.package_identification:_identify(src/movement/Ros2_change/src/micro_ros/esp_code/micro_ros_pub_sub) by extensions ['cmake', 'python']
[0.331s] Level 1:colcon.colcon_core.package_identification:_identify(src/movement/Ros2_change/src/micro_ros/esp_code/micro_ros_pub_sub) by extension 'cmake'
[0.331s] Level 1:colcon.colcon_core.package_identification:_identify(src/movement/Ros2_change/src/micro_ros/esp_code/micro_ros_pub_sub) by extension 'python'
[0.331s] Level 1:colcon.colcon_core.package_identification:_identify(src/movement/Ros2_change/src/micro_ros/esp_code/micro_ros_pub_sub) by extensions ['python_setup_py']
[0.332s] Level 1:colcon.colcon_core.package_identification:_identify(src/movement/Ros2_change/src/micro_ros/esp_code/micro_ros_pub_sub) by extension 'python_setup_py'
[0.332s] Level 1:colcon.colcon_core.package_identification:_identify(src/movement/Ros2_change/src/micro_ros/micro_publisher) by extensions ['ignore', 'ignore_ament_install']
[0.332s] Level 1:colcon.colcon_core.package_identification:_identify(src/movement/Ros2_change/src/micro_ros/micro_publisher) by extension 'ignore'
[0.332s] Level 1:colcon.colcon_core.package_identification:_identify(src/movement/Ros2_change/src/micro_ros/micro_publisher) by extension 'ignore_ament_install'
[0.332s] Level 1:colcon.colcon_core.package_identification:_identify(src/movement/Ros2_change/src/micro_ros/micro_publisher) by extensions ['colcon_pkg']
[0.332s] Level 1:colcon.colcon_core.package_identification:_identify(src/movement/Ros2_change/src/micro_ros/micro_publisher) by extension 'colcon_pkg'
[0.332s] Level 1:colcon.colcon_core.package_identification:_identify(src/movement/Ros2_change/src/micro_ros/micro_publisher) by extensions ['colcon_meta']
[0.332s] Level 1:colcon.colcon_core.package_identification:_identify(src/movement/Ros2_change/src/micro_ros/micro_publisher) by extension 'colcon_meta'
[0.332s] Level 1:colcon.colcon_core.package_identification:_identify(src/movement/Ros2_change/src/micro_ros/micro_publisher) by extensions ['ros']
[0.332s] Level 1:colcon.colcon_core.package_identification:_identify(src/movement/Ros2_change/src/micro_ros/micro_publisher) by extension 'ros'
[0.332s] DEBUG:colcon.colcon_core.package_identification:Package 'src/movement/Ros2_change/src/micro_ros/micro_publisher' with type 'ros.ament_python' and name 'micro_publisher'
[0.332s] Level 1:colcon.colcon_core.package_identification:_identify(src/movement/Ros2_change/src/micro_ros/micro_ros_setup) by extensions ['ignore', 'ignore_ament_install']
[0.332s] Level 1:colcon.colcon_core.package_identification:_identify(src/movement/Ros2_change/src/micro_ros/micro_ros_setup) by extension 'ignore'
[0.332s] Level 1:colcon.colcon_core.package_identification:_identify(src/movement/Ros2_change/src/micro_ros/micro_ros_setup) by extension 'ignore_ament_install'
[0.332s] Level 1:colcon.colcon_core.package_identification:_identify(src/movement/Ros2_change/src/micro_ros/micro_ros_setup) by extensions ['colcon_pkg']
[0.332s] Level 1:colcon.colcon_core.package_identification:_identify(src/movement/Ros2_change/src/micro_ros/micro_ros_setup) by extension 'colcon_pkg'
[0.332s] Level 1:colcon.colcon_core.package_identification:_identify(src/movement/Ros2_change/src/micro_ros/micro_ros_setup) by extensions ['colcon_meta']
[0.332s] Level 1:colcon.colcon_core.package_identification:_identify(src/movement/Ros2_change/src/micro_ros/micro_ros_setup) by extension 'colcon_meta'
[0.332s] Level 1:colcon.colcon_core.package_identification:_identify(src/movement/Ros2_change/src/micro_ros/micro_ros_setup) by extensions ['ros']
[0.332s] Level 1:colcon.colcon_core.package_identification:_identify(src/movement/Ros2_change/src/micro_ros/micro_ros_setup) by extension 'ros'
[0.332s] Level 1:colcon.colcon_core.package_identification:_identify(src/movement/Ros2_change/src/micro_ros/micro_ros_setup) by extensions ['cmake', 'python']
[0.332s] Level 1:colcon.colcon_core.package_identification:_identify(src/movement/Ros2_change/src/micro_ros/micro_ros_setup) by extension 'cmake'
[0.332s] Level 1:colcon.colcon_core.package_identification:_identify(src/movement/Ros2_change/src/micro_ros/micro_ros_setup) by extension 'python'
[0.332s] Level 1:colcon.colcon_core.package_identification:_identify(src/movement/Ros2_change/src/micro_ros/micro_ros_setup) by extensions ['python_setup_py']
[0.332s] Level 1:colcon.colcon_core.package_identification:_identify(src/movement/Ros2_change/src/micro_ros/micro_ros_setup) by extension 'python_setup_py'
[0.332s] Level 1:colcon.colcon_core.package_identification:_identify(src/movement/Ros2_change/src/micro_ros/potmessage) by extensions ['ignore', 'ignore_ament_install']
[0.333s] Level 1:colcon.colcon_core.package_identification:_identify(src/movement/Ros2_change/src/micro_ros/potmessage) by extension 'ignore'
[0.333s] Level 1:colcon.colcon_core.package_identification:_identify(src/movement/Ros2_change/src/micro_ros/potmessage) by extension 'ignore_ament_install'
[0.333s] Level 1:colcon.colcon_core.package_identification:_identify(src/movement/Ros2_change/src/micro_ros/potmessage) by extensions ['colcon_pkg']
[0.333s] Level 1:colcon.colcon_core.package_identification:_identify(src/movement/Ros2_change/src/micro_ros/potmessage) by extension 'colcon_pkg'
[0.333s] Level 1:colcon.colcon_core.package_identification:_identify(src/movement/Ros2_change/src/micro_ros/potmessage) by extensions ['colcon_meta']
[0.333s] Level 1:colcon.colcon_core.package_identification:_identify(src/movement/Ros2_change/src/micro_ros/potmessage) by extension 'colcon_meta'
[0.333s] Level 1:colcon.colcon_core.package_identification:_identify(src/movement/Ros2_change/src/micro_ros/potmessage) by extensions ['ros']
[0.333s] Level 1:colcon.colcon_core.package_identification:_identify(src/movement/Ros2_change/src/micro_ros/potmessage) by extension 'ros'
[0.333s] DEBUG:colcon.colcon_core.package_identification:Package 'src/movement/Ros2_change/src/micro_ros/potmessage' with type 'ros.ament_cmake' and name 'potmessage'
[0.333s] Level 1:colcon.colcon_core.package_identification:_identify(src/movement/Ros2_change/src/micro_ros/uros) by extensions ['ignore', 'ignore_ament_install']
[0.333s] Level 1:colcon.colcon_core.package_identification:_identify(src/movement/Ros2_change/src/micro_ros/uros) by extension 'ignore'
[0.333s] Level 1:colcon.colcon_core.package_identification:_identify(src/movement/Ros2_change/src/micro_ros/uros) by extension 'ignore_ament_install'
[0.333s] Level 1:colcon.colcon_core.package_identification:_identify(src/movement/Ros2_change/src/micro_ros/uros) by extensions ['colcon_pkg']
[0.333s] Level 1:colcon.colcon_core.package_identification:_identify(src/movement/Ros2_change/src/micro_ros/uros) by extension 'colcon_pkg'
[0.333s] Level 1:colcon.colcon_core.package_identification:_identify(src/movement/Ros2_change/src/micro_ros/uros) by extensions ['colcon_meta']
[0.333s] Level 1:colcon.colcon_core.package_identification:_identify(src/movement/Ros2_change/src/micro_ros/uros) by extension 'colcon_meta'
[0.333s] Level 1:colcon.colcon_core.package_identification:_identify(src/movement/Ros2_change/src/micro_ros/uros) by extensions ['ros']
[0.333s] Level 1:colcon.colcon_core.package_identification:_identify(src/movement/Ros2_change/src/micro_ros/uros) by extension 'ros'
[0.333s] Level 1:colcon.colcon_core.package_identification:_identify(src/movement/Ros2_change/src/micro_ros/uros) by extensions ['cmake', 'python']
[0.333s] Level 1:colcon.colcon_core.package_identification:_identify(src/movement/Ros2_change/src/micro_ros/uros) by extension 'cmake'
[0.333s] Level 1:colcon.colcon_core.package_identification:_identify(src/movement/Ros2_change/src/micro_ros/uros) by extension 'python'
[0.333s] Level 1:colcon.colcon_core.package_identification:_identify(src/movement/Ros2_change/src/micro_ros/uros) by extensions ['python_setup_py']
[0.333s] Level 1:colcon.colcon_core.package_identification:_identify(src/movement/Ros2_change/src/micro_ros/uros) by extension 'python_setup_py'
[0.333s] Level 1:colcon.colcon_core.package_identification:_identify(src/movement/Ros2_change/src/micro_ros/uros/micro-ROS-Agent) by extensions ['ignore', 'ignore_ament_install']
[0.334s] Level 1:colcon.colcon_core.package_identification:_identify(src/movement/Ros2_change/src/micro_ros/uros/micro-ROS-Agent) by extension 'ignore'
[0.334s] Level 1:colcon.colcon_core.package_identification:_identify(src/movement/Ros2_change/src/micro_ros/uros/micro-ROS-Agent) by extension 'ignore_ament_install'
[0.334s] Level 1:colcon.colcon_core.package_identification:_identify(src/movement/Ros2_change/src/micro_ros/uros/micro-ROS-Agent) by extensions ['colcon_pkg']
[0.334s] Level 1:colcon.colcon_core.package_identification:_identify(src/movement/Ros2_change/src/micro_ros/uros/micro-ROS-Agent) by extension 'colcon_pkg'
[0.334s] Level 1:colcon.colcon_core.package_identification:_identify(src/movement/Ros2_change/src/micro_ros/uros/micro-ROS-Agent) by extensions ['colcon_meta']
[0.334s] Level 1:colcon.colcon_core.package_identification:_identify(src/movement/Ros2_change/src/micro_ros/uros/micro-ROS-Agent) by extension 'colcon_meta'
[0.334s] Level 1:colcon.colcon_core.package_identification:_identify(src/movement/Ros2_change/src/micro_ros/uros/micro-ROS-Agent) by extensions ['ros']
[0.334s] Level 1:colcon.colcon_core.package_identification:_identify(src/movement/Ros2_change/src/micro_ros/uros/micro-ROS-Agent) by extension 'ros'
[0.334s] Level 1:colcon.colcon_core.package_identification:_identify(src/movement/Ros2_change/src/micro_ros/uros/micro-ROS-Agent) by extensions ['cmake', 'python']
[0.334s] Level 1:colcon.colcon_core.package_identification:_identify(src/movement/Ros2_change/src/micro_ros/uros/micro-ROS-Agent) by extension 'cmake'
[0.334s] Level 1:colcon.colcon_core.package_identification:_identify(src/movement/Ros2_change/src/micro_ros/uros/micro-ROS-Agent) by extension 'python'
[0.334s] Level 1:colcon.colcon_core.package_identification:_identify(src/movement/Ros2_change/src/micro_ros/uros/micro-ROS-Agent) by extensions ['python_setup_py']
[0.334s] Level 1:colcon.colcon_core.package_identification:_identify(src/movement/Ros2_change/src/micro_ros/uros/micro-ROS-Agent) by extension 'python_setup_py'
[0.334s] Level 1:colcon.colcon_core.package_identification:_identify(src/movement/Ros2_change/src/micro_ros/uros/micro-ROS-Agent/micro_ros_agent) by extensions ['ignore', 'ignore_ament_install']
[0.334s] Level 1:colcon.colcon_core.package_identification:_identify(src/movement/Ros2_change/src/micro_ros/uros/micro-ROS-Agent/micro_ros_agent) by extension 'ignore'
[0.334s] Level 1:colcon.colcon_core.package_identification:_identify(src/movement/Ros2_change/src/micro_ros/uros/micro-ROS-Agent/micro_ros_agent) by extension 'ignore_ament_install'
[0.334s] Level 1:colcon.colcon_core.package_identification:_identify(src/movement/Ros2_change/src/micro_ros/uros/micro-ROS-Agent/micro_ros_agent) by extensions ['colcon_pkg']
[0.334s] Level 1:colcon.colcon_core.package_identification:_identify(src/movement/Ros2_change/src/micro_ros/uros/micro-ROS-Agent/micro_ros_agent) by extension 'colcon_pkg'
[0.334s] Level 1:colcon.colcon_core.package_identification:_identify(src/movement/Ros2_change/src/micro_ros/uros/micro-ROS-Agent/micro_ros_agent) by extensions ['colcon_meta']
[0.334s] Level 1:colcon.colcon_core.package_identification:_identify(src/movement/Ros2_change/src/micro_ros/uros/micro-ROS-Agent/micro_ros_agent) by extension 'colcon_meta'
[0.334s] Level 1:colcon.colcon_core.package_identification:_identify(src/movement/Ros2_change/src/micro_ros/uros/micro-ROS-Agent/micro_ros_agent) by extensions ['ros']
[0.334s] Level 1:colcon.colcon_core.package_identification:_identify(src/movement/Ros2_change/src/micro_ros/uros/micro-ROS-Agent/micro_ros_agent) by extension 'ros'
[0.335s] DEBUG:colcon.colcon_core.package_identification:Package 'src/movement/Ros2_change/src/micro_ros/uros/micro-ROS-Agent/micro_ros_agent' with type 'ros.ament_cmake' and name 'micro_ros_agent'
[0.335s] Level 1:colcon.colcon_core.package_identification:_identify(src/movement/Ros2_change/src/micro_ros/uros/micro-ROS-Agent/snap) by extensions ['ignore', 'ignore_ament_install']
[0.335s] Level 1:colcon.colcon_core.package_identification:_identify(src/movement/Ros2_change/src/micro_ros/uros/micro-ROS-Agent/snap) by extension 'ignore'
[0.335s] Level 1:colcon.colcon_core.package_identification:_identify(src/movement/Ros2_change/src/micro_ros/uros/micro-ROS-Agent/snap) by extension 'ignore_ament_install'
[0.335s] Level 1:colcon.colcon_core.package_identification:_identify(src/movement/Ros2_change/src/micro_ros/uros/micro-ROS-Agent/snap) by extensions ['colcon_pkg']
[0.335s] Level 1:colcon.colcon_core.package_identification:_identify(src/movement/Ros2_change/src/micro_ros/uros/micro-ROS-Agent/snap) by extension 'colcon_pkg'
[0.335s] Level 1:colcon.colcon_core.package_identification:_identify(src/movement/Ros2_change/src/micro_ros/uros/micro-ROS-Agent/snap) by extensions ['colcon_meta']
[0.335s] Level 1:colcon.colcon_core.package_identification:_identify(src/movement/Ros2_change/src/micro_ros/uros/micro-ROS-Agent/snap) by extension 'colcon_meta'
[0.335s] Level 1:colcon.colcon_core.package_identification:_identify(src/movement/Ros2_change/src/micro_ros/uros/micro-ROS-Agent/snap) by extensions ['ros']
[0.335s] Level 1:colcon.colcon_core.package_identification:_identify(src/movement/Ros2_change/src/micro_ros/uros/micro-ROS-Agent/snap) by extension 'ros'
[0.335s] Level 1:colcon.colcon_core.package_identification:_identify(src/movement/Ros2_change/src/micro_ros/uros/micro-ROS-Agent/snap) by extensions ['cmake', 'python']
[0.335s] Level 1:colcon.colcon_core.package_identification:_identify(src/movement/Ros2_change/src/micro_ros/uros/micro-ROS-Agent/snap) by extension 'cmake'
[0.335s] Level 1:colcon.colcon_core.package_identification:_identify(src/movement/Ros2_change/src/micro_ros/uros/micro-ROS-Agent/snap) by extension 'python'
[0.335s] Level 1:colcon.colcon_core.package_identification:_identify(src/movement/Ros2_change/src/micro_ros/uros/micro-ROS-Agent/snap) by extensions ['python_setup_py']
[0.335s] Level 1:colcon.colcon_core.package_identification:_identify(src/movement/Ros2_change/src/micro_ros/uros/micro-ROS-Agent/snap) by extension 'python_setup_py'
[0.335s] Level 1:colcon.colcon_core.package_identification:_identify(src/movement/Ros2_change/src/micro_ros/uros/micro-ROS-Agent/snap/hooks) by extensions ['ignore', 'ignore_ament_install']
[0.335s] Level 1:colcon.colcon_core.package_identification:_identify(src/movement/Ros2_change/src/micro_ros/uros/micro-ROS-Agent/snap/hooks) by extension 'ignore'
[0.335s] Level 1:colcon.colcon_core.package_identification:_identify(src/movement/Ros2_change/src/micro_ros/uros/micro-ROS-Agent/snap/hooks) by extension 'ignore_ament_install'
[0.335s] Level 1:colcon.colcon_core.package_identification:_identify(src/movement/Ros2_change/src/micro_ros/uros/micro-ROS-Agent/snap/hooks) by extensions ['colcon_pkg']
[0.335s] Level 1:colcon.colcon_core.package_identification:_identify(src/movement/Ros2_change/src/micro_ros/uros/micro-ROS-Agent/snap/hooks) by extension 'colcon_pkg'
[0.335s] Level 1:colcon.colcon_core.package_identification:_identify(src/movement/Ros2_change/src/micro_ros/uros/micro-ROS-Agent/snap/hooks) by extensions ['colcon_meta']
[0.335s] Level 1:colcon.colcon_core.package_identification:_identify(src/movement/Ros2_change/src/micro_ros/uros/micro-ROS-Agent/snap/hooks) by extension 'colcon_meta'
[0.335s] Level 1:colcon.colcon_core.package_identification:_identify(src/movement/Ros2_change/src/micro_ros/uros/micro-ROS-Agent/snap/hooks) by extensions ['ros']
[0.335s] Level 1:colcon.colcon_core.package_identification:_identify(src/movement/Ros2_change/src/micro_ros/uros/micro-ROS-Agent/snap/hooks) by extension 'ros'
[0.335s] Level 1:colcon.colcon_core.package_identification:_identify(src/movement/Ros2_change/src/micro_ros/uros/micro-ROS-Agent/snap/hooks) by extensions ['cmake', 'python']
[0.335s] Level 1:colcon.colcon_core.package_identification:_identify(src/movement/Ros2_change/src/micro_ros/uros/micro-ROS-Agent/snap/hooks) by extension 'cmake'
[0.335s] Level 1:colcon.colcon_core.package_identification:_identify(src/movement/Ros2_change/src/micro_ros/uros/micro-ROS-Agent/snap/hooks) by extension 'python'
[0.335s] Level 1:colcon.colcon_core.package_identification:_identify(src/movement/Ros2_change/src/micro_ros/uros/micro-ROS-Agent/snap/hooks) by extensions ['python_setup_py']
[0.335s] Level 1:colcon.colcon_core.package_identification:_identify(src/movement/Ros2_change/src/micro_ros/uros/micro-ROS-Agent/snap/hooks) by extension 'python_setup_py'
[0.335s] Level 1:colcon.colcon_core.package_identification:_identify(src/movement/Ros2_change/src/micro_ros/uros/micro-ROS-Agent/snap/local) by extensions ['ignore', 'ignore_ament_install']
[0.335s] Level 1:colcon.colcon_core.package_identification:_identify(src/movement/Ros2_change/src/micro_ros/uros/micro-ROS-Agent/snap/local) by extension 'ignore'
[0.335s] Level 1:colcon.colcon_core.package_identification:_identify(src/movement/Ros2_change/src/micro_ros/uros/micro-ROS-Agent/snap/local) by extension 'ignore_ament_install'
[0.335s] Level 1:colcon.colcon_core.package_identification:_identify(src/movement/Ros2_change/src/micro_ros/uros/micro-ROS-Agent/snap/local) by extensions ['colcon_pkg']
[0.336s] Level 1:colcon.colcon_core.package_identification:_identify(src/movement/Ros2_change/src/micro_ros/uros/micro-ROS-Agent/snap/local) by extension 'colcon_pkg'
[0.336s] Level 1:colcon.colcon_core.package_identification:_identify(src/movement/Ros2_change/src/micro_ros/uros/micro-ROS-Agent/snap/local) by extensions ['colcon_meta']
[0.336s] Level 1:colcon.colcon_core.package_identification:_identify(src/movement/Ros2_change/src/micro_ros/uros/micro-ROS-Agent/snap/local) by extension 'colcon_meta'
[0.336s] Level 1:colcon.colcon_core.package_identification:_identify(src/movement/Ros2_change/src/micro_ros/uros/micro-ROS-Agent/snap/local) by extensions ['ros']
[0.336s] Level 1:colcon.colcon_core.package_identification:_identify(src/movement/Ros2_change/src/micro_ros/uros/micro-ROS-Agent/snap/local) by extension 'ros'
[0.336s] Level 1:colcon.colcon_core.package_identification:_identify(src/movement/Ros2_change/src/micro_ros/uros/micro-ROS-Agent/snap/local) by extensions ['cmake', 'python']
[0.336s] Level 1:colcon.colcon_core.package_identification:_identify(src/movement/Ros2_change/src/micro_ros/uros/micro-ROS-Agent/snap/local) by extension 'cmake'
[0.336s] Level 1:colcon.colcon_core.package_identification:_identify(src/movement/Ros2_change/src/micro_ros/uros/micro-ROS-Agent/snap/local) by extension 'python'
[0.336s] Level 1:colcon.colcon_core.package_identification:_identify(src/movement/Ros2_change/src/micro_ros/uros/micro-ROS-Agent/snap/local) by extensions ['python_setup_py']
[0.336s] Level 1:colcon.colcon_core.package_identification:_identify(src/movement/Ros2_change/src/micro_ros/uros/micro-ROS-Agent/snap/local) by extension 'python_setup_py'
[0.336s] Level 1:colcon.colcon_core.package_identification:_identify(src/movement/Ros2_change/src/micro_ros/uros/micro_ros_msgs) by extensions ['ignore', 'ignore_ament_install']
[0.336s] Level 1:colcon.colcon_core.package_identification:_identify(src/movement/Ros2_change/src/micro_ros/uros/micro_ros_msgs) by extension 'ignore'
[0.336s] Level 1:colcon.colcon_core.package_identification:_identify(src/movement/Ros2_change/src/micro_ros/uros/micro_ros_msgs) by extension 'ignore_ament_install'
[0.336s] Level 1:colcon.colcon_core.package_identification:_identify(src/movement/Ros2_change/src/micro_ros/uros/micro_ros_msgs) by extensions ['colcon_pkg']
[0.336s] Level 1:colcon.colcon_core.package_identification:_identify(src/movement/Ros2_change/src/micro_ros/uros/micro_ros_msgs) by extension 'colcon_pkg'
[0.336s] Level 1:colcon.colcon_core.package_identification:_identify(src/movement/Ros2_change/src/micro_ros/uros/micro_ros_msgs) by extensions ['colcon_meta']
[0.336s] Level 1:colcon.colcon_core.package_identification:_identify(src/movement/Ros2_change/src/micro_ros/uros/micro_ros_msgs) by extension 'colcon_meta'
[0.336s] Level 1:colcon.colcon_core.package_identification:_identify(src/movement/Ros2_change/src/micro_ros/uros/micro_ros_msgs) by extensions ['ros']
[0.336s] Level 1:colcon.colcon_core.package_identification:_identify(src/movement/Ros2_change/src/micro_ros/uros/micro_ros_msgs) by extension 'ros'
[0.336s] DEBUG:colcon.colcon_core.package_identification:Package 'src/movement/Ros2_change/src/micro_ros/uros/micro_ros_msgs' with type 'ros.ament_cmake' and name 'micro_ros_msgs'
[0.336s] Level 1:colcon.colcon_core.package_identification:_identify(src/movement/Ros2_change/src/movement_core) by extensions ['ignore', 'ignore_ament_install']
[0.336s] Level 1:colcon.colcon_core.package_identification:_identify(src/movement/Ros2_change/src/movement_core) by extension 'ignore'
[0.336s] Level 1:colcon.colcon_core.package_identification:_identify(src/movement/Ros2_change/src/movement_core) by extension 'ignore_ament_install'
[0.337s] Level 1:colcon.colcon_core.package_identification:_identify(src/movement/Ros2_change/src/movement_core) by extensions ['colcon_pkg']
[0.337s] Level 1:colcon.colcon_core.package_identification:_identify(src/movement/Ros2_change/src/movement_core) by extension 'colcon_pkg'
[0.337s] Level 1:colcon.colcon_core.package_identification:_identify(src/movement/Ros2_change/src/movement_core) by extensions ['colcon_meta']
[0.337s] Level 1:colcon.colcon_core.package_identification:_identify(src/movement/Ros2_change/src/movement_core) by extension 'colcon_meta'
[0.337s] Level 1:colcon.colcon_core.package_identification:_identify(src/movement/Ros2_change/src/movement_core) by extensions ['ros']
[0.337s] Level 1:colcon.colcon_core.package_identification:_identify(src/movement/Ros2_change/src/movement_core) by extension 'ros'
[0.337s] DEBUG:colcon.colcon_core.package_identification:Package 'src/movement/Ros2_change/src/movement_core' with type 'ros.ament_python' and name 'movement_core'
[0.337s] Level 1:colcon.colcon_core.package_identification:_identify(src/movement/Ros2_change/src/movement_functions) by extensions ['ignore', 'ignore_ament_install']
[0.337s] Level 1:colcon.colcon_core.package_identification:_identify(src/movement/Ros2_change/src/movement_functions) by extension 'ignore'
[0.337s] Level 1:colcon.colcon_core.package_identification:_identify(src/movement/Ros2_change/src/movement_functions) by extension 'ignore_ament_install'
[0.337s] Level 1:colcon.colcon_core.package_identification:_identify(src/movement/Ros2_change/src/movement_functions) by extensions ['colcon_pkg']
[0.337s] Level 1:colcon.colcon_core.package_identification:_identify(src/movement/Ros2_change/src/movement_functions) by extension 'colcon_pkg'
[0.337s] Level 1:colcon.colcon_core.package_identification:_identify(src/movement/Ros2_change/src/movement_functions) by extensions ['colcon_meta']
[0.337s] Level 1:colcon.colcon_core.package_identification:_identify(src/movement/Ros2_change/src/movement_functions) by extension 'colcon_meta'
[0.337s] Level 1:colcon.colcon_core.package_identification:_identify(src/movement/Ros2_change/src/movement_functions) by extensions ['ros']
[0.337s] Level 1:colcon.colcon_core.package_identification:_identify(src/movement/Ros2_change/src/movement_functions) by extension 'ros'
[0.338s] DEBUG:colcon.colcon_core.package_identification:Package 'src/movement/Ros2_change/src/movement_functions' with type 'ros.ament_python' and name 'movement_functions'
[0.338s] Level 1:colcon.colcon_core.package_identification:_identify(src/movement/Ros2_change/src/movement_pages) by extensions ['ignore', 'ignore_ament_install']
[0.338s] Level 1:colcon.colcon_core.package_identification:_identify(src/movement/Ros2_change/src/movement_pages) by extension 'ignore'
[0.338s] Level 1:colcon.colcon_core.package_identification:_identify(src/movement/Ros2_change/src/movement_pages) by extension 'ignore_ament_install'
[0.338s] Level 1:colcon.colcon_core.package_identification:_identify(src/movement/Ros2_change/src/movement_pages) by extensions ['colcon_pkg']
[0.338s] Level 1:colcon.colcon_core.package_identification:_identify(src/movement/Ros2_change/src/movement_pages) by extension 'colcon_pkg'
[0.338s] Level 1:colcon.colcon_core.package_identification:_identify(src/movement/Ros2_change/src/movement_pages) by extensions ['colcon_meta']
[0.338s] Level 1:colcon.colcon_core.package_identification:_identify(src/movement/Ros2_change/src/movement_pages) by extension 'colcon_meta'
[0.338s] Level 1:colcon.colcon_core.package_identification:_identify(src/movement/Ros2_change/src/movement_pages) by extensions ['ros']
[0.338s] Level 1:colcon.colcon_core.package_identification:_identify(src/movement/Ros2_change/src/movement_pages) by extension 'ros'
[0.338s] DEBUG:colcon.colcon_core.package_identification:Package 'src/movement/Ros2_change/src/movement_pages' with type 'ros.ament_python' and name 'movement_pages'
[0.338s] Level 1:colcon.colcon_core.package_identification:_identify(src/movement/Ros2_change/src/movement_utils) by extensions ['ignore', 'ignore_ament_install']
[0.338s] Level 1:colcon.colcon_core.package_identification:_identify(src/movement/Ros2_change/src/movement_utils) by extension 'ignore'
[0.339s] Level 1:colcon.colcon_core.package_identification:_identify(src/movement/Ros2_change/src/movement_utils) by extension 'ignore_ament_install'
[0.339s] Level 1:colcon.colcon_core.package_identification:_identify(src/movement/Ros2_change/src/movement_utils) by extensions ['colcon_pkg']
[0.339s] Level 1:colcon.colcon_core.package_identification:_identify(src/movement/Ros2_change/src/movement_utils) by extension 'colcon_pkg'
[0.339s] Level 1:colcon.colcon_core.package_identification:_identify(src/movement/Ros2_change/src/movement_utils) by extensions ['colcon_meta']
[0.339s] Level 1:colcon.colcon_core.package_identification:_identify(src/movement/Ros2_change/src/movement_utils) by extension 'colcon_meta'
[0.339s] Level 1:colcon.colcon_core.package_identification:_identify(src/movement/Ros2_change/src/movement_utils) by extensions ['ros']
[0.339s] Level 1:colcon.colcon_core.package_identification:_identify(src/movement/Ros2_change/src/movement_utils) by extension 'ros'
[0.339s] DEBUG:colcon.colcon_core.package_identification:Package 'src/movement/Ros2_change/src/movement_utils' with type 'ros.ament_cmake' and name 'movement_utils'
[0.339s] Level 1:colcon.colcon_core.package_identification:_identify(src/movement/Ros2_change/src/u2d2_comm) by extensions ['ignore', 'ignore_ament_install']
[0.339s] Level 1:colcon.colcon_core.package_identification:_identify(src/movement/Ros2_change/src/u2d2_comm) by extension 'ignore'
[0.339s] Level 1:colcon.colcon_core.package_identification:_identify(src/movement/Ros2_change/src/u2d2_comm) by extension 'ignore_ament_install'
[0.339s] Level 1:colcon.colcon_core.package_identification:_identify(src/movement/Ros2_change/src/u2d2_comm) by extensions ['colcon_pkg']
[0.339s] Level 1:colcon.colcon_core.package_identification:_identify(src/movement/Ros2_change/src/u2d2_comm) by extension 'colcon_pkg'
[0.339s] Level 1:colcon.colcon_core.package_identification:_identify(src/movement/Ros2_change/src/u2d2_comm) by extensions ['colcon_meta']
[0.339s] Level 1:colcon.colcon_core.package_identification:_identify(src/movement/Ros2_change/src/u2d2_comm) by extension 'colcon_meta'
[0.339s] Level 1:colcon.colcon_core.package_identification:_identify(src/movement/Ros2_change/src/u2d2_comm) by extensions ['ros']
[0.339s] Level 1:colcon.colcon_core.package_identification:_identify(src/movement/Ros2_change/src/u2d2_comm) by extension 'ros'
[0.340s] DEBUG:colcon.colcon_core.package_identification:Package 'src/movement/Ros2_change/src/u2d2_comm' with type 'ros.ament_python' and name 'u2d2_comm'
[0.340s] Level 1:colcon.colcon_core.package_identification:_identify(src/movement/Ros2_change/src/urdf_example) by extensions ['ignore', 'ignore_ament_install']
[0.340s] Level 1:colcon.colcon_core.package_identification:_identify(src/movement/Ros2_change/src/urdf_example) by extension 'ignore'
[0.340s] Level 1:colcon.colcon_core.package_identification:_identify(src/movement/Ros2_change/src/urdf_example) by extension 'ignore_ament_install'
[0.340s] Level 1:colcon.colcon_core.package_identification:_identify(src/movement/Ros2_change/src/urdf_example) by extensions ['colcon_pkg']
[0.340s] Level 1:colcon.colcon_core.package_identification:_identify(src/movement/Ros2_change/src/urdf_example) by extension 'colcon_pkg'
[0.340s] Level 1:colcon.colcon_core.package_identification:_identify(src/movement/Ros2_change/src/urdf_example) by extensions ['colcon_meta']
[0.340s] Level 1:colcon.colcon_core.package_identification:_identify(src/movement/Ros2_change/src/urdf_example) by extension 'colcon_meta'
[0.340s] Level 1:colcon.colcon_core.package_identification:_identify(src/movement/Ros2_change/src/urdf_example) by extensions ['ros']
[0.340s] Level 1:colcon.colcon_core.package_identification:_identify(src/movement/Ros2_change/src/urdf_example) by extension 'ros'
[0.340s] DEBUG:colcon.colcon_core.package_identification:Package 'src/movement/Ros2_change/src/urdf_example' with type 'ros.ament_cmake' and name 'urdf_example'
[0.340s] Level 1:colcon.colcon_core.package_identification:_identify(src/movement/Ros2_change/src/urdf_robox) by extensions ['ignore', 'ignore_ament_install']
[0.340s] Level 1:colcon.colcon_core.package_identification:_identify(src/movement/Ros2_change/src/urdf_robox) by extension 'ignore'
[0.340s] Level 1:colcon.colcon_core.package_identification:_identify(src/movement/Ros2_change/src/urdf_robox) by extension 'ignore_ament_install'
[0.340s] Level 1:colcon.colcon_core.package_identification:_identify(src/movement/Ros2_change/src/urdf_robox) by extensions ['colcon_pkg']
[0.340s] Level 1:colcon.colcon_core.package_identification:_identify(src/movement/Ros2_change/src/urdf_robox) by extension 'colcon_pkg'
[0.340s] Level 1:colcon.colcon_core.package_identification:_identify(src/movement/Ros2_change/src/urdf_robox) by extensions ['colcon_meta']
[0.340s] Level 1:colcon.colcon_core.package_identification:_identify(src/movement/Ros2_change/src/urdf_robox) by extension 'colcon_meta'
[0.340s] Level 1:colcon.colcon_core.package_identification:_identify(src/movement/Ros2_change/src/urdf_robox) by extensions ['ros']
[0.341s] Level 1:colcon.colcon_core.package_identification:_identify(src/movement/Ros2_change/src/urdf_robox) by extension 'ros'
[0.341s] DEBUG:colcon.colcon_core.package_identification:Package 'src/movement/Ros2_change/src/urdf_robox' with type 'ros.ament_cmake' and name 'urdf_robox'
[0.341s] Level 1:colcon.colcon_core.package_identification:_identify(src/movement/espcode) by extensions ['ignore', 'ignore_ament_install']
[0.341s] Level 1:colcon.colcon_core.package_identification:_identify(src/movement/espcode) by extension 'ignore'
[0.341s] Level 1:colcon.colcon_core.package_identification:_identify(src/movement/espcode) by extension 'ignore_ament_install'
[0.341s] Level 1:colcon.colcon_core.package_identification:_identify(src/movement/espcode) by extensions ['colcon_pkg']
[0.341s] Level 1:colcon.colcon_core.package_identification:_identify(src/movement/espcode) by extension 'colcon_pkg'
[0.341s] Level 1:colcon.colcon_core.package_identification:_identify(src/movement/espcode) by extensions ['colcon_meta']
[0.341s] Level 1:colcon.colcon_core.package_identification:_identify(src/movement/espcode) by extension 'colcon_meta'
[0.341s] Level 1:colcon.colcon_core.package_identification:_identify(src/movement/espcode) by extensions ['ros']
[0.341s] Level 1:colcon.colcon_core.package_identification:_identify(src/movement/espcode) by extension 'ros'
[0.341s] Level 1:colcon.colcon_core.package_identification:_identify(src/movement/espcode) by extensions ['cmake', 'python']
[0.341s] Level 1:colcon.colcon_core.package_identification:_identify(src/movement/espcode) by extension 'cmake'
[0.341s] Level 1:colcon.colcon_core.package_identification:_identify(src/movement/espcode) by extension 'python'
[0.341s] Level 1:colcon.colcon_core.package_identification:_identify(src/movement/espcode) by extensions ['python_setup_py']
[0.341s] Level 1:colcon.colcon_core.package_identification:_identify(src/movement/espcode) by extension 'python_setup_py'
[0.341s] Level 1:colcon.colcon_core.package_identification:_identify(src/movement/espcode/mux) by extensions ['ignore', 'ignore_ament_install']
[0.341s] Level 1:colcon.colcon_core.package_identification:_identify(src/movement/espcode/mux) by extension 'ignore'
[0.341s] Level 1:colcon.colcon_core.package_identification:_identify(src/movement/espcode/mux) by extension 'ignore_ament_install'
[0.341s] Level 1:colcon.colcon_core.package_identification:_identify(src/movement/espcode/mux) by extensions ['colcon_pkg']
[0.341s] Level 1:colcon.colcon_core.package_identification:_identify(src/movement/espcode/mux) by extension 'colcon_pkg'
[0.341s] Level 1:colcon.colcon_core.package_identification:_identify(src/movement/espcode/mux) by extensions ['colcon_meta']
[0.341s] Level 1:colcon.colcon_core.package_identification:_identify(src/movement/espcode/mux) by extension 'colcon_meta'
[0.341s] Level 1:colcon.colcon_core.package_identification:_identify(src/movement/espcode/mux) by extensions ['ros']
[0.341s] Level 1:colcon.colcon_core.package_identification:_identify(src/movement/espcode/mux) by extension 'ros'
[0.341s] Level 1:colcon.colcon_core.package_identification:_identify(src/movement/espcode/mux) by extensions ['cmake', 'python']
[0.341s] Level 1:colcon.colcon_core.package_identification:_identify(src/movement/espcode/mux) by extension 'cmake'
[0.342s] Level 1:colcon.colcon_core.package_identification:_identify(src/movement/espcode/mux) by extension 'python'
[0.342s] Level 1:colcon.colcon_core.package_identification:_identify(src/movement/espcode/mux) by extensions ['python_setup_py']
[0.342s] Level 1:colcon.colcon_core.package_identification:_identify(src/movement/espcode/mux) by extension 'python_setup_py'
[0.342s] Level 1:colcon.colcon_core.package_identification:_identify(src/movement/humanoid_definition) by extensions ['ignore', 'ignore_ament_install']
[0.342s] Level 1:colcon.colcon_core.package_identification:_identify(src/movement/humanoid_definition) by extension 'ignore'
[0.342s] Level 1:colcon.colcon_core.package_identification:_identify(src/movement/humanoid_definition) by extension 'ignore_ament_install'
[0.342s] Level 1:colcon.colcon_core.package_identification:_identify(src/movement/humanoid_definition) by extensions ['colcon_pkg']
[0.342s] Level 1:colcon.colcon_core.package_identification:_identify(src/movement/humanoid_definition) by extension 'colcon_pkg'
[0.342s] Level 1:colcon.colcon_core.package_identification:_identify(src/movement/humanoid_definition) by extensions ['colcon_meta']
[0.342s] Level 1:colcon.colcon_core.package_identification:_identify(src/movement/humanoid_definition) by extension 'colcon_meta'
[0.342s] Level 1:colcon.colcon_core.package_identification:_identify(src/movement/humanoid_definition) by extensions ['ros']
[0.342s] Level 1:colcon.colcon_core.package_identification:_identify(src/movement/humanoid_definition) by extension 'ros'
[0.342s] DEBUG:colcon.colcon_core.package_identification:Package 'src/movement/humanoid_definition' with type 'ros.catkin' and name 'humanoid_definition'
[0.342s] Level 1:colcon.colcon_core.package_identification:_identify(src/movement/humanoid_visualization) by extensions ['ignore', 'ignore_ament_install']
[0.342s] Level 1:colcon.colcon_core.package_identification:_identify(src/movement/humanoid_visualization) by extension 'ignore'
[0.342s] Level 1:colcon.colcon_core.package_identification:_identify(src/movement/humanoid_visualization) by extension 'ignore_ament_install'
[0.342s] Level 1:colcon.colcon_core.package_identification:_identify(src/movement/humanoid_visualization) by extensions ['colcon_pkg']
[0.342s] Level 1:colcon.colcon_core.package_identification:_identify(src/movement/humanoid_visualization) by extension 'colcon_pkg'
[0.342s] Level 1:colcon.colcon_core.package_identification:_identify(src/movement/humanoid_visualization) by extensions ['colcon_meta']
[0.342s] Level 1:colcon.colcon_core.package_identification:_identify(src/movement/humanoid_visualization) by extension 'colcon_meta'
[0.342s] Level 1:colcon.colcon_core.package_identification:_identify(src/movement/humanoid_visualization) by extensions ['ros']
[0.342s] Level 1:colcon.colcon_core.package_identification:_identify(src/movement/humanoid_visualization) by extension 'ros'
[0.343s] DEBUG:colcon.colcon_core.package_identification:Package 'src/movement/humanoid_visualization' with type 'ros.catkin' and name 'humanoid_visualization'
[0.343s] Level 1:colcon.colcon_core.package_identification:_identify(src/movement/kinematic_functions) by extensions ['ignore', 'ignore_ament_install']
[0.343s] Level 1:colcon.colcon_core.package_identification:_identify(src/movement/kinematic_functions) by extension 'ignore'
[0.343s] Level 1:colcon.colcon_core.package_identification:_identify(src/movement/kinematic_functions) by extension 'ignore_ament_install'
[0.343s] Level 1:colcon.colcon_core.package_identification:_identify(src/movement/kinematic_functions) by extensions ['colcon_pkg']
[0.343s] Level 1:colcon.colcon_core.package_identification:_identify(src/movement/kinematic_functions) by extension 'colcon_pkg'
[0.343s] Level 1:colcon.colcon_core.package_identification:_identify(src/movement/kinematic_functions) by extensions ['colcon_meta']
[0.343s] Level 1:colcon.colcon_core.package_identification:_identify(src/movement/kinematic_functions) by extension 'colcon_meta'
[0.343s] Level 1:colcon.colcon_core.package_identification:_identify(src/movement/kinematic_functions) by extensions ['ros']
[0.343s] Level 1:colcon.colcon_core.package_identification:_identify(src/movement/kinematic_functions) by extension 'ros'
[0.344s] DEBUG:colcon.colcon_core.package_identification:Package 'src/movement/kinematic_functions' with type 'ros.catkin' and name 'kinematic_functions'
[0.344s] Level 1:colcon.colcon_core.package_identification:_identify(src/movement/matlab_codes) by extensions ['ignore', 'ignore_ament_install']
[0.344s] Level 1:colcon.colcon_core.package_identification:_identify(src/movement/matlab_codes) by extension 'ignore'
[0.344s] Level 1:colcon.colcon_core.package_identification:_identify(src/movement/matlab_codes) by extension 'ignore_ament_install'
[0.344s] Level 1:colcon.colcon_core.package_identification:_identify(src/movement/matlab_codes) by extensions ['colcon_pkg']
[0.344s] Level 1:colcon.colcon_core.package_identification:_identify(src/movement/matlab_codes) by extension 'colcon_pkg'
[0.344s] Level 1:colcon.colcon_core.package_identification:_identify(src/movement/matlab_codes) by extensions ['colcon_meta']
[0.344s] Level 1:colcon.colcon_core.package_identification:_identify(src/movement/matlab_codes) by extension 'colcon_meta'
[0.344s] Level 1:colcon.colcon_core.package_identification:_identify(src/movement/matlab_codes) by extensions ['ros']
[0.344s] Level 1:colcon.colcon_core.package_identification:_identify(src/movement/matlab_codes) by extension 'ros'
[0.344s] Level 1:colcon.colcon_core.package_identification:_identify(src/movement/matlab_codes) by extensions ['cmake', 'python']
[0.344s] Level 1:colcon.colcon_core.package_identification:_identify(src/movement/matlab_codes) by extension 'cmake'
[0.344s] Level 1:colcon.colcon_core.package_identification:_identify(src/movement/matlab_codes) by extension 'python'
[0.344s] Level 1:colcon.colcon_core.package_identification:_identify(src/movement/matlab_codes) by extensions ['python_setup_py']
[0.344s] Level 1:colcon.colcon_core.package_identification:_identify(src/movement/matlab_codes) by extension 'python_setup_py'
[0.344s] Level 1:colcon.colcon_core.package_identification:_identify(src/movement/movement_core) by extensions ['ignore', 'ignore_ament_install']
[0.344s] Level 1:colcon.colcon_core.package_identification:_identify(src/movement/movement_core) by extension 'ignore'
[0.344s] Level 1:colcon.colcon_core.package_identification:_identify(src/movement/movement_core) by extension 'ignore_ament_install'
[0.344s] Level 1:colcon.colcon_core.package_identification:_identify(src/movement/movement_core) by extensions ['colcon_pkg']
[0.344s] Level 1:colcon.colcon_core.package_identification:_identify(src/movement/movement_core) by extension 'colcon_pkg'
[0.344s] Level 1:colcon.colcon_core.package_identification:_identify(src/movement/movement_core) by extensions ['colcon_meta']
[0.344s] Level 1:colcon.colcon_core.package_identification:_identify(src/movement/movement_core) by extension 'colcon_meta'
[0.344s] Level 1:colcon.colcon_core.package_identification:_identify(src/movement/movement_core) by extensions ['ros']
[0.344s] Level 1:colcon.colcon_core.package_identification:_identify(src/movement/movement_core) by extension 'ros'
[0.345s] DEBUG:colcon.colcon_core.package_identification:Package 'src/movement/movement_core' with type 'ros.catkin' and name 'movement_core'
[0.345s] Level 1:colcon.colcon_core.package_identification:_identify(src/movement/movement_functions) by extensions ['ignore', 'ignore_ament_install']
[0.345s] Level 1:colcon.colcon_core.package_identification:_identify(src/movement/movement_functions) by extension 'ignore'
[0.345s] Level 1:colcon.colcon_core.package_identification:_identify(src/movement/movement_functions) by extension 'ignore_ament_install'
[0.345s] Level 1:colcon.colcon_core.package_identification:_identify(src/movement/movement_functions) by extensions ['colcon_pkg']
[0.345s] Level 1:colcon.colcon_core.package_identification:_identify(src/movement/movement_functions) by extension 'colcon_pkg'
[0.345s] Level 1:colcon.colcon_core.package_identification:_identify(src/movement/movement_functions) by extensions ['colcon_meta']
[0.345s] Level 1:colcon.colcon_core.package_identification:_identify(src/movement/movement_functions) by extension 'colcon_meta'
[0.345s] Level 1:colcon.colcon_core.package_identification:_identify(src/movement/movement_functions) by extensions ['ros']
[0.345s] Level 1:colcon.colcon_core.package_identification:_identify(src/movement/movement_functions) by extension 'ros'
[0.345s] DEBUG:colcon.colcon_core.package_identification:Package 'src/movement/movement_functions' with type 'ros.catkin' and name 'movement_functions'
[0.345s] Level 1:colcon.colcon_core.package_identification:_identify(src/movement/movement_pages) by extensions ['ignore', 'ignore_ament_install']
[0.345s] Level 1:colcon.colcon_core.package_identification:_identify(src/movement/movement_pages) by extension 'ignore'
[0.346s] Level 1:colcon.colcon_core.package_identification:_identify(src/movement/movement_pages) by extension 'ignore_ament_install'
[0.346s] Level 1:colcon.colcon_core.package_identification:_identify(src/movement/movement_pages) by extensions ['colcon_pkg']
[0.346s] Level 1:colcon.colcon_core.package_identification:_identify(src/movement/movement_pages) by extension 'colcon_pkg'
[0.346s] Level 1:colcon.colcon_core.package_identification:_identify(src/movement/movement_pages) by extensions ['colcon_meta']
[0.346s] Level 1:colcon.colcon_core.package_identification:_identify(src/movement/movement_pages) by extension 'colcon_meta'
[0.346s] Level 1:colcon.colcon_core.package_identification:_identify(src/movement/movement_pages) by extensions ['ros']
[0.346s] Level 1:colcon.colcon_core.package_identification:_identify(src/movement/movement_pages) by extension 'ros'
[0.346s] DEBUG:colcon.colcon_core.package_identification:Package 'src/movement/movement_pages' with type 'ros.catkin' and name 'movement_pages'
[0.346s] Level 1:colcon.colcon_core.package_identification:_identify(src/movement/movement_utils) by extensions ['ignore', 'ignore_ament_install']
[0.346s] Level 1:colcon.colcon_core.package_identification:_identify(src/movement/movement_utils) by extension 'ignore'
[0.346s] Level 1:colcon.colcon_core.package_identification:_identify(src/movement/movement_utils) by extension 'ignore_ament_install'
[0.346s] Level 1:colcon.colcon_core.package_identification:_identify(src/movement/movement_utils) by extensions ['colcon_pkg']
[0.346s] Level 1:colcon.colcon_core.package_identification:_identify(src/movement/movement_utils) by extension 'colcon_pkg'
[0.346s] Level 1:colcon.colcon_core.package_identification:_identify(src/movement/movement_utils) by extensions ['colcon_meta']
[0.346s] Level 1:colcon.colcon_core.package_identification:_identify(src/movement/movement_utils) by extension 'colcon_meta'
[0.346s] Level 1:colcon.colcon_core.package_identification:_identify(src/movement/movement_utils) by extensions ['ros']
[0.346s] Level 1:colcon.colcon_core.package_identification:_identify(src/movement/movement_utils) by extension 'ros'
[0.347s] DEBUG:colcon.colcon_core.package_identification:Package 'src/movement/movement_utils' with type 'ros.catkin' and name 'movement_utils'
[0.347s] Level 1:colcon.colcon_core.package_identification:_identify(src/movement/u2d2_comm) by extensions ['ignore', 'ignore_ament_install']
[0.347s] Level 1:colcon.colcon_core.package_identification:_identify(src/movement/u2d2_comm) by extension 'ignore'
[0.347s] Level 1:colcon.colcon_core.package_identification:_identify(src/movement/u2d2_comm) by extension 'ignore_ament_install'
[0.347s] Level 1:colcon.colcon_core.package_identification:_identify(src/movement/u2d2_comm) by extensions ['colcon_pkg']
[0.347s] Level 1:colcon.colcon_core.package_identification:_identify(src/movement/u2d2_comm) by extension 'colcon_pkg'
[0.347s] Level 1:colcon.colcon_core.package_identification:_identify(src/movement/u2d2_comm) by extensions ['colcon_meta']
[0.347s] Level 1:colcon.colcon_core.package_identification:_identify(src/movement/u2d2_comm) by extension 'colcon_meta'
[0.347s] Level 1:colcon.colcon_core.package_identification:_identify(src/movement/u2d2_comm) by extensions ['ros']
[0.347s] Level 1:colcon.colcon_core.package_identification:_identify(src/movement/u2d2_comm) by extension 'ros'
[0.347s] DEBUG:colcon.colcon_core.package_identification:Package 'src/movement/u2d2_comm' with type 'ros.catkin' and name 'u2d2_comm'
[0.348s] Level 1:colcon.colcon_core.package_identification:_identify(src/movement/urdf_example) by extensions ['ignore', 'ignore_ament_install']
[0.348s] Level 1:colcon.colcon_core.package_identification:_identify(src/movement/urdf_example) by extension 'ignore'
[0.348s] Level 1:colcon.colcon_core.package_identification:_identify(src/movement/urdf_example) by extension 'ignore_ament_install'
[0.348s] Level 1:colcon.colcon_core.package_identification:_identify(src/movement/urdf_example) by extensions ['colcon_pkg']
[0.348s] Level 1:colcon.colcon_core.package_identification:_identify(src/movement/urdf_example) by extension 'colcon_pkg'
[0.348s] Level 1:colcon.colcon_core.package_identification:_identify(src/movement/urdf_example) by extensions ['colcon_meta']
[0.348s] Level 1:colcon.colcon_core.package_identification:_identify(src/movement/urdf_example) by extension 'colcon_meta'
[0.348s] Level 1:colcon.colcon_core.package_identification:_identify(src/movement/urdf_example) by extensions ['ros']
[0.348s] Level 1:colcon.colcon_core.package_identification:_identify(src/movement/urdf_example) by extension 'ros'
[0.348s] DEBUG:colcon.colcon_core.package_identification:Package 'src/movement/urdf_example' with type 'ros.ament_cmake' and name 'urdf_example'
[0.348s] Level 1:colcon.colcon_core.package_identification:_identify(src/simulacao) by extensions ['ignore', 'ignore_ament_install']
[0.348s] Level 1:colcon.colcon_core.package_identification:_identify(src/simulacao) by extension 'ignore'
[0.348s] Level 1:colcon.colcon_core.package_identification:_identify(src/simulacao) by extension 'ignore_ament_install'
[0.348s] Level 1:colcon.colcon_core.package_identification:_identify(src/simulacao) by extensions ['colcon_pkg']
[0.348s] Level 1:colcon.colcon_core.package_identification:_identify(src/simulacao) by extension 'colcon_pkg'
[0.348s] Level 1:colcon.colcon_core.package_identification:_identify(src/simulacao) by extensions ['colcon_meta']
[0.348s] Level 1:colcon.colcon_core.package_identification:_identify(src/simulacao) by extension 'colcon_meta'
[0.348s] Level 1:colcon.colcon_core.package_identification:_identify(src/simulacao) by extensions ['ros']
[0.348s] Level 1:colcon.colcon_core.package_identification:_identify(src/simulacao) by extension 'ros'
[0.348s] Level 1:colcon.colcon_core.package_identification:_identify(src/simulacao) by extensions ['cmake', 'python']
[0.348s] Level 1:colcon.colcon_core.package_identification:_identify(src/simulacao) by extension 'cmake'
[0.348s] Level 1:colcon.colcon_core.package_identification:_identify(src/simulacao) by extension 'python'
[0.348s] Level 1:colcon.colcon_core.package_identification:_identify(src/simulacao) by extensions ['python_setup_py']
[0.348s] Level 1:colcon.colcon_core.package_identification:_identify(src/simulacao) by extension 'python_setup_py'
[0.348s] Level 1:colcon.colcon_core.package_identification:_identify(src/simulacao/movement_predefined) by extensions ['ignore', 'ignore_ament_install']
[0.348s] Level 1:colcon.colcon_core.package_identification:_identify(src/simulacao/movement_predefined) by extension 'ignore'
[0.348s] Level 1:colcon.colcon_core.package_identification:_identify(src/simulacao/movement_predefined) by extension 'ignore_ament_install'
[0.349s] Level 1:colcon.colcon_core.package_identification:_identify(src/simulacao/movement_predefined) by extensions ['colcon_pkg']
[0.349s] Level 1:colcon.colcon_core.package_identification:_identify(src/simulacao/movement_predefined) by extension 'colcon_pkg'
[0.349s] Level 1:colcon.colcon_core.package_identification:_identify(src/simulacao/movement_predefined) by extensions ['colcon_meta']
[0.349s] Level 1:colcon.colcon_core.package_identification:_identify(src/simulacao/movement_predefined) by extension 'colcon_meta'
[0.349s] Level 1:colcon.colcon_core.package_identification:_identify(src/simulacao/movement_predefined) by extensions ['ros']
[0.349s] Level 1:colcon.colcon_core.package_identification:_identify(src/simulacao/movement_predefined) by extension 'ros'
[0.352s] DEBUG:colcon.colcon_core.package_identification:Package 'src/simulacao/movement_predefined' with type 'ros.catkin' and name 'movement_predefined'
[0.352s] Level 1:colcon.colcon_core.package_identification:_identify(src/simulacao/numerical_optimization) by extensions ['ignore', 'ignore_ament_install']
[0.352s] Level 1:colcon.colcon_core.package_identification:_identify(src/simulacao/numerical_optimization) by extension 'ignore'
[0.352s] Level 1:colcon.colcon_core.package_identification:_identify(src/simulacao/numerical_optimization) by extension 'ignore_ament_install'
[0.352s] Level 1:colcon.colcon_core.package_identification:_identify(src/simulacao/numerical_optimization) by extensions ['colcon_pkg']
[0.352s] Level 1:colcon.colcon_core.package_identification:_identify(src/simulacao/numerical_optimization) by extension 'colcon_pkg'
[0.352s] Level 1:colcon.colcon_core.package_identification:_identify(src/simulacao/numerical_optimization) by extensions ['colcon_meta']
[0.352s] Level 1:colcon.colcon_core.package_identification:_identify(src/simulacao/numerical_optimization) by extension 'colcon_meta'
[0.352s] Level 1:colcon.colcon_core.package_identification:_identify(src/simulacao/numerical_optimization) by extensions ['ros']
[0.352s] Level 1:colcon.colcon_core.package_identification:_identify(src/simulacao/numerical_optimization) by extension 'ros'
[0.353s] DEBUG:colcon.colcon_core.package_identification:Package 'src/simulacao/numerical_optimization' with type 'ros.catkin' and name 'numerical_optimization'
[0.353s] Level 1:colcon.colcon_core.package_identification:_identify(src/simulacao/webots_natasha) by extensions ['ignore', 'ignore_ament_install']
[0.353s] Level 1:colcon.colcon_core.package_identification:_identify(src/simulacao/webots_natasha) by extension 'ignore'
[0.353s] Level 1:colcon.colcon_core.package_identification:_identify(src/simulacao/webots_natasha) by extension 'ignore_ament_install'
[0.353s] Level 1:colcon.colcon_core.package_identification:_identify(src/simulacao/webots_natasha) by extensions ['colcon_pkg']
[0.353s] Level 1:colcon.colcon_core.package_identification:_identify(src/simulacao/webots_natasha) by extension 'colcon_pkg'
[0.353s] Level 1:colcon.colcon_core.package_identification:_identify(src/simulacao/webots_natasha) by extensions ['colcon_meta']
[0.353s] Level 1:colcon.colcon_core.package_identification:_identify(src/simulacao/webots_natasha) by extension 'colcon_meta'
[0.353s] Level 1:colcon.colcon_core.package_identification:_identify(src/simulacao/webots_natasha) by extensions ['ros']
[0.353s] Level 1:colcon.colcon_core.package_identification:_identify(src/simulacao/webots_natasha) by extension 'ros'
[0.354s] DEBUG:colcon.colcon_core.package_identification:Package 'src/simulacao/webots_natasha' with type 'ros.catkin' and name 'webots_natasha'
[0.354s] Level 1:colcon.colcon_core.package_identification:_identify(src/vision) by extensions ['ignore', 'ignore_ament_install']
[0.354s] Level 1:colcon.colcon_core.package_identification:_identify(src/vision) by extension 'ignore'
[0.354s] Level 1:colcon.colcon_core.package_identification:_identify(src/vision) by extension 'ignore_ament_install'
[0.354s] Level 1:colcon.colcon_core.package_identification:_identify(src/vision) by extensions ['colcon_pkg']
[0.354s] Level 1:colcon.colcon_core.package_identification:_identify(src/vision) by extension 'colcon_pkg'
[0.354s] Level 1:colcon.colcon_core.package_identification:_identify(src/vision) by extensions ['colcon_meta']
[0.354s] Level 1:colcon.colcon_core.package_identification:_identify(src/vision) by extension 'colcon_meta'
[0.354s] Level 1:colcon.colcon_core.package_identification:_identify(src/vision) by extensions ['ros']
[0.354s] Level 1:colcon.colcon_core.package_identification:_identify(src/vision) by extension 'ros'
[0.354s] Level 1:colcon.colcon_core.package_identification:_identify(src/vision) by extensions ['cmake', 'python']
[0.354s] Level 1:colcon.colcon_core.package_identification:_identify(src/vision) by extension 'cmake'
[0.354s] Level 1:colcon.colcon_core.package_identification:_identify(src/vision) by extension 'python'
[0.354s] Level 1:colcon.colcon_core.package_identification:_identify(src/vision) by extensions ['python_setup_py']
[0.354s] Level 1:colcon.colcon_core.package_identification:_identify(src/vision) by extension 'python_setup_py'
[0.354s] Level 1:colcon.colcon_core.package_identification:_identify(src/vision/object_finder) by extensions ['ignore', 'ignore_ament_install']
[0.354s] Level 1:colcon.colcon_core.package_identification:_identify(src/vision/object_finder) by extension 'ignore'
[0.354s] Level 1:colcon.colcon_core.package_identification:_identify(src/vision/object_finder) by extension 'ignore_ament_install'
[0.354s] Level 1:colcon.colcon_core.package_identification:_identify(src/vision/object_finder) by extensions ['colcon_pkg']
[0.354s] Level 1:colcon.colcon_core.package_identification:_identify(src/vision/object_finder) by extension 'colcon_pkg'
[0.354s] Level 1:colcon.colcon_core.package_identification:_identify(src/vision/object_finder) by extensions ['colcon_meta']
[0.354s] Level 1:colcon.colcon_core.package_identification:_identify(src/vision/object_finder) by extension 'colcon_meta'
[0.354s] Level 1:colcon.colcon_core.package_identification:_identify(src/vision/object_finder) by extensions ['ros']
[0.354s] Level 1:colcon.colcon_core.package_identification:_identify(src/vision/object_finder) by extension 'ros'
[0.355s] DEBUG:colcon.colcon_core.package_identification:Package 'src/vision/object_finder' with type 'ros.ament_python' and name 'object_finder'
[0.355s] Level 1:colcon.colcon_core.package_identification:_identify(src/vision/robocup_cnn_files) by extensions ['ignore', 'ignore_ament_install']
[0.355s] Level 1:colcon.colcon_core.package_identification:_identify(src/vision/robocup_cnn_files) by extension 'ignore'
[0.355s] Level 1:colcon.colcon_core.package_identification:_identify(src/vision/robocup_cnn_files) ignored
[0.356s] Level 1:colcon.colcon_core.package_identification:_identify(src/vision/robocup_videos) by extensions ['ignore', 'ignore_ament_install']
[0.356s] Level 1:colcon.colcon_core.package_identification:_identify(src/vision/robocup_videos) by extension 'ignore'
[0.356s] Level 1:colcon.colcon_core.package_identification:_identify(src/vision/robocup_videos) ignored
[0.356s] Level 1:colcon.colcon_core.package_identification:_identify(src/vision/vision_msgs) by extensions ['ignore', 'ignore_ament_install']
[0.356s] Level 1:colcon.colcon_core.package_identification:_identify(src/vision/vision_msgs) by extension 'ignore'
[0.356s] Level 1:colcon.colcon_core.package_identification:_identify(src/vision/vision_msgs) by extension 'ignore_ament_install'
[0.356s] Level 1:colcon.colcon_core.package_identification:_identify(src/vision/vision_msgs) by extensions ['colcon_pkg']
[0.356s] Level 1:colcon.colcon_core.package_identification:_identify(src/vision/vision_msgs) by extension 'colcon_pkg'
[0.356s] Level 1:colcon.colcon_core.package_identification:_identify(src/vision/vision_msgs) by extensions ['colcon_meta']
[0.356s] Level 1:colcon.colcon_core.package_identification:_identify(src/vision/vision_msgs) by extension 'colcon_meta'
[0.356s] Level 1:colcon.colcon_core.package_identification:_identify(src/vision/vision_msgs) by extensions ['ros']
[0.356s] Level 1:colcon.colcon_core.package_identification:_identify(src/vision/vision_msgs) by extension 'ros'
[0.356s] DEBUG:colcon.colcon_core.package_identification:Package 'src/vision/vision_msgs' with type 'ros.ament_cmake' and name 'vision_msgs'
[0.356s] Level 1:colcon.colcon_core.package_identification:_identify(util) by extensions ['ignore', 'ignore_ament_install']
[0.356s] Level 1:colcon.colcon_core.package_identification:_identify(util) by extension 'ignore'
[0.356s] Level 1:colcon.colcon_core.package_identification:_identify(util) by extension 'ignore_ament_install'
[0.356s] Level 1:colcon.colcon_core.package_identification:_identify(util) by extensions ['colcon_pkg']
[0.356s] Level 1:colcon.colcon_core.package_identification:_identify(util) by extension 'colcon_pkg'
[0.356s] Level 1:colcon.colcon_core.package_identification:_identify(util) by extensions ['colcon_meta']
[0.356s] Level 1:colcon.colcon_core.package_identification:_identify(util) by extension 'colcon_meta'
[0.356s] Level 1:colcon.colcon_core.package_identification:_identify(util) by extensions ['ros']
[0.356s] Level 1:colcon.colcon_core.package_identification:_identify(util) by extension 'ros'
[0.357s] Level 1:colcon.colcon_core.package_identification:_identify(util) by extensions ['cmake', 'python']
[0.357s] Level 1:colcon.colcon_core.package_identification:_identify(util) by extension 'cmake'
[0.357s] Level 1:colcon.colcon_core.package_identification:_identify(util) by extension 'python'
[0.357s] Level 1:colcon.colcon_core.package_identification:_identify(util) by extensions ['python_setup_py']
[0.357s] Level 1:colcon.colcon_core.package_identification:_identify(util) by extension 'python_setup_py'
[0.357s] Level 1:colcon.colcon_core.package_identification:_identify(util/dependencies) by extensions ['ignore', 'ignore_ament_install']
[0.357s] Level 1:colcon.colcon_core.package_identification:_identify(util/dependencies) by extension 'ignore'
[0.357s] Level 1:colcon.colcon_core.package_identification:_identify(util/dependencies) by extension 'ignore_ament_install'
[0.357s] Level 1:colcon.colcon_core.package_identification:_identify(util/dependencies) by extensions ['colcon_pkg']
[0.357s] Level 1:colcon.colcon_core.package_identification:_identify(util/dependencies) by extension 'colcon_pkg'
[0.357s] Level 1:colcon.colcon_core.package_identification:_identify(util/dependencies) by extensions ['colcon_meta']
[0.357s] Level 1:colcon.colcon_core.package_identification:_identify(util/dependencies) by extension 'colcon_meta'
[0.357s] Level 1:colcon.colcon_core.package_identification:_identify(util/dependencies) by extensions ['ros']
[0.357s] Level 1:colcon.colcon_core.package_identification:_identify(util/dependencies) by extension 'ros'
[0.357s] Level 1:colcon.colcon_core.package_identification:_identify(util/dependencies) by extensions ['cmake', 'python']
[0.357s] Level 1:colcon.colcon_core.package_identification:_identify(util/dependencies) by extension 'cmake'
[0.357s] Level 1:colcon.colcon_core.package_identification:_identify(util/dependencies) by extension 'python'
[0.357s] Level 1:colcon.colcon_core.package_identification:_identify(util/dependencies) by extensions ['python_setup_py']
[0.357s] Level 1:colcon.colcon_core.package_identification:_identify(util/dependencies) by extension 'python_setup_py'
[0.357s] Level 1:colcon.colcon_core.package_identification:_identify(util/documentation) by extensions ['ignore', 'ignore_ament_install']
[0.357s] Level 1:colcon.colcon_core.package_identification:_identify(util/documentation) by extension 'ignore'
[0.357s] Level 1:colcon.colcon_core.package_identification:_identify(util/documentation) by extension 'ignore_ament_install'
[0.357s] Level 1:colcon.colcon_core.package_identification:_identify(util/documentation) by extensions ['colcon_pkg']
[0.357s] Level 1:colcon.colcon_core.package_identification:_identify(util/documentation) by extension 'colcon_pkg'
[0.357s] Level 1:colcon.colcon_core.package_identification:_identify(util/documentation) by extensions ['colcon_meta']
[0.357s] Level 1:colcon.colcon_core.package_identification:_identify(util/documentation) by extension 'colcon_meta'
[0.357s] Level 1:colcon.colcon_core.package_identification:_identify(util/documentation) by extensions ['ros']
[0.357s] Level 1:colcon.colcon_core.package_identification:_identify(util/documentation) by extension 'ros'
[0.357s] Level 1:colcon.colcon_core.package_identification:_identify(util/documentation) by extensions ['cmake', 'python']
[0.357s] Level 1:colcon.colcon_core.package_identification:_identify(util/documentation) by extension 'cmake'
[0.357s] Level 1:colcon.colcon_core.package_identification:_identify(util/documentation) by extension 'python'
[0.357s] Level 1:colcon.colcon_core.package_identification:_identify(util/documentation) by extensions ['python_setup_py']
[0.357s] Level 1:colcon.colcon_core.package_identification:_identify(util/documentation) by extension 'python_setup_py'
[0.357s] Level 1:colcon.colcon_core.package_identification:_identify(util/documentation/robocup) by extensions ['ignore', 'ignore_ament_install']
[0.357s] Level 1:colcon.colcon_core.package_identification:_identify(util/documentation/robocup) by extension 'ignore'
[0.357s] Level 1:colcon.colcon_core.package_identification:_identify(util/documentation/robocup) by extension 'ignore_ament_install'
[0.357s] Level 1:colcon.colcon_core.package_identification:_identify(util/documentation/robocup) by extensions ['colcon_pkg']
[0.357s] Level 1:colcon.colcon_core.package_identification:_identify(util/documentation/robocup) by extension 'colcon_pkg'
[0.357s] Level 1:colcon.colcon_core.package_identification:_identify(util/documentation/robocup) by extensions ['colcon_meta']
[0.357s] Level 1:colcon.colcon_core.package_identification:_identify(util/documentation/robocup) by extension 'colcon_meta'
[0.358s] Level 1:colcon.colcon_core.package_identification:_identify(util/documentation/robocup) by extensions ['ros']
[0.358s] Level 1:colcon.colcon_core.package_identification:_identify(util/documentation/robocup) by extension 'ros'
[0.358s] Level 1:colcon.colcon_core.package_identification:_identify(util/documentation/robocup) by extensions ['cmake', 'python']
[0.358s] Level 1:colcon.colcon_core.package_identification:_identify(util/documentation/robocup) by extension 'cmake'
[0.358s] Level 1:colcon.colcon_core.package_identification:_identify(util/documentation/robocup) by extension 'python'
[0.358s] Level 1:colcon.colcon_core.package_identification:_identify(util/documentation/robocup) by extensions ['python_setup_py']
[0.358s] Level 1:colcon.colcon_core.package_identification:_identify(util/documentation/robocup) by extension 'python_setup_py'
[0.358s] Level 1:colcon.colcon_core.package_identification:_identify(util/documentation/tutorial) by extensions ['ignore', 'ignore_ament_install']
[0.358s] Level 1:colcon.colcon_core.package_identification:_identify(util/documentation/tutorial) by extension 'ignore'
[0.358s] Level 1:colcon.colcon_core.package_identification:_identify(util/documentation/tutorial) by extension 'ignore_ament_install'
[0.358s] Level 1:colcon.colcon_core.package_identification:_identify(util/documentation/tutorial) by extensions ['colcon_pkg']
[0.358s] Level 1:colcon.colcon_core.package_identification:_identify(util/documentation/tutorial) by extension 'colcon_pkg'
[0.358s] Level 1:colcon.colcon_core.package_identification:_identify(util/documentation/tutorial) by extensions ['colcon_meta']
[0.358s] Level 1:colcon.colcon_core.package_identification:_identify(util/documentation/tutorial) by extension 'colcon_meta'
[0.358s] Level 1:colcon.colcon_core.package_identification:_identify(util/documentation/tutorial) by extensions ['ros']
[0.358s] Level 1:colcon.colcon_core.package_identification:_identify(util/documentation/tutorial) by extension 'ros'
[0.358s] Level 1:colcon.colcon_core.package_identification:_identify(util/documentation/tutorial) by extensions ['cmake', 'python']
[0.358s] Level 1:colcon.colcon_core.package_identification:_identify(util/documentation/tutorial) by extension 'cmake'
[0.358s] Level 1:colcon.colcon_core.package_identification:_identify(util/documentation/tutorial) by extension 'python'
[0.358s] Level 1:colcon.colcon_core.package_identification:_identify(util/documentation/tutorial) by extensions ['python_setup_py']
[0.358s] Level 1:colcon.colcon_core.package_identification:_identify(util/documentation/tutorial) by extension 'python_setup_py'
[0.358s] Level 1:colcon.colcon_core.package_discovery:discover_packages(recursive) using defaults
[0.358s] Level 1:colcon.colcon_core.package_discovery:discover_packages(ignore) discover
[0.358s] Level 1:colcon.colcon_core.package_discovery:discover_packages(ignore) using defaults
[0.358s] Level 1:colcon.colcon_core.package_discovery:discover_packages(path) discover
[0.358s] Level 1:colcon.colcon_core.package_discovery:discover_packages(path) using defaults
[0.375s] Level 1:colcon.colcon_core.package_discovery:discover_packages(prefix_path) check parameters
[0.375s] Level 1:colcon.colcon_core.package_discovery:discover_packages(prefix_path) discover
[0.376s] DEBUG:colcon.colcon_installed_package_information.package_discovery:Found 6 installed packages in /home/paulo/micros/install
[0.377s] DEBUG:colcon.colcon_installed_package_information.package_discovery:Found 15 installed packages in /home/paulo/edromufu/src/movement/Ros2_change/install
[0.378s] DEBUG:colcon.colcon_installed_package_information.package_discovery:Found 295 installed packages in /opt/ros/humble
[0.378s] Level 1:colcon.colcon_core.package_discovery:discover_packages(prefix_path) using defaults
[0.400s] WARNING:colcon.colcon_core.package_selection:Some selected packages are already built in one or more underlay workspaces:
	'tinyxml2' is in: /home/paulo/edromufu/src/movement/Ros2_change/install/tinyxml2, /home/paulo/micros/install/tinyxml2
	'vision_msgs' is in: /opt/ros/humble
If a package in a merged underlay workspace is overridden and it installs headers, then all packages in the overlay must sort their include directories by workspace order. Failure to do so may result in build failures or undefined behavior at run time.
If the overridden package is used by another package in any underlay, then the overriding package in the overlay must be API and ABI compatible or undefined behavior at run time may occur.

If you understand the risks and want to override a package anyways, add the following to the command line:
	--allow-overriding tinyxml2 vision_msgs

This may be promoted to an error in a future release of colcon-override-check.
[0.400s] ERROR:colcon:colcon build: Duplicate package names not supported:
- humanoid_definition:
  - src/movement/Ros2_change/src/humanoid_definition
  - src/movement/humanoid_definition
- humanoid_visualization:
  - src/movement/Ros2_change/src/humanoid_visualization
  - src/movement/humanoid_visualization
- kinematic_functions:
  - src/movement/Ros2_change/src/kinematic_functions
  - src/movement/kinematic_functions
- movement_core:
  - src/movement/Ros2_change/src/movement_core
  - src/movement/movement_core
- movement_functions:
  - src/movement/Ros2_change/src/movement_functions
  - src/movement/movement_functions
- movement_pages:
  - src/movement/Ros2_change/src/movement_pages
  - src/movement/movement_pages
- movement_utils:
  - src/movement/Ros2_change/src/movement_utils
  - src/movement/movement_utils
- u2d2_comm:
  - src/movement/Ros2_change/src/u2d2_comm
  - src/movement/u2d2_comm
- urdf_example:
  - src/movement/Ros2_change/src/urdf_example
  - src/movement/urdf_example
