[0.107s] DEBUG:colcon:Command line arguments: ['/usr/bin/colcon', 'build']
[0.107s] DEBUG:colcon:Parsed command line arguments: Namespace(log_base=None, log_level=None, verb_name='build', build_base='build', install_base='install', merge_install=False, symlink_install=False, test_result_base=None, continue_on_error=False, executor='parallel', parallel_workers=12, event_handlers=None, ignore_user_meta=False, metas=['./colcon.meta'], base_paths=['.'], packages_ignore=None, packages_ignore_regex=None, paths=None, packages_up_to=None, packages_up_to_regex=None, packages_above=None, packages_above_and_dependencies=None, packages_above_depth=None, packages_select_by_dep=None, packages_skip_by_dep=None, packages_skip_up_to=None, packages_select_build_failed=False, packages_skip_build_finished=False, packages_select_test_failures=False, packages_skip_test_passed=False, packages_select=None, packages_skip=None, packages_select_regex=None, packages_skip_regex=None, packages_start=None, packages_end=None, allow_overriding=[], cmake_args=None, cmake_target=None, cmake_target_skip_unavailable=False, cmake_clean_cache=False, cmake_clean_first=False, cmake_force_configure=False, ament_cmake_args=None, catkin_cmake_args=None, catkin_skip_building_tests=False, verb_parser=<colcon_defaults.argument_parser.defaults.DefaultArgumentsDecorator object at 0x79ee75e7d0f0>, verb_extension=<colcon_core.verb.build.BuildVerb object at 0x79ee75f6dc90>, main=<bound method BuildVerb.main of <colcon_core.verb.build.BuildVerb object at 0x79ee75f6dc90>>)
[0.303s] Level 1:colcon.colcon_core.package_discovery:discover_packages(colcon_meta) check parameters
[0.303s] Level 1:colcon.colcon_core.package_discovery:discover_packages(recursive) check parameters
[0.303s] Level 1:colcon.colcon_core.package_discovery:discover_packages(ignore) check parameters
[0.303s] Level 1:colcon.colcon_core.package_discovery:discover_packages(path) check parameters
[0.303s] Level 1:colcon.colcon_core.package_discovery:discover_packages(colcon_meta) discover
[0.303s] Level 1:colcon.colcon_core.package_discovery:discover_packages(recursive) discover
[0.303s] INFO:colcon.colcon_core.package_discovery:Crawling recursively for packages in '/home/pedrohperes/edromufu/src/movement/Ros2_change'
[0.303s] Level 1:colcon.colcon_core.package_identification:_identify(.) by extensions ['ignore', 'ignore_ament_install']
[0.303s] Level 1:colcon.colcon_core.package_identification:_identify(.) by extension 'ignore'
[0.303s] Level 1:colcon.colcon_core.package_identification:_identify(.) by extension 'ignore_ament_install'
[0.303s] Level 1:colcon.colcon_core.package_identification:_identify(.) by extensions ['colcon_pkg']
[0.303s] Level 1:colcon.colcon_core.package_identification:_identify(.) by extension 'colcon_pkg'
[0.303s] Level 1:colcon.colcon_core.package_identification:_identify(.) by extensions ['colcon_meta']
[0.304s] Level 1:colcon.colcon_core.package_identification:_identify(.) by extension 'colcon_meta'
[0.304s] Level 1:colcon.colcon_core.package_identification:_identify(.) by extensions ['ros']
[0.304s] Level 1:colcon.colcon_core.package_identification:_identify(.) by extension 'ros'
[0.320s] Level 1:colcon.colcon_core.package_identification:_identify(.) by extensions ['cmake', 'python']
[0.320s] Level 1:colcon.colcon_core.package_identification:_identify(.) by extension 'cmake'
[0.320s] Level 1:colcon.colcon_core.package_identification:_identify(.) by extension 'python'
[0.320s] Level 1:colcon.colcon_core.package_identification:_identify(.) by extensions ['python_setup_py']
[0.320s] Level 1:colcon.colcon_core.package_identification:_identify(.) by extension 'python_setup_py'
[0.320s] Level 1:colcon.colcon_core.package_identification:_identify(build) by extensions ['ignore', 'ignore_ament_install']
[0.321s] Level 1:colcon.colcon_core.package_identification:_identify(build) by extension 'ignore'
[0.321s] Level 1:colcon.colcon_core.package_identification:_identify(build) ignored
[0.321s] Level 1:colcon.colcon_core.package_identification:_identify(install) by extensions ['ignore', 'ignore_ament_install']
[0.321s] Level 1:colcon.colcon_core.package_identification:_identify(install) by extension 'ignore'
[0.321s] Level 1:colcon.colcon_core.package_identification:_identify(install) ignored
[0.321s] Level 1:colcon.colcon_core.package_identification:_identify(log) by extensions ['ignore', 'ignore_ament_install']
[0.321s] Level 1:colcon.colcon_core.package_identification:_identify(log) by extension 'ignore'
[0.321s] Level 1:colcon.colcon_core.package_identification:_identify(log) ignored
[0.321s] Level 1:colcon.colcon_core.package_identification:_identify(src) by extensions ['ignore', 'ignore_ament_install']
[0.321s] Level 1:colcon.colcon_core.package_identification:_identify(src) by extension 'ignore'
[0.321s] Level 1:colcon.colcon_core.package_identification:_identify(src) by extension 'ignore_ament_install'
[0.321s] Level 1:colcon.colcon_core.package_identification:_identify(src) by extensions ['colcon_pkg']
[0.321s] Level 1:colcon.colcon_core.package_identification:_identify(src) by extension 'colcon_pkg'
[0.321s] Level 1:colcon.colcon_core.package_identification:_identify(src) by extensions ['colcon_meta']
[0.321s] Level 1:colcon.colcon_core.package_identification:_identify(src) by extension 'colcon_meta'
[0.321s] Level 1:colcon.colcon_core.package_identification:_identify(src) by extensions ['ros']
[0.322s] Level 1:colcon.colcon_core.package_identification:_identify(src) by extension 'ros'
[0.322s] Level 1:colcon.colcon_core.package_identification:_identify(src) by extensions ['cmake', 'python']
[0.322s] Level 1:colcon.colcon_core.package_identification:_identify(src) by extension 'cmake'
[0.322s] Level 1:colcon.colcon_core.package_identification:_identify(src) by extension 'python'
[0.322s] Level 1:colcon.colcon_core.package_identification:_identify(src) by extensions ['python_setup_py']
[0.322s] Level 1:colcon.colcon_core.package_identification:_identify(src) by extension 'python_setup_py'
[0.322s] Level 1:colcon.colcon_core.package_identification:_identify(src/build) by extensions ['ignore', 'ignore_ament_install']
[0.322s] Level 1:colcon.colcon_core.package_identification:_identify(src/build) by extension 'ignore'
[0.322s] Level 1:colcon.colcon_core.package_identification:_identify(src/build) ignored
[0.322s] Level 1:colcon.colcon_core.package_identification:_identify(src/erro_package) by extensions ['ignore', 'ignore_ament_install']
[0.322s] Level 1:colcon.colcon_core.package_identification:_identify(src/erro_package) by extension 'ignore'
[0.322s] Level 1:colcon.colcon_core.package_identification:_identify(src/erro_package) by extension 'ignore_ament_install'
[0.322s] Level 1:colcon.colcon_core.package_identification:_identify(src/erro_package) by extensions ['colcon_pkg']
[0.322s] Level 1:colcon.colcon_core.package_identification:_identify(src/erro_package) by extension 'colcon_pkg'
[0.322s] Level 1:colcon.colcon_core.package_identification:_identify(src/erro_package) by extensions ['colcon_meta']
[0.322s] Level 1:colcon.colcon_core.package_identification:_identify(src/erro_package) by extension 'colcon_meta'
[0.322s] Level 1:colcon.colcon_core.package_identification:_identify(src/erro_package) by extensions ['ros']
[0.322s] Level 1:colcon.colcon_core.package_identification:_identify(src/erro_package) by extension 'ros'
[0.325s] DEBUG:colcon.colcon_core.package_identification:Package 'src/erro_package' with type 'ros.ament_python' and name 'erro_package'
[0.325s] Level 1:colcon.colcon_core.package_identification:_identify(src/humanoid_definition) by extensions ['ignore', 'ignore_ament_install']
[0.325s] Level 1:colcon.colcon_core.package_identification:_identify(src/humanoid_definition) by extension 'ignore'
[0.325s] Level 1:colcon.colcon_core.package_identification:_identify(src/humanoid_definition) by extension 'ignore_ament_install'
[0.325s] Level 1:colcon.colcon_core.package_identification:_identify(src/humanoid_definition) by extensions ['colcon_pkg']
[0.325s] Level 1:colcon.colcon_core.package_identification:_identify(src/humanoid_definition) by extension 'colcon_pkg'
[0.325s] Level 1:colcon.colcon_core.package_identification:_identify(src/humanoid_definition) by extensions ['colcon_meta']
[0.325s] Level 1:colcon.colcon_core.package_identification:_identify(src/humanoid_definition) by extension 'colcon_meta'
[0.325s] Level 1:colcon.colcon_core.package_identification:_identify(src/humanoid_definition) by extensions ['ros']
[0.325s] Level 1:colcon.colcon_core.package_identification:_identify(src/humanoid_definition) by extension 'ros'
[0.326s] DEBUG:colcon.colcon_core.package_identification:Package 'src/humanoid_definition' with type 'ros.ament_python' and name 'humanoid_definition'
[0.326s] Level 1:colcon.colcon_core.package_identification:_identify(src/humanoid_visualization) by extensions ['ignore', 'ignore_ament_install']
[0.326s] Level 1:colcon.colcon_core.package_identification:_identify(src/humanoid_visualization) by extension 'ignore'
[0.326s] Level 1:colcon.colcon_core.package_identification:_identify(src/humanoid_visualization) by extension 'ignore_ament_install'
[0.326s] Level 1:colcon.colcon_core.package_identification:_identify(src/humanoid_visualization) by extensions ['colcon_pkg']
[0.326s] Level 1:colcon.colcon_core.package_identification:_identify(src/humanoid_visualization) by extension 'colcon_pkg'
[0.326s] Level 1:colcon.colcon_core.package_identification:_identify(src/humanoid_visualization) by extensions ['colcon_meta']
[0.326s] Level 1:colcon.colcon_core.package_identification:_identify(src/humanoid_visualization) by extension 'colcon_meta'
[0.326s] Level 1:colcon.colcon_core.package_identification:_identify(src/humanoid_visualization) by extensions ['ros']
[0.326s] Level 1:colcon.colcon_core.package_identification:_identify(src/humanoid_visualization) by extension 'ros'
[0.326s] DEBUG:colcon.colcon_core.package_identification:Package 'src/humanoid_visualization' with type 'ros.ament_cmake' and name 'humanoid_visualization'
[0.327s] Level 1:colcon.colcon_core.package_identification:_identify(src/install) by extensions ['ignore', 'ignore_ament_install']
[0.327s] Level 1:colcon.colcon_core.package_identification:_identify(src/install) by extension 'ignore'
[0.327s] Level 1:colcon.colcon_core.package_identification:_identify(src/install) ignored
[0.327s] Level 1:colcon.colcon_core.package_identification:_identify(src/kinematic_functions) by extensions ['ignore', 'ignore_ament_install']
[0.327s] Level 1:colcon.colcon_core.package_identification:_identify(src/kinematic_functions) by extension 'ignore'
[0.327s] Level 1:colcon.colcon_core.package_identification:_identify(src/kinematic_functions) by extension 'ignore_ament_install'
[0.327s] Level 1:colcon.colcon_core.package_identification:_identify(src/kinematic_functions) by extensions ['colcon_pkg']
[0.327s] Level 1:colcon.colcon_core.package_identification:_identify(src/kinematic_functions) by extension 'colcon_pkg'
[0.327s] Level 1:colcon.colcon_core.package_identification:_identify(src/kinematic_functions) by extensions ['colcon_meta']
[0.327s] Level 1:colcon.colcon_core.package_identification:_identify(src/kinematic_functions) by extension 'colcon_meta'
[0.327s] Level 1:colcon.colcon_core.package_identification:_identify(src/kinematic_functions) by extensions ['ros']
[0.327s] Level 1:colcon.colcon_core.package_identification:_identify(src/kinematic_functions) by extension 'ros'
[0.328s] DEBUG:colcon.colcon_core.package_identification:Package 'src/kinematic_functions' with type 'ros.ament_python' and name 'kinematic_functions'
[0.328s] Level 1:colcon.colcon_core.package_identification:_identify(src/log) by extensions ['ignore', 'ignore_ament_install']
[0.328s] Level 1:colcon.colcon_core.package_identification:_identify(src/log) by extension 'ignore'
[0.328s] Level 1:colcon.colcon_core.package_identification:_identify(src/log) ignored
[0.328s] Level 1:colcon.colcon_core.package_identification:_identify(src/matlab_codes) by extensions ['ignore', 'ignore_ament_install']
[0.328s] Level 1:colcon.colcon_core.package_identification:_identify(src/matlab_codes) by extension 'ignore'
[0.328s] Level 1:colcon.colcon_core.package_identification:_identify(src/matlab_codes) by extension 'ignore_ament_install'
[0.328s] Level 1:colcon.colcon_core.package_identification:_identify(src/matlab_codes) by extensions ['colcon_pkg']
[0.328s] Level 1:colcon.colcon_core.package_identification:_identify(src/matlab_codes) by extension 'colcon_pkg'
[0.328s] Level 1:colcon.colcon_core.package_identification:_identify(src/matlab_codes) by extensions ['colcon_meta']
[0.328s] Level 1:colcon.colcon_core.package_identification:_identify(src/matlab_codes) by extension 'colcon_meta'
[0.328s] Level 1:colcon.colcon_core.package_identification:_identify(src/matlab_codes) by extensions ['ros']
[0.328s] Level 1:colcon.colcon_core.package_identification:_identify(src/matlab_codes) by extension 'ros'
[0.329s] Level 1:colcon.colcon_core.package_identification:_identify(src/matlab_codes) by extensions ['cmake', 'python']
[0.329s] Level 1:colcon.colcon_core.package_identification:_identify(src/matlab_codes) by extension 'cmake'
[0.329s] Level 1:colcon.colcon_core.package_identification:_identify(src/matlab_codes) by extension 'python'
[0.329s] Level 1:colcon.colcon_core.package_identification:_identify(src/matlab_codes) by extensions ['python_setup_py']
[0.329s] Level 1:colcon.colcon_core.package_identification:_identify(src/matlab_codes) by extension 'python_setup_py'
[0.329s] Level 1:colcon.colcon_core.package_identification:_identify(src/micro-ROS-Agent) by extensions ['ignore', 'ignore_ament_install']
[0.329s] Level 1:colcon.colcon_core.package_identification:_identify(src/micro-ROS-Agent) by extension 'ignore'
[0.329s] Level 1:colcon.colcon_core.package_identification:_identify(src/micro-ROS-Agent) by extension 'ignore_ament_install'
[0.329s] Level 1:colcon.colcon_core.package_identification:_identify(src/micro-ROS-Agent) by extensions ['colcon_pkg']
[0.329s] Level 1:colcon.colcon_core.package_identification:_identify(src/micro-ROS-Agent) by extension 'colcon_pkg'
[0.329s] Level 1:colcon.colcon_core.package_identification:_identify(src/micro-ROS-Agent) by extensions ['colcon_meta']
[0.329s] Level 1:colcon.colcon_core.package_identification:_identify(src/micro-ROS-Agent) by extension 'colcon_meta'
[0.329s] Level 1:colcon.colcon_core.package_identification:_identify(src/micro-ROS-Agent) by extensions ['ros']
[0.329s] Level 1:colcon.colcon_core.package_identification:_identify(src/micro-ROS-Agent) by extension 'ros'
[0.329s] Level 1:colcon.colcon_core.package_identification:_identify(src/micro-ROS-Agent) by extensions ['cmake', 'python']
[0.329s] Level 1:colcon.colcon_core.package_identification:_identify(src/micro-ROS-Agent) by extension 'cmake'
[0.329s] Level 1:colcon.colcon_core.package_identification:_identify(src/micro-ROS-Agent) by extension 'python'
[0.329s] Level 1:colcon.colcon_core.package_identification:_identify(src/micro-ROS-Agent) by extensions ['python_setup_py']
[0.329s] Level 1:colcon.colcon_core.package_identification:_identify(src/micro-ROS-Agent) by extension 'python_setup_py'
[0.329s] Level 1:colcon.colcon_core.package_identification:_identify(src/micro-ROS-Agent/micro_ros_agent) by extensions ['ignore', 'ignore_ament_install']
[0.330s] Level 1:colcon.colcon_core.package_identification:_identify(src/micro-ROS-Agent/micro_ros_agent) by extension 'ignore'
[0.330s] Level 1:colcon.colcon_core.package_identification:_identify(src/micro-ROS-Agent/micro_ros_agent) by extension 'ignore_ament_install'
[0.330s] Level 1:colcon.colcon_core.package_identification:_identify(src/micro-ROS-Agent/micro_ros_agent) by extensions ['colcon_pkg']
[0.330s] Level 1:colcon.colcon_core.package_identification:_identify(src/micro-ROS-Agent/micro_ros_agent) by extension 'colcon_pkg'
[0.330s] Level 1:colcon.colcon_core.package_identification:_identify(src/micro-ROS-Agent/micro_ros_agent) by extensions ['colcon_meta']
[0.330s] Level 1:colcon.colcon_core.package_identification:_identify(src/micro-ROS-Agent/micro_ros_agent) by extension 'colcon_meta'
[0.330s] Level 1:colcon.colcon_core.package_identification:_identify(src/micro-ROS-Agent/micro_ros_agent) by extensions ['ros']
[0.330s] Level 1:colcon.colcon_core.package_identification:_identify(src/micro-ROS-Agent/micro_ros_agent) by extension 'ros'
[0.331s] DEBUG:colcon.colcon_core.package_identification:Package 'src/micro-ROS-Agent/micro_ros_agent' with type 'ros.ament_cmake' and name 'micro_ros_agent'
[0.331s] Level 1:colcon.colcon_core.package_identification:_identify(src/micro-ROS-Agent/snap) by extensions ['ignore', 'ignore_ament_install']
[0.331s] Level 1:colcon.colcon_core.package_identification:_identify(src/micro-ROS-Agent/snap) by extension 'ignore'
[0.331s] Level 1:colcon.colcon_core.package_identification:_identify(src/micro-ROS-Agent/snap) by extension 'ignore_ament_install'
[0.331s] Level 1:colcon.colcon_core.package_identification:_identify(src/micro-ROS-Agent/snap) by extensions ['colcon_pkg']
[0.331s] Level 1:colcon.colcon_core.package_identification:_identify(src/micro-ROS-Agent/snap) by extension 'colcon_pkg'
[0.331s] Level 1:colcon.colcon_core.package_identification:_identify(src/micro-ROS-Agent/snap) by extensions ['colcon_meta']
[0.331s] Level 1:colcon.colcon_core.package_identification:_identify(src/micro-ROS-Agent/snap) by extension 'colcon_meta'
[0.331s] Level 1:colcon.colcon_core.package_identification:_identify(src/micro-ROS-Agent/snap) by extensions ['ros']
[0.331s] Level 1:colcon.colcon_core.package_identification:_identify(src/micro-ROS-Agent/snap) by extension 'ros'
[0.331s] Level 1:colcon.colcon_core.package_identification:_identify(src/micro-ROS-Agent/snap) by extensions ['cmake', 'python']
[0.331s] Level 1:colcon.colcon_core.package_identification:_identify(src/micro-ROS-Agent/snap) by extension 'cmake'
[0.331s] Level 1:colcon.colcon_core.package_identification:_identify(src/micro-ROS-Agent/snap) by extension 'python'
[0.331s] Level 1:colcon.colcon_core.package_identification:_identify(src/micro-ROS-Agent/snap) by extensions ['python_setup_py']
[0.331s] Level 1:colcon.colcon_core.package_identification:_identify(src/micro-ROS-Agent/snap) by extension 'python_setup_py'
[0.332s] Level 1:colcon.colcon_core.package_identification:_identify(src/micro-ROS-Agent/snap/hooks) by extensions ['ignore', 'ignore_ament_install']
[0.332s] Level 1:colcon.colcon_core.package_identification:_identify(src/micro-ROS-Agent/snap/hooks) by extension 'ignore'
[0.332s] Level 1:colcon.colcon_core.package_identification:_identify(src/micro-ROS-Agent/snap/hooks) by extension 'ignore_ament_install'
[0.332s] Level 1:colcon.colcon_core.package_identification:_identify(src/micro-ROS-Agent/snap/hooks) by extensions ['colcon_pkg']
[0.332s] Level 1:colcon.colcon_core.package_identification:_identify(src/micro-ROS-Agent/snap/hooks) by extension 'colcon_pkg'
[0.332s] Level 1:colcon.colcon_core.package_identification:_identify(src/micro-ROS-Agent/snap/hooks) by extensions ['colcon_meta']
[0.332s] Level 1:colcon.colcon_core.package_identification:_identify(src/micro-ROS-Agent/snap/hooks) by extension 'colcon_meta'
[0.332s] Level 1:colcon.colcon_core.package_identification:_identify(src/micro-ROS-Agent/snap/hooks) by extensions ['ros']
[0.332s] Level 1:colcon.colcon_core.package_identification:_identify(src/micro-ROS-Agent/snap/hooks) by extension 'ros'
[0.332s] Level 1:colcon.colcon_core.package_identification:_identify(src/micro-ROS-Agent/snap/hooks) by extensions ['cmake', 'python']
[0.332s] Level 1:colcon.colcon_core.package_identification:_identify(src/micro-ROS-Agent/snap/hooks) by extension 'cmake'
[0.332s] Level 1:colcon.colcon_core.package_identification:_identify(src/micro-ROS-Agent/snap/hooks) by extension 'python'
[0.332s] Level 1:colcon.colcon_core.package_identification:_identify(src/micro-ROS-Agent/snap/hooks) by extensions ['python_setup_py']
[0.332s] Level 1:colcon.colcon_core.package_identification:_identify(src/micro-ROS-Agent/snap/hooks) by extension 'python_setup_py'
[0.332s] Level 1:colcon.colcon_core.package_identification:_identify(src/micro-ROS-Agent/snap/local) by extensions ['ignore', 'ignore_ament_install']
[0.332s] Level 1:colcon.colcon_core.package_identification:_identify(src/micro-ROS-Agent/snap/local) by extension 'ignore'
[0.332s] Level 1:colcon.colcon_core.package_identification:_identify(src/micro-ROS-Agent/snap/local) by extension 'ignore_ament_install'
[0.332s] Level 1:colcon.colcon_core.package_identification:_identify(src/micro-ROS-Agent/snap/local) by extensions ['colcon_pkg']
[0.332s] Level 1:colcon.colcon_core.package_identification:_identify(src/micro-ROS-Agent/snap/local) by extension 'colcon_pkg'
[0.332s] Level 1:colcon.colcon_core.package_identification:_identify(src/micro-ROS-Agent/snap/local) by extensions ['colcon_meta']
[0.333s] Level 1:colcon.colcon_core.package_identification:_identify(src/micro-ROS-Agent/snap/local) by extension 'colcon_meta'
[0.333s] Level 1:colcon.colcon_core.package_identification:_identify(src/micro-ROS-Agent/snap/local) by extensions ['ros']
[0.333s] Level 1:colcon.colcon_core.package_identification:_identify(src/micro-ROS-Agent/snap/local) by extension 'ros'
[0.333s] Level 1:colcon.colcon_core.package_identification:_identify(src/micro-ROS-Agent/snap/local) by extensions ['cmake', 'python']
[0.333s] Level 1:colcon.colcon_core.package_identification:_identify(src/micro-ROS-Agent/snap/local) by extension 'cmake'
[0.333s] Level 1:colcon.colcon_core.package_identification:_identify(src/micro-ROS-Agent/snap/local) by extension 'python'
[0.333s] Level 1:colcon.colcon_core.package_identification:_identify(src/micro-ROS-Agent/snap/local) by extensions ['python_setup_py']
[0.333s] Level 1:colcon.colcon_core.package_identification:_identify(src/micro-ROS-Agent/snap/local) by extension 'python_setup_py'
[0.333s] Level 1:colcon.colcon_core.package_identification:_identify(src/micro_ros) by extensions ['ignore', 'ignore_ament_install']
[0.333s] Level 1:colcon.colcon_core.package_identification:_identify(src/micro_ros) by extension 'ignore'
[0.333s] Level 1:colcon.colcon_core.package_identification:_identify(src/micro_ros) by extension 'ignore_ament_install'
[0.333s] Level 1:colcon.colcon_core.package_identification:_identify(src/micro_ros) by extensions ['colcon_pkg']
[0.333s] Level 1:colcon.colcon_core.package_identification:_identify(src/micro_ros) by extension 'colcon_pkg'
[0.333s] Level 1:colcon.colcon_core.package_identification:_identify(src/micro_ros) by extensions ['colcon_meta']
[0.333s] Level 1:colcon.colcon_core.package_identification:_identify(src/micro_ros) by extension 'colcon_meta'
[0.333s] Level 1:colcon.colcon_core.package_identification:_identify(src/micro_ros) by extensions ['ros']
[0.333s] Level 1:colcon.colcon_core.package_identification:_identify(src/micro_ros) by extension 'ros'
[0.333s] Level 1:colcon.colcon_core.package_identification:_identify(src/micro_ros) by extensions ['cmake', 'python']
[0.333s] Level 1:colcon.colcon_core.package_identification:_identify(src/micro_ros) by extension 'cmake'
[0.333s] Level 1:colcon.colcon_core.package_identification:_identify(src/micro_ros) by extension 'python'
[0.333s] Level 1:colcon.colcon_core.package_identification:_identify(src/micro_ros) by extensions ['python_setup_py']
[0.334s] Level 1:colcon.colcon_core.package_identification:_identify(src/micro_ros) by extension 'python_setup_py'
[0.334s] Level 1:colcon.colcon_core.package_identification:_identify(src/micro_ros/uros) by extensions ['ignore', 'ignore_ament_install']
[0.334s] Level 1:colcon.colcon_core.package_identification:_identify(src/micro_ros/uros) by extension 'ignore'
[0.334s] Level 1:colcon.colcon_core.package_identification:_identify(src/micro_ros/uros) by extension 'ignore_ament_install'
[0.334s] Level 1:colcon.colcon_core.package_identification:_identify(src/micro_ros/uros) by extensions ['colcon_pkg']
[0.334s] Level 1:colcon.colcon_core.package_identification:_identify(src/micro_ros/uros) by extension 'colcon_pkg'
[0.334s] Level 1:colcon.colcon_core.package_identification:_identify(src/micro_ros/uros) by extensions ['colcon_meta']
[0.334s] Level 1:colcon.colcon_core.package_identification:_identify(src/micro_ros/uros) by extension 'colcon_meta'
[0.334s] Level 1:colcon.colcon_core.package_identification:_identify(src/micro_ros/uros) by extensions ['ros']
[0.334s] Level 1:colcon.colcon_core.package_identification:_identify(src/micro_ros/uros) by extension 'ros'
[0.334s] Level 1:colcon.colcon_core.package_identification:_identify(src/micro_ros/uros) by extensions ['cmake', 'python']
[0.334s] Level 1:colcon.colcon_core.package_identification:_identify(src/micro_ros/uros) by extension 'cmake'
[0.334s] Level 1:colcon.colcon_core.package_identification:_identify(src/micro_ros/uros) by extension 'python'
[0.334s] Level 1:colcon.colcon_core.package_identification:_identify(src/micro_ros/uros) by extensions ['python_setup_py']
[0.334s] Level 1:colcon.colcon_core.package_identification:_identify(src/micro_ros/uros) by extension 'python_setup_py'
[0.334s] Level 1:colcon.colcon_core.package_identification:_identify(src/micro_ros/uros/micro-ROS-Agent) by extensions ['ignore', 'ignore_ament_install']
[0.334s] Level 1:colcon.colcon_core.package_identification:_identify(src/micro_ros/uros/micro-ROS-Agent) by extension 'ignore'
[0.334s] Level 1:colcon.colcon_core.package_identification:_identify(src/micro_ros/uros/micro-ROS-Agent) by extension 'ignore_ament_install'
[0.335s] Level 1:colcon.colcon_core.package_identification:_identify(src/micro_ros/uros/micro-ROS-Agent) by extensions ['colcon_pkg']
[0.335s] Level 1:colcon.colcon_core.package_identification:_identify(src/micro_ros/uros/micro-ROS-Agent) by extension 'colcon_pkg'
[0.335s] Level 1:colcon.colcon_core.package_identification:_identify(src/micro_ros/uros/micro-ROS-Agent) by extensions ['colcon_meta']
[0.335s] Level 1:colcon.colcon_core.package_identification:_identify(src/micro_ros/uros/micro-ROS-Agent) by extension 'colcon_meta'
[0.335s] Level 1:colcon.colcon_core.package_identification:_identify(src/micro_ros/uros/micro-ROS-Agent) by extensions ['ros']
[0.335s] Level 1:colcon.colcon_core.package_identification:_identify(src/micro_ros/uros/micro-ROS-Agent) by extension 'ros'
[0.335s] Level 1:colcon.colcon_core.package_identification:_identify(src/micro_ros/uros/micro-ROS-Agent) by extensions ['cmake', 'python']
[0.335s] Level 1:colcon.colcon_core.package_identification:_identify(src/micro_ros/uros/micro-ROS-Agent) by extension 'cmake'
[0.335s] Level 1:colcon.colcon_core.package_identification:_identify(src/micro_ros/uros/micro-ROS-Agent) by extension 'python'
[0.335s] Level 1:colcon.colcon_core.package_identification:_identify(src/micro_ros/uros/micro-ROS-Agent) by extensions ['python_setup_py']
[0.335s] Level 1:colcon.colcon_core.package_identification:_identify(src/micro_ros/uros/micro-ROS-Agent) by extension 'python_setup_py'
[0.335s] Level 1:colcon.colcon_core.package_identification:_identify(src/micro_ros/uros/micro_ros_msgs) by extensions ['ignore', 'ignore_ament_install']
[0.335s] Level 1:colcon.colcon_core.package_identification:_identify(src/micro_ros/uros/micro_ros_msgs) by extension 'ignore'
[0.335s] Level 1:colcon.colcon_core.package_identification:_identify(src/micro_ros/uros/micro_ros_msgs) by extension 'ignore_ament_install'
[0.335s] Level 1:colcon.colcon_core.package_identification:_identify(src/micro_ros/uros/micro_ros_msgs) by extensions ['colcon_pkg']
[0.335s] Level 1:colcon.colcon_core.package_identification:_identify(src/micro_ros/uros/micro_ros_msgs) by extension 'colcon_pkg'
[0.335s] Level 1:colcon.colcon_core.package_identification:_identify(src/micro_ros/uros/micro_ros_msgs) by extensions ['colcon_meta']
[0.335s] Level 1:colcon.colcon_core.package_identification:_identify(src/micro_ros/uros/micro_ros_msgs) by extension 'colcon_meta'
[0.335s] Level 1:colcon.colcon_core.package_identification:_identify(src/micro_ros/uros/micro_ros_msgs) by extensions ['ros']
[0.335s] Level 1:colcon.colcon_core.package_identification:_identify(src/micro_ros/uros/micro_ros_msgs) by extension 'ros'
[0.335s] Level 1:colcon.colcon_core.package_identification:_identify(src/micro_ros/uros/micro_ros_msgs) by extensions ['cmake', 'python']
[0.336s] Level 1:colcon.colcon_core.package_identification:_identify(src/micro_ros/uros/micro_ros_msgs) by extension 'cmake'
[0.336s] Level 1:colcon.colcon_core.package_identification:_identify(src/micro_ros/uros/micro_ros_msgs) by extension 'python'
[0.336s] Level 1:colcon.colcon_core.package_identification:_identify(src/micro_ros/uros/micro_ros_msgs) by extensions ['python_setup_py']
[0.336s] Level 1:colcon.colcon_core.package_identification:_identify(src/micro_ros/uros/micro_ros_msgs) by extension 'python_setup_py'
[0.336s] Level 1:colcon.colcon_core.package_identification:_identify(src/movement_core) by extensions ['ignore', 'ignore_ament_install']
[0.336s] Level 1:colcon.colcon_core.package_identification:_identify(src/movement_core) by extension 'ignore'
[0.336s] Level 1:colcon.colcon_core.package_identification:_identify(src/movement_core) by extension 'ignore_ament_install'
[0.336s] Level 1:colcon.colcon_core.package_identification:_identify(src/movement_core) by extensions ['colcon_pkg']
[0.336s] Level 1:colcon.colcon_core.package_identification:_identify(src/movement_core) by extension 'colcon_pkg'
[0.336s] Level 1:colcon.colcon_core.package_identification:_identify(src/movement_core) by extensions ['colcon_meta']
[0.336s] Level 1:colcon.colcon_core.package_identification:_identify(src/movement_core) by extension 'colcon_meta'
[0.336s] Level 1:colcon.colcon_core.package_identification:_identify(src/movement_core) by extensions ['ros']
[0.336s] Level 1:colcon.colcon_core.package_identification:_identify(src/movement_core) by extension 'ros'
[0.337s] DEBUG:colcon.colcon_core.package_identification:Package 'src/movement_core' with type 'ros.ament_python' and name 'movement_core'
[0.337s] Level 1:colcon.colcon_core.package_identification:_identify(src/movement_functions) by extensions ['ignore', 'ignore_ament_install']
[0.337s] Level 1:colcon.colcon_core.package_identification:_identify(src/movement_functions) by extension 'ignore'
[0.337s] Level 1:colcon.colcon_core.package_identification:_identify(src/movement_functions) by extension 'ignore_ament_install'
[0.337s] Level 1:colcon.colcon_core.package_identification:_identify(src/movement_functions) by extensions ['colcon_pkg']
[0.337s] Level 1:colcon.colcon_core.package_identification:_identify(src/movement_functions) by extension 'colcon_pkg'
[0.337s] Level 1:colcon.colcon_core.package_identification:_identify(src/movement_functions) by extensions ['colcon_meta']
[0.337s] Level 1:colcon.colcon_core.package_identification:_identify(src/movement_functions) by extension 'colcon_meta'
[0.337s] Level 1:colcon.colcon_core.package_identification:_identify(src/movement_functions) by extensions ['ros']
[0.337s] Level 1:colcon.colcon_core.package_identification:_identify(src/movement_functions) by extension 'ros'
[0.338s] DEBUG:colcon.colcon_core.package_identification:Package 'src/movement_functions' with type 'ros.ament_python' and name 'movement_functions'
[0.338s] Level 1:colcon.colcon_core.package_identification:_identify(src/movement_pages) by extensions ['ignore', 'ignore_ament_install']
[0.338s] Level 1:colcon.colcon_core.package_identification:_identify(src/movement_pages) by extension 'ignore'
[0.338s] Level 1:colcon.colcon_core.package_identification:_identify(src/movement_pages) by extension 'ignore_ament_install'
[0.338s] Level 1:colcon.colcon_core.package_identification:_identify(src/movement_pages) by extensions ['colcon_pkg']
[0.338s] Level 1:colcon.colcon_core.package_identification:_identify(src/movement_pages) by extension 'colcon_pkg'
[0.338s] Level 1:colcon.colcon_core.package_identification:_identify(src/movement_pages) by extensions ['colcon_meta']
[0.338s] Level 1:colcon.colcon_core.package_identification:_identify(src/movement_pages) by extension 'colcon_meta'
[0.338s] Level 1:colcon.colcon_core.package_identification:_identify(src/movement_pages) by extensions ['ros']
[0.338s] Level 1:colcon.colcon_core.package_identification:_identify(src/movement_pages) by extension 'ros'
[0.339s] DEBUG:colcon.colcon_core.package_identification:Package 'src/movement_pages' with type 'ros.ament_python' and name 'movement_pages'
[0.339s] Level 1:colcon.colcon_core.package_identification:_identify(src/movement_utils) by extensions ['ignore', 'ignore_ament_install']
[0.339s] Level 1:colcon.colcon_core.package_identification:_identify(src/movement_utils) by extension 'ignore'
[0.339s] Level 1:colcon.colcon_core.package_identification:_identify(src/movement_utils) by extension 'ignore_ament_install'
[0.339s] Level 1:colcon.colcon_core.package_identification:_identify(src/movement_utils) by extensions ['colcon_pkg']
[0.339s] Level 1:colcon.colcon_core.package_identification:_identify(src/movement_utils) by extension 'colcon_pkg'
[0.339s] Level 1:colcon.colcon_core.package_identification:_identify(src/movement_utils) by extensions ['colcon_meta']
[0.339s] Level 1:colcon.colcon_core.package_identification:_identify(src/movement_utils) by extension 'colcon_meta'
[0.339s] Level 1:colcon.colcon_core.package_identification:_identify(src/movement_utils) by extensions ['ros']
[0.339s] Level 1:colcon.colcon_core.package_identification:_identify(src/movement_utils) by extension 'ros'
[0.340s] DEBUG:colcon.colcon_core.package_identification:Package 'src/movement_utils' with type 'ros.ament_cmake' and name 'movement_utils'
[0.340s] Level 1:colcon.colcon_core.package_identification:_identify(src/tahara_pages) by extensions ['ignore', 'ignore_ament_install']
[0.340s] Level 1:colcon.colcon_core.package_identification:_identify(src/tahara_pages) by extension 'ignore'
[0.340s] Level 1:colcon.colcon_core.package_identification:_identify(src/tahara_pages) by extension 'ignore_ament_install'
[0.340s] Level 1:colcon.colcon_core.package_identification:_identify(src/tahara_pages) by extensions ['colcon_pkg']
[0.340s] Level 1:colcon.colcon_core.package_identification:_identify(src/tahara_pages) by extension 'colcon_pkg'
[0.340s] Level 1:colcon.colcon_core.package_identification:_identify(src/tahara_pages) by extensions ['colcon_meta']
[0.340s] Level 1:colcon.colcon_core.package_identification:_identify(src/tahara_pages) by extension 'colcon_meta'
[0.340s] Level 1:colcon.colcon_core.package_identification:_identify(src/tahara_pages) by extensions ['ros']
[0.340s] Level 1:colcon.colcon_core.package_identification:_identify(src/tahara_pages) by extension 'ros'
[0.341s] DEBUG:colcon.colcon_core.package_identification:Package 'src/tahara_pages' with type 'ros.ament_python' and name 'tahara_pages'
[0.341s] Level 1:colcon.colcon_core.package_identification:_identify(src/u2d2_comm) by extensions ['ignore', 'ignore_ament_install']
[0.341s] Level 1:colcon.colcon_core.package_identification:_identify(src/u2d2_comm) by extension 'ignore'
[0.341s] Level 1:colcon.colcon_core.package_identification:_identify(src/u2d2_comm) by extension 'ignore_ament_install'
[0.341s] Level 1:colcon.colcon_core.package_identification:_identify(src/u2d2_comm) by extensions ['colcon_pkg']
[0.341s] Level 1:colcon.colcon_core.package_identification:_identify(src/u2d2_comm) by extension 'colcon_pkg'
[0.341s] Level 1:colcon.colcon_core.package_identification:_identify(src/u2d2_comm) by extensions ['colcon_meta']
[0.341s] Level 1:colcon.colcon_core.package_identification:_identify(src/u2d2_comm) by extension 'colcon_meta'
[0.341s] Level 1:colcon.colcon_core.package_identification:_identify(src/u2d2_comm) by extensions ['ros']
[0.341s] Level 1:colcon.colcon_core.package_identification:_identify(src/u2d2_comm) by extension 'ros'
[0.342s] DEBUG:colcon.colcon_core.package_identification:Package 'src/u2d2_comm' with type 'ros.ament_python' and name 'u2d2_comm'
[0.342s] Level 1:colcon.colcon_core.package_identification:_identify(src/urdf_example) by extensions ['ignore', 'ignore_ament_install']
[0.342s] Level 1:colcon.colcon_core.package_identification:_identify(src/urdf_example) by extension 'ignore'
[0.342s] Level 1:colcon.colcon_core.package_identification:_identify(src/urdf_example) by extension 'ignore_ament_install'
[0.342s] Level 1:colcon.colcon_core.package_identification:_identify(src/urdf_example) by extensions ['colcon_pkg']
[0.342s] Level 1:colcon.colcon_core.package_identification:_identify(src/urdf_example) by extension 'colcon_pkg'
[0.342s] Level 1:colcon.colcon_core.package_identification:_identify(src/urdf_example) by extensions ['colcon_meta']
[0.342s] Level 1:colcon.colcon_core.package_identification:_identify(src/urdf_example) by extension 'colcon_meta'
[0.342s] Level 1:colcon.colcon_core.package_identification:_identify(src/urdf_example) by extensions ['ros']
[0.342s] Level 1:colcon.colcon_core.package_identification:_identify(src/urdf_example) by extension 'ros'
[0.343s] DEBUG:colcon.colcon_core.package_identification:Package 'src/urdf_example' with type 'ros.ament_cmake' and name 'urdf_example'
[0.343s] Level 1:colcon.colcon_core.package_identification:_identify(src/urdf_robox) by extensions ['ignore', 'ignore_ament_install']
[0.343s] Level 1:colcon.colcon_core.package_identification:_identify(src/urdf_robox) by extension 'ignore'
[0.343s] Level 1:colcon.colcon_core.package_identification:_identify(src/urdf_robox) by extension 'ignore_ament_install'
[0.343s] Level 1:colcon.colcon_core.package_identification:_identify(src/urdf_robox) by extensions ['colcon_pkg']
[0.343s] Level 1:colcon.colcon_core.package_identification:_identify(src/urdf_robox) by extension 'colcon_pkg'
[0.343s] Level 1:colcon.colcon_core.package_identification:_identify(src/urdf_robox) by extensions ['colcon_meta']
[0.343s] Level 1:colcon.colcon_core.package_identification:_identify(src/urdf_robox) by extension 'colcon_meta'
[0.343s] Level 1:colcon.colcon_core.package_identification:_identify(src/urdf_robox) by extensions ['ros']
[0.343s] Level 1:colcon.colcon_core.package_identification:_identify(src/urdf_robox) by extension 'ros'
[0.344s] DEBUG:colcon.colcon_core.package_identification:Package 'src/urdf_robox' with type 'ros.ament_cmake' and name 'urdf_robox'
[0.344s] Level 1:colcon.colcon_core.package_discovery:discover_packages(recursive) using defaults
[0.344s] Level 1:colcon.colcon_core.package_discovery:discover_packages(ignore) discover
[0.344s] Level 1:colcon.colcon_core.package_discovery:discover_packages(ignore) using defaults
[0.344s] Level 1:colcon.colcon_core.package_discovery:discover_packages(path) discover
[0.344s] Level 1:colcon.colcon_core.package_discovery:discover_packages(path) using defaults
[0.365s] Level 1:colcon.colcon_core.package_discovery:discover_packages(prefix_path) check parameters
[0.365s] Level 1:colcon.colcon_core.package_discovery:discover_packages(prefix_path) discover
[0.366s] WARNING:colcon.colcon_ros.prefix_path.ament:The path '/home/pedrohperes/edromufu/src/movement/Ros2_change/install/pot_package' in the environment variable AMENT_PREFIX_PATH doesn't exist
[0.366s] WARNING:colcon.colcon_ros.prefix_path.ament:The path '/home/pedrohperes/edromufu/src/movement/Ros2_change/install/micro_ros_msgs' in the environment variable AMENT_PREFIX_PATH doesn't exist
[0.366s] WARNING:colcon.colcon_ros.prefix_path.catkin:The path '/home/pedrohperes/edromufu/src/movement/Ros2_change/install/micro_ros_msgs' in the environment variable CMAKE_PREFIX_PATH doesn't exist
[0.367s] DEBUG:colcon.colcon_installed_package_information.package_discovery:Found 13 installed packages in /home/pedrohperes/edromufu/src/movement/Ros2_change/install
[0.367s] DEBUG:colcon.colcon_installed_package_information.package_discovery:Found 3 installed packages in /home/pedrohperes/edromufu/install
[0.369s] DEBUG:colcon.colcon_installed_package_information.package_discovery:Found 286 installed packages in /opt/ros/humble
[0.370s] Level 1:colcon.colcon_core.package_discovery:discover_packages(prefix_path) using defaults
[0.408s] Level 5:colcon.colcon_core.verb:set package 'erro_package' build argument 'cmake_args' from command line to 'None'
[0.408s] Level 5:colcon.colcon_core.verb:set package 'erro_package' build argument 'cmake_target' from command line to 'None'
[0.408s] Level 5:colcon.colcon_core.verb:set package 'erro_package' build argument 'cmake_target_skip_unavailable' from command line to 'False'
[0.408s] Level 5:colcon.colcon_core.verb:set package 'erro_package' build argument 'cmake_clean_cache' from command line to 'False'
[0.408s] Level 5:colcon.colcon_core.verb:set package 'erro_package' build argument 'cmake_clean_first' from command line to 'False'
[0.408s] Level 5:colcon.colcon_core.verb:set package 'erro_package' build argument 'cmake_force_configure' from command line to 'False'
[0.408s] Level 5:colcon.colcon_core.verb:set package 'erro_package' build argument 'ament_cmake_args' from command line to 'None'
[0.408s] Level 5:colcon.colcon_core.verb:set package 'erro_package' build argument 'catkin_cmake_args' from command line to 'None'
[0.408s] Level 5:colcon.colcon_core.verb:set package 'erro_package' build argument 'catkin_skip_building_tests' from command line to 'False'
[0.408s] DEBUG:colcon.colcon_core.verb:Building package 'erro_package' with the following arguments: {'ament_cmake_args': None, 'build_base': '/home/pedrohperes/edromufu/src/movement/Ros2_change/build/erro_package', 'catkin_cmake_args': None, 'catkin_skip_building_tests': False, 'cmake_args': None, 'cmake_clean_cache': False, 'cmake_clean_first': False, 'cmake_force_configure': False, 'cmake_target': None, 'cmake_target_skip_unavailable': False, 'install_base': '/home/pedrohperes/edromufu/src/movement/Ros2_change/install/erro_package', 'merge_install': False, 'path': '/home/pedrohperes/edromufu/src/movement/Ros2_change/src/erro_package', 'symlink_install': False, 'test_result_base': None}
[0.409s] Level 5:colcon.colcon_core.verb:set package 'humanoid_visualization' build argument 'cmake_args' from command line to 'None'
[0.409s] Level 5:colcon.colcon_core.verb:set package 'humanoid_visualization' build argument 'cmake_target' from command line to 'None'
[0.409s] Level 5:colcon.colcon_core.verb:set package 'humanoid_visualization' build argument 'cmake_target_skip_unavailable' from command line to 'False'
[0.409s] Level 5:colcon.colcon_core.verb:set package 'humanoid_visualization' build argument 'cmake_clean_cache' from command line to 'False'
[0.409s] Level 5:colcon.colcon_core.verb:set package 'humanoid_visualization' build argument 'cmake_clean_first' from command line to 'False'
[0.409s] Level 5:colcon.colcon_core.verb:set package 'humanoid_visualization' build argument 'cmake_force_configure' from command line to 'False'
[0.409s] Level 5:colcon.colcon_core.verb:set package 'humanoid_visualization' build argument 'ament_cmake_args' from command line to 'None'
[0.409s] Level 5:colcon.colcon_core.verb:set package 'humanoid_visualization' build argument 'catkin_cmake_args' from command line to 'None'
[0.409s] Level 5:colcon.colcon_core.verb:set package 'humanoid_visualization' build argument 'catkin_skip_building_tests' from command line to 'False'
[0.409s] DEBUG:colcon.colcon_core.verb:Building package 'humanoid_visualization' with the following arguments: {'ament_cmake_args': None, 'build_base': '/home/pedrohperes/edromufu/src/movement/Ros2_change/build/humanoid_visualization', 'catkin_cmake_args': None, 'catkin_skip_building_tests': False, 'cmake_args': None, 'cmake_clean_cache': False, 'cmake_clean_first': False, 'cmake_force_configure': False, 'cmake_target': None, 'cmake_target_skip_unavailable': False, 'install_base': '/home/pedrohperes/edromufu/src/movement/Ros2_change/install/humanoid_visualization', 'merge_install': False, 'path': '/home/pedrohperes/edromufu/src/movement/Ros2_change/src/humanoid_visualization', 'symlink_install': False, 'test_result_base': None}
[0.409s] Level 5:colcon.colcon_core.verb:set package 'kinematic_functions' build argument 'cmake_args' from command line to 'None'
[0.409s] Level 5:colcon.colcon_core.verb:set package 'kinematic_functions' build argument 'cmake_target' from command line to 'None'
[0.409s] Level 5:colcon.colcon_core.verb:set package 'kinematic_functions' build argument 'cmake_target_skip_unavailable' from command line to 'False'
[0.409s] Level 5:colcon.colcon_core.verb:set package 'kinematic_functions' build argument 'cmake_clean_cache' from command line to 'False'
[0.409s] Level 5:colcon.colcon_core.verb:set package 'kinematic_functions' build argument 'cmake_clean_first' from command line to 'False'
[0.410s] Level 5:colcon.colcon_core.verb:set package 'kinematic_functions' build argument 'cmake_force_configure' from command line to 'False'
[0.410s] Level 5:colcon.colcon_core.verb:set package 'kinematic_functions' build argument 'ament_cmake_args' from command line to 'None'
[0.410s] Level 5:colcon.colcon_core.verb:set package 'kinematic_functions' build argument 'catkin_cmake_args' from command line to 'None'
[0.410s] Level 5:colcon.colcon_core.verb:set package 'kinematic_functions' build argument 'catkin_skip_building_tests' from command line to 'False'
[0.410s] DEBUG:colcon.colcon_core.verb:Building package 'kinematic_functions' with the following arguments: {'ament_cmake_args': None, 'build_base': '/home/pedrohperes/edromufu/src/movement/Ros2_change/build/kinematic_functions', 'catkin_cmake_args': None, 'catkin_skip_building_tests': False, 'cmake_args': None, 'cmake_clean_cache': False, 'cmake_clean_first': False, 'cmake_force_configure': False, 'cmake_target': None, 'cmake_target_skip_unavailable': False, 'install_base': '/home/pedrohperes/edromufu/src/movement/Ros2_change/install/kinematic_functions', 'merge_install': False, 'path': '/home/pedrohperes/edromufu/src/movement/Ros2_change/src/kinematic_functions', 'symlink_install': False, 'test_result_base': None}
[0.410s] Level 5:colcon.colcon_core.verb:set package 'micro_ros_agent' build argument 'cmake_args' from command line to 'None'
[0.410s] Level 5:colcon.colcon_core.verb:set package 'micro_ros_agent' build argument 'cmake_target' from command line to 'None'
[0.410s] Level 5:colcon.colcon_core.verb:set package 'micro_ros_agent' build argument 'cmake_target_skip_unavailable' from command line to 'False'
[0.410s] Level 5:colcon.colcon_core.verb:set package 'micro_ros_agent' build argument 'cmake_clean_cache' from command line to 'False'
[0.410s] Level 5:colcon.colcon_core.verb:set package 'micro_ros_agent' build argument 'cmake_clean_first' from command line to 'False'
[0.410s] Level 5:colcon.colcon_core.verb:set package 'micro_ros_agent' build argument 'cmake_force_configure' from command line to 'False'
[0.410s] Level 5:colcon.colcon_core.verb:set package 'micro_ros_agent' build argument 'ament_cmake_args' from command line to 'None'
[0.410s] Level 5:colcon.colcon_core.verb:set package 'micro_ros_agent' build argument 'catkin_cmake_args' from command line to 'None'
[0.410s] Level 5:colcon.colcon_core.verb:set package 'micro_ros_agent' build argument 'catkin_skip_building_tests' from command line to 'False'
[0.410s] DEBUG:colcon.colcon_core.verb:Building package 'micro_ros_agent' with the following arguments: {'ament_cmake_args': None, 'build_base': '/home/pedrohperes/edromufu/src/movement/Ros2_change/build/micro_ros_agent', 'catkin_cmake_args': None, 'catkin_skip_building_tests': False, 'cmake_args': None, 'cmake_clean_cache': False, 'cmake_clean_first': False, 'cmake_force_configure': False, 'cmake_target': None, 'cmake_target_skip_unavailable': False, 'install_base': '/home/pedrohperes/edromufu/src/movement/Ros2_change/install/micro_ros_agent', 'merge_install': False, 'path': '/home/pedrohperes/edromufu/src/movement/Ros2_change/src/micro-ROS-Agent/micro_ros_agent', 'symlink_install': False, 'test_result_base': None}
[0.411s] Level 5:colcon.colcon_core.verb:set package 'movement_utils' build argument 'cmake_args' from command line to 'None'
[0.411s] Level 5:colcon.colcon_core.verb:set package 'movement_utils' build argument 'cmake_target' from command line to 'None'
[0.411s] Level 5:colcon.colcon_core.verb:set package 'movement_utils' build argument 'cmake_target_skip_unavailable' from command line to 'False'
[0.411s] Level 5:colcon.colcon_core.verb:set package 'movement_utils' build argument 'cmake_clean_cache' from command line to 'False'
[0.411s] Level 5:colcon.colcon_core.verb:set package 'movement_utils' build argument 'cmake_clean_first' from command line to 'False'
[0.411s] Level 5:colcon.colcon_core.verb:set package 'movement_utils' build argument 'cmake_force_configure' from command line to 'False'
[0.411s] Level 5:colcon.colcon_core.verb:set package 'movement_utils' build argument 'ament_cmake_args' from command line to 'None'
[0.411s] Level 5:colcon.colcon_core.verb:set package 'movement_utils' build argument 'catkin_cmake_args' from command line to 'None'
[0.411s] Level 5:colcon.colcon_core.verb:set package 'movement_utils' build argument 'catkin_skip_building_tests' from command line to 'False'
[0.411s] DEBUG:colcon.colcon_core.verb:Building package 'movement_utils' with the following arguments: {'ament_cmake_args': None, 'build_base': '/home/pedrohperes/edromufu/src/movement/Ros2_change/build/movement_utils', 'catkin_cmake_args': None, 'catkin_skip_building_tests': False, 'cmake_args': None, 'cmake_clean_cache': False, 'cmake_clean_first': False, 'cmake_force_configure': False, 'cmake_target': None, 'cmake_target_skip_unavailable': False, 'install_base': '/home/pedrohperes/edromufu/src/movement/Ros2_change/install/movement_utils', 'merge_install': False, 'path': '/home/pedrohperes/edromufu/src/movement/Ros2_change/src/movement_utils', 'symlink_install': False, 'test_result_base': None}
[0.411s] Level 5:colcon.colcon_core.verb:set package 'tahara_pages' build argument 'cmake_args' from command line to 'None'
[0.411s] Level 5:colcon.colcon_core.verb:set package 'tahara_pages' build argument 'cmake_target' from command line to 'None'
[0.411s] Level 5:colcon.colcon_core.verb:set package 'tahara_pages' build argument 'cmake_target_skip_unavailable' from command line to 'False'
[0.411s] Level 5:colcon.colcon_core.verb:set package 'tahara_pages' build argument 'cmake_clean_cache' from command line to 'False'
[0.411s] Level 5:colcon.colcon_core.verb:set package 'tahara_pages' build argument 'cmake_clean_first' from command line to 'False'
[0.411s] Level 5:colcon.colcon_core.verb:set package 'tahara_pages' build argument 'cmake_force_configure' from command line to 'False'
[0.411s] Level 5:colcon.colcon_core.verb:set package 'tahara_pages' build argument 'ament_cmake_args' from command line to 'None'
[0.411s] Level 5:colcon.colcon_core.verb:set package 'tahara_pages' build argument 'catkin_cmake_args' from command line to 'None'
[0.411s] Level 5:colcon.colcon_core.verb:set package 'tahara_pages' build argument 'catkin_skip_building_tests' from command line to 'False'
[0.411s] DEBUG:colcon.colcon_core.verb:Building package 'tahara_pages' with the following arguments: {'ament_cmake_args': None, 'build_base': '/home/pedrohperes/edromufu/src/movement/Ros2_change/build/tahara_pages', 'catkin_cmake_args': None, 'catkin_skip_building_tests': False, 'cmake_args': None, 'cmake_clean_cache': False, 'cmake_clean_first': False, 'cmake_force_configure': False, 'cmake_target': None, 'cmake_target_skip_unavailable': False, 'install_base': '/home/pedrohperes/edromufu/src/movement/Ros2_change/install/tahara_pages', 'merge_install': False, 'path': '/home/pedrohperes/edromufu/src/movement/Ros2_change/src/tahara_pages', 'symlink_install': False, 'test_result_base': None}
[0.412s] Level 5:colcon.colcon_core.verb:set package 'urdf_example' build argument 'cmake_args' from command line to 'None'
[0.412s] Level 5:colcon.colcon_core.verb:set package 'urdf_example' build argument 'cmake_target' from command line to 'None'
[0.412s] Level 5:colcon.colcon_core.verb:set package 'urdf_example' build argument 'cmake_target_skip_unavailable' from command line to 'False'
[0.412s] Level 5:colcon.colcon_core.verb:set package 'urdf_example' build argument 'cmake_clean_cache' from command line to 'False'
[0.412s] Level 5:colcon.colcon_core.verb:set package 'urdf_example' build argument 'cmake_clean_first' from command line to 'False'
[0.412s] Level 5:colcon.colcon_core.verb:set package 'urdf_example' build argument 'cmake_force_configure' from command line to 'False'
[0.412s] Level 5:colcon.colcon_core.verb:set package 'urdf_example' build argument 'ament_cmake_args' from command line to 'None'
[0.412s] Level 5:colcon.colcon_core.verb:set package 'urdf_example' build argument 'catkin_cmake_args' from command line to 'None'
[0.412s] Level 5:colcon.colcon_core.verb:set package 'urdf_example' build argument 'catkin_skip_building_tests' from command line to 'False'
[0.412s] DEBUG:colcon.colcon_core.verb:Building package 'urdf_example' with the following arguments: {'ament_cmake_args': None, 'build_base': '/home/pedrohperes/edromufu/src/movement/Ros2_change/build/urdf_example', 'catkin_cmake_args': None, 'catkin_skip_building_tests': False, 'cmake_args': None, 'cmake_clean_cache': False, 'cmake_clean_first': False, 'cmake_force_configure': False, 'cmake_target': None, 'cmake_target_skip_unavailable': False, 'install_base': '/home/pedrohperes/edromufu/src/movement/Ros2_change/install/urdf_example', 'merge_install': False, 'path': '/home/pedrohperes/edromufu/src/movement/Ros2_change/src/urdf_example', 'symlink_install': False, 'test_result_base': None}
[0.412s] Level 5:colcon.colcon_core.verb:set package 'urdf_robox' build argument 'cmake_args' from command line to 'None'
[0.412s] Level 5:colcon.colcon_core.verb:set package 'urdf_robox' build argument 'cmake_target' from command line to 'None'
[0.412s] Level 5:colcon.colcon_core.verb:set package 'urdf_robox' build argument 'cmake_target_skip_unavailable' from command line to 'False'
[0.412s] Level 5:colcon.colcon_core.verb:set package 'urdf_robox' build argument 'cmake_clean_cache' from command line to 'False'
[0.412s] Level 5:colcon.colcon_core.verb:set package 'urdf_robox' build argument 'cmake_clean_first' from command line to 'False'
[0.412s] Level 5:colcon.colcon_core.verb:set package 'urdf_robox' build argument 'cmake_force_configure' from command line to 'False'
[0.412s] Level 5:colcon.colcon_core.verb:set package 'urdf_robox' build argument 'ament_cmake_args' from command line to 'None'
[0.412s] Level 5:colcon.colcon_core.verb:set package 'urdf_robox' build argument 'catkin_cmake_args' from command line to 'None'
[0.412s] Level 5:colcon.colcon_core.verb:set package 'urdf_robox' build argument 'catkin_skip_building_tests' from command line to 'False'
[0.412s] DEBUG:colcon.colcon_core.verb:Building package 'urdf_robox' with the following arguments: {'ament_cmake_args': None, 'build_base': '/home/pedrohperes/edromufu/src/movement/Ros2_change/build/urdf_robox', 'catkin_cmake_args': None, 'catkin_skip_building_tests': False, 'cmake_args': None, 'cmake_clean_cache': False, 'cmake_clean_first': False, 'cmake_force_configure': False, 'cmake_target': None, 'cmake_target_skip_unavailable': False, 'install_base': '/home/pedrohperes/edromufu/src/movement/Ros2_change/install/urdf_robox', 'merge_install': False, 'path': '/home/pedrohperes/edromufu/src/movement/Ros2_change/src/urdf_robox', 'symlink_install': False, 'test_result_base': None}
[0.413s] Level 5:colcon.colcon_core.verb:set package 'humanoid_definition' build argument 'cmake_args' from command line to 'None'
[0.413s] Level 5:colcon.colcon_core.verb:set package 'humanoid_definition' build argument 'cmake_target' from command line to 'None'
[0.413s] Level 5:colcon.colcon_core.verb:set package 'humanoid_definition' build argument 'cmake_target_skip_unavailable' from command line to 'False'
[0.413s] Level 5:colcon.colcon_core.verb:set package 'humanoid_definition' build argument 'cmake_clean_cache' from command line to 'False'
[0.413s] Level 5:colcon.colcon_core.verb:set package 'humanoid_definition' build argument 'cmake_clean_first' from command line to 'False'
[0.413s] Level 5:colcon.colcon_core.verb:set package 'humanoid_definition' build argument 'cmake_force_configure' from command line to 'False'
[0.413s] Level 5:colcon.colcon_core.verb:set package 'humanoid_definition' build argument 'ament_cmake_args' from command line to 'None'
[0.413s] Level 5:colcon.colcon_core.verb:set package 'humanoid_definition' build argument 'catkin_cmake_args' from command line to 'None'
[0.413s] Level 5:colcon.colcon_core.verb:set package 'humanoid_definition' build argument 'catkin_skip_building_tests' from command line to 'False'
[0.413s] DEBUG:colcon.colcon_core.verb:Building package 'humanoid_definition' with the following arguments: {'ament_cmake_args': None, 'build_base': '/home/pedrohperes/edromufu/src/movement/Ros2_change/build/humanoid_definition', 'catkin_cmake_args': None, 'catkin_skip_building_tests': False, 'cmake_args': None, 'cmake_clean_cache': False, 'cmake_clean_first': False, 'cmake_force_configure': False, 'cmake_target': None, 'cmake_target_skip_unavailable': False, 'install_base': '/home/pedrohperes/edromufu/src/movement/Ros2_change/install/humanoid_definition', 'merge_install': False, 'path': '/home/pedrohperes/edromufu/src/movement/Ros2_change/src/humanoid_definition', 'symlink_install': False, 'test_result_base': None}
[0.413s] Level 5:colcon.colcon_core.verb:set package 'movement_functions' build argument 'cmake_args' from command line to 'None'
[0.413s] Level 5:colcon.colcon_core.verb:set package 'movement_functions' build argument 'cmake_target' from command line to 'None'
[0.413s] Level 5:colcon.colcon_core.verb:set package 'movement_functions' build argument 'cmake_target_skip_unavailable' from command line to 'False'
[0.413s] Level 5:colcon.colcon_core.verb:set package 'movement_functions' build argument 'cmake_clean_cache' from command line to 'False'
[0.413s] Level 5:colcon.colcon_core.verb:set package 'movement_functions' build argument 'cmake_clean_first' from command line to 'False'
[0.414s] Level 5:colcon.colcon_core.verb:set package 'movement_functions' build argument 'cmake_force_configure' from command line to 'False'
[0.414s] Level 5:colcon.colcon_core.verb:set package 'movement_functions' build argument 'ament_cmake_args' from command line to 'None'
[0.414s] Level 5:colcon.colcon_core.verb:set package 'movement_functions' build argument 'catkin_cmake_args' from command line to 'None'
[0.414s] Level 5:colcon.colcon_core.verb:set package 'movement_functions' build argument 'catkin_skip_building_tests' from command line to 'False'
[0.414s] DEBUG:colcon.colcon_core.verb:Building package 'movement_functions' with the following arguments: {'ament_cmake_args': None, 'build_base': '/home/pedrohperes/edromufu/src/movement/Ros2_change/build/movement_functions', 'catkin_cmake_args': None, 'catkin_skip_building_tests': False, 'cmake_args': None, 'cmake_clean_cache': False, 'cmake_clean_first': False, 'cmake_force_configure': False, 'cmake_target': None, 'cmake_target_skip_unavailable': False, 'install_base': '/home/pedrohperes/edromufu/src/movement/Ros2_change/install/movement_functions', 'merge_install': False, 'path': '/home/pedrohperes/edromufu/src/movement/Ros2_change/src/movement_functions', 'symlink_install': False, 'test_result_base': None}
[0.414s] Level 5:colcon.colcon_core.verb:set package 'movement_pages' build argument 'cmake_args' from command line to 'None'
[0.414s] Level 5:colcon.colcon_core.verb:set package 'movement_pages' build argument 'cmake_target' from command line to 'None'
[0.414s] Level 5:colcon.colcon_core.verb:set package 'movement_pages' build argument 'cmake_target_skip_unavailable' from command line to 'False'
[0.414s] Level 5:colcon.colcon_core.verb:set package 'movement_pages' build argument 'cmake_clean_cache' from command line to 'False'
[0.414s] Level 5:colcon.colcon_core.verb:set package 'movement_pages' build argument 'cmake_clean_first' from command line to 'False'
[0.414s] Level 5:colcon.colcon_core.verb:set package 'movement_pages' build argument 'cmake_force_configure' from command line to 'False'
[0.414s] Level 5:colcon.colcon_core.verb:set package 'movement_pages' build argument 'ament_cmake_args' from command line to 'None'
[0.414s] Level 5:colcon.colcon_core.verb:set package 'movement_pages' build argument 'catkin_cmake_args' from command line to 'None'
[0.414s] Level 5:colcon.colcon_core.verb:set package 'movement_pages' build argument 'catkin_skip_building_tests' from command line to 'False'
[0.414s] DEBUG:colcon.colcon_core.verb:Building package 'movement_pages' with the following arguments: {'ament_cmake_args': None, 'build_base': '/home/pedrohperes/edromufu/src/movement/Ros2_change/build/movement_pages', 'catkin_cmake_args': None, 'catkin_skip_building_tests': False, 'cmake_args': None, 'cmake_clean_cache': False, 'cmake_clean_first': False, 'cmake_force_configure': False, 'cmake_target': None, 'cmake_target_skip_unavailable': False, 'install_base': '/home/pedrohperes/edromufu/src/movement/Ros2_change/install/movement_pages', 'merge_install': False, 'path': '/home/pedrohperes/edromufu/src/movement/Ros2_change/src/movement_pages', 'symlink_install': False, 'test_result_base': None}
[0.415s] Level 5:colcon.colcon_core.verb:set package 'u2d2_comm' build argument 'cmake_args' from command line to 'None'
[0.415s] Level 5:colcon.colcon_core.verb:set package 'u2d2_comm' build argument 'cmake_target' from command line to 'None'
[0.415s] Level 5:colcon.colcon_core.verb:set package 'u2d2_comm' build argument 'cmake_target_skip_unavailable' from command line to 'False'
[0.415s] Level 5:colcon.colcon_core.verb:set package 'u2d2_comm' build argument 'cmake_clean_cache' from command line to 'False'
[0.415s] Level 5:colcon.colcon_core.verb:set package 'u2d2_comm' build argument 'cmake_clean_first' from command line to 'False'
[0.415s] Level 5:colcon.colcon_core.verb:set package 'u2d2_comm' build argument 'cmake_force_configure' from command line to 'False'
[0.415s] Level 5:colcon.colcon_core.verb:set package 'u2d2_comm' build argument 'ament_cmake_args' from command line to 'None'
[0.415s] Level 5:colcon.colcon_core.verb:set package 'u2d2_comm' build argument 'catkin_cmake_args' from command line to 'None'
[0.415s] Level 5:colcon.colcon_core.verb:set package 'u2d2_comm' build argument 'catkin_skip_building_tests' from command line to 'False'
[0.415s] DEBUG:colcon.colcon_core.verb:Building package 'u2d2_comm' with the following arguments: {'ament_cmake_args': None, 'build_base': '/home/pedrohperes/edromufu/src/movement/Ros2_change/build/u2d2_comm', 'catkin_cmake_args': None, 'catkin_skip_building_tests': False, 'cmake_args': None, 'cmake_clean_cache': False, 'cmake_clean_first': False, 'cmake_force_configure': False, 'cmake_target': None, 'cmake_target_skip_unavailable': False, 'install_base': '/home/pedrohperes/edromufu/src/movement/Ros2_change/install/u2d2_comm', 'merge_install': False, 'path': '/home/pedrohperes/edromufu/src/movement/Ros2_change/src/u2d2_comm', 'symlink_install': False, 'test_result_base': None}
[0.415s] Level 5:colcon.colcon_core.verb:set package 'movement_core' build argument 'cmake_args' from command line to 'None'
[0.415s] Level 5:colcon.colcon_core.verb:set package 'movement_core' build argument 'cmake_target' from command line to 'None'
[0.415s] Level 5:colcon.colcon_core.verb:set package 'movement_core' build argument 'cmake_target_skip_unavailable' from command line to 'False'
[0.415s] Level 5:colcon.colcon_core.verb:set package 'movement_core' build argument 'cmake_clean_cache' from command line to 'False'
[0.415s] Level 5:colcon.colcon_core.verb:set package 'movement_core' build argument 'cmake_clean_first' from command line to 'False'
[0.415s] Level 5:colcon.colcon_core.verb:set package 'movement_core' build argument 'cmake_force_configure' from command line to 'False'
[0.415s] Level 5:colcon.colcon_core.verb:set package 'movement_core' build argument 'ament_cmake_args' from command line to 'None'
[0.415s] Level 5:colcon.colcon_core.verb:set package 'movement_core' build argument 'catkin_cmake_args' from command line to 'None'
[0.415s] Level 5:colcon.colcon_core.verb:set package 'movement_core' build argument 'catkin_skip_building_tests' from command line to 'False'
[0.415s] DEBUG:colcon.colcon_core.verb:Building package 'movement_core' with the following arguments: {'ament_cmake_args': None, 'build_base': '/home/pedrohperes/edromufu/src/movement/Ros2_change/build/movement_core', 'catkin_cmake_args': None, 'catkin_skip_building_tests': False, 'cmake_args': None, 'cmake_clean_cache': False, 'cmake_clean_first': False, 'cmake_force_configure': False, 'cmake_target': None, 'cmake_target_skip_unavailable': False, 'install_base': '/home/pedrohperes/edromufu/src/movement/Ros2_change/install/movement_core', 'merge_install': False, 'path': '/home/pedrohperes/edromufu/src/movement/Ros2_change/src/movement_core', 'symlink_install': False, 'test_result_base': None}
[0.415s] INFO:colcon.colcon_core.executor:Executing jobs using 'parallel' executor
[0.416s] DEBUG:colcon.colcon_parallel_executor.executor.parallel:run_until_complete
[0.417s] INFO:colcon.colcon_ros.task.ament_python.build:Building ROS package in '/home/pedrohperes/edromufu/src/movement/Ros2_change/src/kinematic_functions' with build type 'ament_python'
[0.417s] Level 1:colcon.colcon_core.shell:create_environment_hook('kinematic_functions', 'ament_prefix_path')
[0.419s] INFO:colcon.colcon_core.plugin_system:Skipping extension 'colcon_core.shell.bat': Not used on non-Windows systems
[0.419s] INFO:colcon.colcon_core.shell:Creating environment hook '/home/pedrohperes/edromufu/src/movement/Ros2_change/install/kinematic_functions/share/kinematic_functions/hook/ament_prefix_path.ps1'
[0.420s] INFO:colcon.colcon_core.shell:Creating environment descriptor '/home/pedrohperes/edromufu/src/movement/Ros2_change/install/kinematic_functions/share/kinematic_functions/hook/ament_prefix_path.dsv'
[0.420s] INFO:colcon.colcon_core.shell:Creating environment hook '/home/pedrohperes/edromufu/src/movement/Ros2_change/install/kinematic_functions/share/kinematic_functions/hook/ament_prefix_path.sh'
[0.421s] INFO:colcon.colcon_core.shell:Skip shell extension 'powershell' for command environment: Not usable outside of PowerShell
[0.421s] DEBUG:colcon.colcon_core.shell:Skip shell extension 'dsv' for command environment
[0.424s] INFO:colcon.colcon_ros.task.ament_cmake.build:Building ROS package in '/home/pedrohperes/edromufu/src/movement/Ros2_change/src/movement_utils' with build type 'ament_cmake'
[0.424s] INFO:colcon.colcon_cmake.task.cmake.build:Building CMake package in '/home/pedrohperes/edromufu/src/movement/Ros2_change/src/movement_utils'
[0.425s] INFO:colcon.colcon_core.shell:Skip shell extension 'powershell' for command environment: Not usable outside of PowerShell
[0.425s] DEBUG:colcon.colcon_core.shell:Skip shell extension 'dsv' for command environment
[0.428s] INFO:colcon.colcon_ros.task.ament_python.build:Building ROS package in '/home/pedrohperes/edromufu/src/movement/Ros2_change/src/erro_package' with build type 'ament_python'
[0.429s] Level 1:colcon.colcon_core.shell:create_environment_hook('erro_package', 'ament_prefix_path')
[0.429s] INFO:colcon.colcon_core.shell:Creating environment hook '/home/pedrohperes/edromufu/src/movement/Ros2_change/install/erro_package/share/erro_package/hook/ament_prefix_path.ps1'
[0.429s] INFO:colcon.colcon_core.shell:Creating environment descriptor '/home/pedrohperes/edromufu/src/movement/Ros2_change/install/erro_package/share/erro_package/hook/ament_prefix_path.dsv'
[0.429s] INFO:colcon.colcon_core.shell:Creating environment hook '/home/pedrohperes/edromufu/src/movement/Ros2_change/install/erro_package/share/erro_package/hook/ament_prefix_path.sh'
[0.430s] INFO:colcon.colcon_core.shell:Skip shell extension 'powershell' for command environment: Not usable outside of PowerShell
[0.430s] DEBUG:colcon.colcon_core.shell:Skip shell extension 'dsv' for command environment
[0.433s] INFO:colcon.colcon_ros.task.ament_cmake.build:Building ROS package in '/home/pedrohperes/edromufu/src/movement/Ros2_change/src/humanoid_visualization' with build type 'ament_cmake'
[0.433s] INFO:colcon.colcon_cmake.task.cmake.build:Building CMake package in '/home/pedrohperes/edromufu/src/movement/Ros2_change/src/humanoid_visualization'
[0.434s] INFO:colcon.colcon_core.shell:Skip shell extension 'powershell' for command environment: Not usable outside of PowerShell
[0.434s] DEBUG:colcon.colcon_core.shell:Skip shell extension 'dsv' for command environment
[0.437s] INFO:colcon.colcon_ros.task.ament_cmake.build:Building ROS package in '/home/pedrohperes/edromufu/src/movement/Ros2_change/src/micro-ROS-Agent/micro_ros_agent' with build type 'ament_cmake'
[0.437s] INFO:colcon.colcon_cmake.task.cmake.build:Building CMake package in '/home/pedrohperes/edromufu/src/movement/Ros2_change/src/micro-ROS-Agent/micro_ros_agent'
[0.437s] INFO:colcon.colcon_core.shell:Skip shell extension 'powershell' for command environment: Not usable outside of PowerShell
[0.437s] DEBUG:colcon.colcon_core.shell:Skip shell extension 'dsv' for command environment
[0.441s] INFO:colcon.colcon_ros.task.ament_python.build:Building ROS package in '/home/pedrohperes/edromufu/src/movement/Ros2_change/src/tahara_pages' with build type 'ament_python'
[0.441s] Level 1:colcon.colcon_core.shell:create_environment_hook('tahara_pages', 'ament_prefix_path')
[0.441s] INFO:colcon.colcon_core.shell:Creating environment hook '/home/pedrohperes/edromufu/src/movement/Ros2_change/install/tahara_pages/share/tahara_pages/hook/ament_prefix_path.ps1'
[0.441s] INFO:colcon.colcon_core.shell:Creating environment descriptor '/home/pedrohperes/edromufu/src/movement/Ros2_change/install/tahara_pages/share/tahara_pages/hook/ament_prefix_path.dsv'
[0.442s] INFO:colcon.colcon_core.shell:Creating environment hook '/home/pedrohperes/edromufu/src/movement/Ros2_change/install/tahara_pages/share/tahara_pages/hook/ament_prefix_path.sh'
[0.442s] INFO:colcon.colcon_core.shell:Skip shell extension 'powershell' for command environment: Not usable outside of PowerShell
[0.442s] DEBUG:colcon.colcon_core.shell:Skip shell extension 'dsv' for command environment
[0.445s] INFO:colcon.colcon_ros.task.ament_cmake.build:Building ROS package in '/home/pedrohperes/edromufu/src/movement/Ros2_change/src/urdf_example' with build type 'ament_cmake'
[0.445s] INFO:colcon.colcon_cmake.task.cmake.build:Building CMake package in '/home/pedrohperes/edromufu/src/movement/Ros2_change/src/urdf_example'
[0.445s] INFO:colcon.colcon_core.shell:Skip shell extension 'powershell' for command environment: Not usable outside of PowerShell
[0.446s] DEBUG:colcon.colcon_core.shell:Skip shell extension 'dsv' for command environment
[0.449s] INFO:colcon.colcon_ros.task.ament_cmake.build:Building ROS package in '/home/pedrohperes/edromufu/src/movement/Ros2_change/src/urdf_robox' with build type 'ament_cmake'
[0.449s] INFO:colcon.colcon_cmake.task.cmake.build:Building CMake package in '/home/pedrohperes/edromufu/src/movement/Ros2_change/src/urdf_robox'
[0.449s] INFO:colcon.colcon_core.shell:Skip shell extension 'powershell' for command environment: Not usable outside of PowerShell
[0.449s] DEBUG:colcon.colcon_core.shell:Skip shell extension 'dsv' for command environment
[0.763s] INFO:colcon.colcon_core.task.python.build:Building Python package in '/home/pedrohperes/edromufu/src/movement/Ros2_change/src/kinematic_functions'
[0.764s] INFO:colcon.colcon_core.shell:Skip shell extension 'powershell' for command environment: Not usable outside of PowerShell
[0.764s] DEBUG:colcon.colcon_core.shell:Skip shell extension 'dsv' for command environment
[0.774s] DEBUG:colcon.colcon_core.event_handler.log_command:Invoking command in '/home/pedrohperes/edromufu/src/movement/Ros2_change/build/movement_utils': CMAKE_PREFIX_PATH=${CMAKE_PREFIX_PATH}:/home/pedrohperes/edromufu/src/movement/Ros2_change/install/u2d2_comm:/home/pedrohperes/edromufu/src/movement/Ros2_change/install/tahara_pages:/home/pedrohperes/edromufu/src/movement/Ros2_change/install/pot_package:/home/pedrohperes/edromufu/src/movement/Ros2_change/install/movement_core:/home/pedrohperes/edromufu/src/movement/Ros2_change/install/movement_pages:/home/pedrohperes/edromufu/src/movement/Ros2_change/install/movement_functions:/home/pedrohperes/edromufu/src/movement/Ros2_change/install/humanoid_definition:/home/pedrohperes/edromufu/src/movement/Ros2_change/install/kinematic_functions:/home/pedrohperes/edromufu/src/movement/Ros2_change/install/erro_package:/opt/ros/humble /usr/bin/cmake --build /home/pedrohperes/edromufu/src/movement/Ros2_change/build/movement_utils -- -j12 -l12
[1.089s] INFO:colcon.colcon_core.task.python.build:Building Python package in '/home/pedrohperes/edromufu/src/movement/Ros2_change/src/erro_package'
[1.089s] INFO:colcon.colcon_core.shell:Skip shell extension 'powershell' for command environment: Not usable outside of PowerShell
[1.089s] DEBUG:colcon.colcon_core.shell:Skip shell extension 'dsv' for command environment
[1.096s] DEBUG:colcon.colcon_core.event_handler.log_command:Invoking command in '/home/pedrohperes/edromufu/src/movement/Ros2_change/build/humanoid_visualization': CMAKE_PREFIX_PATH=${CMAKE_PREFIX_PATH}:/home/pedrohperes/edromufu/src/movement/Ros2_change/install/u2d2_comm:/home/pedrohperes/edromufu/src/movement/Ros2_change/install/tahara_pages:/home/pedrohperes/edromufu/src/movement/Ros2_change/install/pot_package:/home/pedrohperes/edromufu/src/movement/Ros2_change/install/movement_core:/home/pedrohperes/edromufu/src/movement/Ros2_change/install/movement_pages:/home/pedrohperes/edromufu/src/movement/Ros2_change/install/movement_functions:/home/pedrohperes/edromufu/src/movement/Ros2_change/install/humanoid_definition:/home/pedrohperes/edromufu/src/movement/Ros2_change/install/kinematic_functions:/home/pedrohperes/edromufu/src/movement/Ros2_change/install/erro_package:/opt/ros/humble /usr/bin/cmake --build /home/pedrohperes/edromufu/src/movement/Ros2_change/build/humanoid_visualization -- -j12 -l12
[1.098s] DEBUG:colcon.colcon_core.event_handler.log_command:Invoking command in '/home/pedrohperes/edromufu/src/movement/Ros2_change/build/micro_ros_agent': CMAKE_PREFIX_PATH=${CMAKE_PREFIX_PATH}:/home/pedrohperes/edromufu/src/movement/Ros2_change/install/u2d2_comm:/home/pedrohperes/edromufu/src/movement/Ros2_change/install/tahara_pages:/home/pedrohperes/edromufu/src/movement/Ros2_change/install/pot_package:/home/pedrohperes/edromufu/src/movement/Ros2_change/install/movement_core:/home/pedrohperes/edromufu/src/movement/Ros2_change/install/movement_pages:/home/pedrohperes/edromufu/src/movement/Ros2_change/install/movement_functions:/home/pedrohperes/edromufu/src/movement/Ros2_change/install/humanoid_definition:/home/pedrohperes/edromufu/src/movement/Ros2_change/install/kinematic_functions:/home/pedrohperes/edromufu/src/movement/Ros2_change/install/erro_package:/opt/ros/humble /usr/bin/cmake --build /home/pedrohperes/edromufu/src/movement/Ros2_change/build/micro_ros_agent -- -j12 -l12
[1.381s] INFO:colcon.colcon_core.task.python.build:Building Python package in '/home/pedrohperes/edromufu/src/movement/Ros2_change/src/tahara_pages'
[1.381s] INFO:colcon.colcon_core.shell:Skip shell extension 'powershell' for command environment: Not usable outside of PowerShell
[1.382s] DEBUG:colcon.colcon_core.shell:Skip shell extension 'dsv' for command environment
[1.388s] DEBUG:colcon.colcon_core.event_handler.log_command:Invoking command in '/home/pedrohperes/edromufu/src/movement/Ros2_change/build/urdf_example': CMAKE_PREFIX_PATH=${CMAKE_PREFIX_PATH}:/home/pedrohperes/edromufu/src/movement/Ros2_change/install/u2d2_comm:/home/pedrohperes/edromufu/src/movement/Ros2_change/install/tahara_pages:/home/pedrohperes/edromufu/src/movement/Ros2_change/install/pot_package:/home/pedrohperes/edromufu/src/movement/Ros2_change/install/movement_core:/home/pedrohperes/edromufu/src/movement/Ros2_change/install/movement_pages:/home/pedrohperes/edromufu/src/movement/Ros2_change/install/movement_functions:/home/pedrohperes/edromufu/src/movement/Ros2_change/install/humanoid_definition:/home/pedrohperes/edromufu/src/movement/Ros2_change/install/kinematic_functions:/home/pedrohperes/edromufu/src/movement/Ros2_change/install/erro_package:/opt/ros/humble /usr/bin/cmake --build /home/pedrohperes/edromufu/src/movement/Ros2_change/build/urdf_example -- -j12 -l12
[1.391s] DEBUG:colcon.colcon_core.event_handler.log_command:Invoking command in '/home/pedrohperes/edromufu/src/movement/Ros2_change/build/urdf_robox': CMAKE_PREFIX_PATH=${CMAKE_PREFIX_PATH}:/home/pedrohperes/edromufu/src/movement/Ros2_change/install/u2d2_comm:/home/pedrohperes/edromufu/src/movement/Ros2_change/install/tahara_pages:/home/pedrohperes/edromufu/src/movement/Ros2_change/install/pot_package:/home/pedrohperes/edromufu/src/movement/Ros2_change/install/movement_core:/home/pedrohperes/edromufu/src/movement/Ros2_change/install/movement_pages:/home/pedrohperes/edromufu/src/movement/Ros2_change/install/movement_functions:/home/pedrohperes/edromufu/src/movement/Ros2_change/install/humanoid_definition:/home/pedrohperes/edromufu/src/movement/Ros2_change/install/kinematic_functions:/home/pedrohperes/edromufu/src/movement/Ros2_change/install/erro_package:/opt/ros/humble /usr/bin/cmake --build /home/pedrohperes/edromufu/src/movement/Ros2_change/build/urdf_robox -- -j12 -l12
[1.397s] DEBUG:colcon.colcon_core.event_handler.log_command:Invoked command in '/home/pedrohperes/edromufu/src/movement/Ros2_change/build/humanoid_visualization' returned '0': CMAKE_PREFIX_PATH=${CMAKE_PREFIX_PATH}:/home/pedrohperes/edromufu/src/movement/Ros2_change/install/u2d2_comm:/home/pedrohperes/edromufu/src/movement/Ros2_change/install/tahara_pages:/home/pedrohperes/edromufu/src/movement/Ros2_change/install/pot_package:/home/pedrohperes/edromufu/src/movement/Ros2_change/install/movement_core:/home/pedrohperes/edromufu/src/movement/Ros2_change/install/movement_pages:/home/pedrohperes/edromufu/src/movement/Ros2_change/install/movement_functions:/home/pedrohperes/edromufu/src/movement/Ros2_change/install/humanoid_definition:/home/pedrohperes/edromufu/src/movement/Ros2_change/install/kinematic_functions:/home/pedrohperes/edromufu/src/movement/Ros2_change/install/erro_package:/opt/ros/humble /usr/bin/cmake --build /home/pedrohperes/edromufu/src/movement/Ros2_change/build/humanoid_visualization -- -j12 -l12
[1.397s] DEBUG:colcon.colcon_core.event_handler.log_command:Invoked command in '/home/pedrohperes/edromufu/src/movement/Ros2_change/build/micro_ros_agent' returned '0': CMAKE_PREFIX_PATH=${CMAKE_PREFIX_PATH}:/home/pedrohperes/edromufu/src/movement/Ros2_change/install/u2d2_comm:/home/pedrohperes/edromufu/src/movement/Ros2_change/install/tahara_pages:/home/pedrohperes/edromufu/src/movement/Ros2_change/install/pot_package:/home/pedrohperes/edromufu/src/movement/Ros2_change/install/movement_core:/home/pedrohperes/edromufu/src/movement/Ros2_change/install/movement_pages:/home/pedrohperes/edromufu/src/movement/Ros2_change/install/movement_functions:/home/pedrohperes/edromufu/src/movement/Ros2_change/install/humanoid_definition:/home/pedrohperes/edromufu/src/movement/Ros2_change/install/kinematic_functions:/home/pedrohperes/edromufu/src/movement/Ros2_change/install/erro_package:/opt/ros/humble /usr/bin/cmake --build /home/pedrohperes/edromufu/src/movement/Ros2_change/build/micro_ros_agent -- -j12 -l12
[1.398s] DEBUG:colcon.colcon_core.event_handler.log_command:Invoked command in '/home/pedrohperes/edromufu/src/movement/Ros2_change/build/movement_utils' returned '0': CMAKE_PREFIX_PATH=${CMAKE_PREFIX_PATH}:/home/pedrohperes/edromufu/src/movement/Ros2_change/install/u2d2_comm:/home/pedrohperes/edromufu/src/movement/Ros2_change/install/tahara_pages:/home/pedrohperes/edromufu/src/movement/Ros2_change/install/pot_package:/home/pedrohperes/edromufu/src/movement/Ros2_change/install/movement_core:/home/pedrohperes/edromufu/src/movement/Ros2_change/install/movement_pages:/home/pedrohperes/edromufu/src/movement/Ros2_change/install/movement_functions:/home/pedrohperes/edromufu/src/movement/Ros2_change/install/humanoid_definition:/home/pedrohperes/edromufu/src/movement/Ros2_change/install/kinematic_functions:/home/pedrohperes/edromufu/src/movement/Ros2_change/install/erro_package:/opt/ros/humble /usr/bin/cmake --build /home/pedrohperes/edromufu/src/movement/Ros2_change/build/movement_utils -- -j12 -l12
[1.421s] DEBUG:colcon.colcon_core.event_handler.log_command:Invoking command in '/home/pedrohperes/edromufu/src/movement/Ros2_change/build/humanoid_visualization': CMAKE_PREFIX_PATH=${CMAKE_PREFIX_PATH}:/home/pedrohperes/edromufu/src/movement/Ros2_change/install/u2d2_comm:/home/pedrohperes/edromufu/src/movement/Ros2_change/install/tahara_pages:/home/pedrohperes/edromufu/src/movement/Ros2_change/install/pot_package:/home/pedrohperes/edromufu/src/movement/Ros2_change/install/movement_core:/home/pedrohperes/edromufu/src/movement/Ros2_change/install/movement_pages:/home/pedrohperes/edromufu/src/movement/Ros2_change/install/movement_functions:/home/pedrohperes/edromufu/src/movement/Ros2_change/install/humanoid_definition:/home/pedrohperes/edromufu/src/movement/Ros2_change/install/kinematic_functions:/home/pedrohperes/edromufu/src/movement/Ros2_change/install/erro_package:/opt/ros/humble /usr/bin/cmake --install /home/pedrohperes/edromufu/src/movement/Ros2_change/build/humanoid_visualization
[1.423s] DEBUG:colcon.colcon_core.event_handler.log_command:Invoked command in '/home/pedrohperes/edromufu/src/movement/Ros2_change/build/urdf_example' returned '0': CMAKE_PREFIX_PATH=${CMAKE_PREFIX_PATH}:/home/pedrohperes/edromufu/src/movement/Ros2_change/install/u2d2_comm:/home/pedrohperes/edromufu/src/movement/Ros2_change/install/tahara_pages:/home/pedrohperes/edromufu/src/movement/Ros2_change/install/pot_package:/home/pedrohperes/edromufu/src/movement/Ros2_change/install/movement_core:/home/pedrohperes/edromufu/src/movement/Ros2_change/install/movement_pages:/home/pedrohperes/edromufu/src/movement/Ros2_change/install/movement_functions:/home/pedrohperes/edromufu/src/movement/Ros2_change/install/humanoid_definition:/home/pedrohperes/edromufu/src/movement/Ros2_change/install/kinematic_functions:/home/pedrohperes/edromufu/src/movement/Ros2_change/install/erro_package:/opt/ros/humble /usr/bin/cmake --build /home/pedrohperes/edromufu/src/movement/Ros2_change/build/urdf_example -- -j12 -l12
[1.426s] DEBUG:colcon.colcon_core.event_handler.log_command:Invoked command in '/home/pedrohperes/edromufu/src/movement/Ros2_change/build/urdf_robox' returned '0': CMAKE_PREFIX_PATH=${CMAKE_PREFIX_PATH}:/home/pedrohperes/edromufu/src/movement/Ros2_change/install/u2d2_comm:/home/pedrohperes/edromufu/src/movement/Ros2_change/install/tahara_pages:/home/pedrohperes/edromufu/src/movement/Ros2_change/install/pot_package:/home/pedrohperes/edromufu/src/movement/Ros2_change/install/movement_core:/home/pedrohperes/edromufu/src/movement/Ros2_change/install/movement_pages:/home/pedrohperes/edromufu/src/movement/Ros2_change/install/movement_functions:/home/pedrohperes/edromufu/src/movement/Ros2_change/install/humanoid_definition:/home/pedrohperes/edromufu/src/movement/Ros2_change/install/kinematic_functions:/home/pedrohperes/edromufu/src/movement/Ros2_change/install/erro_package:/opt/ros/humble /usr/bin/cmake --build /home/pedrohperes/edromufu/src/movement/Ros2_change/build/urdf_robox -- -j12 -l12
[1.430s] DEBUG:colcon.colcon_core.event_handler.log_command:Invoking command in '/home/pedrohperes/edromufu/src/movement/Ros2_change/build/micro_ros_agent': CMAKE_PREFIX_PATH=${CMAKE_PREFIX_PATH}:/home/pedrohperes/edromufu/src/movement/Ros2_change/install/u2d2_comm:/home/pedrohperes/edromufu/src/movement/Ros2_change/install/tahara_pages:/home/pedrohperes/edromufu/src/movement/Ros2_change/install/pot_package:/home/pedrohperes/edromufu/src/movement/Ros2_change/install/movement_core:/home/pedrohperes/edromufu/src/movement/Ros2_change/install/movement_pages:/home/pedrohperes/edromufu/src/movement/Ros2_change/install/movement_functions:/home/pedrohperes/edromufu/src/movement/Ros2_change/install/humanoid_definition:/home/pedrohperes/edromufu/src/movement/Ros2_change/install/kinematic_functions:/home/pedrohperes/edromufu/src/movement/Ros2_change/install/erro_package:/opt/ros/humble /usr/bin/cmake --install /home/pedrohperes/edromufu/src/movement/Ros2_change/build/micro_ros_agent
[1.432s] Level 1:colcon.colcon_core.environment:create_environment_scripts_only(humanoid_visualization)
[1.435s] DEBUG:colcon.colcon_core.event_handler.log_command:Invoked command in '/home/pedrohperes/edromufu/src/movement/Ros2_change/build/humanoid_visualization' returned '0': CMAKE_PREFIX_PATH=${CMAKE_PREFIX_PATH}:/home/pedrohperes/edromufu/src/movement/Ros2_change/install/u2d2_comm:/home/pedrohperes/edromufu/src/movement/Ros2_change/install/tahara_pages:/home/pedrohperes/edromufu/src/movement/Ros2_change/install/pot_package:/home/pedrohperes/edromufu/src/movement/Ros2_change/install/movement_core:/home/pedrohperes/edromufu/src/movement/Ros2_change/install/movement_pages:/home/pedrohperes/edromufu/src/movement/Ros2_change/install/movement_functions:/home/pedrohperes/edromufu/src/movement/Ros2_change/install/humanoid_definition:/home/pedrohperes/edromufu/src/movement/Ros2_change/install/kinematic_functions:/home/pedrohperes/edromufu/src/movement/Ros2_change/install/erro_package:/opt/ros/humble /usr/bin/cmake --install /home/pedrohperes/edromufu/src/movement/Ros2_change/build/humanoid_visualization
[1.437s] Level 1:colcon.colcon_core.environment:checking '/home/pedrohperes/edromufu/src/movement/Ros2_change/install/humanoid_visualization' for CMake module files
[1.439s] Level 1:colcon.colcon_core.environment:checking '/home/pedrohperes/edromufu/src/movement/Ros2_change/install/humanoid_visualization' for CMake config files
[1.440s] Level 1:colcon.colcon_core.shell:create_environment_hook('humanoid_visualization', 'cmake_prefix_path')
[1.441s] INFO:colcon.colcon_core.shell:Creating environment hook '/home/pedrohperes/edromufu/src/movement/Ros2_change/install/humanoid_visualization/share/humanoid_visualization/hook/cmake_prefix_path.ps1'
[1.441s] INFO:colcon.colcon_core.shell:Creating environment descriptor '/home/pedrohperes/edromufu/src/movement/Ros2_change/install/humanoid_visualization/share/humanoid_visualization/hook/cmake_prefix_path.dsv'
[1.441s] INFO:colcon.colcon_core.shell:Creating environment hook '/home/pedrohperes/edromufu/src/movement/Ros2_change/install/humanoid_visualization/share/humanoid_visualization/hook/cmake_prefix_path.sh'
[1.442s] Level 1:colcon.colcon_core.environment:checking '/home/pedrohperes/edromufu/src/movement/Ros2_change/install/humanoid_visualization/bin'
[1.442s] Level 1:colcon.colcon_core.environment:checking '/home/pedrohperes/edromufu/src/movement/Ros2_change/install/humanoid_visualization/lib/pkgconfig/humanoid_visualization.pc'
[1.442s] Level 1:colcon.colcon_core.environment:checking '/home/pedrohperes/edromufu/src/movement/Ros2_change/install/humanoid_visualization/lib/python3.10/site-packages'
[1.443s] Level 1:colcon.colcon_core.environment:checking '/home/pedrohperes/edromufu/src/movement/Ros2_change/install/humanoid_visualization/bin'
[1.443s] INFO:colcon.colcon_core.shell:Creating package script '/home/pedrohperes/edromufu/src/movement/Ros2_change/install/humanoid_visualization/share/humanoid_visualization/package.ps1'
[1.444s] INFO:colcon.colcon_core.shell:Creating package descriptor '/home/pedrohperes/edromufu/src/movement/Ros2_change/install/humanoid_visualization/share/humanoid_visualization/package.dsv'
[1.444s] INFO:colcon.colcon_core.shell:Creating package script '/home/pedrohperes/edromufu/src/movement/Ros2_change/install/humanoid_visualization/share/humanoid_visualization/package.sh'
[1.445s] INFO:colcon.colcon_core.shell:Creating package script '/home/pedrohperes/edromufu/src/movement/Ros2_change/install/humanoid_visualization/share/humanoid_visualization/package.bash'
[1.446s] INFO:colcon.colcon_core.shell:Creating package script '/home/pedrohperes/edromufu/src/movement/Ros2_change/install/humanoid_visualization/share/humanoid_visualization/package.zsh'
[1.447s] Level 1:colcon.colcon_core.environment:create_file_with_runtime_dependencies(/home/pedrohperes/edromufu/src/movement/Ros2_change/install/humanoid_visualization/share/colcon-core/packages/humanoid_visualization)
[1.451s] DEBUG:colcon.colcon_core.event_handler.log_command:Invoking command in '/home/pedrohperes/edromufu/src/movement/Ros2_change/build/urdf_example': CMAKE_PREFIX_PATH=${CMAKE_PREFIX_PATH}:/home/pedrohperes/edromufu/src/movement/Ros2_change/install/u2d2_comm:/home/pedrohperes/edromufu/src/movement/Ros2_change/install/tahara_pages:/home/pedrohperes/edromufu/src/movement/Ros2_change/install/pot_package:/home/pedrohperes/edromufu/src/movement/Ros2_change/install/movement_core:/home/pedrohperes/edromufu/src/movement/Ros2_change/install/movement_pages:/home/pedrohperes/edromufu/src/movement/Ros2_change/install/movement_functions:/home/pedrohperes/edromufu/src/movement/Ros2_change/install/humanoid_definition:/home/pedrohperes/edromufu/src/movement/Ros2_change/install/kinematic_functions:/home/pedrohperes/edromufu/src/movement/Ros2_change/install/erro_package:/opt/ros/humble /usr/bin/cmake --install /home/pedrohperes/edromufu/src/movement/Ros2_change/build/urdf_example
[1.452s] DEBUG:colcon.colcon_core.event_handler.log_command:Invoking command in '/home/pedrohperes/edromufu/src/movement/Ros2_change/build/urdf_robox': CMAKE_PREFIX_PATH=${CMAKE_PREFIX_PATH}:/home/pedrohperes/edromufu/src/movement/Ros2_change/install/u2d2_comm:/home/pedrohperes/edromufu/src/movement/Ros2_change/install/tahara_pages:/home/pedrohperes/edromufu/src/movement/Ros2_change/install/pot_package:/home/pedrohperes/edromufu/src/movement/Ros2_change/install/movement_core:/home/pedrohperes/edromufu/src/movement/Ros2_change/install/movement_pages:/home/pedrohperes/edromufu/src/movement/Ros2_change/install/movement_functions:/home/pedrohperes/edromufu/src/movement/Ros2_change/install/humanoid_definition:/home/pedrohperes/edromufu/src/movement/Ros2_change/install/kinematic_functions:/home/pedrohperes/edromufu/src/movement/Ros2_change/install/erro_package:/opt/ros/humble /usr/bin/cmake --install /home/pedrohperes/edromufu/src/movement/Ros2_change/build/urdf_robox
[1.453s] Level 1:colcon.colcon_core.environment:create_environment_scripts_only(micro_ros_agent)
[1.454s] Level 1:colcon.colcon_core.environment:checking '/home/pedrohperes/edromufu/src/movement/Ros2_change/install/micro_ros_agent' for CMake module files
[1.455s] DEBUG:colcon.colcon_core.event_handler.log_command:Invoked command in '/home/pedrohperes/edromufu/src/movement/Ros2_change/build/micro_ros_agent' returned '0': CMAKE_PREFIX_PATH=${CMAKE_PREFIX_PATH}:/home/pedrohperes/edromufu/src/movement/Ros2_change/install/u2d2_comm:/home/pedrohperes/edromufu/src/movement/Ros2_change/install/tahara_pages:/home/pedrohperes/edromufu/src/movement/Ros2_change/install/pot_package:/home/pedrohperes/edromufu/src/movement/Ros2_change/install/movement_core:/home/pedrohperes/edromufu/src/movement/Ros2_change/install/movement_pages:/home/pedrohperes/edromufu/src/movement/Ros2_change/install/movement_functions:/home/pedrohperes/edromufu/src/movement/Ros2_change/install/humanoid_definition:/home/pedrohperes/edromufu/src/movement/Ros2_change/install/kinematic_functions:/home/pedrohperes/edromufu/src/movement/Ros2_change/install/erro_package:/opt/ros/humble /usr/bin/cmake --install /home/pedrohperes/edromufu/src/movement/Ros2_change/build/micro_ros_agent
[1.455s] Level 1:colcon.colcon_core.environment:checking '/home/pedrohperes/edromufu/src/movement/Ros2_change/install/micro_ros_agent' for CMake config files
[1.456s] Level 1:colcon.colcon_core.shell:create_environment_hook('micro_ros_agent', 'cmake_prefix_path')
[1.457s] INFO:colcon.colcon_core.shell:Creating environment hook '/home/pedrohperes/edromufu/src/movement/Ros2_change/install/micro_ros_agent/share/micro_ros_agent/hook/cmake_prefix_path.ps1'
[1.457s] INFO:colcon.colcon_core.shell:Creating environment descriptor '/home/pedrohperes/edromufu/src/movement/Ros2_change/install/micro_ros_agent/share/micro_ros_agent/hook/cmake_prefix_path.dsv'
[1.458s] INFO:colcon.colcon_core.shell:Creating environment hook '/home/pedrohperes/edromufu/src/movement/Ros2_change/install/micro_ros_agent/share/micro_ros_agent/hook/cmake_prefix_path.sh'
[1.459s] Level 1:colcon.colcon_core.environment:checking '/home/pedrohperes/edromufu/src/movement/Ros2_change/install/micro_ros_agent/lib'
[1.460s] Level 1:colcon.colcon_core.shell:create_environment_hook('micro_ros_agent', 'ld_library_path_lib')
[1.460s] INFO:colcon.colcon_core.shell:Creating environment hook '/home/pedrohperes/edromufu/src/movement/Ros2_change/install/micro_ros_agent/share/micro_ros_agent/hook/ld_library_path_lib.ps1'
[1.462s] INFO:colcon.colcon_core.shell:Creating environment descriptor '/home/pedrohperes/edromufu/src/movement/Ros2_change/install/micro_ros_agent/share/micro_ros_agent/hook/ld_library_path_lib.dsv'
[1.463s] INFO:colcon.colcon_core.shell:Creating environment hook '/home/pedrohperes/edromufu/src/movement/Ros2_change/install/micro_ros_agent/share/micro_ros_agent/hook/ld_library_path_lib.sh'
[1.463s] Level 1:colcon.colcon_core.environment:checking '/home/pedrohperes/edromufu/src/movement/Ros2_change/install/micro_ros_agent/bin'
[1.463s] Level 1:colcon.colcon_core.environment:checking '/home/pedrohperes/edromufu/src/movement/Ros2_change/install/micro_ros_agent/lib/pkgconfig/micro_ros_agent.pc'
[1.463s] Level 1:colcon.colcon_core.environment:checking '/home/pedrohperes/edromufu/src/movement/Ros2_change/install/micro_ros_agent/lib/python3.10/site-packages'
[1.464s] Level 1:colcon.colcon_core.environment:checking '/home/pedrohperes/edromufu/src/movement/Ros2_change/install/micro_ros_agent/bin'
[1.464s] INFO:colcon.colcon_core.shell:Creating package script '/home/pedrohperes/edromufu/src/movement/Ros2_change/install/micro_ros_agent/share/micro_ros_agent/package.ps1'
[1.465s] INFO:colcon.colcon_core.shell:Creating package descriptor '/home/pedrohperes/edromufu/src/movement/Ros2_change/install/micro_ros_agent/share/micro_ros_agent/package.dsv'
[1.465s] INFO:colcon.colcon_core.shell:Creating package script '/home/pedrohperes/edromufu/src/movement/Ros2_change/install/micro_ros_agent/share/micro_ros_agent/package.sh'
[1.465s] INFO:colcon.colcon_core.shell:Creating package script '/home/pedrohperes/edromufu/src/movement/Ros2_change/install/micro_ros_agent/share/micro_ros_agent/package.bash'
[1.466s] INFO:colcon.colcon_core.shell:Creating package script '/home/pedrohperes/edromufu/src/movement/Ros2_change/install/micro_ros_agent/share/micro_ros_agent/package.zsh'
[1.466s] Level 1:colcon.colcon_core.environment:create_file_with_runtime_dependencies(/home/pedrohperes/edromufu/src/movement/Ros2_change/install/micro_ros_agent/share/colcon-core/packages/micro_ros_agent)
[1.470s] Level 1:colcon.colcon_core.environment:create_environment_scripts_only(urdf_example)
[1.470s] Level 1:colcon.colcon_core.environment:checking '/home/pedrohperes/edromufu/src/movement/Ros2_change/install/urdf_example' for CMake module files
[1.474s] Level 1:colcon.colcon_core.environment:checking '/home/pedrohperes/edromufu/src/movement/Ros2_change/install/urdf_example' for CMake config files
[1.478s] DEBUG:colcon.colcon_core.event_handler.log_command:Invoked command in '/home/pedrohperes/edromufu/src/movement/Ros2_change/build/urdf_example' returned '0': CMAKE_PREFIX_PATH=${CMAKE_PREFIX_PATH}:/home/pedrohperes/edromufu/src/movement/Ros2_change/install/u2d2_comm:/home/pedrohperes/edromufu/src/movement/Ros2_change/install/tahara_pages:/home/pedrohperes/edromufu/src/movement/Ros2_change/install/pot_package:/home/pedrohperes/edromufu/src/movement/Ros2_change/install/movement_core:/home/pedrohperes/edromufu/src/movement/Ros2_change/install/movement_pages:/home/pedrohperes/edromufu/src/movement/Ros2_change/install/movement_functions:/home/pedrohperes/edromufu/src/movement/Ros2_change/install/humanoid_definition:/home/pedrohperes/edromufu/src/movement/Ros2_change/install/kinematic_functions:/home/pedrohperes/edromufu/src/movement/Ros2_change/install/erro_package:/opt/ros/humble /usr/bin/cmake --install /home/pedrohperes/edromufu/src/movement/Ros2_change/build/urdf_example
[1.479s] Level 1:colcon.colcon_core.shell:create_environment_hook('urdf_example', 'cmake_prefix_path')
[1.479s] INFO:colcon.colcon_core.shell:Creating environment hook '/home/pedrohperes/edromufu/src/movement/Ros2_change/install/urdf_example/share/urdf_example/hook/cmake_prefix_path.ps1'
[1.480s] INFO:colcon.colcon_core.shell:Creating environment descriptor '/home/pedrohperes/edromufu/src/movement/Ros2_change/install/urdf_example/share/urdf_example/hook/cmake_prefix_path.dsv'
[1.480s] INFO:colcon.colcon_core.shell:Creating environment hook '/home/pedrohperes/edromufu/src/movement/Ros2_change/install/urdf_example/share/urdf_example/hook/cmake_prefix_path.sh'
[1.481s] Level 1:colcon.colcon_core.environment:checking '/home/pedrohperes/edromufu/src/movement/Ros2_change/install/urdf_example/bin'
[1.481s] Level 1:colcon.colcon_core.environment:checking '/home/pedrohperes/edromufu/src/movement/Ros2_change/install/urdf_example/lib/pkgconfig/urdf_example.pc'
[1.481s] Level 1:colcon.colcon_core.environment:checking '/home/pedrohperes/edromufu/src/movement/Ros2_change/install/urdf_example/lib/python3.10/site-packages'
[1.482s] Level 1:colcon.colcon_core.environment:checking '/home/pedrohperes/edromufu/src/movement/Ros2_change/install/urdf_example/bin'
[1.482s] INFO:colcon.colcon_core.shell:Creating package script '/home/pedrohperes/edromufu/src/movement/Ros2_change/install/urdf_example/share/urdf_example/package.ps1'
[1.483s] INFO:colcon.colcon_core.shell:Creating package descriptor '/home/pedrohperes/edromufu/src/movement/Ros2_change/install/urdf_example/share/urdf_example/package.dsv'
[1.483s] INFO:colcon.colcon_core.shell:Creating package script '/home/pedrohperes/edromufu/src/movement/Ros2_change/install/urdf_example/share/urdf_example/package.sh'
[1.484s] INFO:colcon.colcon_core.shell:Creating package script '/home/pedrohperes/edromufu/src/movement/Ros2_change/install/urdf_example/share/urdf_example/package.bash'
[1.484s] INFO:colcon.colcon_core.shell:Creating package script '/home/pedrohperes/edromufu/src/movement/Ros2_change/install/urdf_example/share/urdf_example/package.zsh'
[1.484s] Level 1:colcon.colcon_core.environment:create_file_with_runtime_dependencies(/home/pedrohperes/edromufu/src/movement/Ros2_change/install/urdf_example/share/colcon-core/packages/urdf_example)
[1.486s] Level 1:colcon.colcon_core.environment:create_environment_scripts_only(humanoid_visualization)
[1.486s] Level 1:colcon.colcon_core.environment:checking '/home/pedrohperes/edromufu/src/movement/Ros2_change/install/humanoid_visualization' for CMake module files
[1.487s] Level 1:colcon.colcon_core.environment:checking '/home/pedrohperes/edromufu/src/movement/Ros2_change/install/humanoid_visualization' for CMake config files
[1.487s] Level 1:colcon.colcon_core.shell:create_environment_hook('humanoid_visualization', 'cmake_prefix_path')
[1.488s] INFO:colcon.colcon_core.shell:Creating environment hook '/home/pedrohperes/edromufu/src/movement/Ros2_change/install/humanoid_visualization/share/humanoid_visualization/hook/cmake_prefix_path.ps1'
[1.488s] INFO:colcon.colcon_core.shell:Creating environment descriptor '/home/pedrohperes/edromufu/src/movement/Ros2_change/install/humanoid_visualization/share/humanoid_visualization/hook/cmake_prefix_path.dsv'
[1.489s] INFO:colcon.colcon_core.shell:Creating environment hook '/home/pedrohperes/edromufu/src/movement/Ros2_change/install/humanoid_visualization/share/humanoid_visualization/hook/cmake_prefix_path.sh'
[1.489s] Level 1:colcon.colcon_core.environment:checking '/home/pedrohperes/edromufu/src/movement/Ros2_change/install/humanoid_visualization/bin'
[1.489s] Level 1:colcon.colcon_core.environment:checking '/home/pedrohperes/edromufu/src/movement/Ros2_change/install/humanoid_visualization/lib/pkgconfig/humanoid_visualization.pc'
[1.490s] Level 1:colcon.colcon_core.environment:checking '/home/pedrohperes/edromufu/src/movement/Ros2_change/install/humanoid_visualization/lib/python3.10/site-packages'
[1.490s] Level 1:colcon.colcon_core.environment:checking '/home/pedrohperes/edromufu/src/movement/Ros2_change/install/humanoid_visualization/bin'
[1.491s] INFO:colcon.colcon_core.shell:Creating package script '/home/pedrohperes/edromufu/src/movement/Ros2_change/install/humanoid_visualization/share/humanoid_visualization/package.ps1'
[1.491s] INFO:colcon.colcon_core.shell:Creating package descriptor '/home/pedrohperes/edromufu/src/movement/Ros2_change/install/humanoid_visualization/share/humanoid_visualization/package.dsv'
[1.492s] INFO:colcon.colcon_core.shell:Creating package script '/home/pedrohperes/edromufu/src/movement/Ros2_change/install/humanoid_visualization/share/humanoid_visualization/package.sh'
[1.492s] INFO:colcon.colcon_core.shell:Creating package script '/home/pedrohperes/edromufu/src/movement/Ros2_change/install/humanoid_visualization/share/humanoid_visualization/package.bash'
[1.493s] INFO:colcon.colcon_core.shell:Creating package script '/home/pedrohperes/edromufu/src/movement/Ros2_change/install/humanoid_visualization/share/humanoid_visualization/package.zsh'
[1.493s] Level 1:colcon.colcon_core.environment:create_file_with_runtime_dependencies(/home/pedrohperes/edromufu/src/movement/Ros2_change/install/humanoid_visualization/share/colcon-core/packages/humanoid_visualization)
[1.495s] Level 1:colcon.colcon_core.environment:create_environment_scripts_only(urdf_robox)
[1.495s] Level 1:colcon.colcon_core.environment:checking '/home/pedrohperes/edromufu/src/movement/Ros2_change/install/urdf_robox' for CMake module files
[1.496s] DEBUG:colcon.colcon_core.event_handler.log_command:Invoked command in '/home/pedrohperes/edromufu/src/movement/Ros2_change/build/urdf_robox' returned '0': CMAKE_PREFIX_PATH=${CMAKE_PREFIX_PATH}:/home/pedrohperes/edromufu/src/movement/Ros2_change/install/u2d2_comm:/home/pedrohperes/edromufu/src/movement/Ros2_change/install/tahara_pages:/home/pedrohperes/edromufu/src/movement/Ros2_change/install/pot_package:/home/pedrohperes/edromufu/src/movement/Ros2_change/install/movement_core:/home/pedrohperes/edromufu/src/movement/Ros2_change/install/movement_pages:/home/pedrohperes/edromufu/src/movement/Ros2_change/install/movement_functions:/home/pedrohperes/edromufu/src/movement/Ros2_change/install/humanoid_definition:/home/pedrohperes/edromufu/src/movement/Ros2_change/install/kinematic_functions:/home/pedrohperes/edromufu/src/movement/Ros2_change/install/erro_package:/opt/ros/humble /usr/bin/cmake --install /home/pedrohperes/edromufu/src/movement/Ros2_change/build/urdf_robox
[1.496s] Level 1:colcon.colcon_core.environment:checking '/home/pedrohperes/edromufu/src/movement/Ros2_change/install/urdf_robox' for CMake config files
[1.497s] Level 1:colcon.colcon_core.shell:create_environment_hook('urdf_robox', 'cmake_prefix_path')
[1.497s] INFO:colcon.colcon_core.shell:Creating environment hook '/home/pedrohperes/edromufu/src/movement/Ros2_change/install/urdf_robox/share/urdf_robox/hook/cmake_prefix_path.ps1'
[1.498s] INFO:colcon.colcon_core.shell:Creating environment descriptor '/home/pedrohperes/edromufu/src/movement/Ros2_change/install/urdf_robox/share/urdf_robox/hook/cmake_prefix_path.dsv'
[1.498s] INFO:colcon.colcon_core.shell:Creating environment hook '/home/pedrohperes/edromufu/src/movement/Ros2_change/install/urdf_robox/share/urdf_robox/hook/cmake_prefix_path.sh'
[1.499s] Level 1:colcon.colcon_core.environment:checking '/home/pedrohperes/edromufu/src/movement/Ros2_change/install/urdf_robox/bin'
[1.499s] Level 1:colcon.colcon_core.environment:checking '/home/pedrohperes/edromufu/src/movement/Ros2_change/install/urdf_robox/lib/pkgconfig/urdf_robox.pc'
[1.499s] Level 1:colcon.colcon_core.environment:checking '/home/pedrohperes/edromufu/src/movement/Ros2_change/install/urdf_robox/lib/python3.10/site-packages'
[1.500s] Level 1:colcon.colcon_core.environment:checking '/home/pedrohperes/edromufu/src/movement/Ros2_change/install/urdf_robox/bin'
[1.500s] INFO:colcon.colcon_core.shell:Creating package script '/home/pedrohperes/edromufu/src/movement/Ros2_change/install/urdf_robox/share/urdf_robox/package.ps1'
[1.501s] INFO:colcon.colcon_core.shell:Creating package descriptor '/home/pedrohperes/edromufu/src/movement/Ros2_change/install/urdf_robox/share/urdf_robox/package.dsv'
[1.501s] INFO:colcon.colcon_core.shell:Creating package script '/home/pedrohperes/edromufu/src/movement/Ros2_change/install/urdf_robox/share/urdf_robox/package.sh'
[1.502s] INFO:colcon.colcon_core.shell:Creating package script '/home/pedrohperes/edromufu/src/movement/Ros2_change/install/urdf_robox/share/urdf_robox/package.bash'
[1.502s] INFO:colcon.colcon_core.shell:Creating package script '/home/pedrohperes/edromufu/src/movement/Ros2_change/install/urdf_robox/share/urdf_robox/package.zsh'
[1.503s] Level 1:colcon.colcon_core.environment:create_file_with_runtime_dependencies(/home/pedrohperes/edromufu/src/movement/Ros2_change/install/urdf_robox/share/colcon-core/packages/urdf_robox)
[1.504s] Level 1:colcon.colcon_core.environment:create_environment_scripts_only(micro_ros_agent)
[1.505s] Level 1:colcon.colcon_core.environment:checking '/home/pedrohperes/edromufu/src/movement/Ros2_change/install/micro_ros_agent' for CMake module files
[1.506s] Level 1:colcon.colcon_core.environment:checking '/home/pedrohperes/edromufu/src/movement/Ros2_change/install/micro_ros_agent' for CMake config files
[1.507s] Level 1:colcon.colcon_core.shell:create_environment_hook('micro_ros_agent', 'cmake_prefix_path')
[1.507s] INFO:colcon.colcon_core.shell:Creating environment hook '/home/pedrohperes/edromufu/src/movement/Ros2_change/install/micro_ros_agent/share/micro_ros_agent/hook/cmake_prefix_path.ps1'
[1.508s] INFO:colcon.colcon_core.shell:Creating environment descriptor '/home/pedrohperes/edromufu/src/movement/Ros2_change/install/micro_ros_agent/share/micro_ros_agent/hook/cmake_prefix_path.dsv'
[1.508s] INFO:colcon.colcon_core.shell:Creating environment hook '/home/pedrohperes/edromufu/src/movement/Ros2_change/install/micro_ros_agent/share/micro_ros_agent/hook/cmake_prefix_path.sh'
[1.509s] Level 1:colcon.colcon_core.environment:checking '/home/pedrohperes/edromufu/src/movement/Ros2_change/install/micro_ros_agent/lib'
[1.509s] Level 1:colcon.colcon_core.shell:create_environment_hook('micro_ros_agent', 'ld_library_path_lib')
[1.509s] INFO:colcon.colcon_core.shell:Creating environment hook '/home/pedrohperes/edromufu/src/movement/Ros2_change/install/micro_ros_agent/share/micro_ros_agent/hook/ld_library_path_lib.ps1'
[1.510s] INFO:colcon.colcon_core.shell:Creating environment descriptor '/home/pedrohperes/edromufu/src/movement/Ros2_change/install/micro_ros_agent/share/micro_ros_agent/hook/ld_library_path_lib.dsv'
[1.510s] INFO:colcon.colcon_core.shell:Creating environment hook '/home/pedrohperes/edromufu/src/movement/Ros2_change/install/micro_ros_agent/share/micro_ros_agent/hook/ld_library_path_lib.sh'
[1.511s] Level 1:colcon.colcon_core.environment:checking '/home/pedrohperes/edromufu/src/movement/Ros2_change/install/micro_ros_agent/bin'
[1.511s] Level 1:colcon.colcon_core.environment:checking '/home/pedrohperes/edromufu/src/movement/Ros2_change/install/micro_ros_agent/lib/pkgconfig/micro_ros_agent.pc'
[1.511s] Level 1:colcon.colcon_core.environment:checking '/home/pedrohperes/edromufu/src/movement/Ros2_change/install/micro_ros_agent/lib/python3.10/site-packages'
[1.511s] Level 1:colcon.colcon_core.environment:checking '/home/pedrohperes/edromufu/src/movement/Ros2_change/install/micro_ros_agent/bin'
[1.512s] INFO:colcon.colcon_core.shell:Creating package script '/home/pedrohperes/edromufu/src/movement/Ros2_change/install/micro_ros_agent/share/micro_ros_agent/package.ps1'
[1.513s] INFO:colcon.colcon_core.shell:Creating package descriptor '/home/pedrohperes/edromufu/src/movement/Ros2_change/install/micro_ros_agent/share/micro_ros_agent/package.dsv'
[1.513s] INFO:colcon.colcon_core.shell:Creating package script '/home/pedrohperes/edromufu/src/movement/Ros2_change/install/micro_ros_agent/share/micro_ros_agent/package.sh'
[1.514s] INFO:colcon.colcon_core.shell:Creating package script '/home/pedrohperes/edromufu/src/movement/Ros2_change/install/micro_ros_agent/share/micro_ros_agent/package.bash'
[1.514s] INFO:colcon.colcon_core.shell:Creating package script '/home/pedrohperes/edromufu/src/movement/Ros2_change/install/micro_ros_agent/share/micro_ros_agent/package.zsh'
[1.515s] Level 1:colcon.colcon_core.environment:create_file_with_runtime_dependencies(/home/pedrohperes/edromufu/src/movement/Ros2_change/install/micro_ros_agent/share/colcon-core/packages/micro_ros_agent)
[1.516s] Level 1:colcon.colcon_core.environment:create_environment_scripts_only(urdf_example)
[1.516s] Level 1:colcon.colcon_core.environment:checking '/home/pedrohperes/edromufu/src/movement/Ros2_change/install/urdf_example' for CMake module files
[1.517s] Level 1:colcon.colcon_core.environment:checking '/home/pedrohperes/edromufu/src/movement/Ros2_change/install/urdf_example' for CMake config files
[1.518s] Level 1:colcon.colcon_core.shell:create_environment_hook('urdf_example', 'cmake_prefix_path')
[1.518s] INFO:colcon.colcon_core.shell:Creating environment hook '/home/pedrohperes/edromufu/src/movement/Ros2_change/install/urdf_example/share/urdf_example/hook/cmake_prefix_path.ps1'
[1.519s] INFO:colcon.colcon_core.shell:Creating environment descriptor '/home/pedrohperes/edromufu/src/movement/Ros2_change/install/urdf_example/share/urdf_example/hook/cmake_prefix_path.dsv'
[1.520s] INFO:colcon.colcon_core.shell:Creating environment hook '/home/pedrohperes/edromufu/src/movement/Ros2_change/install/urdf_example/share/urdf_example/hook/cmake_prefix_path.sh'
[1.520s] Level 1:colcon.colcon_core.environment:checking '/home/pedrohperes/edromufu/src/movement/Ros2_change/install/urdf_example/bin'
[1.520s] Level 1:colcon.colcon_core.environment:checking '/home/pedrohperes/edromufu/src/movement/Ros2_change/install/urdf_example/lib/pkgconfig/urdf_example.pc'
[1.521s] Level 1:colcon.colcon_core.environment:checking '/home/pedrohperes/edromufu/src/movement/Ros2_change/install/urdf_example/lib/python3.10/site-packages'
[1.521s] Level 1:colcon.colcon_core.environment:checking '/home/pedrohperes/edromufu/src/movement/Ros2_change/install/urdf_example/bin'
[1.521s] INFO:colcon.colcon_core.shell:Creating package script '/home/pedrohperes/edromufu/src/movement/Ros2_change/install/urdf_example/share/urdf_example/package.ps1'
[1.522s] INFO:colcon.colcon_core.shell:Creating package descriptor '/home/pedrohperes/edromufu/src/movement/Ros2_change/install/urdf_example/share/urdf_example/package.dsv'
[1.523s] INFO:colcon.colcon_core.shell:Creating package script '/home/pedrohperes/edromufu/src/movement/Ros2_change/install/urdf_example/share/urdf_example/package.sh'
[1.524s] INFO:colcon.colcon_core.shell:Creating package script '/home/pedrohperes/edromufu/src/movement/Ros2_change/install/urdf_example/share/urdf_example/package.bash'
[1.524s] INFO:colcon.colcon_core.shell:Creating package script '/home/pedrohperes/edromufu/src/movement/Ros2_change/install/urdf_example/share/urdf_example/package.zsh'
[1.525s] Level 1:colcon.colcon_core.environment:create_file_with_runtime_dependencies(/home/pedrohperes/edromufu/src/movement/Ros2_change/install/urdf_example/share/colcon-core/packages/urdf_example)
[1.527s] Level 1:colcon.colcon_core.environment:create_environment_scripts_only(urdf_robox)
[1.527s] Level 1:colcon.colcon_core.environment:checking '/home/pedrohperes/edromufu/src/movement/Ros2_change/install/urdf_robox' for CMake module files
[1.528s] Level 1:colcon.colcon_core.environment:checking '/home/pedrohperes/edromufu/src/movement/Ros2_change/install/urdf_robox' for CMake config files
[1.529s] Level 1:colcon.colcon_core.shell:create_environment_hook('urdf_robox', 'cmake_prefix_path')
[1.529s] INFO:colcon.colcon_core.shell:Creating environment hook '/home/pedrohperes/edromufu/src/movement/Ros2_change/install/urdf_robox/share/urdf_robox/hook/cmake_prefix_path.ps1'
[1.529s] INFO:colcon.colcon_core.shell:Creating environment descriptor '/home/pedrohperes/edromufu/src/movement/Ros2_change/install/urdf_robox/share/urdf_robox/hook/cmake_prefix_path.dsv'
[1.530s] INFO:colcon.colcon_core.shell:Creating environment hook '/home/pedrohperes/edromufu/src/movement/Ros2_change/install/urdf_robox/share/urdf_robox/hook/cmake_prefix_path.sh'
[1.531s] Level 1:colcon.colcon_core.environment:checking '/home/pedrohperes/edromufu/src/movement/Ros2_change/install/urdf_robox/bin'
[1.531s] Level 1:colcon.colcon_core.environment:checking '/home/pedrohperes/edromufu/src/movement/Ros2_change/install/urdf_robox/lib/pkgconfig/urdf_robox.pc'
[1.531s] Level 1:colcon.colcon_core.environment:checking '/home/pedrohperes/edromufu/src/movement/Ros2_change/install/urdf_robox/lib/python3.10/site-packages'
[1.531s] Level 1:colcon.colcon_core.environment:checking '/home/pedrohperes/edromufu/src/movement/Ros2_change/install/urdf_robox/bin'
[1.532s] INFO:colcon.colcon_core.shell:Creating package script '/home/pedrohperes/edromufu/src/movement/Ros2_change/install/urdf_robox/share/urdf_robox/package.ps1'
[1.532s] INFO:colcon.colcon_core.shell:Creating package descriptor '/home/pedrohperes/edromufu/src/movement/Ros2_change/install/urdf_robox/share/urdf_robox/package.dsv'
[1.533s] INFO:colcon.colcon_core.shell:Creating package script '/home/pedrohperes/edromufu/src/movement/Ros2_change/install/urdf_robox/share/urdf_robox/package.sh'
[1.534s] INFO:colcon.colcon_core.shell:Creating package script '/home/pedrohperes/edromufu/src/movement/Ros2_change/install/urdf_robox/share/urdf_robox/package.bash'
[1.534s] INFO:colcon.colcon_core.shell:Creating package script '/home/pedrohperes/edromufu/src/movement/Ros2_change/install/urdf_robox/share/urdf_robox/package.zsh'
[1.535s] Level 1:colcon.colcon_core.environment:create_file_with_runtime_dependencies(/home/pedrohperes/edromufu/src/movement/Ros2_change/install/urdf_robox/share/colcon-core/packages/urdf_robox)
[1.562s] DEBUG:colcon.colcon_core.event_handler.log_command:Invoking command in '/home/pedrohperes/edromufu/src/movement/Ros2_change/build/movement_utils': CMAKE_PREFIX_PATH=${CMAKE_PREFIX_PATH}:/home/pedrohperes/edromufu/src/movement/Ros2_change/install/u2d2_comm:/home/pedrohperes/edromufu/src/movement/Ros2_change/install/tahara_pages:/home/pedrohperes/edromufu/src/movement/Ros2_change/install/pot_package:/home/pedrohperes/edromufu/src/movement/Ros2_change/install/movement_core:/home/pedrohperes/edromufu/src/movement/Ros2_change/install/movement_pages:/home/pedrohperes/edromufu/src/movement/Ros2_change/install/movement_functions:/home/pedrohperes/edromufu/src/movement/Ros2_change/install/humanoid_definition:/home/pedrohperes/edromufu/src/movement/Ros2_change/install/kinematic_functions:/home/pedrohperes/edromufu/src/movement/Ros2_change/install/erro_package:/opt/ros/humble /usr/bin/cmake --install /home/pedrohperes/edromufu/src/movement/Ros2_change/build/movement_utils
[1.618s] Level 1:colcon.colcon_core.environment:create_environment_scripts_only(movement_utils)
[1.618s] Level 1:colcon.colcon_core.environment:checking '/home/pedrohperes/edromufu/src/movement/Ros2_change/install/movement_utils' for CMake module files
[1.619s] DEBUG:colcon.colcon_core.event_handler.log_command:Invoked command in '/home/pedrohperes/edromufu/src/movement/Ros2_change/build/movement_utils' returned '0': CMAKE_PREFIX_PATH=${CMAKE_PREFIX_PATH}:/home/pedrohperes/edromufu/src/movement/Ros2_change/install/u2d2_comm:/home/pedrohperes/edromufu/src/movement/Ros2_change/install/tahara_pages:/home/pedrohperes/edromufu/src/movement/Ros2_change/install/pot_package:/home/pedrohperes/edromufu/src/movement/Ros2_change/install/movement_core:/home/pedrohperes/edromufu/src/movement/Ros2_change/install/movement_pages:/home/pedrohperes/edromufu/src/movement/Ros2_change/install/movement_functions:/home/pedrohperes/edromufu/src/movement/Ros2_change/install/humanoid_definition:/home/pedrohperes/edromufu/src/movement/Ros2_change/install/kinematic_functions:/home/pedrohperes/edromufu/src/movement/Ros2_change/install/erro_package:/opt/ros/humble /usr/bin/cmake --install /home/pedrohperes/edromufu/src/movement/Ros2_change/build/movement_utils
[1.619s] Level 1:colcon.colcon_core.environment:checking '/home/pedrohperes/edromufu/src/movement/Ros2_change/install/movement_utils' for CMake config files
[1.620s] Level 1:colcon.colcon_core.shell:create_environment_hook('movement_utils', 'cmake_prefix_path')
[1.620s] INFO:colcon.colcon_core.shell:Creating environment hook '/home/pedrohperes/edromufu/src/movement/Ros2_change/install/movement_utils/share/movement_utils/hook/cmake_prefix_path.ps1'
[1.620s] INFO:colcon.colcon_core.shell:Creating environment descriptor '/home/pedrohperes/edromufu/src/movement/Ros2_change/install/movement_utils/share/movement_utils/hook/cmake_prefix_path.dsv'
[1.621s] INFO:colcon.colcon_core.shell:Creating environment hook '/home/pedrohperes/edromufu/src/movement/Ros2_change/install/movement_utils/share/movement_utils/hook/cmake_prefix_path.sh'
[1.621s] Level 1:colcon.colcon_core.environment:checking '/home/pedrohperes/edromufu/src/movement/Ros2_change/install/movement_utils/lib'
[1.621s] Level 1:colcon.colcon_core.shell:create_environment_hook('movement_utils', 'ld_library_path_lib')
[1.621s] INFO:colcon.colcon_core.shell:Creating environment hook '/home/pedrohperes/edromufu/src/movement/Ros2_change/install/movement_utils/share/movement_utils/hook/ld_library_path_lib.ps1'
[1.622s] INFO:colcon.colcon_core.shell:Creating environment descriptor '/home/pedrohperes/edromufu/src/movement/Ros2_change/install/movement_utils/share/movement_utils/hook/ld_library_path_lib.dsv'
[1.622s] INFO:colcon.colcon_core.shell:Creating environment hook '/home/pedrohperes/edromufu/src/movement/Ros2_change/install/movement_utils/share/movement_utils/hook/ld_library_path_lib.sh'
[1.622s] Level 1:colcon.colcon_core.environment:checking '/home/pedrohperes/edromufu/src/movement/Ros2_change/install/movement_utils/bin'
[1.622s] Level 1:colcon.colcon_core.environment:checking '/home/pedrohperes/edromufu/src/movement/Ros2_change/install/movement_utils/lib/pkgconfig/movement_utils.pc'
[1.622s] Level 1:colcon.colcon_core.environment:checking '/home/pedrohperes/edromufu/src/movement/Ros2_change/install/movement_utils/lib/python3.10/site-packages'
[1.623s] Level 1:colcon.colcon_core.environment:checking '/home/pedrohperes/edromufu/src/movement/Ros2_change/install/movement_utils/bin'
[1.623s] INFO:colcon.colcon_core.shell:Creating package script '/home/pedrohperes/edromufu/src/movement/Ros2_change/install/movement_utils/share/movement_utils/package.ps1'
[1.623s] INFO:colcon.colcon_core.shell:Creating package descriptor '/home/pedrohperes/edromufu/src/movement/Ros2_change/install/movement_utils/share/movement_utils/package.dsv'
[1.624s] INFO:colcon.colcon_core.shell:Creating package script '/home/pedrohperes/edromufu/src/movement/Ros2_change/install/movement_utils/share/movement_utils/package.sh'
[1.624s] INFO:colcon.colcon_core.shell:Creating package script '/home/pedrohperes/edromufu/src/movement/Ros2_change/install/movement_utils/share/movement_utils/package.bash'
[1.624s] INFO:colcon.colcon_core.shell:Creating package script '/home/pedrohperes/edromufu/src/movement/Ros2_change/install/movement_utils/share/movement_utils/package.zsh'
[1.624s] Level 1:colcon.colcon_core.environment:create_file_with_runtime_dependencies(/home/pedrohperes/edromufu/src/movement/Ros2_change/install/movement_utils/share/colcon-core/packages/movement_utils)
[1.775s] Level 1:colcon.colcon_core.environment:create_environment_scripts_only(movement_utils)
[1.775s] Level 1:colcon.colcon_core.environment:checking '/home/pedrohperes/edromufu/src/movement/Ros2_change/install/movement_utils' for CMake module files
[1.776s] Level 1:colcon.colcon_core.environment:checking '/home/pedrohperes/edromufu/src/movement/Ros2_change/install/movement_utils' for CMake config files
[1.777s] Level 1:colcon.colcon_core.shell:create_environment_hook('movement_utils', 'cmake_prefix_path')
[1.778s] INFO:colcon.colcon_core.shell:Creating environment hook '/home/pedrohperes/edromufu/src/movement/Ros2_change/install/movement_utils/share/movement_utils/hook/cmake_prefix_path.ps1'
[1.778s] INFO:colcon.colcon_core.shell:Creating environment descriptor '/home/pedrohperes/edromufu/src/movement/Ros2_change/install/movement_utils/share/movement_utils/hook/cmake_prefix_path.dsv'
[1.779s] INFO:colcon.colcon_core.shell:Creating environment hook '/home/pedrohperes/edromufu/src/movement/Ros2_change/install/movement_utils/share/movement_utils/hook/cmake_prefix_path.sh'
[1.779s] Level 1:colcon.colcon_core.environment:checking '/home/pedrohperes/edromufu/src/movement/Ros2_change/install/movement_utils/lib'
[1.780s] Level 1:colcon.colcon_core.shell:create_environment_hook('movement_utils', 'ld_library_path_lib')
[1.780s] INFO:colcon.colcon_core.shell:Creating environment hook '/home/pedrohperes/edromufu/src/movement/Ros2_change/install/movement_utils/share/movement_utils/hook/ld_library_path_lib.ps1'
[1.780s] INFO:colcon.colcon_core.shell:Creating environment descriptor '/home/pedrohperes/edromufu/src/movement/Ros2_change/install/movement_utils/share/movement_utils/hook/ld_library_path_lib.dsv'
[1.781s] INFO:colcon.colcon_core.shell:Creating environment hook '/home/pedrohperes/edromufu/src/movement/Ros2_change/install/movement_utils/share/movement_utils/hook/ld_library_path_lib.sh'
[1.781s] Level 1:colcon.colcon_core.environment:checking '/home/pedrohperes/edromufu/src/movement/Ros2_change/install/movement_utils/bin'
[1.781s] Level 1:colcon.colcon_core.environment:checking '/home/pedrohperes/edromufu/src/movement/Ros2_change/install/movement_utils/lib/pkgconfig/movement_utils.pc'
[1.782s] Level 1:colcon.colcon_core.environment:checking '/home/pedrohperes/edromufu/src/movement/Ros2_change/install/movement_utils/lib/python3.10/site-packages'
[1.782s] Level 1:colcon.colcon_core.environment:checking '/home/pedrohperes/edromufu/src/movement/Ros2_change/install/movement_utils/bin'
[1.783s] INFO:colcon.colcon_core.shell:Creating package script '/home/pedrohperes/edromufu/src/movement/Ros2_change/install/movement_utils/share/movement_utils/package.ps1'
[1.783s] INFO:colcon.colcon_core.shell:Creating package descriptor '/home/pedrohperes/edromufu/src/movement/Ros2_change/install/movement_utils/share/movement_utils/package.dsv'
[1.784s] INFO:colcon.colcon_core.shell:Creating package script '/home/pedrohperes/edromufu/src/movement/Ros2_change/install/movement_utils/share/movement_utils/package.sh'
[1.784s] INFO:colcon.colcon_core.shell:Creating package script '/home/pedrohperes/edromufu/src/movement/Ros2_change/install/movement_utils/share/movement_utils/package.bash'
[1.785s] INFO:colcon.colcon_core.shell:Creating package script '/home/pedrohperes/edromufu/src/movement/Ros2_change/install/movement_utils/share/movement_utils/package.zsh'
[1.785s] Level 1:colcon.colcon_core.environment:create_file_with_runtime_dependencies(/home/pedrohperes/edromufu/src/movement/Ros2_change/install/movement_utils/share/colcon-core/packages/movement_utils)
[1.786s] INFO:colcon.colcon_ros.task.ament_python.build:Building ROS package in '/home/pedrohperes/edromufu/src/movement/Ros2_change/src/movement_pages' with build type 'ament_python'
[1.786s] Level 1:colcon.colcon_core.shell:create_environment_hook('movement_pages', 'ament_prefix_path')
[1.787s] INFO:colcon.colcon_core.shell:Creating environment hook '/home/pedrohperes/edromufu/src/movement/Ros2_change/install/movement_pages/share/movement_pages/hook/ament_prefix_path.ps1'
[1.787s] INFO:colcon.colcon_core.shell:Creating environment descriptor '/home/pedrohperes/edromufu/src/movement/Ros2_change/install/movement_pages/share/movement_pages/hook/ament_prefix_path.dsv'
[1.788s] INFO:colcon.colcon_core.shell:Creating environment hook '/home/pedrohperes/edromufu/src/movement/Ros2_change/install/movement_pages/share/movement_pages/hook/ament_prefix_path.sh'
[1.788s] INFO:colcon.colcon_core.shell:Skip shell extension 'powershell' for command environment: Not usable outside of PowerShell
[1.788s] DEBUG:colcon.colcon_core.shell:Skip shell extension 'dsv' for command environment
[1.794s] INFO:colcon.colcon_ros.task.ament_python.build:Building ROS package in '/home/pedrohperes/edromufu/src/movement/Ros2_change/src/u2d2_comm' with build type 'ament_python'
[1.795s] Level 1:colcon.colcon_core.shell:create_environment_hook('u2d2_comm', 'ament_prefix_path')
[1.795s] INFO:colcon.colcon_core.shell:Creating environment hook '/home/pedrohperes/edromufu/src/movement/Ros2_change/install/u2d2_comm/share/u2d2_comm/hook/ament_prefix_path.ps1'
[1.796s] INFO:colcon.colcon_core.shell:Creating environment descriptor '/home/pedrohperes/edromufu/src/movement/Ros2_change/install/u2d2_comm/share/u2d2_comm/hook/ament_prefix_path.dsv'
[1.796s] INFO:colcon.colcon_core.shell:Creating environment hook '/home/pedrohperes/edromufu/src/movement/Ros2_change/install/u2d2_comm/share/u2d2_comm/hook/ament_prefix_path.sh'
[1.797s] INFO:colcon.colcon_core.shell:Skip shell extension 'powershell' for command environment: Not usable outside of PowerShell
[1.797s] DEBUG:colcon.colcon_core.shell:Skip shell extension 'dsv' for command environment
[2.113s] INFO:colcon.colcon_core.task.python.build:Building Python package in '/home/pedrohperes/edromufu/src/movement/Ros2_change/src/movement_pages'
[2.114s] INFO:colcon.colcon_core.shell:Skip shell extension 'powershell' for command environment: Not usable outside of PowerShell
[2.114s] DEBUG:colcon.colcon_core.shell:Skip shell extension 'dsv' for command environment
[2.395s] INFO:colcon.colcon_core.task.python.build:Building Python package in '/home/pedrohperes/edromufu/src/movement/Ros2_change/src/u2d2_comm'
[2.395s] INFO:colcon.colcon_core.shell:Skip shell extension 'powershell' for command environment: Not usable outside of PowerShell
[2.396s] DEBUG:colcon.colcon_core.shell:Skip shell extension 'dsv' for command environment
[2.402s] DEBUG:colcon.colcon_core.event_handler.log_command:Invoking command in '/home/pedrohperes/edromufu/src/movement/Ros2_change/src/kinematic_functions': PYTHONPATH=/home/pedrohperes/edromufu/src/movement/Ros2_change/build/kinematic_functions/prefix_override:/home/pedrohperes/edromufu/src/movement/Ros2_change/install/kinematic_functions/lib/python3.10/site-packages:${PYTHONPATH} /usr/bin/python3 -W ignore:setup.py install is deprecated setup.py egg_info --egg-base ../../build/kinematic_functions build --build-base /home/pedrohperes/edromufu/src/movement/Ros2_change/build/kinematic_functions/build install --record /home/pedrohperes/edromufu/src/movement/Ros2_change/build/kinematic_functions/install.log --single-version-externally-managed install_data
[2.404s] DEBUG:colcon.colcon_core.event_handler.log_command:Invoking command in '/home/pedrohperes/edromufu/src/movement/Ros2_change/src/erro_package': PYTHONPATH=/home/pedrohperes/edromufu/src/movement/Ros2_change/build/erro_package/prefix_override:/home/pedrohperes/edromufu/src/movement/Ros2_change/install/erro_package/lib/python3.10/site-packages:${PYTHONPATH} /usr/bin/python3 -W ignore:setup.py install is deprecated setup.py egg_info --egg-base ../../build/erro_package build --build-base /home/pedrohperes/edromufu/src/movement/Ros2_change/build/erro_package/build install --record /home/pedrohperes/edromufu/src/movement/Ros2_change/build/erro_package/install.log --single-version-externally-managed install_data
[2.406s] DEBUG:colcon.colcon_core.event_handler.log_command:Invoking command in '/home/pedrohperes/edromufu/src/movement/Ros2_change/src/tahara_pages': PYTHONPATH=/home/pedrohperes/edromufu/src/movement/Ros2_change/build/tahara_pages/prefix_override:/home/pedrohperes/edromufu/src/movement/Ros2_change/install/tahara_pages/lib/python3.10/site-packages:${PYTHONPATH} /usr/bin/python3 -W ignore:setup.py install is deprecated setup.py egg_info --egg-base ../../build/tahara_pages build --build-base /home/pedrohperes/edromufu/src/movement/Ros2_change/build/tahara_pages/build install --record /home/pedrohperes/edromufu/src/movement/Ros2_change/build/tahara_pages/install.log --single-version-externally-managed install_data
[2.729s] Level 1:colcon.colcon_core.environment:checking '/home/pedrohperes/edromufu/src/movement/Ros2_change/install/kinematic_functions' for CMake module files
[2.730s] DEBUG:colcon.colcon_core.event_handler.log_command:Invoked command in '/home/pedrohperes/edromufu/src/movement/Ros2_change/src/kinematic_functions' returned '0': PYTHONPATH=/home/pedrohperes/edromufu/src/movement/Ros2_change/build/kinematic_functions/prefix_override:/home/pedrohperes/edromufu/src/movement/Ros2_change/install/kinematic_functions/lib/python3.10/site-packages:${PYTHONPATH} /usr/bin/python3 -W ignore:setup.py install is deprecated setup.py egg_info --egg-base ../../build/kinematic_functions build --build-base /home/pedrohperes/edromufu/src/movement/Ros2_change/build/kinematic_functions/build install --record /home/pedrohperes/edromufu/src/movement/Ros2_change/build/kinematic_functions/install.log --single-version-externally-managed install_data
[2.730s] Level 1:colcon.colcon_core.environment:checking '/home/pedrohperes/edromufu/src/movement/Ros2_change/install/kinematic_functions' for CMake config files
[2.731s] Level 1:colcon.colcon_core.environment:checking '/home/pedrohperes/edromufu/src/movement/Ros2_change/install/kinematic_functions/lib'
[2.731s] Level 1:colcon.colcon_core.environment:checking '/home/pedrohperes/edromufu/src/movement/Ros2_change/install/kinematic_functions/bin'
[2.731s] Level 1:colcon.colcon_core.environment:checking '/home/pedrohperes/edromufu/src/movement/Ros2_change/install/kinematic_functions/lib/pkgconfig/kinematic_functions.pc'
[2.731s] Level 1:colcon.colcon_core.environment:checking '/home/pedrohperes/edromufu/src/movement/Ros2_change/install/kinematic_functions/lib/python3.10/site-packages'
[2.731s] Level 1:colcon.colcon_core.shell:create_environment_hook('kinematic_functions', 'pythonpath')
[2.731s] INFO:colcon.colcon_core.shell:Creating environment hook '/home/pedrohperes/edromufu/src/movement/Ros2_change/install/kinematic_functions/share/kinematic_functions/hook/pythonpath.ps1'
[2.732s] INFO:colcon.colcon_core.shell:Creating environment descriptor '/home/pedrohperes/edromufu/src/movement/Ros2_change/install/kinematic_functions/share/kinematic_functions/hook/pythonpath.dsv'
[2.732s] INFO:colcon.colcon_core.shell:Creating environment hook '/home/pedrohperes/edromufu/src/movement/Ros2_change/install/kinematic_functions/share/kinematic_functions/hook/pythonpath.sh'
[2.733s] Level 1:colcon.colcon_core.environment:checking '/home/pedrohperes/edromufu/src/movement/Ros2_change/install/kinematic_functions/bin'
[2.733s] Level 1:colcon.colcon_core.environment:create_environment_scripts_only(kinematic_functions)
[2.733s] INFO:colcon.colcon_core.shell:Creating package script '/home/pedrohperes/edromufu/src/movement/Ros2_change/install/kinematic_functions/share/kinematic_functions/package.ps1'
[2.734s] INFO:colcon.colcon_core.shell:Creating package descriptor '/home/pedrohperes/edromufu/src/movement/Ros2_change/install/kinematic_functions/share/kinematic_functions/package.dsv'
[2.734s] INFO:colcon.colcon_core.shell:Creating package script '/home/pedrohperes/edromufu/src/movement/Ros2_change/install/kinematic_functions/share/kinematic_functions/package.sh'
[2.735s] INFO:colcon.colcon_core.shell:Creating package script '/home/pedrohperes/edromufu/src/movement/Ros2_change/install/kinematic_functions/share/kinematic_functions/package.bash'
[2.735s] INFO:colcon.colcon_core.shell:Creating package script '/home/pedrohperes/edromufu/src/movement/Ros2_change/install/kinematic_functions/share/kinematic_functions/package.zsh'
[2.735s] Level 1:colcon.colcon_core.environment:create_file_with_runtime_dependencies(/home/pedrohperes/edromufu/src/movement/Ros2_change/install/kinematic_functions/share/colcon-core/packages/kinematic_functions)
[2.735s] INFO:colcon.colcon_ros.task.ament_python.build:Building ROS package in '/home/pedrohperes/edromufu/src/movement/Ros2_change/src/humanoid_definition' with build type 'ament_python'
[2.736s] Level 1:colcon.colcon_core.shell:create_environment_hook('humanoid_definition', 'ament_prefix_path')
[2.736s] INFO:colcon.colcon_core.shell:Creating environment hook '/home/pedrohperes/edromufu/src/movement/Ros2_change/install/humanoid_definition/share/humanoid_definition/hook/ament_prefix_path.ps1'
[2.737s] INFO:colcon.colcon_core.shell:Creating environment descriptor '/home/pedrohperes/edromufu/src/movement/Ros2_change/install/humanoid_definition/share/humanoid_definition/hook/ament_prefix_path.dsv'
[2.737s] INFO:colcon.colcon_core.shell:Creating environment hook '/home/pedrohperes/edromufu/src/movement/Ros2_change/install/humanoid_definition/share/humanoid_definition/hook/ament_prefix_path.sh'
[2.738s] INFO:colcon.colcon_core.shell:Skip shell extension 'powershell' for command environment: Not usable outside of PowerShell
[2.738s] DEBUG:colcon.colcon_core.shell:Skip shell extension 'dsv' for command environment
[2.742s] INFO:colcon.colcon_ros.task.ament_python.build:Building ROS package in '/home/pedrohperes/edromufu/src/movement/Ros2_change/src/movement_functions' with build type 'ament_python'
[2.742s] Level 1:colcon.colcon_core.shell:create_environment_hook('movement_functions', 'ament_prefix_path')
[2.742s] INFO:colcon.colcon_core.shell:Creating environment hook '/home/pedrohperes/edromufu/src/movement/Ros2_change/install/movement_functions/share/movement_functions/hook/ament_prefix_path.ps1'
[2.743s] INFO:colcon.colcon_core.shell:Creating environment descriptor '/home/pedrohperes/edromufu/src/movement/Ros2_change/install/movement_functions/share/movement_functions/hook/ament_prefix_path.dsv'
[2.743s] INFO:colcon.colcon_core.shell:Creating environment hook '/home/pedrohperes/edromufu/src/movement/Ros2_change/install/movement_functions/share/movement_functions/hook/ament_prefix_path.sh'
[2.743s] INFO:colcon.colcon_core.shell:Skip shell extension 'powershell' for command environment: Not usable outside of PowerShell
[2.743s] DEBUG:colcon.colcon_core.shell:Skip shell extension 'dsv' for command environment
[2.749s] Level 1:colcon.colcon_core.environment:checking '/home/pedrohperes/edromufu/src/movement/Ros2_change/install/erro_package' for CMake module files
[2.749s] DEBUG:colcon.colcon_core.event_handler.log_command:Invoked command in '/home/pedrohperes/edromufu/src/movement/Ros2_change/src/erro_package' returned '0': PYTHONPATH=/home/pedrohperes/edromufu/src/movement/Ros2_change/build/erro_package/prefix_override:/home/pedrohperes/edromufu/src/movement/Ros2_change/install/erro_package/lib/python3.10/site-packages:${PYTHONPATH} /usr/bin/python3 -W ignore:setup.py install is deprecated setup.py egg_info --egg-base ../../build/erro_package build --build-base /home/pedrohperes/edromufu/src/movement/Ros2_change/build/erro_package/build install --record /home/pedrohperes/edromufu/src/movement/Ros2_change/build/erro_package/install.log --single-version-externally-managed install_data
[2.750s] Level 1:colcon.colcon_core.environment:checking '/home/pedrohperes/edromufu/src/movement/Ros2_change/install/erro_package' for CMake config files
[2.750s] Level 1:colcon.colcon_core.environment:checking '/home/pedrohperes/edromufu/src/movement/Ros2_change/install/erro_package/lib'
[2.750s] Level 1:colcon.colcon_core.environment:checking '/home/pedrohperes/edromufu/src/movement/Ros2_change/install/erro_package/bin'
[2.750s] Level 1:colcon.colcon_core.environment:checking '/home/pedrohperes/edromufu/src/movement/Ros2_change/install/erro_package/lib/pkgconfig/erro_package.pc'
[2.751s] Level 1:colcon.colcon_core.environment:checking '/home/pedrohperes/edromufu/src/movement/Ros2_change/install/erro_package/lib/python3.10/site-packages'
[2.751s] Level 1:colcon.colcon_core.shell:create_environment_hook('erro_package', 'pythonpath')
[2.751s] INFO:colcon.colcon_core.shell:Creating environment hook '/home/pedrohperes/edromufu/src/movement/Ros2_change/install/erro_package/share/erro_package/hook/pythonpath.ps1'
[2.751s] INFO:colcon.colcon_core.shell:Creating environment descriptor '/home/pedrohperes/edromufu/src/movement/Ros2_change/install/erro_package/share/erro_package/hook/pythonpath.dsv'
[2.752s] INFO:colcon.colcon_core.shell:Creating environment hook '/home/pedrohperes/edromufu/src/movement/Ros2_change/install/erro_package/share/erro_package/hook/pythonpath.sh'
[2.752s] Level 1:colcon.colcon_core.environment:checking '/home/pedrohperes/edromufu/src/movement/Ros2_change/install/erro_package/bin'
[2.753s] Level 1:colcon.colcon_core.environment:create_environment_scripts_only(erro_package)
[2.753s] INFO:colcon.colcon_core.shell:Creating package script '/home/pedrohperes/edromufu/src/movement/Ros2_change/install/erro_package/share/erro_package/package.ps1'
[2.753s] INFO:colcon.colcon_core.shell:Creating package descriptor '/home/pedrohperes/edromufu/src/movement/Ros2_change/install/erro_package/share/erro_package/package.dsv'
[2.754s] INFO:colcon.colcon_core.shell:Creating package script '/home/pedrohperes/edromufu/src/movement/Ros2_change/install/erro_package/share/erro_package/package.sh'
[2.754s] INFO:colcon.colcon_core.shell:Creating package script '/home/pedrohperes/edromufu/src/movement/Ros2_change/install/erro_package/share/erro_package/package.bash'
[2.755s] INFO:colcon.colcon_core.shell:Creating package script '/home/pedrohperes/edromufu/src/movement/Ros2_change/install/erro_package/share/erro_package/package.zsh'
[2.755s] Level 1:colcon.colcon_core.environment:create_file_with_runtime_dependencies(/home/pedrohperes/edromufu/src/movement/Ros2_change/install/erro_package/share/colcon-core/packages/erro_package)
[2.756s] Level 1:colcon.colcon_core.environment:checking '/home/pedrohperes/edromufu/src/movement/Ros2_change/install/tahara_pages' for CMake module files
[2.756s] Level 1:colcon.colcon_core.environment:checking '/home/pedrohperes/edromufu/src/movement/Ros2_change/install/tahara_pages' for CMake config files
[2.756s] DEBUG:colcon.colcon_core.event_handler.log_command:Invoked command in '/home/pedrohperes/edromufu/src/movement/Ros2_change/src/tahara_pages' returned '0': PYTHONPATH=/home/pedrohperes/edromufu/src/movement/Ros2_change/build/tahara_pages/prefix_override:/home/pedrohperes/edromufu/src/movement/Ros2_change/install/tahara_pages/lib/python3.10/site-packages:${PYTHONPATH} /usr/bin/python3 -W ignore:setup.py install is deprecated setup.py egg_info --egg-base ../../build/tahara_pages build --build-base /home/pedrohperes/edromufu/src/movement/Ros2_change/build/tahara_pages/build install --record /home/pedrohperes/edromufu/src/movement/Ros2_change/build/tahara_pages/install.log --single-version-externally-managed install_data
[2.757s] Level 1:colcon.colcon_core.environment:checking '/home/pedrohperes/edromufu/src/movement/Ros2_change/install/tahara_pages/lib'
[2.757s] Level 1:colcon.colcon_core.environment:checking '/home/pedrohperes/edromufu/src/movement/Ros2_change/install/tahara_pages/bin'
[2.757s] Level 1:colcon.colcon_core.environment:checking '/home/pedrohperes/edromufu/src/movement/Ros2_change/install/tahara_pages/lib/pkgconfig/tahara_pages.pc'
[2.757s] Level 1:colcon.colcon_core.environment:checking '/home/pedrohperes/edromufu/src/movement/Ros2_change/install/tahara_pages/lib/python3.10/site-packages'
[2.757s] Level 1:colcon.colcon_core.shell:create_environment_hook('tahara_pages', 'pythonpath')
[2.758s] INFO:colcon.colcon_core.shell:Creating environment hook '/home/pedrohperes/edromufu/src/movement/Ros2_change/install/tahara_pages/share/tahara_pages/hook/pythonpath.ps1'
[2.758s] INFO:colcon.colcon_core.shell:Creating environment descriptor '/home/pedrohperes/edromufu/src/movement/Ros2_change/install/tahara_pages/share/tahara_pages/hook/pythonpath.dsv'
[2.758s] INFO:colcon.colcon_core.shell:Creating environment hook '/home/pedrohperes/edromufu/src/movement/Ros2_change/install/tahara_pages/share/tahara_pages/hook/pythonpath.sh'
[2.759s] Level 1:colcon.colcon_core.environment:checking '/home/pedrohperes/edromufu/src/movement/Ros2_change/install/tahara_pages/bin'
[2.759s] Level 1:colcon.colcon_core.environment:create_environment_scripts_only(tahara_pages)
[2.759s] INFO:colcon.colcon_core.shell:Creating package script '/home/pedrohperes/edromufu/src/movement/Ros2_change/install/tahara_pages/share/tahara_pages/package.ps1'
[2.760s] INFO:colcon.colcon_core.shell:Creating package descriptor '/home/pedrohperes/edromufu/src/movement/Ros2_change/install/tahara_pages/share/tahara_pages/package.dsv'
[2.760s] INFO:colcon.colcon_core.shell:Creating package script '/home/pedrohperes/edromufu/src/movement/Ros2_change/install/tahara_pages/share/tahara_pages/package.sh'
[2.761s] INFO:colcon.colcon_core.shell:Creating package script '/home/pedrohperes/edromufu/src/movement/Ros2_change/install/tahara_pages/share/tahara_pages/package.bash'
[2.761s] INFO:colcon.colcon_core.shell:Creating package script '/home/pedrohperes/edromufu/src/movement/Ros2_change/install/tahara_pages/share/tahara_pages/package.zsh'
[2.761s] Level 1:colcon.colcon_core.environment:create_file_with_runtime_dependencies(/home/pedrohperes/edromufu/src/movement/Ros2_change/install/tahara_pages/share/colcon-core/packages/tahara_pages)
[3.070s] INFO:colcon.colcon_core.task.python.build:Building Python package in '/home/pedrohperes/edromufu/src/movement/Ros2_change/src/humanoid_definition'
[3.070s] INFO:colcon.colcon_core.shell:Skip shell extension 'powershell' for command environment: Not usable outside of PowerShell
[3.070s] DEBUG:colcon.colcon_core.shell:Skip shell extension 'dsv' for command environment
[3.358s] INFO:colcon.colcon_core.task.python.build:Building Python package in '/home/pedrohperes/edromufu/src/movement/Ros2_change/src/movement_functions'
[3.359s] INFO:colcon.colcon_core.shell:Skip shell extension 'powershell' for command environment: Not usable outside of PowerShell
[3.359s] DEBUG:colcon.colcon_core.shell:Skip shell extension 'dsv' for command environment
[3.366s] DEBUG:colcon.colcon_core.event_handler.log_command:Invoking command in '/home/pedrohperes/edromufu/src/movement/Ros2_change/src/movement_pages': CMAKE_PREFIX_PATH=/home/pedrohperes/edromufu/src/movement/Ros2_change/install/movement_utils:/home/pedrohperes/edromufu/src/movement/Ros2_change/install/urdf_robox:/home/pedrohperes/edromufu/src/movement/Ros2_change/install/urdf_example:/home/pedrohperes/edromufu/src/movement/Ros2_change/install/micro_ros_agent:/home/pedrohperes/edromufu/src/movement/Ros2_change/install/micro_ros_msgs:/home/pedrohperes/edromufu/src/movement/Ros2_change/install/humanoid_visualization PYTHONPATH=/home/pedrohperes/edromufu/src/movement/Ros2_change/build/movement_pages/prefix_override:/home/pedrohperes/edromufu/src/movement/Ros2_change/install/movement_pages/lib/python3.10/site-packages:${PYTHONPATH} /usr/bin/python3 -W ignore:setup.py install is deprecated setup.py egg_info --egg-base ../../build/movement_pages build --build-base /home/pedrohperes/edromufu/src/movement/Ros2_change/build/movement_pages/build install --record /home/pedrohperes/edromufu/src/movement/Ros2_change/build/movement_pages/install.log --single-version-externally-managed install_data
[3.367s] DEBUG:colcon.colcon_core.event_handler.log_command:Invoking command in '/home/pedrohperes/edromufu/src/movement/Ros2_change/src/u2d2_comm': CMAKE_PREFIX_PATH=/home/pedrohperes/edromufu/src/movement/Ros2_change/install/movement_utils:/home/pedrohperes/edromufu/src/movement/Ros2_change/install/urdf_robox:/home/pedrohperes/edromufu/src/movement/Ros2_change/install/urdf_example:/home/pedrohperes/edromufu/src/movement/Ros2_change/install/micro_ros_agent:/home/pedrohperes/edromufu/src/movement/Ros2_change/install/micro_ros_msgs:/home/pedrohperes/edromufu/src/movement/Ros2_change/install/humanoid_visualization PYTHONPATH=/home/pedrohperes/edromufu/src/movement/Ros2_change/build/u2d2_comm/prefix_override:/home/pedrohperes/edromufu/src/movement/Ros2_change/install/u2d2_comm/lib/python3.10/site-packages:${PYTHONPATH} /usr/bin/python3 -W ignore:setup.py install is deprecated setup.py egg_info --egg-base ../../build/u2d2_comm build --build-base /home/pedrohperes/edromufu/src/movement/Ros2_change/build/u2d2_comm/build install --record /home/pedrohperes/edromufu/src/movement/Ros2_change/build/u2d2_comm/install.log --single-version-externally-managed install_data
[3.694s] Level 1:colcon.colcon_core.environment:checking '/home/pedrohperes/edromufu/src/movement/Ros2_change/install/movement_pages' for CMake module files
[3.695s] DEBUG:colcon.colcon_core.event_handler.log_command:Invoked command in '/home/pedrohperes/edromufu/src/movement/Ros2_change/src/movement_pages' returned '0': CMAKE_PREFIX_PATH=/home/pedrohperes/edromufu/src/movement/Ros2_change/install/movement_utils:/home/pedrohperes/edromufu/src/movement/Ros2_change/install/urdf_robox:/home/pedrohperes/edromufu/src/movement/Ros2_change/install/urdf_example:/home/pedrohperes/edromufu/src/movement/Ros2_change/install/micro_ros_agent:/home/pedrohperes/edromufu/src/movement/Ros2_change/install/micro_ros_msgs:/home/pedrohperes/edromufu/src/movement/Ros2_change/install/humanoid_visualization PYTHONPATH=/home/pedrohperes/edromufu/src/movement/Ros2_change/build/movement_pages/prefix_override:/home/pedrohperes/edromufu/src/movement/Ros2_change/install/movement_pages/lib/python3.10/site-packages:${PYTHONPATH} /usr/bin/python3 -W ignore:setup.py install is deprecated setup.py egg_info --egg-base ../../build/movement_pages build --build-base /home/pedrohperes/edromufu/src/movement/Ros2_change/build/movement_pages/build install --record /home/pedrohperes/edromufu/src/movement/Ros2_change/build/movement_pages/install.log --single-version-externally-managed install_data
[3.695s] Level 1:colcon.colcon_core.environment:checking '/home/pedrohperes/edromufu/src/movement/Ros2_change/install/movement_pages' for CMake config files
[3.696s] Level 1:colcon.colcon_core.environment:checking '/home/pedrohperes/edromufu/src/movement/Ros2_change/install/movement_pages/lib'
[3.696s] Level 1:colcon.colcon_core.environment:checking '/home/pedrohperes/edromufu/src/movement/Ros2_change/install/movement_pages/bin'
[3.696s] Level 1:colcon.colcon_core.environment:checking '/home/pedrohperes/edromufu/src/movement/Ros2_change/install/movement_pages/lib/pkgconfig/movement_pages.pc'
[3.696s] Level 1:colcon.colcon_core.environment:checking '/home/pedrohperes/edromufu/src/movement/Ros2_change/install/movement_pages/lib/python3.10/site-packages'
[3.696s] Level 1:colcon.colcon_core.shell:create_environment_hook('movement_pages', 'pythonpath')
[3.696s] INFO:colcon.colcon_core.shell:Creating environment hook '/home/pedrohperes/edromufu/src/movement/Ros2_change/install/movement_pages/share/movement_pages/hook/pythonpath.ps1'
[3.697s] INFO:colcon.colcon_core.shell:Creating environment descriptor '/home/pedrohperes/edromufu/src/movement/Ros2_change/install/movement_pages/share/movement_pages/hook/pythonpath.dsv'
[3.697s] INFO:colcon.colcon_core.shell:Creating environment hook '/home/pedrohperes/edromufu/src/movement/Ros2_change/install/movement_pages/share/movement_pages/hook/pythonpath.sh'
[3.698s] Level 1:colcon.colcon_core.environment:checking '/home/pedrohperes/edromufu/src/movement/Ros2_change/install/movement_pages/bin'
[3.698s] Level 1:colcon.colcon_core.environment:create_environment_scripts_only(movement_pages)
[3.698s] INFO:colcon.colcon_core.shell:Creating package script '/home/pedrohperes/edromufu/src/movement/Ros2_change/install/movement_pages/share/movement_pages/package.ps1'
[3.699s] INFO:colcon.colcon_core.shell:Creating package descriptor '/home/pedrohperes/edromufu/src/movement/Ros2_change/install/movement_pages/share/movement_pages/package.dsv'
[3.699s] INFO:colcon.colcon_core.shell:Creating package script '/home/pedrohperes/edromufu/src/movement/Ros2_change/install/movement_pages/share/movement_pages/package.sh'
[3.699s] INFO:colcon.colcon_core.shell:Creating package script '/home/pedrohperes/edromufu/src/movement/Ros2_change/install/movement_pages/share/movement_pages/package.bash'
[3.700s] INFO:colcon.colcon_core.shell:Creating package script '/home/pedrohperes/edromufu/src/movement/Ros2_change/install/movement_pages/share/movement_pages/package.zsh'
[3.700s] Level 1:colcon.colcon_core.environment:create_file_with_runtime_dependencies(/home/pedrohperes/edromufu/src/movement/Ros2_change/install/movement_pages/share/colcon-core/packages/movement_pages)
[3.701s] Level 1:colcon.colcon_core.environment:checking '/home/pedrohperes/edromufu/src/movement/Ros2_change/install/u2d2_comm' for CMake module files
[3.702s] DEBUG:colcon.colcon_core.event_handler.log_command:Invoked command in '/home/pedrohperes/edromufu/src/movement/Ros2_change/src/u2d2_comm' returned '0': CMAKE_PREFIX_PATH=/home/pedrohperes/edromufu/src/movement/Ros2_change/install/movement_utils:/home/pedrohperes/edromufu/src/movement/Ros2_change/install/urdf_robox:/home/pedrohperes/edromufu/src/movement/Ros2_change/install/urdf_example:/home/pedrohperes/edromufu/src/movement/Ros2_change/install/micro_ros_agent:/home/pedrohperes/edromufu/src/movement/Ros2_change/install/micro_ros_msgs:/home/pedrohperes/edromufu/src/movement/Ros2_change/install/humanoid_visualization PYTHONPATH=/home/pedrohperes/edromufu/src/movement/Ros2_change/build/u2d2_comm/prefix_override:/home/pedrohperes/edromufu/src/movement/Ros2_change/install/u2d2_comm/lib/python3.10/site-packages:${PYTHONPATH} /usr/bin/python3 -W ignore:setup.py install is deprecated setup.py egg_info --egg-base ../../build/u2d2_comm build --build-base /home/pedrohperes/edromufu/src/movement/Ros2_change/build/u2d2_comm/build install --record /home/pedrohperes/edromufu/src/movement/Ros2_change/build/u2d2_comm/install.log --single-version-externally-managed install_data
[3.702s] Level 1:colcon.colcon_core.environment:checking '/home/pedrohperes/edromufu/src/movement/Ros2_change/install/u2d2_comm' for CMake config files
[3.703s] Level 1:colcon.colcon_core.environment:checking '/home/pedrohperes/edromufu/src/movement/Ros2_change/install/u2d2_comm/lib'
[3.703s] Level 1:colcon.colcon_core.environment:checking '/home/pedrohperes/edromufu/src/movement/Ros2_change/install/u2d2_comm/bin'
[3.703s] Level 1:colcon.colcon_core.environment:checking '/home/pedrohperes/edromufu/src/movement/Ros2_change/install/u2d2_comm/lib/pkgconfig/u2d2_comm.pc'
[3.703s] Level 1:colcon.colcon_core.environment:checking '/home/pedrohperes/edromufu/src/movement/Ros2_change/install/u2d2_comm/lib/python3.10/site-packages'
[3.703s] Level 1:colcon.colcon_core.shell:create_environment_hook('u2d2_comm', 'pythonpath')
[3.703s] INFO:colcon.colcon_core.shell:Creating environment hook '/home/pedrohperes/edromufu/src/movement/Ros2_change/install/u2d2_comm/share/u2d2_comm/hook/pythonpath.ps1'
[3.704s] INFO:colcon.colcon_core.shell:Creating environment descriptor '/home/pedrohperes/edromufu/src/movement/Ros2_change/install/u2d2_comm/share/u2d2_comm/hook/pythonpath.dsv'
[3.704s] INFO:colcon.colcon_core.shell:Creating environment hook '/home/pedrohperes/edromufu/src/movement/Ros2_change/install/u2d2_comm/share/u2d2_comm/hook/pythonpath.sh'
[3.704s] Level 1:colcon.colcon_core.environment:checking '/home/pedrohperes/edromufu/src/movement/Ros2_change/install/u2d2_comm/bin'
[3.704s] Level 1:colcon.colcon_core.environment:create_environment_scripts_only(u2d2_comm)
[3.705s] INFO:colcon.colcon_core.shell:Creating package script '/home/pedrohperes/edromufu/src/movement/Ros2_change/install/u2d2_comm/share/u2d2_comm/package.ps1'
[3.705s] INFO:colcon.colcon_core.shell:Creating package descriptor '/home/pedrohperes/edromufu/src/movement/Ros2_change/install/u2d2_comm/share/u2d2_comm/package.dsv'
[3.706s] INFO:colcon.colcon_core.shell:Creating package script '/home/pedrohperes/edromufu/src/movement/Ros2_change/install/u2d2_comm/share/u2d2_comm/package.sh'
[3.706s] INFO:colcon.colcon_core.shell:Creating package script '/home/pedrohperes/edromufu/src/movement/Ros2_change/install/u2d2_comm/share/u2d2_comm/package.bash'
[3.706s] INFO:colcon.colcon_core.shell:Creating package script '/home/pedrohperes/edromufu/src/movement/Ros2_change/install/u2d2_comm/share/u2d2_comm/package.zsh'
[3.707s] Level 1:colcon.colcon_core.environment:create_file_with_runtime_dependencies(/home/pedrohperes/edromufu/src/movement/Ros2_change/install/u2d2_comm/share/colcon-core/packages/u2d2_comm)
[3.862s] DEBUG:colcon.colcon_core.event_handler.log_command:Invoking command in '/home/pedrohperes/edromufu/src/movement/Ros2_change/src/movement_functions': AMENT_PREFIX_PATH=/home/pedrohperes/edromufu/src/movement/Ros2_change/install/kinematic_functions:/home/pedrohperes/edromufu/src/movement/Ros2_change/install/urdf_robox:/home/pedrohperes/edromufu/src/movement/Ros2_change/install/urdf_example:/home/pedrohperes/edromufu/src/movement/Ros2_change/install/u2d2_comm:/home/pedrohperes/edromufu/src/movement/Ros2_change/install/tahara_pages:/home/pedrohperes/edromufu/src/movement/Ros2_change/install/pot_package:/home/pedrohperes/edromufu/src/movement/Ros2_change/install/movement_core:/home/pedrohperes/edromufu/src/movement/Ros2_change/install/movement_pages:/home/pedrohperes/edromufu/src/movement/Ros2_change/install/movement_utils:/home/pedrohperes/edromufu/src/movement/Ros2_change/install/movement_functions:/home/pedrohperes/edromufu/src/movement/Ros2_change/install/micro_ros_agent:/home/pedrohperes/edromufu/src/movement/Ros2_change/install/micro_ros_msgs:/home/pedrohperes/edromufu/src/movement/Ros2_change/install/humanoid_definition:/home/pedrohperes/edromufu/src/movement/Ros2_change/install/humanoid_visualization:/home/pedrohperes/edromufu/src/movement/Ros2_change/install/erro_package:/opt/ros/humble PYTHONPATH=/home/pedrohperes/edromufu/src/movement/Ros2_change/build/movement_functions/prefix_override:/home/pedrohperes/edromufu/src/movement/Ros2_change/install/movement_functions/lib/python3.10/site-packages:/home/pedrohperes/edromufu/src/movement/Ros2_change/install/kinematic_functions/lib/python3.10/site-packages:/home/pedrohperes/edromufu/src/movement/Ros2_change/install/u2d2_comm/lib/python3.10/site-packages:/home/pedrohperes/edromufu/src/movement/Ros2_change/install/tahara_pages/lib/python3.10/site-packages:/home/pedrohperes/edromufu/src/movement/Ros2_change/install/pot_package/lib/python3.10/site-packages:/home/pedrohperes/edromufu/src/movement/Ros2_change/install/movement_core/lib/python3.10/site-packages:/home/pedrohperes/edromufu/src/movement/Ros2_change/install/movement_pages/lib/python3.10/site-packages:/home/pedrohperes/edromufu/src/movement/Ros2_change/install/movement_utils/local/lib/python3.10/dist-packages:/home/pedrohperes/edromufu/src/movement/Ros2_change/install/movement_functions/lib/python3.10/site-packages:/home/pedrohperes/edromufu/src/movement/Ros2_change/install/micro_ros_msgs/local/lib/python3.10/dist-packages:/home/pedrohperes/edromufu/src/movement/Ros2_change/install/humanoid_definition/lib/python3.10/site-packages:/home/pedrohperes/edromufu/src/movement/Ros2_change/install/erro_package/lib/python3.10/site-packages:/opt/ros/humble/lib/python3.10/site-packages:/opt/ros/humble/local/lib/python3.10/dist-packages /usr/bin/python3 -W ignore:setup.py install is deprecated setup.py egg_info --egg-base ../../build/movement_functions build --build-base /home/pedrohperes/edromufu/src/movement/Ros2_change/build/movement_functions/build install --record /home/pedrohperes/edromufu/src/movement/Ros2_change/build/movement_functions/install.log --single-version-externally-managed install_data
[3.863s] DEBUG:colcon.colcon_core.event_handler.log_command:Invoking command in '/home/pedrohperes/edromufu/src/movement/Ros2_change/src/humanoid_definition': AMENT_PREFIX_PATH=/home/pedrohperes/edromufu/src/movement/Ros2_change/install/kinematic_functions:/home/pedrohperes/edromufu/src/movement/Ros2_change/install/urdf_robox:/home/pedrohperes/edromufu/src/movement/Ros2_change/install/urdf_example:/home/pedrohperes/edromufu/src/movement/Ros2_change/install/u2d2_comm:/home/pedrohperes/edromufu/src/movement/Ros2_change/install/tahara_pages:/home/pedrohperes/edromufu/src/movement/Ros2_change/install/pot_package:/home/pedrohperes/edromufu/src/movement/Ros2_change/install/movement_core:/home/pedrohperes/edromufu/src/movement/Ros2_change/install/movement_pages:/home/pedrohperes/edromufu/src/movement/Ros2_change/install/movement_utils:/home/pedrohperes/edromufu/src/movement/Ros2_change/install/movement_functions:/home/pedrohperes/edromufu/src/movement/Ros2_change/install/micro_ros_agent:/home/pedrohperes/edromufu/src/movement/Ros2_change/install/micro_ros_msgs:/home/pedrohperes/edromufu/src/movement/Ros2_change/install/humanoid_definition:/home/pedrohperes/edromufu/src/movement/Ros2_change/install/humanoid_visualization:/home/pedrohperes/edromufu/src/movement/Ros2_change/install/erro_package:/opt/ros/humble PYTHONPATH=/home/pedrohperes/edromufu/src/movement/Ros2_change/build/humanoid_definition/prefix_override:/home/pedrohperes/edromufu/src/movement/Ros2_change/install/humanoid_definition/lib/python3.10/site-packages:/home/pedrohperes/edromufu/src/movement/Ros2_change/install/kinematic_functions/lib/python3.10/site-packages:/home/pedrohperes/edromufu/src/movement/Ros2_change/install/u2d2_comm/lib/python3.10/site-packages:/home/pedrohperes/edromufu/src/movement/Ros2_change/install/tahara_pages/lib/python3.10/site-packages:/home/pedrohperes/edromufu/src/movement/Ros2_change/install/pot_package/lib/python3.10/site-packages:/home/pedrohperes/edromufu/src/movement/Ros2_change/install/movement_core/lib/python3.10/site-packages:/home/pedrohperes/edromufu/src/movement/Ros2_change/install/movement_pages/lib/python3.10/site-packages:/home/pedrohperes/edromufu/src/movement/Ros2_change/install/movement_utils/local/lib/python3.10/dist-packages:/home/pedrohperes/edromufu/src/movement/Ros2_change/install/movement_functions/lib/python3.10/site-packages:/home/pedrohperes/edromufu/src/movement/Ros2_change/install/micro_ros_msgs/local/lib/python3.10/dist-packages:/home/pedrohperes/edromufu/src/movement/Ros2_change/install/humanoid_definition/lib/python3.10/site-packages:/home/pedrohperes/edromufu/src/movement/Ros2_change/install/erro_package/lib/python3.10/site-packages:/opt/ros/humble/lib/python3.10/site-packages:/opt/ros/humble/local/lib/python3.10/dist-packages /usr/bin/python3 -W ignore:setup.py install is deprecated setup.py egg_info --egg-base ../../build/humanoid_definition build --build-base /home/pedrohperes/edromufu/src/movement/Ros2_change/build/humanoid_definition/build install --record /home/pedrohperes/edromufu/src/movement/Ros2_change/build/humanoid_definition/install.log --single-version-externally-managed install_data
[4.184s] Level 1:colcon.colcon_core.environment:checking '/home/pedrohperes/edromufu/src/movement/Ros2_change/install/humanoid_definition' for CMake module files
[4.185s] DEBUG:colcon.colcon_core.event_handler.log_command:Invoked command in '/home/pedrohperes/edromufu/src/movement/Ros2_change/src/humanoid_definition' returned '0': AMENT_PREFIX_PATH=/home/pedrohperes/edromufu/src/movement/Ros2_change/install/kinematic_functions:/home/pedrohperes/edromufu/src/movement/Ros2_change/install/urdf_robox:/home/pedrohperes/edromufu/src/movement/Ros2_change/install/urdf_example:/home/pedrohperes/edromufu/src/movement/Ros2_change/install/u2d2_comm:/home/pedrohperes/edromufu/src/movement/Ros2_change/install/tahara_pages:/home/pedrohperes/edromufu/src/movement/Ros2_change/install/pot_package:/home/pedrohperes/edromufu/src/movement/Ros2_change/install/movement_core:/home/pedrohperes/edromufu/src/movement/Ros2_change/install/movement_pages:/home/pedrohperes/edromufu/src/movement/Ros2_change/install/movement_utils:/home/pedrohperes/edromufu/src/movement/Ros2_change/install/movement_functions:/home/pedrohperes/edromufu/src/movement/Ros2_change/install/micro_ros_agent:/home/pedrohperes/edromufu/src/movement/Ros2_change/install/micro_ros_msgs:/home/pedrohperes/edromufu/src/movement/Ros2_change/install/humanoid_definition:/home/pedrohperes/edromufu/src/movement/Ros2_change/install/humanoid_visualization:/home/pedrohperes/edromufu/src/movement/Ros2_change/install/erro_package:/opt/ros/humble PYTHONPATH=/home/pedrohperes/edromufu/src/movement/Ros2_change/build/humanoid_definition/prefix_override:/home/pedrohperes/edromufu/src/movement/Ros2_change/install/humanoid_definition/lib/python3.10/site-packages:/home/pedrohperes/edromufu/src/movement/Ros2_change/install/kinematic_functions/lib/python3.10/site-packages:/home/pedrohperes/edromufu/src/movement/Ros2_change/install/u2d2_comm/lib/python3.10/site-packages:/home/pedrohperes/edromufu/src/movement/Ros2_change/install/tahara_pages/lib/python3.10/site-packages:/home/pedrohperes/edromufu/src/movement/Ros2_change/install/pot_package/lib/python3.10/site-packages:/home/pedrohperes/edromufu/src/movement/Ros2_change/install/movement_core/lib/python3.10/site-packages:/home/pedrohperes/edromufu/src/movement/Ros2_change/install/movement_pages/lib/python3.10/site-packages:/home/pedrohperes/edromufu/src/movement/Ros2_change/install/movement_utils/local/lib/python3.10/dist-packages:/home/pedrohperes/edromufu/src/movement/Ros2_change/install/movement_functions/lib/python3.10/site-packages:/home/pedrohperes/edromufu/src/movement/Ros2_change/install/micro_ros_msgs/local/lib/python3.10/dist-packages:/home/pedrohperes/edromufu/src/movement/Ros2_change/install/humanoid_definition/lib/python3.10/site-packages:/home/pedrohperes/edromufu/src/movement/Ros2_change/install/erro_package/lib/python3.10/site-packages:/opt/ros/humble/lib/python3.10/site-packages:/opt/ros/humble/local/lib/python3.10/dist-packages /usr/bin/python3 -W ignore:setup.py install is deprecated setup.py egg_info --egg-base ../../build/humanoid_definition build --build-base /home/pedrohperes/edromufu/src/movement/Ros2_change/build/humanoid_definition/build install --record /home/pedrohperes/edromufu/src/movement/Ros2_change/build/humanoid_definition/install.log --single-version-externally-managed install_data
[4.185s] Level 1:colcon.colcon_core.environment:checking '/home/pedrohperes/edromufu/src/movement/Ros2_change/install/humanoid_definition' for CMake config files
[4.186s] Level 1:colcon.colcon_core.environment:checking '/home/pedrohperes/edromufu/src/movement/Ros2_change/install/humanoid_definition/lib'
[4.186s] Level 1:colcon.colcon_core.environment:checking '/home/pedrohperes/edromufu/src/movement/Ros2_change/install/humanoid_definition/bin'
[4.186s] Level 1:colcon.colcon_core.environment:checking '/home/pedrohperes/edromufu/src/movement/Ros2_change/install/humanoid_definition/lib/pkgconfig/humanoid_definition.pc'
[4.186s] Level 1:colcon.colcon_core.environment:checking '/home/pedrohperes/edromufu/src/movement/Ros2_change/install/humanoid_definition/lib/python3.10/site-packages'
[4.186s] Level 1:colcon.colcon_core.shell:create_environment_hook('humanoid_definition', 'pythonpath')
[4.186s] INFO:colcon.colcon_core.shell:Creating environment hook '/home/pedrohperes/edromufu/src/movement/Ros2_change/install/humanoid_definition/share/humanoid_definition/hook/pythonpath.ps1'
[4.187s] INFO:colcon.colcon_core.shell:Creating environment descriptor '/home/pedrohperes/edromufu/src/movement/Ros2_change/install/humanoid_definition/share/humanoid_definition/hook/pythonpath.dsv'
[4.187s] INFO:colcon.colcon_core.shell:Creating environment hook '/home/pedrohperes/edromufu/src/movement/Ros2_change/install/humanoid_definition/share/humanoid_definition/hook/pythonpath.sh'
[4.188s] Level 1:colcon.colcon_core.environment:checking '/home/pedrohperes/edromufu/src/movement/Ros2_change/install/humanoid_definition/bin'
[4.188s] Level 1:colcon.colcon_core.environment:create_environment_scripts_only(humanoid_definition)
[4.188s] INFO:colcon.colcon_core.shell:Creating package script '/home/pedrohperes/edromufu/src/movement/Ros2_change/install/humanoid_definition/share/humanoid_definition/package.ps1'
[4.188s] INFO:colcon.colcon_core.shell:Creating package descriptor '/home/pedrohperes/edromufu/src/movement/Ros2_change/install/humanoid_definition/share/humanoid_definition/package.dsv'
[4.189s] INFO:colcon.colcon_core.shell:Creating package script '/home/pedrohperes/edromufu/src/movement/Ros2_change/install/humanoid_definition/share/humanoid_definition/package.sh'
[4.189s] INFO:colcon.colcon_core.shell:Creating package script '/home/pedrohperes/edromufu/src/movement/Ros2_change/install/humanoid_definition/share/humanoid_definition/package.bash'
[4.189s] INFO:colcon.colcon_core.shell:Creating package script '/home/pedrohperes/edromufu/src/movement/Ros2_change/install/humanoid_definition/share/humanoid_definition/package.zsh'
[4.190s] Level 1:colcon.colcon_core.environment:create_file_with_runtime_dependencies(/home/pedrohperes/edromufu/src/movement/Ros2_change/install/humanoid_definition/share/colcon-core/packages/humanoid_definition)
[4.190s] Level 1:colcon.colcon_core.environment:checking '/home/pedrohperes/edromufu/src/movement/Ros2_change/install/movement_functions' for CMake module files
[4.191s] Level 1:colcon.colcon_core.environment:checking '/home/pedrohperes/edromufu/src/movement/Ros2_change/install/movement_functions' for CMake config files
[4.191s] DEBUG:colcon.colcon_core.event_handler.log_command:Invoked command in '/home/pedrohperes/edromufu/src/movement/Ros2_change/src/movement_functions' returned '0': AMENT_PREFIX_PATH=/home/pedrohperes/edromufu/src/movement/Ros2_change/install/kinematic_functions:/home/pedrohperes/edromufu/src/movement/Ros2_change/install/urdf_robox:/home/pedrohperes/edromufu/src/movement/Ros2_change/install/urdf_example:/home/pedrohperes/edromufu/src/movement/Ros2_change/install/u2d2_comm:/home/pedrohperes/edromufu/src/movement/Ros2_change/install/tahara_pages:/home/pedrohperes/edromufu/src/movement/Ros2_change/install/pot_package:/home/pedrohperes/edromufu/src/movement/Ros2_change/install/movement_core:/home/pedrohperes/edromufu/src/movement/Ros2_change/install/movement_pages:/home/pedrohperes/edromufu/src/movement/Ros2_change/install/movement_utils:/home/pedrohperes/edromufu/src/movement/Ros2_change/install/movement_functions:/home/pedrohperes/edromufu/src/movement/Ros2_change/install/micro_ros_agent:/home/pedrohperes/edromufu/src/movement/Ros2_change/install/micro_ros_msgs:/home/pedrohperes/edromufu/src/movement/Ros2_change/install/humanoid_definition:/home/pedrohperes/edromufu/src/movement/Ros2_change/install/humanoid_visualization:/home/pedrohperes/edromufu/src/movement/Ros2_change/install/erro_package:/opt/ros/humble PYTHONPATH=/home/pedrohperes/edromufu/src/movement/Ros2_change/build/movement_functions/prefix_override:/home/pedrohperes/edromufu/src/movement/Ros2_change/install/movement_functions/lib/python3.10/site-packages:/home/pedrohperes/edromufu/src/movement/Ros2_change/install/kinematic_functions/lib/python3.10/site-packages:/home/pedrohperes/edromufu/src/movement/Ros2_change/install/u2d2_comm/lib/python3.10/site-packages:/home/pedrohperes/edromufu/src/movement/Ros2_change/install/tahara_pages/lib/python3.10/site-packages:/home/pedrohperes/edromufu/src/movement/Ros2_change/install/pot_package/lib/python3.10/site-packages:/home/pedrohperes/edromufu/src/movement/Ros2_change/install/movement_core/lib/python3.10/site-packages:/home/pedrohperes/edromufu/src/movement/Ros2_change/install/movement_pages/lib/python3.10/site-packages:/home/pedrohperes/edromufu/src/movement/Ros2_change/install/movement_utils/local/lib/python3.10/dist-packages:/home/pedrohperes/edromufu/src/movement/Ros2_change/install/movement_functions/lib/python3.10/site-packages:/home/pedrohperes/edromufu/src/movement/Ros2_change/install/micro_ros_msgs/local/lib/python3.10/dist-packages:/home/pedrohperes/edromufu/src/movement/Ros2_change/install/humanoid_definition/lib/python3.10/site-packages:/home/pedrohperes/edromufu/src/movement/Ros2_change/install/erro_package/lib/python3.10/site-packages:/opt/ros/humble/lib/python3.10/site-packages:/opt/ros/humble/local/lib/python3.10/dist-packages /usr/bin/python3 -W ignore:setup.py install is deprecated setup.py egg_info --egg-base ../../build/movement_functions build --build-base /home/pedrohperes/edromufu/src/movement/Ros2_change/build/movement_functions/build install --record /home/pedrohperes/edromufu/src/movement/Ros2_change/build/movement_functions/install.log --single-version-externally-managed install_data
[4.192s] Level 1:colcon.colcon_core.environment:checking '/home/pedrohperes/edromufu/src/movement/Ros2_change/install/movement_functions/lib'
[4.192s] Level 1:colcon.colcon_core.environment:checking '/home/pedrohperes/edromufu/src/movement/Ros2_change/install/movement_functions/bin'
[4.192s] Level 1:colcon.colcon_core.environment:checking '/home/pedrohperes/edromufu/src/movement/Ros2_change/install/movement_functions/lib/pkgconfig/movement_functions.pc'
[4.192s] Level 1:colcon.colcon_core.environment:checking '/home/pedrohperes/edromufu/src/movement/Ros2_change/install/movement_functions/lib/python3.10/site-packages'
[4.192s] Level 1:colcon.colcon_core.shell:create_environment_hook('movement_functions', 'pythonpath')
[4.193s] INFO:colcon.colcon_core.shell:Creating environment hook '/home/pedrohperes/edromufu/src/movement/Ros2_change/install/movement_functions/share/movement_functions/hook/pythonpath.ps1'
[4.193s] INFO:colcon.colcon_core.shell:Creating environment descriptor '/home/pedrohperes/edromufu/src/movement/Ros2_change/install/movement_functions/share/movement_functions/hook/pythonpath.dsv'
[4.193s] INFO:colcon.colcon_core.shell:Creating environment hook '/home/pedrohperes/edromufu/src/movement/Ros2_change/install/movement_functions/share/movement_functions/hook/pythonpath.sh'
[4.194s] Level 1:colcon.colcon_core.environment:checking '/home/pedrohperes/edromufu/src/movement/Ros2_change/install/movement_functions/bin'
[4.194s] Level 1:colcon.colcon_core.environment:create_environment_scripts_only(movement_functions)
[4.194s] INFO:colcon.colcon_core.shell:Creating package script '/home/pedrohperes/edromufu/src/movement/Ros2_change/install/movement_functions/share/movement_functions/package.ps1'
[4.194s] INFO:colcon.colcon_core.shell:Creating package descriptor '/home/pedrohperes/edromufu/src/movement/Ros2_change/install/movement_functions/share/movement_functions/package.dsv'
[4.195s] INFO:colcon.colcon_core.shell:Creating package script '/home/pedrohperes/edromufu/src/movement/Ros2_change/install/movement_functions/share/movement_functions/package.sh'
[4.195s] INFO:colcon.colcon_core.shell:Creating package script '/home/pedrohperes/edromufu/src/movement/Ros2_change/install/movement_functions/share/movement_functions/package.bash'
[4.196s] INFO:colcon.colcon_core.shell:Creating package script '/home/pedrohperes/edromufu/src/movement/Ros2_change/install/movement_functions/share/movement_functions/package.zsh'
[4.196s] Level 1:colcon.colcon_core.environment:create_file_with_runtime_dependencies(/home/pedrohperes/edromufu/src/movement/Ros2_change/install/movement_functions/share/colcon-core/packages/movement_functions)
[4.196s] INFO:colcon.colcon_ros.task.ament_python.build:Building ROS package in '/home/pedrohperes/edromufu/src/movement/Ros2_change/src/movement_core' with build type 'ament_python'
[4.196s] Level 1:colcon.colcon_core.shell:create_environment_hook('movement_core', 'ament_prefix_path')
[4.197s] INFO:colcon.colcon_core.shell:Creating environment hook '/home/pedrohperes/edromufu/src/movement/Ros2_change/install/movement_core/share/movement_core/hook/ament_prefix_path.ps1'
[4.197s] INFO:colcon.colcon_core.shell:Creating environment descriptor '/home/pedrohperes/edromufu/src/movement/Ros2_change/install/movement_core/share/movement_core/hook/ament_prefix_path.dsv'
[4.198s] INFO:colcon.colcon_core.shell:Creating environment hook '/home/pedrohperes/edromufu/src/movement/Ros2_change/install/movement_core/share/movement_core/hook/ament_prefix_path.sh'
[4.198s] INFO:colcon.colcon_core.shell:Skip shell extension 'powershell' for command environment: Not usable outside of PowerShell
[4.198s] DEBUG:colcon.colcon_core.shell:Skip shell extension 'dsv' for command environment
[4.492s] INFO:colcon.colcon_core.task.python.build:Building Python package in '/home/pedrohperes/edromufu/src/movement/Ros2_change/src/movement_core'
[4.492s] INFO:colcon.colcon_core.shell:Skip shell extension 'powershell' for command environment: Not usable outside of PowerShell
[4.492s] DEBUG:colcon.colcon_core.shell:Skip shell extension 'dsv' for command environment
[4.958s] DEBUG:colcon.colcon_core.event_handler.log_command:Invoking command in '/home/pedrohperes/edromufu/src/movement/Ros2_change/src/movement_core': AMENT_PREFIX_PATH=/home/pedrohperes/edromufu/src/movement/Ros2_change/install/movement_pages:/home/pedrohperes/edromufu/src/movement/Ros2_change/install/movement_functions:/home/pedrohperes/edromufu/src/movement/Ros2_change/install/humanoid_definition:/home/pedrohperes/edromufu/src/movement/Ros2_change/install/kinematic_functions:/home/pedrohperes/edromufu/src/movement/Ros2_change/install/urdf_robox:/home/pedrohperes/edromufu/src/movement/Ros2_change/install/urdf_example:/home/pedrohperes/edromufu/src/movement/Ros2_change/install/u2d2_comm:/home/pedrohperes/edromufu/src/movement/Ros2_change/install/tahara_pages:/home/pedrohperes/edromufu/src/movement/Ros2_change/install/pot_package:/home/pedrohperes/edromufu/src/movement/Ros2_change/install/movement_core:/home/pedrohperes/edromufu/src/movement/Ros2_change/install/movement_utils:/home/pedrohperes/edromufu/src/movement/Ros2_change/install/micro_ros_agent:/home/pedrohperes/edromufu/src/movement/Ros2_change/install/micro_ros_msgs:/home/pedrohperes/edromufu/src/movement/Ros2_change/install/humanoid_visualization:/home/pedrohperes/edromufu/src/movement/Ros2_change/install/erro_package:/opt/ros/humble CMAKE_PREFIX_PATH=/home/pedrohperes/edromufu/src/movement/Ros2_change/install/movement_utils:/home/pedrohperes/edromufu/src/movement/Ros2_change/install/urdf_robox:/home/pedrohperes/edromufu/src/movement/Ros2_change/install/urdf_example:/home/pedrohperes/edromufu/src/movement/Ros2_change/install/micro_ros_agent:/home/pedrohperes/edromufu/src/movement/Ros2_change/install/micro_ros_msgs:/home/pedrohperes/edromufu/src/movement/Ros2_change/install/humanoid_visualization PYTHONPATH=/home/pedrohperes/edromufu/src/movement/Ros2_change/build/movement_core/prefix_override:/home/pedrohperes/edromufu/src/movement/Ros2_change/install/movement_core/lib/python3.10/site-packages:/home/pedrohperes/edromufu/src/movement/Ros2_change/install/movement_pages/lib/python3.10/site-packages:/home/pedrohperes/edromufu/src/movement/Ros2_change/install/movement_functions/lib/python3.10/site-packages:/home/pedrohperes/edromufu/src/movement/Ros2_change/install/humanoid_definition/lib/python3.10/site-packages:/home/pedrohperes/edromufu/src/movement/Ros2_change/install/kinematic_functions/lib/python3.10/site-packages:/home/pedrohperes/edromufu/src/movement/Ros2_change/install/u2d2_comm/lib/python3.10/site-packages:/home/pedrohperes/edromufu/src/movement/Ros2_change/install/tahara_pages/lib/python3.10/site-packages:/home/pedrohperes/edromufu/src/movement/Ros2_change/install/pot_package/lib/python3.10/site-packages:/home/pedrohperes/edromufu/src/movement/Ros2_change/install/movement_core/lib/python3.10/site-packages:/home/pedrohperes/edromufu/src/movement/Ros2_change/install/movement_utils/local/lib/python3.10/dist-packages:/home/pedrohperes/edromufu/src/movement/Ros2_change/install/micro_ros_msgs/local/lib/python3.10/dist-packages:/home/pedrohperes/edromufu/src/movement/Ros2_change/install/erro_package/lib/python3.10/site-packages:/opt/ros/humble/lib/python3.10/site-packages:/opt/ros/humble/local/lib/python3.10/dist-packages /usr/bin/python3 -W ignore:setup.py install is deprecated setup.py egg_info --egg-base ../../build/movement_core build --build-base /home/pedrohperes/edromufu/src/movement/Ros2_change/build/movement_core/build install --record /home/pedrohperes/edromufu/src/movement/Ros2_change/build/movement_core/install.log --single-version-externally-managed install_data
[5.283s] Level 1:colcon.colcon_core.environment:checking '/home/pedrohperes/edromufu/src/movement/Ros2_change/install/movement_core' for CMake module files
[5.284s] DEBUG:colcon.colcon_core.event_handler.log_command:Invoked command in '/home/pedrohperes/edromufu/src/movement/Ros2_change/src/movement_core' returned '0': AMENT_PREFIX_PATH=/home/pedrohperes/edromufu/src/movement/Ros2_change/install/movement_pages:/home/pedrohperes/edromufu/src/movement/Ros2_change/install/movement_functions:/home/pedrohperes/edromufu/src/movement/Ros2_change/install/humanoid_definition:/home/pedrohperes/edromufu/src/movement/Ros2_change/install/kinematic_functions:/home/pedrohperes/edromufu/src/movement/Ros2_change/install/urdf_robox:/home/pedrohperes/edromufu/src/movement/Ros2_change/install/urdf_example:/home/pedrohperes/edromufu/src/movement/Ros2_change/install/u2d2_comm:/home/pedrohperes/edromufu/src/movement/Ros2_change/install/tahara_pages:/home/pedrohperes/edromufu/src/movement/Ros2_change/install/pot_package:/home/pedrohperes/edromufu/src/movement/Ros2_change/install/movement_core:/home/pedrohperes/edromufu/src/movement/Ros2_change/install/movement_utils:/home/pedrohperes/edromufu/src/movement/Ros2_change/install/micro_ros_agent:/home/pedrohperes/edromufu/src/movement/Ros2_change/install/micro_ros_msgs:/home/pedrohperes/edromufu/src/movement/Ros2_change/install/humanoid_visualization:/home/pedrohperes/edromufu/src/movement/Ros2_change/install/erro_package:/opt/ros/humble CMAKE_PREFIX_PATH=/home/pedrohperes/edromufu/src/movement/Ros2_change/install/movement_utils:/home/pedrohperes/edromufu/src/movement/Ros2_change/install/urdf_robox:/home/pedrohperes/edromufu/src/movement/Ros2_change/install/urdf_example:/home/pedrohperes/edromufu/src/movement/Ros2_change/install/micro_ros_agent:/home/pedrohperes/edromufu/src/movement/Ros2_change/install/micro_ros_msgs:/home/pedrohperes/edromufu/src/movement/Ros2_change/install/humanoid_visualization PYTHONPATH=/home/pedrohperes/edromufu/src/movement/Ros2_change/build/movement_core/prefix_override:/home/pedrohperes/edromufu/src/movement/Ros2_change/install/movement_core/lib/python3.10/site-packages:/home/pedrohperes/edromufu/src/movement/Ros2_change/install/movement_pages/lib/python3.10/site-packages:/home/pedrohperes/edromufu/src/movement/Ros2_change/install/movement_functions/lib/python3.10/site-packages:/home/pedrohperes/edromufu/src/movement/Ros2_change/install/humanoid_definition/lib/python3.10/site-packages:/home/pedrohperes/edromufu/src/movement/Ros2_change/install/kinematic_functions/lib/python3.10/site-packages:/home/pedrohperes/edromufu/src/movement/Ros2_change/install/u2d2_comm/lib/python3.10/site-packages:/home/pedrohperes/edromufu/src/movement/Ros2_change/install/tahara_pages/lib/python3.10/site-packages:/home/pedrohperes/edromufu/src/movement/Ros2_change/install/pot_package/lib/python3.10/site-packages:/home/pedrohperes/edromufu/src/movement/Ros2_change/install/movement_core/lib/python3.10/site-packages:/home/pedrohperes/edromufu/src/movement/Ros2_change/install/movement_utils/local/lib/python3.10/dist-packages:/home/pedrohperes/edromufu/src/movement/Ros2_change/install/micro_ros_msgs/local/lib/python3.10/dist-packages:/home/pedrohperes/edromufu/src/movement/Ros2_change/install/erro_package/lib/python3.10/site-packages:/opt/ros/humble/lib/python3.10/site-packages:/opt/ros/humble/local/lib/python3.10/dist-packages /usr/bin/python3 -W ignore:setup.py install is deprecated setup.py egg_info --egg-base ../../build/movement_core build --build-base /home/pedrohperes/edromufu/src/movement/Ros2_change/build/movement_core/build install --record /home/pedrohperes/edromufu/src/movement/Ros2_change/build/movement_core/install.log --single-version-externally-managed install_data
[5.284s] Level 1:colcon.colcon_core.environment:checking '/home/pedrohperes/edromufu/src/movement/Ros2_change/install/movement_core' for CMake config files
[5.285s] Level 1:colcon.colcon_core.environment:checking '/home/pedrohperes/edromufu/src/movement/Ros2_change/install/movement_core/lib'
[5.285s] Level 1:colcon.colcon_core.environment:checking '/home/pedrohperes/edromufu/src/movement/Ros2_change/install/movement_core/bin'
[5.285s] Level 1:colcon.colcon_core.environment:checking '/home/pedrohperes/edromufu/src/movement/Ros2_change/install/movement_core/lib/pkgconfig/movement_core.pc'
[5.285s] Level 1:colcon.colcon_core.environment:checking '/home/pedrohperes/edromufu/src/movement/Ros2_change/install/movement_core/lib/python3.10/site-packages'
[5.285s] Level 1:colcon.colcon_core.shell:create_environment_hook('movement_core', 'pythonpath')
[5.285s] INFO:colcon.colcon_core.shell:Creating environment hook '/home/pedrohperes/edromufu/src/movement/Ros2_change/install/movement_core/share/movement_core/hook/pythonpath.ps1'
[5.286s] INFO:colcon.colcon_core.shell:Creating environment descriptor '/home/pedrohperes/edromufu/src/movement/Ros2_change/install/movement_core/share/movement_core/hook/pythonpath.dsv'
[5.286s] INFO:colcon.colcon_core.shell:Creating environment hook '/home/pedrohperes/edromufu/src/movement/Ros2_change/install/movement_core/share/movement_core/hook/pythonpath.sh'
[5.287s] Level 1:colcon.colcon_core.environment:checking '/home/pedrohperes/edromufu/src/movement/Ros2_change/install/movement_core/bin'
[5.287s] Level 1:colcon.colcon_core.environment:create_environment_scripts_only(movement_core)
[5.287s] INFO:colcon.colcon_core.shell:Creating package script '/home/pedrohperes/edromufu/src/movement/Ros2_change/install/movement_core/share/movement_core/package.ps1'
[5.287s] INFO:colcon.colcon_core.shell:Creating package descriptor '/home/pedrohperes/edromufu/src/movement/Ros2_change/install/movement_core/share/movement_core/package.dsv'
[5.288s] INFO:colcon.colcon_core.shell:Creating package script '/home/pedrohperes/edromufu/src/movement/Ros2_change/install/movement_core/share/movement_core/package.sh'
[5.288s] INFO:colcon.colcon_core.shell:Creating package script '/home/pedrohperes/edromufu/src/movement/Ros2_change/install/movement_core/share/movement_core/package.bash'
[5.289s] INFO:colcon.colcon_core.shell:Creating package script '/home/pedrohperes/edromufu/src/movement/Ros2_change/install/movement_core/share/movement_core/package.zsh'
[5.289s] Level 1:colcon.colcon_core.environment:create_file_with_runtime_dependencies(/home/pedrohperes/edromufu/src/movement/Ros2_change/install/movement_core/share/colcon-core/packages/movement_core)
[5.289s] DEBUG:colcon.colcon_parallel_executor.executor.parallel:closing loop
[5.290s] DEBUG:colcon.colcon_parallel_executor.executor.parallel:loop closed
[5.290s] DEBUG:colcon.colcon_parallel_executor.executor.parallel:run_until_complete finished with '0'
[5.290s] DEBUG:colcon.colcon_core.event_reactor:joining thread
[5.295s] INFO:colcon.colcon_core.plugin_system:Skipping extension 'colcon_notification.desktop_notification.terminal_notifier': Not used on non-Darwin systems
[5.295s] INFO:colcon.colcon_core.plugin_system:Skipping extension 'colcon_notification.desktop_notification.win32': Not used on non-Windows systems
[5.295s] INFO:colcon.colcon_notification.desktop_notification:Sending desktop notification using 'notify2'
[5.297s] DEBUG:colcon.colcon_core.event_reactor:joined thread
[5.297s] INFO:colcon.colcon_core.shell:Creating prefix script '/home/pedrohperes/edromufu/src/movement/Ros2_change/install/local_setup.ps1'
[5.298s] INFO:colcon.colcon_core.shell:Creating prefix util module '/home/pedrohperes/edromufu/src/movement/Ros2_change/install/_local_setup_util_ps1.py'
[5.299s] INFO:colcon.colcon_core.shell:Creating prefix chain script '/home/pedrohperes/edromufu/src/movement/Ros2_change/install/setup.ps1'
[5.301s] INFO:colcon.colcon_core.shell:Creating prefix script '/home/pedrohperes/edromufu/src/movement/Ros2_change/install/local_setup.sh'
[5.302s] INFO:colcon.colcon_core.shell:Creating prefix util module '/home/pedrohperes/edromufu/src/movement/Ros2_change/install/_local_setup_util_sh.py'
[5.302s] INFO:colcon.colcon_core.shell:Creating prefix chain script '/home/pedrohperes/edromufu/src/movement/Ros2_change/install/setup.sh'
[5.303s] INFO:colcon.colcon_core.shell:Creating prefix script '/home/pedrohperes/edromufu/src/movement/Ros2_change/install/local_setup.bash'
[5.304s] INFO:colcon.colcon_core.shell:Creating prefix chain script '/home/pedrohperes/edromufu/src/movement/Ros2_change/install/setup.bash'
[5.305s] INFO:colcon.colcon_core.shell:Creating prefix script '/home/pedrohperes/edromufu/src/movement/Ros2_change/install/local_setup.zsh'
[5.306s] INFO:colcon.colcon_core.shell:Creating prefix chain script '/home/pedrohperes/edromufu/src/movement/Ros2_change/install/setup.zsh'
