[0.107s] DEBUG:colcon:Command line arguments: ['/usr/bin/colcon', 'build']
[0.107s] DEBUG:colcon:Parsed command line arguments: Namespace(log_base=None, log_level=None, verb_name='build', build_base='build', install_base='install', merge_install=False, symlink_install=False, test_result_base=None, continue_on_error=False, executor='parallel', parallel_workers=12, event_handlers=None, ignore_user_meta=False, metas=['./colcon.meta'], base_paths=['.'], packages_ignore=None, packages_ignore_regex=None, paths=None, packages_up_to=None, packages_up_to_regex=None, packages_above=None, packages_above_and_dependencies=None, packages_above_depth=None, packages_select_by_dep=None, packages_skip_by_dep=None, packages_skip_up_to=None, packages_select_build_failed=False, packages_skip_build_finished=False, packages_select_test_failures=False, packages_skip_test_passed=False, packages_select=None, packages_skip=None, packages_select_regex=None, packages_skip_regex=None, packages_start=None, packages_end=None, allow_overriding=[], cmake_args=None, cmake_target=None, cmake_target_skip_unavailable=False, cmake_clean_cache=False, cmake_clean_first=False, cmake_force_configure=False, ament_cmake_args=None, catkin_cmake_args=None, catkin_skip_building_tests=False, verb_parser=<colcon_defaults.argument_parser.defaults.DefaultArgumentsDecorator object at 0x7b299a26d000>, verb_extension=<colcon_core.verb.build.BuildVerb object at 0x7b299a361ba0>, main=<bound method BuildVerb.main of <colcon_core.verb.build.BuildVerb object at 0x7b299a361ba0>>)
[0.305s] Level 1:colcon.colcon_core.package_discovery:discover_packages(colcon_meta) check parameters
[0.305s] Level 1:colcon.colcon_core.package_discovery:discover_packages(recursive) check parameters
[0.305s] Level 1:colcon.colcon_core.package_discovery:discover_packages(ignore) check parameters
[0.305s] Level 1:colcon.colcon_core.package_discovery:discover_packages(path) check parameters
[0.305s] Level 1:colcon.colcon_core.package_discovery:discover_packages(colcon_meta) discover
[0.305s] Level 1:colcon.colcon_core.package_discovery:discover_packages(recursive) discover
[0.305s] INFO:colcon.colcon_core.package_discovery:Crawling recursively for packages in '/home/pedrohperes/edromufu/src/movement/Ros2_change'
[0.305s] Level 1:colcon.colcon_core.package_identification:_identify(.) by extensions ['ignore', 'ignore_ament_install']
[0.305s] Level 1:colcon.colcon_core.package_identification:_identify(.) by extension 'ignore'
[0.305s] Level 1:colcon.colcon_core.package_identification:_identify(.) by extension 'ignore_ament_install'
[0.305s] Level 1:colcon.colcon_core.package_identification:_identify(.) by extensions ['colcon_pkg']
[0.305s] Level 1:colcon.colcon_core.package_identification:_identify(.) by extension 'colcon_pkg'
[0.305s] Level 1:colcon.colcon_core.package_identification:_identify(.) by extensions ['colcon_meta']
[0.305s] Level 1:colcon.colcon_core.package_identification:_identify(.) by extension 'colcon_meta'
[0.305s] Level 1:colcon.colcon_core.package_identification:_identify(.) by extensions ['ros']
[0.305s] Level 1:colcon.colcon_core.package_identification:_identify(.) by extension 'ros'
[0.322s] Level 1:colcon.colcon_core.package_identification:_identify(.) by extensions ['cmake', 'python']
[0.322s] Level 1:colcon.colcon_core.package_identification:_identify(.) by extension 'cmake'
[0.322s] Level 1:colcon.colcon_core.package_identification:_identify(.) by extension 'python'
[0.322s] Level 1:colcon.colcon_core.package_identification:_identify(.) by extensions ['python_setup_py']
[0.322s] Level 1:colcon.colcon_core.package_identification:_identify(.) by extension 'python_setup_py'
[0.322s] Level 1:colcon.colcon_core.package_identification:_identify(build) by extensions ['ignore', 'ignore_ament_install']
[0.322s] Level 1:colcon.colcon_core.package_identification:_identify(build) by extension 'ignore'
[0.322s] Level 1:colcon.colcon_core.package_identification:_identify(build) ignored
[0.322s] Level 1:colcon.colcon_core.package_identification:_identify(install) by extensions ['ignore', 'ignore_ament_install']
[0.322s] Level 1:colcon.colcon_core.package_identification:_identify(install) by extension 'ignore'
[0.322s] Level 1:colcon.colcon_core.package_identification:_identify(install) ignored
[0.323s] Level 1:colcon.colcon_core.package_identification:_identify(log) by extensions ['ignore', 'ignore_ament_install']
[0.323s] Level 1:colcon.colcon_core.package_identification:_identify(log) by extension 'ignore'
[0.323s] Level 1:colcon.colcon_core.package_identification:_identify(log) ignored
[0.323s] Level 1:colcon.colcon_core.package_identification:_identify(src) by extensions ['ignore', 'ignore_ament_install']
[0.323s] Level 1:colcon.colcon_core.package_identification:_identify(src) by extension 'ignore'
[0.323s] Level 1:colcon.colcon_core.package_identification:_identify(src) by extension 'ignore_ament_install'
[0.323s] Level 1:colcon.colcon_core.package_identification:_identify(src) by extensions ['colcon_pkg']
[0.323s] Level 1:colcon.colcon_core.package_identification:_identify(src) by extension 'colcon_pkg'
[0.323s] Level 1:colcon.colcon_core.package_identification:_identify(src) by extensions ['colcon_meta']
[0.323s] Level 1:colcon.colcon_core.package_identification:_identify(src) by extension 'colcon_meta'
[0.323s] Level 1:colcon.colcon_core.package_identification:_identify(src) by extensions ['ros']
[0.323s] Level 1:colcon.colcon_core.package_identification:_identify(src) by extension 'ros'
[0.323s] Level 1:colcon.colcon_core.package_identification:_identify(src) by extensions ['cmake', 'python']
[0.323s] Level 1:colcon.colcon_core.package_identification:_identify(src) by extension 'cmake'
[0.323s] Level 1:colcon.colcon_core.package_identification:_identify(src) by extension 'python'
[0.323s] Level 1:colcon.colcon_core.package_identification:_identify(src) by extensions ['python_setup_py']
[0.323s] Level 1:colcon.colcon_core.package_identification:_identify(src) by extension 'python_setup_py'
[0.324s] Level 1:colcon.colcon_core.package_identification:_identify(src/erro_package) by extensions ['ignore', 'ignore_ament_install']
[0.324s] Level 1:colcon.colcon_core.package_identification:_identify(src/erro_package) by extension 'ignore'
[0.324s] Level 1:colcon.colcon_core.package_identification:_identify(src/erro_package) by extension 'ignore_ament_install'
[0.324s] Level 1:colcon.colcon_core.package_identification:_identify(src/erro_package) by extensions ['colcon_pkg']
[0.324s] Level 1:colcon.colcon_core.package_identification:_identify(src/erro_package) by extension 'colcon_pkg'
[0.324s] Level 1:colcon.colcon_core.package_identification:_identify(src/erro_package) by extensions ['colcon_meta']
[0.324s] Level 1:colcon.colcon_core.package_identification:_identify(src/erro_package) by extension 'colcon_meta'
[0.324s] Level 1:colcon.colcon_core.package_identification:_identify(src/erro_package) by extensions ['ros']
[0.324s] Level 1:colcon.colcon_core.package_identification:_identify(src/erro_package) by extension 'ros'
[0.326s] DEBUG:colcon.colcon_core.package_identification:Package 'src/erro_package' with type 'ros.ament_python' and name 'erro_package'
[0.326s] Level 1:colcon.colcon_core.package_identification:_identify(src/humanoid_definition) by extensions ['ignore', 'ignore_ament_install']
[0.326s] Level 1:colcon.colcon_core.package_identification:_identify(src/humanoid_definition) by extension 'ignore'
[0.326s] Level 1:colcon.colcon_core.package_identification:_identify(src/humanoid_definition) by extension 'ignore_ament_install'
[0.326s] Level 1:colcon.colcon_core.package_identification:_identify(src/humanoid_definition) by extensions ['colcon_pkg']
[0.326s] Level 1:colcon.colcon_core.package_identification:_identify(src/humanoid_definition) by extension 'colcon_pkg'
[0.326s] Level 1:colcon.colcon_core.package_identification:_identify(src/humanoid_definition) by extensions ['colcon_meta']
[0.326s] Level 1:colcon.colcon_core.package_identification:_identify(src/humanoid_definition) by extension 'colcon_meta'
[0.326s] Level 1:colcon.colcon_core.package_identification:_identify(src/humanoid_definition) by extensions ['ros']
[0.326s] Level 1:colcon.colcon_core.package_identification:_identify(src/humanoid_definition) by extension 'ros'
[0.327s] DEBUG:colcon.colcon_core.package_identification:Package 'src/humanoid_definition' with type 'ros.ament_python' and name 'humanoid_definition'
[0.327s] Level 1:colcon.colcon_core.package_identification:_identify(src/humanoid_visualization) by extensions ['ignore', 'ignore_ament_install']
[0.327s] Level 1:colcon.colcon_core.package_identification:_identify(src/humanoid_visualization) by extension 'ignore'
[0.327s] Level 1:colcon.colcon_core.package_identification:_identify(src/humanoid_visualization) by extension 'ignore_ament_install'
[0.327s] Level 1:colcon.colcon_core.package_identification:_identify(src/humanoid_visualization) by extensions ['colcon_pkg']
[0.327s] Level 1:colcon.colcon_core.package_identification:_identify(src/humanoid_visualization) by extension 'colcon_pkg'
[0.327s] Level 1:colcon.colcon_core.package_identification:_identify(src/humanoid_visualization) by extensions ['colcon_meta']
[0.327s] Level 1:colcon.colcon_core.package_identification:_identify(src/humanoid_visualization) by extension 'colcon_meta'
[0.327s] Level 1:colcon.colcon_core.package_identification:_identify(src/humanoid_visualization) by extensions ['ros']
[0.327s] Level 1:colcon.colcon_core.package_identification:_identify(src/humanoid_visualization) by extension 'ros'
[0.328s] DEBUG:colcon.colcon_core.package_identification:Package 'src/humanoid_visualization' with type 'ros.ament_cmake' and name 'humanoid_visualization'
[0.328s] Level 1:colcon.colcon_core.package_identification:_identify(src/kinematic_functions) by extensions ['ignore', 'ignore_ament_install']
[0.328s] Level 1:colcon.colcon_core.package_identification:_identify(src/kinematic_functions) by extension 'ignore'
[0.328s] Level 1:colcon.colcon_core.package_identification:_identify(src/kinematic_functions) by extension 'ignore_ament_install'
[0.328s] Level 1:colcon.colcon_core.package_identification:_identify(src/kinematic_functions) by extensions ['colcon_pkg']
[0.328s] Level 1:colcon.colcon_core.package_identification:_identify(src/kinematic_functions) by extension 'colcon_pkg'
[0.328s] Level 1:colcon.colcon_core.package_identification:_identify(src/kinematic_functions) by extensions ['colcon_meta']
[0.328s] Level 1:colcon.colcon_core.package_identification:_identify(src/kinematic_functions) by extension 'colcon_meta'
[0.328s] Level 1:colcon.colcon_core.package_identification:_identify(src/kinematic_functions) by extensions ['ros']
[0.328s] Level 1:colcon.colcon_core.package_identification:_identify(src/kinematic_functions) by extension 'ros'
[0.329s] DEBUG:colcon.colcon_core.package_identification:Package 'src/kinematic_functions' with type 'ros.ament_python' and name 'kinematic_functions'
[0.329s] Level 1:colcon.colcon_core.package_identification:_identify(src/matlab_codes) by extensions ['ignore', 'ignore_ament_install']
[0.329s] Level 1:colcon.colcon_core.package_identification:_identify(src/matlab_codes) by extension 'ignore'
[0.329s] Level 1:colcon.colcon_core.package_identification:_identify(src/matlab_codes) by extension 'ignore_ament_install'
[0.329s] Level 1:colcon.colcon_core.package_identification:_identify(src/matlab_codes) by extensions ['colcon_pkg']
[0.329s] Level 1:colcon.colcon_core.package_identification:_identify(src/matlab_codes) by extension 'colcon_pkg'
[0.329s] Level 1:colcon.colcon_core.package_identification:_identify(src/matlab_codes) by extensions ['colcon_meta']
[0.329s] Level 1:colcon.colcon_core.package_identification:_identify(src/matlab_codes) by extension 'colcon_meta'
[0.329s] Level 1:colcon.colcon_core.package_identification:_identify(src/matlab_codes) by extensions ['ros']
[0.329s] Level 1:colcon.colcon_core.package_identification:_identify(src/matlab_codes) by extension 'ros'
[0.329s] Level 1:colcon.colcon_core.package_identification:_identify(src/matlab_codes) by extensions ['cmake', 'python']
[0.329s] Level 1:colcon.colcon_core.package_identification:_identify(src/matlab_codes) by extension 'cmake'
[0.330s] Level 1:colcon.colcon_core.package_identification:_identify(src/matlab_codes) by extension 'python'
[0.330s] Level 1:colcon.colcon_core.package_identification:_identify(src/matlab_codes) by extensions ['python_setup_py']
[0.330s] Level 1:colcon.colcon_core.package_identification:_identify(src/matlab_codes) by extension 'python_setup_py'
[0.330s] Level 1:colcon.colcon_core.package_identification:_identify(src/micro_ros) by extensions ['ignore', 'ignore_ament_install']
[0.330s] Level 1:colcon.colcon_core.package_identification:_identify(src/micro_ros) by extension 'ignore'
[0.330s] Level 1:colcon.colcon_core.package_identification:_identify(src/micro_ros) by extension 'ignore_ament_install'
[0.330s] Level 1:colcon.colcon_core.package_identification:_identify(src/micro_ros) by extensions ['colcon_pkg']
[0.330s] Level 1:colcon.colcon_core.package_identification:_identify(src/micro_ros) by extension 'colcon_pkg'
[0.330s] Level 1:colcon.colcon_core.package_identification:_identify(src/micro_ros) by extensions ['colcon_meta']
[0.330s] Level 1:colcon.colcon_core.package_identification:_identify(src/micro_ros) by extension 'colcon_meta'
[0.330s] Level 1:colcon.colcon_core.package_identification:_identify(src/micro_ros) by extensions ['ros']
[0.330s] Level 1:colcon.colcon_core.package_identification:_identify(src/micro_ros) by extension 'ros'
[0.330s] Level 1:colcon.colcon_core.package_identification:_identify(src/micro_ros) by extensions ['cmake', 'python']
[0.330s] Level 1:colcon.colcon_core.package_identification:_identify(src/micro_ros) by extension 'cmake'
[0.330s] Level 1:colcon.colcon_core.package_identification:_identify(src/micro_ros) by extension 'python'
[0.330s] Level 1:colcon.colcon_core.package_identification:_identify(src/micro_ros) by extensions ['python_setup_py']
[0.330s] Level 1:colcon.colcon_core.package_identification:_identify(src/micro_ros) by extension 'python_setup_py'
[0.330s] Level 1:colcon.colcon_core.package_identification:_identify(src/micro_ros/uros) by extensions ['ignore', 'ignore_ament_install']
[0.330s] Level 1:colcon.colcon_core.package_identification:_identify(src/micro_ros/uros) by extension 'ignore'
[0.330s] Level 1:colcon.colcon_core.package_identification:_identify(src/micro_ros/uros) by extension 'ignore_ament_install'
[0.331s] Level 1:colcon.colcon_core.package_identification:_identify(src/micro_ros/uros) by extensions ['colcon_pkg']
[0.331s] Level 1:colcon.colcon_core.package_identification:_identify(src/micro_ros/uros) by extension 'colcon_pkg'
[0.331s] Level 1:colcon.colcon_core.package_identification:_identify(src/micro_ros/uros) by extensions ['colcon_meta']
[0.331s] Level 1:colcon.colcon_core.package_identification:_identify(src/micro_ros/uros) by extension 'colcon_meta'
[0.331s] Level 1:colcon.colcon_core.package_identification:_identify(src/micro_ros/uros) by extensions ['ros']
[0.331s] Level 1:colcon.colcon_core.package_identification:_identify(src/micro_ros/uros) by extension 'ros'
[0.331s] Level 1:colcon.colcon_core.package_identification:_identify(src/micro_ros/uros) by extensions ['cmake', 'python']
[0.331s] Level 1:colcon.colcon_core.package_identification:_identify(src/micro_ros/uros) by extension 'cmake'
[0.331s] Level 1:colcon.colcon_core.package_identification:_identify(src/micro_ros/uros) by extension 'python'
[0.331s] Level 1:colcon.colcon_core.package_identification:_identify(src/micro_ros/uros) by extensions ['python_setup_py']
[0.331s] Level 1:colcon.colcon_core.package_identification:_identify(src/micro_ros/uros) by extension 'python_setup_py'
[0.331s] Level 1:colcon.colcon_core.package_identification:_identify(src/micro_ros/uros/micro-ROS-Agent) by extensions ['ignore', 'ignore_ament_install']
[0.331s] Level 1:colcon.colcon_core.package_identification:_identify(src/micro_ros/uros/micro-ROS-Agent) by extension 'ignore'
[0.331s] Level 1:colcon.colcon_core.package_identification:_identify(src/micro_ros/uros/micro-ROS-Agent) by extension 'ignore_ament_install'
[0.331s] Level 1:colcon.colcon_core.package_identification:_identify(src/micro_ros/uros/micro-ROS-Agent) by extensions ['colcon_pkg']
[0.331s] Level 1:colcon.colcon_core.package_identification:_identify(src/micro_ros/uros/micro-ROS-Agent) by extension 'colcon_pkg'
[0.331s] Level 1:colcon.colcon_core.package_identification:_identify(src/micro_ros/uros/micro-ROS-Agent) by extensions ['colcon_meta']
[0.331s] Level 1:colcon.colcon_core.package_identification:_identify(src/micro_ros/uros/micro-ROS-Agent) by extension 'colcon_meta'
[0.331s] Level 1:colcon.colcon_core.package_identification:_identify(src/micro_ros/uros/micro-ROS-Agent) by extensions ['ros']
[0.331s] Level 1:colcon.colcon_core.package_identification:_identify(src/micro_ros/uros/micro-ROS-Agent) by extension 'ros'
[0.331s] Level 1:colcon.colcon_core.package_identification:_identify(src/micro_ros/uros/micro-ROS-Agent) by extensions ['cmake', 'python']
[0.332s] Level 1:colcon.colcon_core.package_identification:_identify(src/micro_ros/uros/micro-ROS-Agent) by extension 'cmake'
[0.332s] Level 1:colcon.colcon_core.package_identification:_identify(src/micro_ros/uros/micro-ROS-Agent) by extension 'python'
[0.332s] Level 1:colcon.colcon_core.package_identification:_identify(src/micro_ros/uros/micro-ROS-Agent) by extensions ['python_setup_py']
[0.332s] Level 1:colcon.colcon_core.package_identification:_identify(src/micro_ros/uros/micro-ROS-Agent) by extension 'python_setup_py'
[0.332s] Level 1:colcon.colcon_core.package_identification:_identify(src/micro_ros/uros/micro_ros_msgs) by extensions ['ignore', 'ignore_ament_install']
[0.332s] Level 1:colcon.colcon_core.package_identification:_identify(src/micro_ros/uros/micro_ros_msgs) by extension 'ignore'
[0.332s] Level 1:colcon.colcon_core.package_identification:_identify(src/micro_ros/uros/micro_ros_msgs) by extension 'ignore_ament_install'
[0.332s] Level 1:colcon.colcon_core.package_identification:_identify(src/micro_ros/uros/micro_ros_msgs) by extensions ['colcon_pkg']
[0.332s] Level 1:colcon.colcon_core.package_identification:_identify(src/micro_ros/uros/micro_ros_msgs) by extension 'colcon_pkg'
[0.332s] Level 1:colcon.colcon_core.package_identification:_identify(src/micro_ros/uros/micro_ros_msgs) by extensions ['colcon_meta']
[0.332s] Level 1:colcon.colcon_core.package_identification:_identify(src/micro_ros/uros/micro_ros_msgs) by extension 'colcon_meta'
[0.332s] Level 1:colcon.colcon_core.package_identification:_identify(src/micro_ros/uros/micro_ros_msgs) by extensions ['ros']
[0.332s] Level 1:colcon.colcon_core.package_identification:_identify(src/micro_ros/uros/micro_ros_msgs) by extension 'ros'
[0.332s] Level 1:colcon.colcon_core.package_identification:_identify(src/micro_ros/uros/micro_ros_msgs) by extensions ['cmake', 'python']
[0.332s] Level 1:colcon.colcon_core.package_identification:_identify(src/micro_ros/uros/micro_ros_msgs) by extension 'cmake'
[0.332s] Level 1:colcon.colcon_core.package_identification:_identify(src/micro_ros/uros/micro_ros_msgs) by extension 'python'
[0.332s] Level 1:colcon.colcon_core.package_identification:_identify(src/micro_ros/uros/micro_ros_msgs) by extensions ['python_setup_py']
[0.332s] Level 1:colcon.colcon_core.package_identification:_identify(src/micro_ros/uros/micro_ros_msgs) by extension 'python_setup_py'
[0.332s] Level 1:colcon.colcon_core.package_identification:_identify(src/movement_core) by extensions ['ignore', 'ignore_ament_install']
[0.332s] Level 1:colcon.colcon_core.package_identification:_identify(src/movement_core) by extension 'ignore'
[0.333s] Level 1:colcon.colcon_core.package_identification:_identify(src/movement_core) by extension 'ignore_ament_install'
[0.333s] Level 1:colcon.colcon_core.package_identification:_identify(src/movement_core) by extensions ['colcon_pkg']
[0.333s] Level 1:colcon.colcon_core.package_identification:_identify(src/movement_core) by extension 'colcon_pkg'
[0.333s] Level 1:colcon.colcon_core.package_identification:_identify(src/movement_core) by extensions ['colcon_meta']
[0.333s] Level 1:colcon.colcon_core.package_identification:_identify(src/movement_core) by extension 'colcon_meta'
[0.333s] Level 1:colcon.colcon_core.package_identification:_identify(src/movement_core) by extensions ['ros']
[0.333s] Level 1:colcon.colcon_core.package_identification:_identify(src/movement_core) by extension 'ros'
[0.334s] DEBUG:colcon.colcon_core.package_identification:Package 'src/movement_core' with type 'ros.ament_python' and name 'movement_core'
[0.334s] Level 1:colcon.colcon_core.package_identification:_identify(src/movement_functions) by extensions ['ignore', 'ignore_ament_install']
[0.334s] Level 1:colcon.colcon_core.package_identification:_identify(src/movement_functions) by extension 'ignore'
[0.334s] Level 1:colcon.colcon_core.package_identification:_identify(src/movement_functions) by extension 'ignore_ament_install'
[0.334s] Level 1:colcon.colcon_core.package_identification:_identify(src/movement_functions) by extensions ['colcon_pkg']
[0.334s] Level 1:colcon.colcon_core.package_identification:_identify(src/movement_functions) by extension 'colcon_pkg'
[0.334s] Level 1:colcon.colcon_core.package_identification:_identify(src/movement_functions) by extensions ['colcon_meta']
[0.334s] Level 1:colcon.colcon_core.package_identification:_identify(src/movement_functions) by extension 'colcon_meta'
[0.334s] Level 1:colcon.colcon_core.package_identification:_identify(src/movement_functions) by extensions ['ros']
[0.334s] Level 1:colcon.colcon_core.package_identification:_identify(src/movement_functions) by extension 'ros'
[0.334s] DEBUG:colcon.colcon_core.package_identification:Package 'src/movement_functions' with type 'ros.ament_python' and name 'movement_functions'
[0.335s] Level 1:colcon.colcon_core.package_identification:_identify(src/movement_pages) by extensions ['ignore', 'ignore_ament_install']
[0.335s] Level 1:colcon.colcon_core.package_identification:_identify(src/movement_pages) by extension 'ignore'
[0.335s] Level 1:colcon.colcon_core.package_identification:_identify(src/movement_pages) by extension 'ignore_ament_install'
[0.335s] Level 1:colcon.colcon_core.package_identification:_identify(src/movement_pages) by extensions ['colcon_pkg']
[0.335s] Level 1:colcon.colcon_core.package_identification:_identify(src/movement_pages) by extension 'colcon_pkg'
[0.335s] Level 1:colcon.colcon_core.package_identification:_identify(src/movement_pages) by extensions ['colcon_meta']
[0.335s] Level 1:colcon.colcon_core.package_identification:_identify(src/movement_pages) by extension 'colcon_meta'
[0.335s] Level 1:colcon.colcon_core.package_identification:_identify(src/movement_pages) by extensions ['ros']
[0.335s] Level 1:colcon.colcon_core.package_identification:_identify(src/movement_pages) by extension 'ros'
[0.335s] DEBUG:colcon.colcon_core.package_identification:Package 'src/movement_pages' with type 'ros.ament_python' and name 'movement_pages'
[0.336s] Level 1:colcon.colcon_core.package_identification:_identify(src/movement_utils) by extensions ['ignore', 'ignore_ament_install']
[0.336s] Level 1:colcon.colcon_core.package_identification:_identify(src/movement_utils) by extension 'ignore'
[0.336s] Level 1:colcon.colcon_core.package_identification:_identify(src/movement_utils) by extension 'ignore_ament_install'
[0.336s] Level 1:colcon.colcon_core.package_identification:_identify(src/movement_utils) by extensions ['colcon_pkg']
[0.336s] Level 1:colcon.colcon_core.package_identification:_identify(src/movement_utils) by extension 'colcon_pkg'
[0.336s] Level 1:colcon.colcon_core.package_identification:_identify(src/movement_utils) by extensions ['colcon_meta']
[0.336s] Level 1:colcon.colcon_core.package_identification:_identify(src/movement_utils) by extension 'colcon_meta'
[0.336s] Level 1:colcon.colcon_core.package_identification:_identify(src/movement_utils) by extensions ['ros']
[0.336s] Level 1:colcon.colcon_core.package_identification:_identify(src/movement_utils) by extension 'ros'
[0.336s] DEBUG:colcon.colcon_core.package_identification:Package 'src/movement_utils' with type 'ros.ament_cmake' and name 'movement_utils'
[0.337s] Level 1:colcon.colcon_core.package_identification:_identify(src/tahara_pages) by extensions ['ignore', 'ignore_ament_install']
[0.337s] Level 1:colcon.colcon_core.package_identification:_identify(src/tahara_pages) by extension 'ignore'
[0.337s] Level 1:colcon.colcon_core.package_identification:_identify(src/tahara_pages) by extension 'ignore_ament_install'
[0.337s] Level 1:colcon.colcon_core.package_identification:_identify(src/tahara_pages) by extensions ['colcon_pkg']
[0.337s] Level 1:colcon.colcon_core.package_identification:_identify(src/tahara_pages) by extension 'colcon_pkg'
[0.337s] Level 1:colcon.colcon_core.package_identification:_identify(src/tahara_pages) by extensions ['colcon_meta']
[0.337s] Level 1:colcon.colcon_core.package_identification:_identify(src/tahara_pages) by extension 'colcon_meta'
[0.337s] Level 1:colcon.colcon_core.package_identification:_identify(src/tahara_pages) by extensions ['ros']
[0.337s] Level 1:colcon.colcon_core.package_identification:_identify(src/tahara_pages) by extension 'ros'
[0.337s] DEBUG:colcon.colcon_core.package_identification:Package 'src/tahara_pages' with type 'ros.ament_python' and name 'tahara_pages'
[0.337s] Level 1:colcon.colcon_core.package_identification:_identify(src/u2d2_comm) by extensions ['ignore', 'ignore_ament_install']
[0.338s] Level 1:colcon.colcon_core.package_identification:_identify(src/u2d2_comm) by extension 'ignore'
[0.338s] Level 1:colcon.colcon_core.package_identification:_identify(src/u2d2_comm) by extension 'ignore_ament_install'
[0.338s] Level 1:colcon.colcon_core.package_identification:_identify(src/u2d2_comm) by extensions ['colcon_pkg']
[0.338s] Level 1:colcon.colcon_core.package_identification:_identify(src/u2d2_comm) by extension 'colcon_pkg'
[0.338s] Level 1:colcon.colcon_core.package_identification:_identify(src/u2d2_comm) by extensions ['colcon_meta']
[0.338s] Level 1:colcon.colcon_core.package_identification:_identify(src/u2d2_comm) by extension 'colcon_meta'
[0.338s] Level 1:colcon.colcon_core.package_identification:_identify(src/u2d2_comm) by extensions ['ros']
[0.338s] Level 1:colcon.colcon_core.package_identification:_identify(src/u2d2_comm) by extension 'ros'
[0.338s] DEBUG:colcon.colcon_core.package_identification:Package 'src/u2d2_comm' with type 'ros.ament_python' and name 'u2d2_comm'
[0.338s] Level 1:colcon.colcon_core.package_identification:_identify(src/urdf_example) by extensions ['ignore', 'ignore_ament_install']
[0.339s] Level 1:colcon.colcon_core.package_identification:_identify(src/urdf_example) by extension 'ignore'
[0.339s] Level 1:colcon.colcon_core.package_identification:_identify(src/urdf_example) by extension 'ignore_ament_install'
[0.339s] Level 1:colcon.colcon_core.package_identification:_identify(src/urdf_example) by extensions ['colcon_pkg']
[0.339s] Level 1:colcon.colcon_core.package_identification:_identify(src/urdf_example) by extension 'colcon_pkg'
[0.339s] Level 1:colcon.colcon_core.package_identification:_identify(src/urdf_example) by extensions ['colcon_meta']
[0.339s] Level 1:colcon.colcon_core.package_identification:_identify(src/urdf_example) by extension 'colcon_meta'
[0.339s] Level 1:colcon.colcon_core.package_identification:_identify(src/urdf_example) by extensions ['ros']
[0.339s] Level 1:colcon.colcon_core.package_identification:_identify(src/urdf_example) by extension 'ros'
[0.339s] DEBUG:colcon.colcon_core.package_identification:Package 'src/urdf_example' with type 'ros.ament_cmake' and name 'urdf_example'
[0.339s] Level 1:colcon.colcon_core.package_identification:_identify(src/urdf_robox) by extensions ['ignore', 'ignore_ament_install']
[0.339s] Level 1:colcon.colcon_core.package_identification:_identify(src/urdf_robox) by extension 'ignore'
[0.340s] Level 1:colcon.colcon_core.package_identification:_identify(src/urdf_robox) by extension 'ignore_ament_install'
[0.340s] Level 1:colcon.colcon_core.package_identification:_identify(src/urdf_robox) by extensions ['colcon_pkg']
[0.340s] Level 1:colcon.colcon_core.package_identification:_identify(src/urdf_robox) by extension 'colcon_pkg'
[0.340s] Level 1:colcon.colcon_core.package_identification:_identify(src/urdf_robox) by extensions ['colcon_meta']
[0.340s] Level 1:colcon.colcon_core.package_identification:_identify(src/urdf_robox) by extension 'colcon_meta'
[0.340s] Level 1:colcon.colcon_core.package_identification:_identify(src/urdf_robox) by extensions ['ros']
[0.340s] Level 1:colcon.colcon_core.package_identification:_identify(src/urdf_robox) by extension 'ros'
[0.340s] DEBUG:colcon.colcon_core.package_identification:Package 'src/urdf_robox' with type 'ros.ament_cmake' and name 'urdf_robox'
[0.340s] Level 1:colcon.colcon_core.package_discovery:discover_packages(recursive) using defaults
[0.340s] Level 1:colcon.colcon_core.package_discovery:discover_packages(ignore) discover
[0.340s] Level 1:colcon.colcon_core.package_discovery:discover_packages(ignore) using defaults
[0.340s] Level 1:colcon.colcon_core.package_discovery:discover_packages(path) discover
[0.340s] Level 1:colcon.colcon_core.package_discovery:discover_packages(path) using defaults
[0.361s] Level 1:colcon.colcon_core.package_discovery:discover_packages(prefix_path) check parameters
[0.361s] Level 1:colcon.colcon_core.package_discovery:discover_packages(prefix_path) discover
[0.363s] DEBUG:colcon.colcon_installed_package_information.package_discovery:Found 15 installed packages in /home/pedrohperes/edromufu/src/movement/Ros2_change/install
[0.364s] DEBUG:colcon.colcon_installed_package_information.package_discovery:Found 3 installed packages in /home/pedrohperes/edromufu/install
[0.365s] DEBUG:colcon.colcon_installed_package_information.package_discovery:Found 286 installed packages in /opt/ros/humble
[0.366s] Level 1:colcon.colcon_core.package_discovery:discover_packages(prefix_path) using defaults
[0.404s] Level 5:colcon.colcon_core.verb:set package 'erro_package' build argument 'cmake_args' from command line to 'None'
[0.404s] Level 5:colcon.colcon_core.verb:set package 'erro_package' build argument 'cmake_target' from command line to 'None'
[0.404s] Level 5:colcon.colcon_core.verb:set package 'erro_package' build argument 'cmake_target_skip_unavailable' from command line to 'False'
[0.404s] Level 5:colcon.colcon_core.verb:set package 'erro_package' build argument 'cmake_clean_cache' from command line to 'False'
[0.404s] Level 5:colcon.colcon_core.verb:set package 'erro_package' build argument 'cmake_clean_first' from command line to 'False'
[0.404s] Level 5:colcon.colcon_core.verb:set package 'erro_package' build argument 'cmake_force_configure' from command line to 'False'
[0.404s] Level 5:colcon.colcon_core.verb:set package 'erro_package' build argument 'ament_cmake_args' from command line to 'None'
[0.404s] Level 5:colcon.colcon_core.verb:set package 'erro_package' build argument 'catkin_cmake_args' from command line to 'None'
[0.404s] Level 5:colcon.colcon_core.verb:set package 'erro_package' build argument 'catkin_skip_building_tests' from command line to 'False'
[0.404s] DEBUG:colcon.colcon_core.verb:Building package 'erro_package' with the following arguments: {'ament_cmake_args': None, 'build_base': '/home/pedrohperes/edromufu/src/movement/Ros2_change/build/erro_package', 'catkin_cmake_args': None, 'catkin_skip_building_tests': False, 'cmake_args': None, 'cmake_clean_cache': False, 'cmake_clean_first': False, 'cmake_force_configure': False, 'cmake_target': None, 'cmake_target_skip_unavailable': False, 'install_base': '/home/pedrohperes/edromufu/src/movement/Ros2_change/install/erro_package', 'merge_install': False, 'path': '/home/pedrohperes/edromufu/src/movement/Ros2_change/src/erro_package', 'symlink_install': False, 'test_result_base': None}
[0.405s] Level 5:colcon.colcon_core.verb:set package 'humanoid_visualization' build argument 'cmake_args' from command line to 'None'
[0.405s] Level 5:colcon.colcon_core.verb:set package 'humanoid_visualization' build argument 'cmake_target' from command line to 'None'
[0.405s] Level 5:colcon.colcon_core.verb:set package 'humanoid_visualization' build argument 'cmake_target_skip_unavailable' from command line to 'False'
[0.405s] Level 5:colcon.colcon_core.verb:set package 'humanoid_visualization' build argument 'cmake_clean_cache' from command line to 'False'
[0.405s] Level 5:colcon.colcon_core.verb:set package 'humanoid_visualization' build argument 'cmake_clean_first' from command line to 'False'
[0.405s] Level 5:colcon.colcon_core.verb:set package 'humanoid_visualization' build argument 'cmake_force_configure' from command line to 'False'
[0.405s] Level 5:colcon.colcon_core.verb:set package 'humanoid_visualization' build argument 'ament_cmake_args' from command line to 'None'
[0.405s] Level 5:colcon.colcon_core.verb:set package 'humanoid_visualization' build argument 'catkin_cmake_args' from command line to 'None'
[0.405s] Level 5:colcon.colcon_core.verb:set package 'humanoid_visualization' build argument 'catkin_skip_building_tests' from command line to 'False'
[0.405s] DEBUG:colcon.colcon_core.verb:Building package 'humanoid_visualization' with the following arguments: {'ament_cmake_args': None, 'build_base': '/home/pedrohperes/edromufu/src/movement/Ros2_change/build/humanoid_visualization', 'catkin_cmake_args': None, 'catkin_skip_building_tests': False, 'cmake_args': None, 'cmake_clean_cache': False, 'cmake_clean_first': False, 'cmake_force_configure': False, 'cmake_target': None, 'cmake_target_skip_unavailable': False, 'install_base': '/home/pedrohperes/edromufu/src/movement/Ros2_change/install/humanoid_visualization', 'merge_install': False, 'path': '/home/pedrohperes/edromufu/src/movement/Ros2_change/src/humanoid_visualization', 'symlink_install': False, 'test_result_base': None}
[0.405s] Level 5:colcon.colcon_core.verb:set package 'kinematic_functions' build argument 'cmake_args' from command line to 'None'
[0.405s] Level 5:colcon.colcon_core.verb:set package 'kinematic_functions' build argument 'cmake_target' from command line to 'None'
[0.405s] Level 5:colcon.colcon_core.verb:set package 'kinematic_functions' build argument 'cmake_target_skip_unavailable' from command line to 'False'
[0.405s] Level 5:colcon.colcon_core.verb:set package 'kinematic_functions' build argument 'cmake_clean_cache' from command line to 'False'
[0.405s] Level 5:colcon.colcon_core.verb:set package 'kinematic_functions' build argument 'cmake_clean_first' from command line to 'False'
[0.405s] Level 5:colcon.colcon_core.verb:set package 'kinematic_functions' build argument 'cmake_force_configure' from command line to 'False'
[0.405s] Level 5:colcon.colcon_core.verb:set package 'kinematic_functions' build argument 'ament_cmake_args' from command line to 'None'
[0.405s] Level 5:colcon.colcon_core.verb:set package 'kinematic_functions' build argument 'catkin_cmake_args' from command line to 'None'
[0.405s] Level 5:colcon.colcon_core.verb:set package 'kinematic_functions' build argument 'catkin_skip_building_tests' from command line to 'False'
[0.405s] DEBUG:colcon.colcon_core.verb:Building package 'kinematic_functions' with the following arguments: {'ament_cmake_args': None, 'build_base': '/home/pedrohperes/edromufu/src/movement/Ros2_change/build/kinematic_functions', 'catkin_cmake_args': None, 'catkin_skip_building_tests': False, 'cmake_args': None, 'cmake_clean_cache': False, 'cmake_clean_first': False, 'cmake_force_configure': False, 'cmake_target': None, 'cmake_target_skip_unavailable': False, 'install_base': '/home/pedrohperes/edromufu/src/movement/Ros2_change/install/kinematic_functions', 'merge_install': False, 'path': '/home/pedrohperes/edromufu/src/movement/Ros2_change/src/kinematic_functions', 'symlink_install': False, 'test_result_base': None}
[0.406s] Level 5:colcon.colcon_core.verb:set package 'movement_utils' build argument 'cmake_args' from command line to 'None'
[0.406s] Level 5:colcon.colcon_core.verb:set package 'movement_utils' build argument 'cmake_target' from command line to 'None'
[0.406s] Level 5:colcon.colcon_core.verb:set package 'movement_utils' build argument 'cmake_target_skip_unavailable' from command line to 'False'
[0.406s] Level 5:colcon.colcon_core.verb:set package 'movement_utils' build argument 'cmake_clean_cache' from command line to 'False'
[0.406s] Level 5:colcon.colcon_core.verb:set package 'movement_utils' build argument 'cmake_clean_first' from command line to 'False'
[0.406s] Level 5:colcon.colcon_core.verb:set package 'movement_utils' build argument 'cmake_force_configure' from command line to 'False'
[0.406s] Level 5:colcon.colcon_core.verb:set package 'movement_utils' build argument 'ament_cmake_args' from command line to 'None'
[0.406s] Level 5:colcon.colcon_core.verb:set package 'movement_utils' build argument 'catkin_cmake_args' from command line to 'None'
[0.406s] Level 5:colcon.colcon_core.verb:set package 'movement_utils' build argument 'catkin_skip_building_tests' from command line to 'False'
[0.406s] DEBUG:colcon.colcon_core.verb:Building package 'movement_utils' with the following arguments: {'ament_cmake_args': None, 'build_base': '/home/pedrohperes/edromufu/src/movement/Ros2_change/build/movement_utils', 'catkin_cmake_args': None, 'catkin_skip_building_tests': False, 'cmake_args': None, 'cmake_clean_cache': False, 'cmake_clean_first': False, 'cmake_force_configure': False, 'cmake_target': None, 'cmake_target_skip_unavailable': False, 'install_base': '/home/pedrohperes/edromufu/src/movement/Ros2_change/install/movement_utils', 'merge_install': False, 'path': '/home/pedrohperes/edromufu/src/movement/Ros2_change/src/movement_utils', 'symlink_install': False, 'test_result_base': None}
[0.406s] Level 5:colcon.colcon_core.verb:set package 'tahara_pages' build argument 'cmake_args' from command line to 'None'
[0.406s] Level 5:colcon.colcon_core.verb:set package 'tahara_pages' build argument 'cmake_target' from command line to 'None'
[0.406s] Level 5:colcon.colcon_core.verb:set package 'tahara_pages' build argument 'cmake_target_skip_unavailable' from command line to 'False'
[0.406s] Level 5:colcon.colcon_core.verb:set package 'tahara_pages' build argument 'cmake_clean_cache' from command line to 'False'
[0.406s] Level 5:colcon.colcon_core.verb:set package 'tahara_pages' build argument 'cmake_clean_first' from command line to 'False'
[0.406s] Level 5:colcon.colcon_core.verb:set package 'tahara_pages' build argument 'cmake_force_configure' from command line to 'False'
[0.406s] Level 5:colcon.colcon_core.verb:set package 'tahara_pages' build argument 'ament_cmake_args' from command line to 'None'
[0.406s] Level 5:colcon.colcon_core.verb:set package 'tahara_pages' build argument 'catkin_cmake_args' from command line to 'None'
[0.406s] Level 5:colcon.colcon_core.verb:set package 'tahara_pages' build argument 'catkin_skip_building_tests' from command line to 'False'
[0.407s] DEBUG:colcon.colcon_core.verb:Building package 'tahara_pages' with the following arguments: {'ament_cmake_args': None, 'build_base': '/home/pedrohperes/edromufu/src/movement/Ros2_change/build/tahara_pages', 'catkin_cmake_args': None, 'catkin_skip_building_tests': False, 'cmake_args': None, 'cmake_clean_cache': False, 'cmake_clean_first': False, 'cmake_force_configure': False, 'cmake_target': None, 'cmake_target_skip_unavailable': False, 'install_base': '/home/pedrohperes/edromufu/src/movement/Ros2_change/install/tahara_pages', 'merge_install': False, 'path': '/home/pedrohperes/edromufu/src/movement/Ros2_change/src/tahara_pages', 'symlink_install': False, 'test_result_base': None}
[0.407s] Level 5:colcon.colcon_core.verb:set package 'urdf_example' build argument 'cmake_args' from command line to 'None'
[0.407s] Level 5:colcon.colcon_core.verb:set package 'urdf_example' build argument 'cmake_target' from command line to 'None'
[0.407s] Level 5:colcon.colcon_core.verb:set package 'urdf_example' build argument 'cmake_target_skip_unavailable' from command line to 'False'
[0.407s] Level 5:colcon.colcon_core.verb:set package 'urdf_example' build argument 'cmake_clean_cache' from command line to 'False'
[0.407s] Level 5:colcon.colcon_core.verb:set package 'urdf_example' build argument 'cmake_clean_first' from command line to 'False'
[0.407s] Level 5:colcon.colcon_core.verb:set package 'urdf_example' build argument 'cmake_force_configure' from command line to 'False'
[0.407s] Level 5:colcon.colcon_core.verb:set package 'urdf_example' build argument 'ament_cmake_args' from command line to 'None'
[0.407s] Level 5:colcon.colcon_core.verb:set package 'urdf_example' build argument 'catkin_cmake_args' from command line to 'None'
[0.407s] Level 5:colcon.colcon_core.verb:set package 'urdf_example' build argument 'catkin_skip_building_tests' from command line to 'False'
[0.407s] DEBUG:colcon.colcon_core.verb:Building package 'urdf_example' with the following arguments: {'ament_cmake_args': None, 'build_base': '/home/pedrohperes/edromufu/src/movement/Ros2_change/build/urdf_example', 'catkin_cmake_args': None, 'catkin_skip_building_tests': False, 'cmake_args': None, 'cmake_clean_cache': False, 'cmake_clean_first': False, 'cmake_force_configure': False, 'cmake_target': None, 'cmake_target_skip_unavailable': False, 'install_base': '/home/pedrohperes/edromufu/src/movement/Ros2_change/install/urdf_example', 'merge_install': False, 'path': '/home/pedrohperes/edromufu/src/movement/Ros2_change/src/urdf_example', 'symlink_install': False, 'test_result_base': None}
[0.407s] Level 5:colcon.colcon_core.verb:set package 'urdf_robox' build argument 'cmake_args' from command line to 'None'
[0.407s] Level 5:colcon.colcon_core.verb:set package 'urdf_robox' build argument 'cmake_target' from command line to 'None'
[0.407s] Level 5:colcon.colcon_core.verb:set package 'urdf_robox' build argument 'cmake_target_skip_unavailable' from command line to 'False'
[0.407s] Level 5:colcon.colcon_core.verb:set package 'urdf_robox' build argument 'cmake_clean_cache' from command line to 'False'
[0.407s] Level 5:colcon.colcon_core.verb:set package 'urdf_robox' build argument 'cmake_clean_first' from command line to 'False'
[0.408s] Level 5:colcon.colcon_core.verb:set package 'urdf_robox' build argument 'cmake_force_configure' from command line to 'False'
[0.408s] Level 5:colcon.colcon_core.verb:set package 'urdf_robox' build argument 'ament_cmake_args' from command line to 'None'
[0.408s] Level 5:colcon.colcon_core.verb:set package 'urdf_robox' build argument 'catkin_cmake_args' from command line to 'None'
[0.408s] Level 5:colcon.colcon_core.verb:set package 'urdf_robox' build argument 'catkin_skip_building_tests' from command line to 'False'
[0.408s] DEBUG:colcon.colcon_core.verb:Building package 'urdf_robox' with the following arguments: {'ament_cmake_args': None, 'build_base': '/home/pedrohperes/edromufu/src/movement/Ros2_change/build/urdf_robox', 'catkin_cmake_args': None, 'catkin_skip_building_tests': False, 'cmake_args': None, 'cmake_clean_cache': False, 'cmake_clean_first': False, 'cmake_force_configure': False, 'cmake_target': None, 'cmake_target_skip_unavailable': False, 'install_base': '/home/pedrohperes/edromufu/src/movement/Ros2_change/install/urdf_robox', 'merge_install': False, 'path': '/home/pedrohperes/edromufu/src/movement/Ros2_change/src/urdf_robox', 'symlink_install': False, 'test_result_base': None}
[0.408s] Level 5:colcon.colcon_core.verb:set package 'humanoid_definition' build argument 'cmake_args' from command line to 'None'
[0.408s] Level 5:colcon.colcon_core.verb:set package 'humanoid_definition' build argument 'cmake_target' from command line to 'None'
[0.408s] Level 5:colcon.colcon_core.verb:set package 'humanoid_definition' build argument 'cmake_target_skip_unavailable' from command line to 'False'
[0.408s] Level 5:colcon.colcon_core.verb:set package 'humanoid_definition' build argument 'cmake_clean_cache' from command line to 'False'
[0.408s] Level 5:colcon.colcon_core.verb:set package 'humanoid_definition' build argument 'cmake_clean_first' from command line to 'False'
[0.408s] Level 5:colcon.colcon_core.verb:set package 'humanoid_definition' build argument 'cmake_force_configure' from command line to 'False'
[0.408s] Level 5:colcon.colcon_core.verb:set package 'humanoid_definition' build argument 'ament_cmake_args' from command line to 'None'
[0.408s] Level 5:colcon.colcon_core.verb:set package 'humanoid_definition' build argument 'catkin_cmake_args' from command line to 'None'
[0.408s] Level 5:colcon.colcon_core.verb:set package 'humanoid_definition' build argument 'catkin_skip_building_tests' from command line to 'False'
[0.408s] DEBUG:colcon.colcon_core.verb:Building package 'humanoid_definition' with the following arguments: {'ament_cmake_args': None, 'build_base': '/home/pedrohperes/edromufu/src/movement/Ros2_change/build/humanoid_definition', 'catkin_cmake_args': None, 'catkin_skip_building_tests': False, 'cmake_args': None, 'cmake_clean_cache': False, 'cmake_clean_first': False, 'cmake_force_configure': False, 'cmake_target': None, 'cmake_target_skip_unavailable': False, 'install_base': '/home/pedrohperes/edromufu/src/movement/Ros2_change/install/humanoid_definition', 'merge_install': False, 'path': '/home/pedrohperes/edromufu/src/movement/Ros2_change/src/humanoid_definition', 'symlink_install': False, 'test_result_base': None}
[0.409s] Level 5:colcon.colcon_core.verb:set package 'movement_functions' build argument 'cmake_args' from command line to 'None'
[0.409s] Level 5:colcon.colcon_core.verb:set package 'movement_functions' build argument 'cmake_target' from command line to 'None'
[0.409s] Level 5:colcon.colcon_core.verb:set package 'movement_functions' build argument 'cmake_target_skip_unavailable' from command line to 'False'
[0.409s] Level 5:colcon.colcon_core.verb:set package 'movement_functions' build argument 'cmake_clean_cache' from command line to 'False'
[0.409s] Level 5:colcon.colcon_core.verb:set package 'movement_functions' build argument 'cmake_clean_first' from command line to 'False'
[0.409s] Level 5:colcon.colcon_core.verb:set package 'movement_functions' build argument 'cmake_force_configure' from command line to 'False'
[0.409s] Level 5:colcon.colcon_core.verb:set package 'movement_functions' build argument 'ament_cmake_args' from command line to 'None'
[0.409s] Level 5:colcon.colcon_core.verb:set package 'movement_functions' build argument 'catkin_cmake_args' from command line to 'None'
[0.409s] Level 5:colcon.colcon_core.verb:set package 'movement_functions' build argument 'catkin_skip_building_tests' from command line to 'False'
[0.409s] DEBUG:colcon.colcon_core.verb:Building package 'movement_functions' with the following arguments: {'ament_cmake_args': None, 'build_base': '/home/pedrohperes/edromufu/src/movement/Ros2_change/build/movement_functions', 'catkin_cmake_args': None, 'catkin_skip_building_tests': False, 'cmake_args': None, 'cmake_clean_cache': False, 'cmake_clean_first': False, 'cmake_force_configure': False, 'cmake_target': None, 'cmake_target_skip_unavailable': False, 'install_base': '/home/pedrohperes/edromufu/src/movement/Ros2_change/install/movement_functions', 'merge_install': False, 'path': '/home/pedrohperes/edromufu/src/movement/Ros2_change/src/movement_functions', 'symlink_install': False, 'test_result_base': None}
[0.409s] Level 5:colcon.colcon_core.verb:set package 'movement_pages' build argument 'cmake_args' from command line to 'None'
[0.409s] Level 5:colcon.colcon_core.verb:set package 'movement_pages' build argument 'cmake_target' from command line to 'None'
[0.409s] Level 5:colcon.colcon_core.verb:set package 'movement_pages' build argument 'cmake_target_skip_unavailable' from command line to 'False'
[0.409s] Level 5:colcon.colcon_core.verb:set package 'movement_pages' build argument 'cmake_clean_cache' from command line to 'False'
[0.409s] Level 5:colcon.colcon_core.verb:set package 'movement_pages' build argument 'cmake_clean_first' from command line to 'False'
[0.409s] Level 5:colcon.colcon_core.verb:set package 'movement_pages' build argument 'cmake_force_configure' from command line to 'False'
[0.409s] Level 5:colcon.colcon_core.verb:set package 'movement_pages' build argument 'ament_cmake_args' from command line to 'None'
[0.409s] Level 5:colcon.colcon_core.verb:set package 'movement_pages' build argument 'catkin_cmake_args' from command line to 'None'
[0.409s] Level 5:colcon.colcon_core.verb:set package 'movement_pages' build argument 'catkin_skip_building_tests' from command line to 'False'
[0.409s] DEBUG:colcon.colcon_core.verb:Building package 'movement_pages' with the following arguments: {'ament_cmake_args': None, 'build_base': '/home/pedrohperes/edromufu/src/movement/Ros2_change/build/movement_pages', 'catkin_cmake_args': None, 'catkin_skip_building_tests': False, 'cmake_args': None, 'cmake_clean_cache': False, 'cmake_clean_first': False, 'cmake_force_configure': False, 'cmake_target': None, 'cmake_target_skip_unavailable': False, 'install_base': '/home/pedrohperes/edromufu/src/movement/Ros2_change/install/movement_pages', 'merge_install': False, 'path': '/home/pedrohperes/edromufu/src/movement/Ros2_change/src/movement_pages', 'symlink_install': False, 'test_result_base': None}
[0.410s] Level 5:colcon.colcon_core.verb:set package 'u2d2_comm' build argument 'cmake_args' from command line to 'None'
[0.410s] Level 5:colcon.colcon_core.verb:set package 'u2d2_comm' build argument 'cmake_target' from command line to 'None'
[0.410s] Level 5:colcon.colcon_core.verb:set package 'u2d2_comm' build argument 'cmake_target_skip_unavailable' from command line to 'False'
[0.410s] Level 5:colcon.colcon_core.verb:set package 'u2d2_comm' build argument 'cmake_clean_cache' from command line to 'False'
[0.410s] Level 5:colcon.colcon_core.verb:set package 'u2d2_comm' build argument 'cmake_clean_first' from command line to 'False'
[0.410s] Level 5:colcon.colcon_core.verb:set package 'u2d2_comm' build argument 'cmake_force_configure' from command line to 'False'
[0.410s] Level 5:colcon.colcon_core.verb:set package 'u2d2_comm' build argument 'ament_cmake_args' from command line to 'None'
[0.410s] Level 5:colcon.colcon_core.verb:set package 'u2d2_comm' build argument 'catkin_cmake_args' from command line to 'None'
[0.410s] Level 5:colcon.colcon_core.verb:set package 'u2d2_comm' build argument 'catkin_skip_building_tests' from command line to 'False'
[0.410s] DEBUG:colcon.colcon_core.verb:Building package 'u2d2_comm' with the following arguments: {'ament_cmake_args': None, 'build_base': '/home/pedrohperes/edromufu/src/movement/Ros2_change/build/u2d2_comm', 'catkin_cmake_args': None, 'catkin_skip_building_tests': False, 'cmake_args': None, 'cmake_clean_cache': False, 'cmake_clean_first': False, 'cmake_force_configure': False, 'cmake_target': None, 'cmake_target_skip_unavailable': False, 'install_base': '/home/pedrohperes/edromufu/src/movement/Ros2_change/install/u2d2_comm', 'merge_install': False, 'path': '/home/pedrohperes/edromufu/src/movement/Ros2_change/src/u2d2_comm', 'symlink_install': False, 'test_result_base': None}
[0.410s] Level 5:colcon.colcon_core.verb:set package 'movement_core' build argument 'cmake_args' from command line to 'None'
[0.410s] Level 5:colcon.colcon_core.verb:set package 'movement_core' build argument 'cmake_target' from command line to 'None'
[0.410s] Level 5:colcon.colcon_core.verb:set package 'movement_core' build argument 'cmake_target_skip_unavailable' from command line to 'False'
[0.410s] Level 5:colcon.colcon_core.verb:set package 'movement_core' build argument 'cmake_clean_cache' from command line to 'False'
[0.410s] Level 5:colcon.colcon_core.verb:set package 'movement_core' build argument 'cmake_clean_first' from command line to 'False'
[0.410s] Level 5:colcon.colcon_core.verb:set package 'movement_core' build argument 'cmake_force_configure' from command line to 'False'
[0.410s] Level 5:colcon.colcon_core.verb:set package 'movement_core' build argument 'ament_cmake_args' from command line to 'None'
[0.410s] Level 5:colcon.colcon_core.verb:set package 'movement_core' build argument 'catkin_cmake_args' from command line to 'None'
[0.410s] Level 5:colcon.colcon_core.verb:set package 'movement_core' build argument 'catkin_skip_building_tests' from command line to 'False'
[0.410s] DEBUG:colcon.colcon_core.verb:Building package 'movement_core' with the following arguments: {'ament_cmake_args': None, 'build_base': '/home/pedrohperes/edromufu/src/movement/Ros2_change/build/movement_core', 'catkin_cmake_args': None, 'catkin_skip_building_tests': False, 'cmake_args': None, 'cmake_clean_cache': False, 'cmake_clean_first': False, 'cmake_force_configure': False, 'cmake_target': None, 'cmake_target_skip_unavailable': False, 'install_base': '/home/pedrohperes/edromufu/src/movement/Ros2_change/install/movement_core', 'merge_install': False, 'path': '/home/pedrohperes/edromufu/src/movement/Ros2_change/src/movement_core', 'symlink_install': False, 'test_result_base': None}
[0.411s] INFO:colcon.colcon_core.executor:Executing jobs using 'parallel' executor
[0.411s] DEBUG:colcon.colcon_parallel_executor.executor.parallel:run_until_complete
[0.412s] INFO:colcon.colcon_ros.task.ament_python.build:Building ROS package in '/home/pedrohperes/edromufu/src/movement/Ros2_change/src/kinematic_functions' with build type 'ament_python'
[0.412s] Level 1:colcon.colcon_core.shell:create_environment_hook('kinematic_functions', 'ament_prefix_path')
[0.414s] INFO:colcon.colcon_core.plugin_system:Skipping extension 'colcon_core.shell.bat': Not used on non-Windows systems
[0.414s] INFO:colcon.colcon_core.shell:Creating environment hook '/home/pedrohperes/edromufu/src/movement/Ros2_change/install/kinematic_functions/share/kinematic_functions/hook/ament_prefix_path.ps1'
[0.414s] INFO:colcon.colcon_core.shell:Creating environment descriptor '/home/pedrohperes/edromufu/src/movement/Ros2_change/install/kinematic_functions/share/kinematic_functions/hook/ament_prefix_path.dsv'
[0.415s] INFO:colcon.colcon_core.shell:Creating environment hook '/home/pedrohperes/edromufu/src/movement/Ros2_change/install/kinematic_functions/share/kinematic_functions/hook/ament_prefix_path.sh'
[0.415s] INFO:colcon.colcon_core.shell:Skip shell extension 'powershell' for command environment: Not usable outside of PowerShell
[0.415s] DEBUG:colcon.colcon_core.shell:Skip shell extension 'dsv' for command environment
[0.419s] INFO:colcon.colcon_ros.task.ament_cmake.build:Building ROS package in '/home/pedrohperes/edromufu/src/movement/Ros2_change/src/movement_utils' with build type 'ament_cmake'
[0.419s] INFO:colcon.colcon_cmake.task.cmake.build:Building CMake package in '/home/pedrohperes/edromufu/src/movement/Ros2_change/src/movement_utils'
[0.419s] INFO:colcon.colcon_core.shell:Skip shell extension 'powershell' for command environment: Not usable outside of PowerShell
[0.419s] DEBUG:colcon.colcon_core.shell:Skip shell extension 'dsv' for command environment
[0.423s] INFO:colcon.colcon_ros.task.ament_python.build:Building ROS package in '/home/pedrohperes/edromufu/src/movement/Ros2_change/src/erro_package' with build type 'ament_python'
[0.423s] Level 1:colcon.colcon_core.shell:create_environment_hook('erro_package', 'ament_prefix_path')
[0.423s] INFO:colcon.colcon_core.shell:Creating environment hook '/home/pedrohperes/edromufu/src/movement/Ros2_change/install/erro_package/share/erro_package/hook/ament_prefix_path.ps1'
[0.423s] INFO:colcon.colcon_core.shell:Creating environment descriptor '/home/pedrohperes/edromufu/src/movement/Ros2_change/install/erro_package/share/erro_package/hook/ament_prefix_path.dsv'
[0.424s] INFO:colcon.colcon_core.shell:Creating environment hook '/home/pedrohperes/edromufu/src/movement/Ros2_change/install/erro_package/share/erro_package/hook/ament_prefix_path.sh'
[0.424s] INFO:colcon.colcon_core.shell:Skip shell extension 'powershell' for command environment: Not usable outside of PowerShell
[0.425s] DEBUG:colcon.colcon_core.shell:Skip shell extension 'dsv' for command environment
[0.429s] INFO:colcon.colcon_ros.task.ament_cmake.build:Building ROS package in '/home/pedrohperes/edromufu/src/movement/Ros2_change/src/humanoid_visualization' with build type 'ament_cmake'
[0.429s] INFO:colcon.colcon_cmake.task.cmake.build:Building CMake package in '/home/pedrohperes/edromufu/src/movement/Ros2_change/src/humanoid_visualization'
[0.429s] INFO:colcon.colcon_core.shell:Skip shell extension 'powershell' for command environment: Not usable outside of PowerShell
[0.429s] DEBUG:colcon.colcon_core.shell:Skip shell extension 'dsv' for command environment
[0.433s] INFO:colcon.colcon_ros.task.ament_python.build:Building ROS package in '/home/pedrohperes/edromufu/src/movement/Ros2_change/src/tahara_pages' with build type 'ament_python'
[0.433s] Level 1:colcon.colcon_core.shell:create_environment_hook('tahara_pages', 'ament_prefix_path')
[0.433s] INFO:colcon.colcon_core.shell:Creating environment hook '/home/pedrohperes/edromufu/src/movement/Ros2_change/install/tahara_pages/share/tahara_pages/hook/ament_prefix_path.ps1'
[0.434s] INFO:colcon.colcon_core.shell:Creating environment descriptor '/home/pedrohperes/edromufu/src/movement/Ros2_change/install/tahara_pages/share/tahara_pages/hook/ament_prefix_path.dsv'
[0.434s] INFO:colcon.colcon_core.shell:Creating environment hook '/home/pedrohperes/edromufu/src/movement/Ros2_change/install/tahara_pages/share/tahara_pages/hook/ament_prefix_path.sh'
[0.434s] INFO:colcon.colcon_core.shell:Skip shell extension 'powershell' for command environment: Not usable outside of PowerShell
[0.434s] DEBUG:colcon.colcon_core.shell:Skip shell extension 'dsv' for command environment
[0.438s] INFO:colcon.colcon_ros.task.ament_cmake.build:Building ROS package in '/home/pedrohperes/edromufu/src/movement/Ros2_change/src/urdf_example' with build type 'ament_cmake'
[0.438s] INFO:colcon.colcon_cmake.task.cmake.build:Building CMake package in '/home/pedrohperes/edromufu/src/movement/Ros2_change/src/urdf_example'
[0.438s] INFO:colcon.colcon_core.shell:Skip shell extension 'powershell' for command environment: Not usable outside of PowerShell
[0.438s] DEBUG:colcon.colcon_core.shell:Skip shell extension 'dsv' for command environment
[0.443s] INFO:colcon.colcon_ros.task.ament_cmake.build:Building ROS package in '/home/pedrohperes/edromufu/src/movement/Ros2_change/src/urdf_robox' with build type 'ament_cmake'
[0.443s] INFO:colcon.colcon_cmake.task.cmake.build:Building CMake package in '/home/pedrohperes/edromufu/src/movement/Ros2_change/src/urdf_robox'
[0.443s] INFO:colcon.colcon_core.shell:Skip shell extension 'powershell' for command environment: Not usable outside of PowerShell
[0.444s] DEBUG:colcon.colcon_core.shell:Skip shell extension 'dsv' for command environment
[0.727s] INFO:colcon.colcon_core.task.python.build:Building Python package in '/home/pedrohperes/edromufu/src/movement/Ros2_change/src/kinematic_functions'
[0.727s] INFO:colcon.colcon_core.shell:Skip shell extension 'powershell' for command environment: Not usable outside of PowerShell
[0.727s] DEBUG:colcon.colcon_core.shell:Skip shell extension 'dsv' for command environment
[0.734s] DEBUG:colcon.colcon_core.event_handler.log_command:Invoking command in '/home/pedrohperes/edromufu/src/movement/Ros2_change/build/movement_utils': CMAKE_PREFIX_PATH=${CMAKE_PREFIX_PATH}:/home/pedrohperes/edromufu/src/movement/Ros2_change/install/u2d2_comm:/home/pedrohperes/edromufu/src/movement/Ros2_change/install/tahara_pages:/home/pedrohperes/edromufu/src/movement/Ros2_change/install/pot_package:/home/pedrohperes/edromufu/src/movement/Ros2_change/install/movement_core:/home/pedrohperes/edromufu/src/movement/Ros2_change/install/movement_pages:/home/pedrohperes/edromufu/src/movement/Ros2_change/install/movement_functions:/home/pedrohperes/edromufu/src/movement/Ros2_change/install/humanoid_definition:/home/pedrohperes/edromufu/src/movement/Ros2_change/install/kinematic_functions:/home/pedrohperes/edromufu/src/movement/Ros2_change/install/erro_package:/opt/ros/humble /usr/bin/cmake --build /home/pedrohperes/edromufu/src/movement/Ros2_change/build/movement_utils -- -j12 -l12
[1.027s] INFO:colcon.colcon_core.task.python.build:Building Python package in '/home/pedrohperes/edromufu/src/movement/Ros2_change/src/erro_package'
[1.027s] INFO:colcon.colcon_core.shell:Skip shell extension 'powershell' for command environment: Not usable outside of PowerShell
[1.027s] DEBUG:colcon.colcon_core.shell:Skip shell extension 'dsv' for command environment
[1.034s] DEBUG:colcon.colcon_core.event_handler.log_command:Invoking command in '/home/pedrohperes/edromufu/src/movement/Ros2_change/build/humanoid_visualization': CMAKE_PREFIX_PATH=${CMAKE_PREFIX_PATH}:/home/pedrohperes/edromufu/src/movement/Ros2_change/install/u2d2_comm:/home/pedrohperes/edromufu/src/movement/Ros2_change/install/tahara_pages:/home/pedrohperes/edromufu/src/movement/Ros2_change/install/pot_package:/home/pedrohperes/edromufu/src/movement/Ros2_change/install/movement_core:/home/pedrohperes/edromufu/src/movement/Ros2_change/install/movement_pages:/home/pedrohperes/edromufu/src/movement/Ros2_change/install/movement_functions:/home/pedrohperes/edromufu/src/movement/Ros2_change/install/humanoid_definition:/home/pedrohperes/edromufu/src/movement/Ros2_change/install/kinematic_functions:/home/pedrohperes/edromufu/src/movement/Ros2_change/install/erro_package:/opt/ros/humble /usr/bin/cmake --build /home/pedrohperes/edromufu/src/movement/Ros2_change/build/humanoid_visualization -- -j12 -l12
[1.313s] INFO:colcon.colcon_core.task.python.build:Building Python package in '/home/pedrohperes/edromufu/src/movement/Ros2_change/src/tahara_pages'
[1.313s] INFO:colcon.colcon_core.shell:Skip shell extension 'powershell' for command environment: Not usable outside of PowerShell
[1.313s] DEBUG:colcon.colcon_core.shell:Skip shell extension 'dsv' for command environment
[1.320s] DEBUG:colcon.colcon_core.event_handler.log_command:Invoking command in '/home/pedrohperes/edromufu/src/movement/Ros2_change/build/urdf_example': CMAKE_PREFIX_PATH=${CMAKE_PREFIX_PATH}:/home/pedrohperes/edromufu/src/movement/Ros2_change/install/u2d2_comm:/home/pedrohperes/edromufu/src/movement/Ros2_change/install/tahara_pages:/home/pedrohperes/edromufu/src/movement/Ros2_change/install/pot_package:/home/pedrohperes/edromufu/src/movement/Ros2_change/install/movement_core:/home/pedrohperes/edromufu/src/movement/Ros2_change/install/movement_pages:/home/pedrohperes/edromufu/src/movement/Ros2_change/install/movement_functions:/home/pedrohperes/edromufu/src/movement/Ros2_change/install/humanoid_definition:/home/pedrohperes/edromufu/src/movement/Ros2_change/install/kinematic_functions:/home/pedrohperes/edromufu/src/movement/Ros2_change/install/erro_package:/opt/ros/humble /usr/bin/cmake --build /home/pedrohperes/edromufu/src/movement/Ros2_change/build/urdf_example -- -j12 -l12
[1.326s] DEBUG:colcon.colcon_core.event_handler.log_command:Invoking command in '/home/pedrohperes/edromufu/src/movement/Ros2_change/build/urdf_robox': CMAKE_PREFIX_PATH=${CMAKE_PREFIX_PATH}:/home/pedrohperes/edromufu/src/movement/Ros2_change/install/u2d2_comm:/home/pedrohperes/edromufu/src/movement/Ros2_change/install/tahara_pages:/home/pedrohperes/edromufu/src/movement/Ros2_change/install/pot_package:/home/pedrohperes/edromufu/src/movement/Ros2_change/install/movement_core:/home/pedrohperes/edromufu/src/movement/Ros2_change/install/movement_pages:/home/pedrohperes/edromufu/src/movement/Ros2_change/install/movement_functions:/home/pedrohperes/edromufu/src/movement/Ros2_change/install/humanoid_definition:/home/pedrohperes/edromufu/src/movement/Ros2_change/install/kinematic_functions:/home/pedrohperes/edromufu/src/movement/Ros2_change/install/erro_package:/opt/ros/humble /usr/bin/cmake --build /home/pedrohperes/edromufu/src/movement/Ros2_change/build/urdf_robox -- -j12 -l12
[1.326s] DEBUG:colcon.colcon_core.event_handler.log_command:Invoked command in '/home/pedrohperes/edromufu/src/movement/Ros2_change/build/humanoid_visualization' returned '0': CMAKE_PREFIX_PATH=${CMAKE_PREFIX_PATH}:/home/pedrohperes/edromufu/src/movement/Ros2_change/install/u2d2_comm:/home/pedrohperes/edromufu/src/movement/Ros2_change/install/tahara_pages:/home/pedrohperes/edromufu/src/movement/Ros2_change/install/pot_package:/home/pedrohperes/edromufu/src/movement/Ros2_change/install/movement_core:/home/pedrohperes/edromufu/src/movement/Ros2_change/install/movement_pages:/home/pedrohperes/edromufu/src/movement/Ros2_change/install/movement_functions:/home/pedrohperes/edromufu/src/movement/Ros2_change/install/humanoid_definition:/home/pedrohperes/edromufu/src/movement/Ros2_change/install/kinematic_functions:/home/pedrohperes/edromufu/src/movement/Ros2_change/install/erro_package:/opt/ros/humble /usr/bin/cmake --build /home/pedrohperes/edromufu/src/movement/Ros2_change/build/humanoid_visualization -- -j12 -l12
[1.327s] DEBUG:colcon.colcon_core.event_handler.log_command:Invoked command in '/home/pedrohperes/edromufu/src/movement/Ros2_change/build/movement_utils' returned '0': CMAKE_PREFIX_PATH=${CMAKE_PREFIX_PATH}:/home/pedrohperes/edromufu/src/movement/Ros2_change/install/u2d2_comm:/home/pedrohperes/edromufu/src/movement/Ros2_change/install/tahara_pages:/home/pedrohperes/edromufu/src/movement/Ros2_change/install/pot_package:/home/pedrohperes/edromufu/src/movement/Ros2_change/install/movement_core:/home/pedrohperes/edromufu/src/movement/Ros2_change/install/movement_pages:/home/pedrohperes/edromufu/src/movement/Ros2_change/install/movement_functions:/home/pedrohperes/edromufu/src/movement/Ros2_change/install/humanoid_definition:/home/pedrohperes/edromufu/src/movement/Ros2_change/install/kinematic_functions:/home/pedrohperes/edromufu/src/movement/Ros2_change/install/erro_package:/opt/ros/humble /usr/bin/cmake --build /home/pedrohperes/edromufu/src/movement/Ros2_change/build/movement_utils -- -j12 -l12
[1.352s] DEBUG:colcon.colcon_core.event_handler.log_command:Invoking command in '/home/pedrohperes/edromufu/src/movement/Ros2_change/build/humanoid_visualization': CMAKE_PREFIX_PATH=${CMAKE_PREFIX_PATH}:/home/pedrohperes/edromufu/src/movement/Ros2_change/install/u2d2_comm:/home/pedrohperes/edromufu/src/movement/Ros2_change/install/tahara_pages:/home/pedrohperes/edromufu/src/movement/Ros2_change/install/pot_package:/home/pedrohperes/edromufu/src/movement/Ros2_change/install/movement_core:/home/pedrohperes/edromufu/src/movement/Ros2_change/install/movement_pages:/home/pedrohperes/edromufu/src/movement/Ros2_change/install/movement_functions:/home/pedrohperes/edromufu/src/movement/Ros2_change/install/humanoid_definition:/home/pedrohperes/edromufu/src/movement/Ros2_change/install/kinematic_functions:/home/pedrohperes/edromufu/src/movement/Ros2_change/install/erro_package:/opt/ros/humble /usr/bin/cmake --install /home/pedrohperes/edromufu/src/movement/Ros2_change/build/humanoid_visualization
[1.353s] DEBUG:colcon.colcon_core.event_handler.log_command:Invoked command in '/home/pedrohperes/edromufu/src/movement/Ros2_change/build/urdf_example' returned '0': CMAKE_PREFIX_PATH=${CMAKE_PREFIX_PATH}:/home/pedrohperes/edromufu/src/movement/Ros2_change/install/u2d2_comm:/home/pedrohperes/edromufu/src/movement/Ros2_change/install/tahara_pages:/home/pedrohperes/edromufu/src/movement/Ros2_change/install/pot_package:/home/pedrohperes/edromufu/src/movement/Ros2_change/install/movement_core:/home/pedrohperes/edromufu/src/movement/Ros2_change/install/movement_pages:/home/pedrohperes/edromufu/src/movement/Ros2_change/install/movement_functions:/home/pedrohperes/edromufu/src/movement/Ros2_change/install/humanoid_definition:/home/pedrohperes/edromufu/src/movement/Ros2_change/install/kinematic_functions:/home/pedrohperes/edromufu/src/movement/Ros2_change/install/erro_package:/opt/ros/humble /usr/bin/cmake --build /home/pedrohperes/edromufu/src/movement/Ros2_change/build/urdf_example -- -j12 -l12
[1.356s] DEBUG:colcon.colcon_core.event_handler.log_command:Invoked command in '/home/pedrohperes/edromufu/src/movement/Ros2_change/build/urdf_robox' returned '0': CMAKE_PREFIX_PATH=${CMAKE_PREFIX_PATH}:/home/pedrohperes/edromufu/src/movement/Ros2_change/install/u2d2_comm:/home/pedrohperes/edromufu/src/movement/Ros2_change/install/tahara_pages:/home/pedrohperes/edromufu/src/movement/Ros2_change/install/pot_package:/home/pedrohperes/edromufu/src/movement/Ros2_change/install/movement_core:/home/pedrohperes/edromufu/src/movement/Ros2_change/install/movement_pages:/home/pedrohperes/edromufu/src/movement/Ros2_change/install/movement_functions:/home/pedrohperes/edromufu/src/movement/Ros2_change/install/humanoid_definition:/home/pedrohperes/edromufu/src/movement/Ros2_change/install/kinematic_functions:/home/pedrohperes/edromufu/src/movement/Ros2_change/install/erro_package:/opt/ros/humble /usr/bin/cmake --build /home/pedrohperes/edromufu/src/movement/Ros2_change/build/urdf_robox -- -j12 -l12
[1.361s] Level 1:colcon.colcon_core.environment:create_environment_scripts_only(humanoid_visualization)
[1.362s] DEBUG:colcon.colcon_core.event_handler.log_command:Invoked command in '/home/pedrohperes/edromufu/src/movement/Ros2_change/build/humanoid_visualization' returned '0': CMAKE_PREFIX_PATH=${CMAKE_PREFIX_PATH}:/home/pedrohperes/edromufu/src/movement/Ros2_change/install/u2d2_comm:/home/pedrohperes/edromufu/src/movement/Ros2_change/install/tahara_pages:/home/pedrohperes/edromufu/src/movement/Ros2_change/install/pot_package:/home/pedrohperes/edromufu/src/movement/Ros2_change/install/movement_core:/home/pedrohperes/edromufu/src/movement/Ros2_change/install/movement_pages:/home/pedrohperes/edromufu/src/movement/Ros2_change/install/movement_functions:/home/pedrohperes/edromufu/src/movement/Ros2_change/install/humanoid_definition:/home/pedrohperes/edromufu/src/movement/Ros2_change/install/kinematic_functions:/home/pedrohperes/edromufu/src/movement/Ros2_change/install/erro_package:/opt/ros/humble /usr/bin/cmake --install /home/pedrohperes/edromufu/src/movement/Ros2_change/build/humanoid_visualization
[1.365s] Level 1:colcon.colcon_core.environment:checking '/home/pedrohperes/edromufu/src/movement/Ros2_change/install/humanoid_visualization' for CMake module files
[1.366s] Level 1:colcon.colcon_core.environment:checking '/home/pedrohperes/edromufu/src/movement/Ros2_change/install/humanoid_visualization' for CMake config files
[1.366s] Level 1:colcon.colcon_core.shell:create_environment_hook('humanoid_visualization', 'cmake_prefix_path')
[1.367s] INFO:colcon.colcon_core.shell:Creating environment hook '/home/pedrohperes/edromufu/src/movement/Ros2_change/install/humanoid_visualization/share/humanoid_visualization/hook/cmake_prefix_path.ps1'
[1.367s] INFO:colcon.colcon_core.shell:Creating environment descriptor '/home/pedrohperes/edromufu/src/movement/Ros2_change/install/humanoid_visualization/share/humanoid_visualization/hook/cmake_prefix_path.dsv'
[1.367s] INFO:colcon.colcon_core.shell:Creating environment hook '/home/pedrohperes/edromufu/src/movement/Ros2_change/install/humanoid_visualization/share/humanoid_visualization/hook/cmake_prefix_path.sh'
[1.368s] Level 1:colcon.colcon_core.environment:checking '/home/pedrohperes/edromufu/src/movement/Ros2_change/install/humanoid_visualization/bin'
[1.368s] Level 1:colcon.colcon_core.environment:checking '/home/pedrohperes/edromufu/src/movement/Ros2_change/install/humanoid_visualization/lib/pkgconfig/humanoid_visualization.pc'
[1.369s] Level 1:colcon.colcon_core.environment:checking '/home/pedrohperes/edromufu/src/movement/Ros2_change/install/humanoid_visualization/lib/python3.10/site-packages'
[1.369s] Level 1:colcon.colcon_core.environment:checking '/home/pedrohperes/edromufu/src/movement/Ros2_change/install/humanoid_visualization/bin'
[1.370s] INFO:colcon.colcon_core.shell:Creating package script '/home/pedrohperes/edromufu/src/movement/Ros2_change/install/humanoid_visualization/share/humanoid_visualization/package.ps1'
[1.371s] INFO:colcon.colcon_core.shell:Creating package descriptor '/home/pedrohperes/edromufu/src/movement/Ros2_change/install/humanoid_visualization/share/humanoid_visualization/package.dsv'
[1.371s] INFO:colcon.colcon_core.shell:Creating package script '/home/pedrohperes/edromufu/src/movement/Ros2_change/install/humanoid_visualization/share/humanoid_visualization/package.sh'
[1.372s] INFO:colcon.colcon_core.shell:Creating package script '/home/pedrohperes/edromufu/src/movement/Ros2_change/install/humanoid_visualization/share/humanoid_visualization/package.bash'
[1.373s] INFO:colcon.colcon_core.shell:Creating package script '/home/pedrohperes/edromufu/src/movement/Ros2_change/install/humanoid_visualization/share/humanoid_visualization/package.zsh'
[1.374s] Level 1:colcon.colcon_core.environment:create_file_with_runtime_dependencies(/home/pedrohperes/edromufu/src/movement/Ros2_change/install/humanoid_visualization/share/colcon-core/packages/humanoid_visualization)
[1.377s] DEBUG:colcon.colcon_core.event_handler.log_command:Invoking command in '/home/pedrohperes/edromufu/src/movement/Ros2_change/build/urdf_example': CMAKE_PREFIX_PATH=${CMAKE_PREFIX_PATH}:/home/pedrohperes/edromufu/src/movement/Ros2_change/install/u2d2_comm:/home/pedrohperes/edromufu/src/movement/Ros2_change/install/tahara_pages:/home/pedrohperes/edromufu/src/movement/Ros2_change/install/pot_package:/home/pedrohperes/edromufu/src/movement/Ros2_change/install/movement_core:/home/pedrohperes/edromufu/src/movement/Ros2_change/install/movement_pages:/home/pedrohperes/edromufu/src/movement/Ros2_change/install/movement_functions:/home/pedrohperes/edromufu/src/movement/Ros2_change/install/humanoid_definition:/home/pedrohperes/edromufu/src/movement/Ros2_change/install/kinematic_functions:/home/pedrohperes/edromufu/src/movement/Ros2_change/install/erro_package:/opt/ros/humble /usr/bin/cmake --install /home/pedrohperes/edromufu/src/movement/Ros2_change/build/urdf_example
[1.380s] DEBUG:colcon.colcon_core.event_handler.log_command:Invoking command in '/home/pedrohperes/edromufu/src/movement/Ros2_change/build/urdf_robox': CMAKE_PREFIX_PATH=${CMAKE_PREFIX_PATH}:/home/pedrohperes/edromufu/src/movement/Ros2_change/install/u2d2_comm:/home/pedrohperes/edromufu/src/movement/Ros2_change/install/tahara_pages:/home/pedrohperes/edromufu/src/movement/Ros2_change/install/pot_package:/home/pedrohperes/edromufu/src/movement/Ros2_change/install/movement_core:/home/pedrohperes/edromufu/src/movement/Ros2_change/install/movement_pages:/home/pedrohperes/edromufu/src/movement/Ros2_change/install/movement_functions:/home/pedrohperes/edromufu/src/movement/Ros2_change/install/humanoid_definition:/home/pedrohperes/edromufu/src/movement/Ros2_change/install/kinematic_functions:/home/pedrohperes/edromufu/src/movement/Ros2_change/install/erro_package:/opt/ros/humble /usr/bin/cmake --install /home/pedrohperes/edromufu/src/movement/Ros2_change/build/urdf_robox
[1.388s] Level 1:colcon.colcon_core.environment:create_environment_scripts_only(urdf_example)
[1.389s] Level 1:colcon.colcon_core.environment:checking '/home/pedrohperes/edromufu/src/movement/Ros2_change/install/urdf_example' for CMake module files
[1.392s] Level 1:colcon.colcon_core.environment:checking '/home/pedrohperes/edromufu/src/movement/Ros2_change/install/urdf_example' for CMake config files
[1.394s] DEBUG:colcon.colcon_core.event_handler.log_command:Invoked command in '/home/pedrohperes/edromufu/src/movement/Ros2_change/build/urdf_example' returned '0': CMAKE_PREFIX_PATH=${CMAKE_PREFIX_PATH}:/home/pedrohperes/edromufu/src/movement/Ros2_change/install/u2d2_comm:/home/pedrohperes/edromufu/src/movement/Ros2_change/install/tahara_pages:/home/pedrohperes/edromufu/src/movement/Ros2_change/install/pot_package:/home/pedrohperes/edromufu/src/movement/Ros2_change/install/movement_core:/home/pedrohperes/edromufu/src/movement/Ros2_change/install/movement_pages:/home/pedrohperes/edromufu/src/movement/Ros2_change/install/movement_functions:/home/pedrohperes/edromufu/src/movement/Ros2_change/install/humanoid_definition:/home/pedrohperes/edromufu/src/movement/Ros2_change/install/kinematic_functions:/home/pedrohperes/edromufu/src/movement/Ros2_change/install/erro_package:/opt/ros/humble /usr/bin/cmake --install /home/pedrohperes/edromufu/src/movement/Ros2_change/build/urdf_example
[1.394s] Level 1:colcon.colcon_core.shell:create_environment_hook('urdf_example', 'cmake_prefix_path')
[1.394s] INFO:colcon.colcon_core.shell:Creating environment hook '/home/pedrohperes/edromufu/src/movement/Ros2_change/install/urdf_example/share/urdf_example/hook/cmake_prefix_path.ps1'
[1.395s] INFO:colcon.colcon_core.shell:Creating environment descriptor '/home/pedrohperes/edromufu/src/movement/Ros2_change/install/urdf_example/share/urdf_example/hook/cmake_prefix_path.dsv'
[1.395s] INFO:colcon.colcon_core.shell:Creating environment hook '/home/pedrohperes/edromufu/src/movement/Ros2_change/install/urdf_example/share/urdf_example/hook/cmake_prefix_path.sh'
[1.396s] Level 1:colcon.colcon_core.environment:checking '/home/pedrohperes/edromufu/src/movement/Ros2_change/install/urdf_example/bin'
[1.396s] Level 1:colcon.colcon_core.environment:checking '/home/pedrohperes/edromufu/src/movement/Ros2_change/install/urdf_example/lib/pkgconfig/urdf_example.pc'
[1.396s] Level 1:colcon.colcon_core.environment:checking '/home/pedrohperes/edromufu/src/movement/Ros2_change/install/urdf_example/lib/python3.10/site-packages'
[1.396s] Level 1:colcon.colcon_core.environment:checking '/home/pedrohperes/edromufu/src/movement/Ros2_change/install/urdf_example/bin'
[1.396s] INFO:colcon.colcon_core.shell:Creating package script '/home/pedrohperes/edromufu/src/movement/Ros2_change/install/urdf_example/share/urdf_example/package.ps1'
[1.397s] INFO:colcon.colcon_core.shell:Creating package descriptor '/home/pedrohperes/edromufu/src/movement/Ros2_change/install/urdf_example/share/urdf_example/package.dsv'
[1.397s] INFO:colcon.colcon_core.shell:Creating package script '/home/pedrohperes/edromufu/src/movement/Ros2_change/install/urdf_example/share/urdf_example/package.sh'
[1.397s] INFO:colcon.colcon_core.shell:Creating package script '/home/pedrohperes/edromufu/src/movement/Ros2_change/install/urdf_example/share/urdf_example/package.bash'
[1.398s] INFO:colcon.colcon_core.shell:Creating package script '/home/pedrohperes/edromufu/src/movement/Ros2_change/install/urdf_example/share/urdf_example/package.zsh'
[1.398s] Level 1:colcon.colcon_core.environment:create_file_with_runtime_dependencies(/home/pedrohperes/edromufu/src/movement/Ros2_change/install/urdf_example/share/colcon-core/packages/urdf_example)
[1.399s] Level 1:colcon.colcon_core.environment:create_environment_scripts_only(humanoid_visualization)
[1.400s] Level 1:colcon.colcon_core.environment:checking '/home/pedrohperes/edromufu/src/movement/Ros2_change/install/humanoid_visualization' for CMake module files
[1.400s] Level 1:colcon.colcon_core.environment:checking '/home/pedrohperes/edromufu/src/movement/Ros2_change/install/humanoid_visualization' for CMake config files
[1.400s] Level 1:colcon.colcon_core.shell:create_environment_hook('humanoid_visualization', 'cmake_prefix_path')
[1.400s] INFO:colcon.colcon_core.shell:Creating environment hook '/home/pedrohperes/edromufu/src/movement/Ros2_change/install/humanoid_visualization/share/humanoid_visualization/hook/cmake_prefix_path.ps1'
[1.401s] INFO:colcon.colcon_core.shell:Creating environment descriptor '/home/pedrohperes/edromufu/src/movement/Ros2_change/install/humanoid_visualization/share/humanoid_visualization/hook/cmake_prefix_path.dsv'
[1.401s] INFO:colcon.colcon_core.shell:Creating environment hook '/home/pedrohperes/edromufu/src/movement/Ros2_change/install/humanoid_visualization/share/humanoid_visualization/hook/cmake_prefix_path.sh'
[1.402s] Level 1:colcon.colcon_core.environment:checking '/home/pedrohperes/edromufu/src/movement/Ros2_change/install/humanoid_visualization/bin'
[1.402s] Level 1:colcon.colcon_core.environment:checking '/home/pedrohperes/edromufu/src/movement/Ros2_change/install/humanoid_visualization/lib/pkgconfig/humanoid_visualization.pc'
[1.402s] Level 1:colcon.colcon_core.environment:checking '/home/pedrohperes/edromufu/src/movement/Ros2_change/install/humanoid_visualization/lib/python3.10/site-packages'
[1.402s] Level 1:colcon.colcon_core.environment:checking '/home/pedrohperes/edromufu/src/movement/Ros2_change/install/humanoid_visualization/bin'
[1.402s] INFO:colcon.colcon_core.shell:Creating package script '/home/pedrohperes/edromufu/src/movement/Ros2_change/install/humanoid_visualization/share/humanoid_visualization/package.ps1'
[1.403s] INFO:colcon.colcon_core.shell:Creating package descriptor '/home/pedrohperes/edromufu/src/movement/Ros2_change/install/humanoid_visualization/share/humanoid_visualization/package.dsv'
[1.403s] INFO:colcon.colcon_core.shell:Creating package script '/home/pedrohperes/edromufu/src/movement/Ros2_change/install/humanoid_visualization/share/humanoid_visualization/package.sh'
[1.404s] INFO:colcon.colcon_core.shell:Creating package script '/home/pedrohperes/edromufu/src/movement/Ros2_change/install/humanoid_visualization/share/humanoid_visualization/package.bash'
[1.404s] INFO:colcon.colcon_core.shell:Creating package script '/home/pedrohperes/edromufu/src/movement/Ros2_change/install/humanoid_visualization/share/humanoid_visualization/package.zsh'
[1.404s] Level 1:colcon.colcon_core.environment:create_file_with_runtime_dependencies(/home/pedrohperes/edromufu/src/movement/Ros2_change/install/humanoid_visualization/share/colcon-core/packages/humanoid_visualization)
[1.405s] Level 1:colcon.colcon_core.environment:create_environment_scripts_only(urdf_robox)
[1.405s] Level 1:colcon.colcon_core.environment:checking '/home/pedrohperes/edromufu/src/movement/Ros2_change/install/urdf_robox' for CMake module files
[1.406s] DEBUG:colcon.colcon_core.event_handler.log_command:Invoked command in '/home/pedrohperes/edromufu/src/movement/Ros2_change/build/urdf_robox' returned '0': CMAKE_PREFIX_PATH=${CMAKE_PREFIX_PATH}:/home/pedrohperes/edromufu/src/movement/Ros2_change/install/u2d2_comm:/home/pedrohperes/edromufu/src/movement/Ros2_change/install/tahara_pages:/home/pedrohperes/edromufu/src/movement/Ros2_change/install/pot_package:/home/pedrohperes/edromufu/src/movement/Ros2_change/install/movement_core:/home/pedrohperes/edromufu/src/movement/Ros2_change/install/movement_pages:/home/pedrohperes/edromufu/src/movement/Ros2_change/install/movement_functions:/home/pedrohperes/edromufu/src/movement/Ros2_change/install/humanoid_definition:/home/pedrohperes/edromufu/src/movement/Ros2_change/install/kinematic_functions:/home/pedrohperes/edromufu/src/movement/Ros2_change/install/erro_package:/opt/ros/humble /usr/bin/cmake --install /home/pedrohperes/edromufu/src/movement/Ros2_change/build/urdf_robox
[1.406s] Level 1:colcon.colcon_core.environment:checking '/home/pedrohperes/edromufu/src/movement/Ros2_change/install/urdf_robox' for CMake config files
[1.407s] Level 1:colcon.colcon_core.shell:create_environment_hook('urdf_robox', 'cmake_prefix_path')
[1.407s] INFO:colcon.colcon_core.shell:Creating environment hook '/home/pedrohperes/edromufu/src/movement/Ros2_change/install/urdf_robox/share/urdf_robox/hook/cmake_prefix_path.ps1'
[1.407s] INFO:colcon.colcon_core.shell:Creating environment descriptor '/home/pedrohperes/edromufu/src/movement/Ros2_change/install/urdf_robox/share/urdf_robox/hook/cmake_prefix_path.dsv'
[1.407s] INFO:colcon.colcon_core.shell:Creating environment hook '/home/pedrohperes/edromufu/src/movement/Ros2_change/install/urdf_robox/share/urdf_robox/hook/cmake_prefix_path.sh'
[1.408s] Level 1:colcon.colcon_core.environment:checking '/home/pedrohperes/edromufu/src/movement/Ros2_change/install/urdf_robox/bin'
[1.408s] Level 1:colcon.colcon_core.environment:checking '/home/pedrohperes/edromufu/src/movement/Ros2_change/install/urdf_robox/lib/pkgconfig/urdf_robox.pc'
[1.408s] Level 1:colcon.colcon_core.environment:checking '/home/pedrohperes/edromufu/src/movement/Ros2_change/install/urdf_robox/lib/python3.10/site-packages'
[1.408s] Level 1:colcon.colcon_core.environment:checking '/home/pedrohperes/edromufu/src/movement/Ros2_change/install/urdf_robox/bin'
[1.409s] INFO:colcon.colcon_core.shell:Creating package script '/home/pedrohperes/edromufu/src/movement/Ros2_change/install/urdf_robox/share/urdf_robox/package.ps1'
[1.409s] INFO:colcon.colcon_core.shell:Creating package descriptor '/home/pedrohperes/edromufu/src/movement/Ros2_change/install/urdf_robox/share/urdf_robox/package.dsv'
[1.409s] INFO:colcon.colcon_core.shell:Creating package script '/home/pedrohperes/edromufu/src/movement/Ros2_change/install/urdf_robox/share/urdf_robox/package.sh'
[1.410s] INFO:colcon.colcon_core.shell:Creating package script '/home/pedrohperes/edromufu/src/movement/Ros2_change/install/urdf_robox/share/urdf_robox/package.bash'
[1.410s] INFO:colcon.colcon_core.shell:Creating package script '/home/pedrohperes/edromufu/src/movement/Ros2_change/install/urdf_robox/share/urdf_robox/package.zsh'
[1.410s] Level 1:colcon.colcon_core.environment:create_file_with_runtime_dependencies(/home/pedrohperes/edromufu/src/movement/Ros2_change/install/urdf_robox/share/colcon-core/packages/urdf_robox)
[1.415s] Level 1:colcon.colcon_core.environment:create_environment_scripts_only(urdf_example)
[1.415s] Level 1:colcon.colcon_core.environment:checking '/home/pedrohperes/edromufu/src/movement/Ros2_change/install/urdf_example' for CMake module files
[1.415s] Level 1:colcon.colcon_core.environment:checking '/home/pedrohperes/edromufu/src/movement/Ros2_change/install/urdf_example' for CMake config files
[1.416s] Level 1:colcon.colcon_core.shell:create_environment_hook('urdf_example', 'cmake_prefix_path')
[1.416s] INFO:colcon.colcon_core.shell:Creating environment hook '/home/pedrohperes/edromufu/src/movement/Ros2_change/install/urdf_example/share/urdf_example/hook/cmake_prefix_path.ps1'
[1.416s] INFO:colcon.colcon_core.shell:Creating environment descriptor '/home/pedrohperes/edromufu/src/movement/Ros2_change/install/urdf_example/share/urdf_example/hook/cmake_prefix_path.dsv'
[1.416s] INFO:colcon.colcon_core.shell:Creating environment hook '/home/pedrohperes/edromufu/src/movement/Ros2_change/install/urdf_example/share/urdf_example/hook/cmake_prefix_path.sh'
[1.417s] Level 1:colcon.colcon_core.environment:checking '/home/pedrohperes/edromufu/src/movement/Ros2_change/install/urdf_example/bin'
[1.417s] Level 1:colcon.colcon_core.environment:checking '/home/pedrohperes/edromufu/src/movement/Ros2_change/install/urdf_example/lib/pkgconfig/urdf_example.pc'
[1.417s] Level 1:colcon.colcon_core.environment:checking '/home/pedrohperes/edromufu/src/movement/Ros2_change/install/urdf_example/lib/python3.10/site-packages'
[1.417s] Level 1:colcon.colcon_core.environment:checking '/home/pedrohperes/edromufu/src/movement/Ros2_change/install/urdf_example/bin'
[1.418s] INFO:colcon.colcon_core.shell:Creating package script '/home/pedrohperes/edromufu/src/movement/Ros2_change/install/urdf_example/share/urdf_example/package.ps1'
[1.418s] INFO:colcon.colcon_core.shell:Creating package descriptor '/home/pedrohperes/edromufu/src/movement/Ros2_change/install/urdf_example/share/urdf_example/package.dsv'
[1.419s] INFO:colcon.colcon_core.shell:Creating package script '/home/pedrohperes/edromufu/src/movement/Ros2_change/install/urdf_example/share/urdf_example/package.sh'
[1.419s] INFO:colcon.colcon_core.shell:Creating package script '/home/pedrohperes/edromufu/src/movement/Ros2_change/install/urdf_example/share/urdf_example/package.bash'
[1.419s] INFO:colcon.colcon_core.shell:Creating package script '/home/pedrohperes/edromufu/src/movement/Ros2_change/install/urdf_example/share/urdf_example/package.zsh'
[1.420s] Level 1:colcon.colcon_core.environment:create_file_with_runtime_dependencies(/home/pedrohperes/edromufu/src/movement/Ros2_change/install/urdf_example/share/colcon-core/packages/urdf_example)
[1.427s] Level 1:colcon.colcon_core.environment:create_environment_scripts_only(urdf_robox)
[1.428s] Level 1:colcon.colcon_core.environment:checking '/home/pedrohperes/edromufu/src/movement/Ros2_change/install/urdf_robox' for CMake module files
[1.428s] Level 1:colcon.colcon_core.environment:checking '/home/pedrohperes/edromufu/src/movement/Ros2_change/install/urdf_robox' for CMake config files
[1.428s] Level 1:colcon.colcon_core.shell:create_environment_hook('urdf_robox', 'cmake_prefix_path')
[1.429s] INFO:colcon.colcon_core.shell:Creating environment hook '/home/pedrohperes/edromufu/src/movement/Ros2_change/install/urdf_robox/share/urdf_robox/hook/cmake_prefix_path.ps1'
[1.429s] INFO:colcon.colcon_core.shell:Creating environment descriptor '/home/pedrohperes/edromufu/src/movement/Ros2_change/install/urdf_robox/share/urdf_robox/hook/cmake_prefix_path.dsv'
[1.429s] INFO:colcon.colcon_core.shell:Creating environment hook '/home/pedrohperes/edromufu/src/movement/Ros2_change/install/urdf_robox/share/urdf_robox/hook/cmake_prefix_path.sh'
[1.430s] Level 1:colcon.colcon_core.environment:checking '/home/pedrohperes/edromufu/src/movement/Ros2_change/install/urdf_robox/bin'
[1.430s] Level 1:colcon.colcon_core.environment:checking '/home/pedrohperes/edromufu/src/movement/Ros2_change/install/urdf_robox/lib/pkgconfig/urdf_robox.pc'
[1.430s] Level 1:colcon.colcon_core.environment:checking '/home/pedrohperes/edromufu/src/movement/Ros2_change/install/urdf_robox/lib/python3.10/site-packages'
[1.430s] Level 1:colcon.colcon_core.environment:checking '/home/pedrohperes/edromufu/src/movement/Ros2_change/install/urdf_robox/bin'
[1.431s] INFO:colcon.colcon_core.shell:Creating package script '/home/pedrohperes/edromufu/src/movement/Ros2_change/install/urdf_robox/share/urdf_robox/package.ps1'
[1.431s] INFO:colcon.colcon_core.shell:Creating package descriptor '/home/pedrohperes/edromufu/src/movement/Ros2_change/install/urdf_robox/share/urdf_robox/package.dsv'
[1.431s] INFO:colcon.colcon_core.shell:Creating package script '/home/pedrohperes/edromufu/src/movement/Ros2_change/install/urdf_robox/share/urdf_robox/package.sh'
[1.432s] INFO:colcon.colcon_core.shell:Creating package script '/home/pedrohperes/edromufu/src/movement/Ros2_change/install/urdf_robox/share/urdf_robox/package.bash'
[1.432s] INFO:colcon.colcon_core.shell:Creating package script '/home/pedrohperes/edromufu/src/movement/Ros2_change/install/urdf_robox/share/urdf_robox/package.zsh'
[1.433s] Level 1:colcon.colcon_core.environment:create_file_with_runtime_dependencies(/home/pedrohperes/edromufu/src/movement/Ros2_change/install/urdf_robox/share/colcon-core/packages/urdf_robox)
[1.483s] DEBUG:colcon.colcon_core.event_handler.log_command:Invoking command in '/home/pedrohperes/edromufu/src/movement/Ros2_change/build/movement_utils': CMAKE_PREFIX_PATH=${CMAKE_PREFIX_PATH}:/home/pedrohperes/edromufu/src/movement/Ros2_change/install/u2d2_comm:/home/pedrohperes/edromufu/src/movement/Ros2_change/install/tahara_pages:/home/pedrohperes/edromufu/src/movement/Ros2_change/install/pot_package:/home/pedrohperes/edromufu/src/movement/Ros2_change/install/movement_core:/home/pedrohperes/edromufu/src/movement/Ros2_change/install/movement_pages:/home/pedrohperes/edromufu/src/movement/Ros2_change/install/movement_functions:/home/pedrohperes/edromufu/src/movement/Ros2_change/install/humanoid_definition:/home/pedrohperes/edromufu/src/movement/Ros2_change/install/kinematic_functions:/home/pedrohperes/edromufu/src/movement/Ros2_change/install/erro_package:/opt/ros/humble /usr/bin/cmake --install /home/pedrohperes/edromufu/src/movement/Ros2_change/build/movement_utils
[1.543s] Level 1:colcon.colcon_core.environment:create_environment_scripts_only(movement_utils)
[1.544s] DEBUG:colcon.colcon_core.event_handler.log_command:Invoked command in '/home/pedrohperes/edromufu/src/movement/Ros2_change/build/movement_utils' returned '0': CMAKE_PREFIX_PATH=${CMAKE_PREFIX_PATH}:/home/pedrohperes/edromufu/src/movement/Ros2_change/install/u2d2_comm:/home/pedrohperes/edromufu/src/movement/Ros2_change/install/tahara_pages:/home/pedrohperes/edromufu/src/movement/Ros2_change/install/pot_package:/home/pedrohperes/edromufu/src/movement/Ros2_change/install/movement_core:/home/pedrohperes/edromufu/src/movement/Ros2_change/install/movement_pages:/home/pedrohperes/edromufu/src/movement/Ros2_change/install/movement_functions:/home/pedrohperes/edromufu/src/movement/Ros2_change/install/humanoid_definition:/home/pedrohperes/edromufu/src/movement/Ros2_change/install/kinematic_functions:/home/pedrohperes/edromufu/src/movement/Ros2_change/install/erro_package:/opt/ros/humble /usr/bin/cmake --install /home/pedrohperes/edromufu/src/movement/Ros2_change/build/movement_utils
[1.544s] Level 1:colcon.colcon_core.environment:checking '/home/pedrohperes/edromufu/src/movement/Ros2_change/install/movement_utils' for CMake module files
[1.545s] Level 1:colcon.colcon_core.environment:checking '/home/pedrohperes/edromufu/src/movement/Ros2_change/install/movement_utils' for CMake config files
[1.545s] Level 1:colcon.colcon_core.shell:create_environment_hook('movement_utils', 'cmake_prefix_path')
[1.545s] INFO:colcon.colcon_core.shell:Creating environment hook '/home/pedrohperes/edromufu/src/movement/Ros2_change/install/movement_utils/share/movement_utils/hook/cmake_prefix_path.ps1'
[1.546s] INFO:colcon.colcon_core.shell:Creating environment descriptor '/home/pedrohperes/edromufu/src/movement/Ros2_change/install/movement_utils/share/movement_utils/hook/cmake_prefix_path.dsv'
[1.546s] INFO:colcon.colcon_core.shell:Creating environment hook '/home/pedrohperes/edromufu/src/movement/Ros2_change/install/movement_utils/share/movement_utils/hook/cmake_prefix_path.sh'
[1.547s] Level 1:colcon.colcon_core.environment:checking '/home/pedrohperes/edromufu/src/movement/Ros2_change/install/movement_utils/lib'
[1.547s] Level 1:colcon.colcon_core.shell:create_environment_hook('movement_utils', 'ld_library_path_lib')
[1.547s] INFO:colcon.colcon_core.shell:Creating environment hook '/home/pedrohperes/edromufu/src/movement/Ros2_change/install/movement_utils/share/movement_utils/hook/ld_library_path_lib.ps1'
[1.547s] INFO:colcon.colcon_core.shell:Creating environment descriptor '/home/pedrohperes/edromufu/src/movement/Ros2_change/install/movement_utils/share/movement_utils/hook/ld_library_path_lib.dsv'
[1.548s] INFO:colcon.colcon_core.shell:Creating environment hook '/home/pedrohperes/edromufu/src/movement/Ros2_change/install/movement_utils/share/movement_utils/hook/ld_library_path_lib.sh'
[1.548s] Level 1:colcon.colcon_core.environment:checking '/home/pedrohperes/edromufu/src/movement/Ros2_change/install/movement_utils/bin'
[1.548s] Level 1:colcon.colcon_core.environment:checking '/home/pedrohperes/edromufu/src/movement/Ros2_change/install/movement_utils/lib/pkgconfig/movement_utils.pc'
[1.548s] Level 1:colcon.colcon_core.environment:checking '/home/pedrohperes/edromufu/src/movement/Ros2_change/install/movement_utils/lib/python3.10/site-packages'
[1.548s] Level 1:colcon.colcon_core.environment:checking '/home/pedrohperes/edromufu/src/movement/Ros2_change/install/movement_utils/bin'
[1.549s] INFO:colcon.colcon_core.shell:Creating package script '/home/pedrohperes/edromufu/src/movement/Ros2_change/install/movement_utils/share/movement_utils/package.ps1'
[1.549s] INFO:colcon.colcon_core.shell:Creating package descriptor '/home/pedrohperes/edromufu/src/movement/Ros2_change/install/movement_utils/share/movement_utils/package.dsv'
[1.549s] INFO:colcon.colcon_core.shell:Creating package script '/home/pedrohperes/edromufu/src/movement/Ros2_change/install/movement_utils/share/movement_utils/package.sh'
[1.550s] INFO:colcon.colcon_core.shell:Creating package script '/home/pedrohperes/edromufu/src/movement/Ros2_change/install/movement_utils/share/movement_utils/package.bash'
[1.550s] INFO:colcon.colcon_core.shell:Creating package script '/home/pedrohperes/edromufu/src/movement/Ros2_change/install/movement_utils/share/movement_utils/package.zsh'
[1.550s] Level 1:colcon.colcon_core.environment:create_file_with_runtime_dependencies(/home/pedrohperes/edromufu/src/movement/Ros2_change/install/movement_utils/share/colcon-core/packages/movement_utils)
[1.697s] Level 1:colcon.colcon_core.environment:create_environment_scripts_only(movement_utils)
[1.697s] Level 1:colcon.colcon_core.environment:checking '/home/pedrohperes/edromufu/src/movement/Ros2_change/install/movement_utils' for CMake module files
[1.697s] Level 1:colcon.colcon_core.environment:checking '/home/pedrohperes/edromufu/src/movement/Ros2_change/install/movement_utils' for CMake config files
[1.698s] Level 1:colcon.colcon_core.shell:create_environment_hook('movement_utils', 'cmake_prefix_path')
[1.698s] INFO:colcon.colcon_core.shell:Creating environment hook '/home/pedrohperes/edromufu/src/movement/Ros2_change/install/movement_utils/share/movement_utils/hook/cmake_prefix_path.ps1'
[1.699s] INFO:colcon.colcon_core.shell:Creating environment descriptor '/home/pedrohperes/edromufu/src/movement/Ros2_change/install/movement_utils/share/movement_utils/hook/cmake_prefix_path.dsv'
[1.699s] INFO:colcon.colcon_core.shell:Creating environment hook '/home/pedrohperes/edromufu/src/movement/Ros2_change/install/movement_utils/share/movement_utils/hook/cmake_prefix_path.sh'
[1.699s] Level 1:colcon.colcon_core.environment:checking '/home/pedrohperes/edromufu/src/movement/Ros2_change/install/movement_utils/lib'
[1.699s] Level 1:colcon.colcon_core.shell:create_environment_hook('movement_utils', 'ld_library_path_lib')
[1.700s] INFO:colcon.colcon_core.shell:Creating environment hook '/home/pedrohperes/edromufu/src/movement/Ros2_change/install/movement_utils/share/movement_utils/hook/ld_library_path_lib.ps1'
[1.700s] INFO:colcon.colcon_core.shell:Creating environment descriptor '/home/pedrohperes/edromufu/src/movement/Ros2_change/install/movement_utils/share/movement_utils/hook/ld_library_path_lib.dsv'
[1.700s] INFO:colcon.colcon_core.shell:Creating environment hook '/home/pedrohperes/edromufu/src/movement/Ros2_change/install/movement_utils/share/movement_utils/hook/ld_library_path_lib.sh'
[1.700s] Level 1:colcon.colcon_core.environment:checking '/home/pedrohperes/edromufu/src/movement/Ros2_change/install/movement_utils/bin'
[1.701s] Level 1:colcon.colcon_core.environment:checking '/home/pedrohperes/edromufu/src/movement/Ros2_change/install/movement_utils/lib/pkgconfig/movement_utils.pc'
[1.701s] Level 1:colcon.colcon_core.environment:checking '/home/pedrohperes/edromufu/src/movement/Ros2_change/install/movement_utils/lib/python3.10/site-packages'
[1.701s] Level 1:colcon.colcon_core.environment:checking '/home/pedrohperes/edromufu/src/movement/Ros2_change/install/movement_utils/bin'
[1.701s] INFO:colcon.colcon_core.shell:Creating package script '/home/pedrohperes/edromufu/src/movement/Ros2_change/install/movement_utils/share/movement_utils/package.ps1'
[1.702s] INFO:colcon.colcon_core.shell:Creating package descriptor '/home/pedrohperes/edromufu/src/movement/Ros2_change/install/movement_utils/share/movement_utils/package.dsv'
[1.702s] INFO:colcon.colcon_core.shell:Creating package script '/home/pedrohperes/edromufu/src/movement/Ros2_change/install/movement_utils/share/movement_utils/package.sh'
[1.702s] INFO:colcon.colcon_core.shell:Creating package script '/home/pedrohperes/edromufu/src/movement/Ros2_change/install/movement_utils/share/movement_utils/package.bash'
[1.703s] INFO:colcon.colcon_core.shell:Creating package script '/home/pedrohperes/edromufu/src/movement/Ros2_change/install/movement_utils/share/movement_utils/package.zsh'
[1.703s] Level 1:colcon.colcon_core.environment:create_file_with_runtime_dependencies(/home/pedrohperes/edromufu/src/movement/Ros2_change/install/movement_utils/share/colcon-core/packages/movement_utils)
[1.703s] INFO:colcon.colcon_ros.task.ament_python.build:Building ROS package in '/home/pedrohperes/edromufu/src/movement/Ros2_change/src/movement_pages' with build type 'ament_python'
[1.704s] Level 1:colcon.colcon_core.shell:create_environment_hook('movement_pages', 'ament_prefix_path')
[1.704s] INFO:colcon.colcon_core.shell:Creating environment hook '/home/pedrohperes/edromufu/src/movement/Ros2_change/install/movement_pages/share/movement_pages/hook/ament_prefix_path.ps1'
[1.704s] INFO:colcon.colcon_core.shell:Creating environment descriptor '/home/pedrohperes/edromufu/src/movement/Ros2_change/install/movement_pages/share/movement_pages/hook/ament_prefix_path.dsv'
[1.705s] INFO:colcon.colcon_core.shell:Creating environment hook '/home/pedrohperes/edromufu/src/movement/Ros2_change/install/movement_pages/share/movement_pages/hook/ament_prefix_path.sh'
[1.706s] INFO:colcon.colcon_core.shell:Skip shell extension 'powershell' for command environment: Not usable outside of PowerShell
[1.706s] DEBUG:colcon.colcon_core.shell:Skip shell extension 'dsv' for command environment
[1.709s] INFO:colcon.colcon_ros.task.ament_python.build:Building ROS package in '/home/pedrohperes/edromufu/src/movement/Ros2_change/src/u2d2_comm' with build type 'ament_python'
[1.709s] Level 1:colcon.colcon_core.shell:create_environment_hook('u2d2_comm', 'ament_prefix_path')
[1.710s] INFO:colcon.colcon_core.shell:Creating environment hook '/home/pedrohperes/edromufu/src/movement/Ros2_change/install/u2d2_comm/share/u2d2_comm/hook/ament_prefix_path.ps1'
[1.710s] INFO:colcon.colcon_core.shell:Creating environment descriptor '/home/pedrohperes/edromufu/src/movement/Ros2_change/install/u2d2_comm/share/u2d2_comm/hook/ament_prefix_path.dsv'
[1.710s] INFO:colcon.colcon_core.shell:Creating environment hook '/home/pedrohperes/edromufu/src/movement/Ros2_change/install/u2d2_comm/share/u2d2_comm/hook/ament_prefix_path.sh'
[1.711s] INFO:colcon.colcon_core.shell:Skip shell extension 'powershell' for command environment: Not usable outside of PowerShell
[1.711s] DEBUG:colcon.colcon_core.shell:Skip shell extension 'dsv' for command environment
[2.022s] INFO:colcon.colcon_core.task.python.build:Building Python package in '/home/pedrohperes/edromufu/src/movement/Ros2_change/src/movement_pages'
[2.022s] INFO:colcon.colcon_core.shell:Skip shell extension 'powershell' for command environment: Not usable outside of PowerShell
[2.022s] DEBUG:colcon.colcon_core.shell:Skip shell extension 'dsv' for command environment
[2.305s] INFO:colcon.colcon_core.task.python.build:Building Python package in '/home/pedrohperes/edromufu/src/movement/Ros2_change/src/u2d2_comm'
[2.305s] INFO:colcon.colcon_core.shell:Skip shell extension 'powershell' for command environment: Not usable outside of PowerShell
[2.306s] DEBUG:colcon.colcon_core.shell:Skip shell extension 'dsv' for command environment
[2.313s] DEBUG:colcon.colcon_core.event_handler.log_command:Invoking command in '/home/pedrohperes/edromufu/src/movement/Ros2_change/src/kinematic_functions': PYTHONPATH=/home/pedrohperes/edromufu/src/movement/Ros2_change/build/kinematic_functions/prefix_override:/home/pedrohperes/edromufu/src/movement/Ros2_change/install/kinematic_functions/lib/python3.10/site-packages:${PYTHONPATH} /usr/bin/python3 -W ignore:setup.py install is deprecated setup.py egg_info --egg-base ../../build/kinematic_functions build --build-base /home/pedrohperes/edromufu/src/movement/Ros2_change/build/kinematic_functions/build install --record /home/pedrohperes/edromufu/src/movement/Ros2_change/build/kinematic_functions/install.log --single-version-externally-managed install_data
[2.315s] DEBUG:colcon.colcon_core.event_handler.log_command:Invoking command in '/home/pedrohperes/edromufu/src/movement/Ros2_change/src/tahara_pages': PYTHONPATH=/home/pedrohperes/edromufu/src/movement/Ros2_change/build/tahara_pages/prefix_override:/home/pedrohperes/edromufu/src/movement/Ros2_change/install/tahara_pages/lib/python3.10/site-packages:${PYTHONPATH} /usr/bin/python3 -W ignore:setup.py install is deprecated setup.py egg_info --egg-base ../../build/tahara_pages build --build-base /home/pedrohperes/edromufu/src/movement/Ros2_change/build/tahara_pages/build install --record /home/pedrohperes/edromufu/src/movement/Ros2_change/build/tahara_pages/install.log --single-version-externally-managed install_data
[2.318s] DEBUG:colcon.colcon_core.event_handler.log_command:Invoking command in '/home/pedrohperes/edromufu/src/movement/Ros2_change/src/erro_package': PYTHONPATH=/home/pedrohperes/edromufu/src/movement/Ros2_change/build/erro_package/prefix_override:/home/pedrohperes/edromufu/src/movement/Ros2_change/install/erro_package/lib/python3.10/site-packages:${PYTHONPATH} /usr/bin/python3 -W ignore:setup.py install is deprecated setup.py egg_info --egg-base ../../build/erro_package build --build-base /home/pedrohperes/edromufu/src/movement/Ros2_change/build/erro_package/build install --record /home/pedrohperes/edromufu/src/movement/Ros2_change/build/erro_package/install.log --single-version-externally-managed install_data
[2.649s] Level 1:colcon.colcon_core.environment:checking '/home/pedrohperes/edromufu/src/movement/Ros2_change/install/kinematic_functions' for CMake module files
[2.650s] DEBUG:colcon.colcon_core.event_handler.log_command:Invoked command in '/home/pedrohperes/edromufu/src/movement/Ros2_change/src/kinematic_functions' returned '0': PYTHONPATH=/home/pedrohperes/edromufu/src/movement/Ros2_change/build/kinematic_functions/prefix_override:/home/pedrohperes/edromufu/src/movement/Ros2_change/install/kinematic_functions/lib/python3.10/site-packages:${PYTHONPATH} /usr/bin/python3 -W ignore:setup.py install is deprecated setup.py egg_info --egg-base ../../build/kinematic_functions build --build-base /home/pedrohperes/edromufu/src/movement/Ros2_change/build/kinematic_functions/build install --record /home/pedrohperes/edromufu/src/movement/Ros2_change/build/kinematic_functions/install.log --single-version-externally-managed install_data
[2.650s] Level 1:colcon.colcon_core.environment:checking '/home/pedrohperes/edromufu/src/movement/Ros2_change/install/kinematic_functions' for CMake config files
[2.651s] Level 1:colcon.colcon_core.environment:checking '/home/pedrohperes/edromufu/src/movement/Ros2_change/install/kinematic_functions/lib'
[2.651s] Level 1:colcon.colcon_core.environment:checking '/home/pedrohperes/edromufu/src/movement/Ros2_change/install/kinematic_functions/bin'
[2.651s] Level 1:colcon.colcon_core.environment:checking '/home/pedrohperes/edromufu/src/movement/Ros2_change/install/kinematic_functions/lib/pkgconfig/kinematic_functions.pc'
[2.651s] Level 1:colcon.colcon_core.environment:checking '/home/pedrohperes/edromufu/src/movement/Ros2_change/install/kinematic_functions/lib/python3.10/site-packages'
[2.651s] Level 1:colcon.colcon_core.shell:create_environment_hook('kinematic_functions', 'pythonpath')
[2.651s] INFO:colcon.colcon_core.shell:Creating environment hook '/home/pedrohperes/edromufu/src/movement/Ros2_change/install/kinematic_functions/share/kinematic_functions/hook/pythonpath.ps1'
[2.652s] INFO:colcon.colcon_core.shell:Creating environment descriptor '/home/pedrohperes/edromufu/src/movement/Ros2_change/install/kinematic_functions/share/kinematic_functions/hook/pythonpath.dsv'
[2.652s] INFO:colcon.colcon_core.shell:Creating environment hook '/home/pedrohperes/edromufu/src/movement/Ros2_change/install/kinematic_functions/share/kinematic_functions/hook/pythonpath.sh'
[2.653s] Level 1:colcon.colcon_core.environment:checking '/home/pedrohperes/edromufu/src/movement/Ros2_change/install/kinematic_functions/bin'
[2.653s] Level 1:colcon.colcon_core.environment:create_environment_scripts_only(kinematic_functions)
[2.653s] INFO:colcon.colcon_core.shell:Creating package script '/home/pedrohperes/edromufu/src/movement/Ros2_change/install/kinematic_functions/share/kinematic_functions/package.ps1'
[2.654s] INFO:colcon.colcon_core.shell:Creating package descriptor '/home/pedrohperes/edromufu/src/movement/Ros2_change/install/kinematic_functions/share/kinematic_functions/package.dsv'
[2.654s] INFO:colcon.colcon_core.shell:Creating package script '/home/pedrohperes/edromufu/src/movement/Ros2_change/install/kinematic_functions/share/kinematic_functions/package.sh'
[2.654s] INFO:colcon.colcon_core.shell:Creating package script '/home/pedrohperes/edromufu/src/movement/Ros2_change/install/kinematic_functions/share/kinematic_functions/package.bash'
[2.655s] INFO:colcon.colcon_core.shell:Creating package script '/home/pedrohperes/edromufu/src/movement/Ros2_change/install/kinematic_functions/share/kinematic_functions/package.zsh'
[2.655s] Level 1:colcon.colcon_core.environment:create_file_with_runtime_dependencies(/home/pedrohperes/edromufu/src/movement/Ros2_change/install/kinematic_functions/share/colcon-core/packages/kinematic_functions)
[2.655s] INFO:colcon.colcon_ros.task.ament_python.build:Building ROS package in '/home/pedrohperes/edromufu/src/movement/Ros2_change/src/humanoid_definition' with build type 'ament_python'
[2.655s] Level 1:colcon.colcon_core.shell:create_environment_hook('humanoid_definition', 'ament_prefix_path')
[2.656s] INFO:colcon.colcon_core.shell:Creating environment hook '/home/pedrohperes/edromufu/src/movement/Ros2_change/install/humanoid_definition/share/humanoid_definition/hook/ament_prefix_path.ps1'
[2.656s] INFO:colcon.colcon_core.shell:Creating environment descriptor '/home/pedrohperes/edromufu/src/movement/Ros2_change/install/humanoid_definition/share/humanoid_definition/hook/ament_prefix_path.dsv'
[2.657s] INFO:colcon.colcon_core.shell:Creating environment hook '/home/pedrohperes/edromufu/src/movement/Ros2_change/install/humanoid_definition/share/humanoid_definition/hook/ament_prefix_path.sh'
[2.657s] INFO:colcon.colcon_core.shell:Skip shell extension 'powershell' for command environment: Not usable outside of PowerShell
[2.657s] DEBUG:colcon.colcon_core.shell:Skip shell extension 'dsv' for command environment
[2.661s] INFO:colcon.colcon_ros.task.ament_python.build:Building ROS package in '/home/pedrohperes/edromufu/src/movement/Ros2_change/src/movement_functions' with build type 'ament_python'
[2.661s] Level 1:colcon.colcon_core.shell:create_environment_hook('movement_functions', 'ament_prefix_path')
[2.661s] INFO:colcon.colcon_core.shell:Creating environment hook '/home/pedrohperes/edromufu/src/movement/Ros2_change/install/movement_functions/share/movement_functions/hook/ament_prefix_path.ps1'
[2.662s] INFO:colcon.colcon_core.shell:Creating environment descriptor '/home/pedrohperes/edromufu/src/movement/Ros2_change/install/movement_functions/share/movement_functions/hook/ament_prefix_path.dsv'
[2.662s] INFO:colcon.colcon_core.shell:Creating environment hook '/home/pedrohperes/edromufu/src/movement/Ros2_change/install/movement_functions/share/movement_functions/hook/ament_prefix_path.sh'
[2.663s] INFO:colcon.colcon_core.shell:Skip shell extension 'powershell' for command environment: Not usable outside of PowerShell
[2.663s] DEBUG:colcon.colcon_core.shell:Skip shell extension 'dsv' for command environment
[2.667s] Level 1:colcon.colcon_core.environment:checking '/home/pedrohperes/edromufu/src/movement/Ros2_change/install/tahara_pages' for CMake module files
[2.668s] DEBUG:colcon.colcon_core.event_handler.log_command:Invoked command in '/home/pedrohperes/edromufu/src/movement/Ros2_change/src/tahara_pages' returned '0': PYTHONPATH=/home/pedrohperes/edromufu/src/movement/Ros2_change/build/tahara_pages/prefix_override:/home/pedrohperes/edromufu/src/movement/Ros2_change/install/tahara_pages/lib/python3.10/site-packages:${PYTHONPATH} /usr/bin/python3 -W ignore:setup.py install is deprecated setup.py egg_info --egg-base ../../build/tahara_pages build --build-base /home/pedrohperes/edromufu/src/movement/Ros2_change/build/tahara_pages/build install --record /home/pedrohperes/edromufu/src/movement/Ros2_change/build/tahara_pages/install.log --single-version-externally-managed install_data
[2.669s] Level 1:colcon.colcon_core.environment:checking '/home/pedrohperes/edromufu/src/movement/Ros2_change/install/tahara_pages' for CMake config files
[2.669s] Level 1:colcon.colcon_core.environment:checking '/home/pedrohperes/edromufu/src/movement/Ros2_change/install/tahara_pages/lib'
[2.669s] Level 1:colcon.colcon_core.environment:checking '/home/pedrohperes/edromufu/src/movement/Ros2_change/install/tahara_pages/bin'
[2.669s] Level 1:colcon.colcon_core.environment:checking '/home/pedrohperes/edromufu/src/movement/Ros2_change/install/tahara_pages/lib/pkgconfig/tahara_pages.pc'
[2.669s] Level 1:colcon.colcon_core.environment:checking '/home/pedrohperes/edromufu/src/movement/Ros2_change/install/tahara_pages/lib/python3.10/site-packages'
[2.670s] Level 1:colcon.colcon_core.shell:create_environment_hook('tahara_pages', 'pythonpath')
[2.670s] INFO:colcon.colcon_core.shell:Creating environment hook '/home/pedrohperes/edromufu/src/movement/Ros2_change/install/tahara_pages/share/tahara_pages/hook/pythonpath.ps1'
[2.670s] INFO:colcon.colcon_core.shell:Creating environment descriptor '/home/pedrohperes/edromufu/src/movement/Ros2_change/install/tahara_pages/share/tahara_pages/hook/pythonpath.dsv'
[2.670s] INFO:colcon.colcon_core.shell:Creating environment hook '/home/pedrohperes/edromufu/src/movement/Ros2_change/install/tahara_pages/share/tahara_pages/hook/pythonpath.sh'
[2.671s] Level 1:colcon.colcon_core.environment:checking '/home/pedrohperes/edromufu/src/movement/Ros2_change/install/tahara_pages/bin'
[2.671s] Level 1:colcon.colcon_core.environment:create_environment_scripts_only(tahara_pages)
[2.671s] INFO:colcon.colcon_core.shell:Creating package script '/home/pedrohperes/edromufu/src/movement/Ros2_change/install/tahara_pages/share/tahara_pages/package.ps1'
[2.672s] INFO:colcon.colcon_core.shell:Creating package descriptor '/home/pedrohperes/edromufu/src/movement/Ros2_change/install/tahara_pages/share/tahara_pages/package.dsv'
[2.672s] INFO:colcon.colcon_core.shell:Creating package script '/home/pedrohperes/edromufu/src/movement/Ros2_change/install/tahara_pages/share/tahara_pages/package.sh'
[2.672s] INFO:colcon.colcon_core.shell:Creating package script '/home/pedrohperes/edromufu/src/movement/Ros2_change/install/tahara_pages/share/tahara_pages/package.bash'
[2.673s] INFO:colcon.colcon_core.shell:Creating package script '/home/pedrohperes/edromufu/src/movement/Ros2_change/install/tahara_pages/share/tahara_pages/package.zsh'
[2.673s] Level 1:colcon.colcon_core.environment:create_file_with_runtime_dependencies(/home/pedrohperes/edromufu/src/movement/Ros2_change/install/tahara_pages/share/colcon-core/packages/tahara_pages)
[2.674s] Level 1:colcon.colcon_core.environment:checking '/home/pedrohperes/edromufu/src/movement/Ros2_change/install/erro_package' for CMake module files
[2.675s] Level 1:colcon.colcon_core.environment:checking '/home/pedrohperes/edromufu/src/movement/Ros2_change/install/erro_package' for CMake config files
[2.675s] DEBUG:colcon.colcon_core.event_handler.log_command:Invoked command in '/home/pedrohperes/edromufu/src/movement/Ros2_change/src/erro_package' returned '0': PYTHONPATH=/home/pedrohperes/edromufu/src/movement/Ros2_change/build/erro_package/prefix_override:/home/pedrohperes/edromufu/src/movement/Ros2_change/install/erro_package/lib/python3.10/site-packages:${PYTHONPATH} /usr/bin/python3 -W ignore:setup.py install is deprecated setup.py egg_info --egg-base ../../build/erro_package build --build-base /home/pedrohperes/edromufu/src/movement/Ros2_change/build/erro_package/build install --record /home/pedrohperes/edromufu/src/movement/Ros2_change/build/erro_package/install.log --single-version-externally-managed install_data
[2.676s] Level 1:colcon.colcon_core.environment:checking '/home/pedrohperes/edromufu/src/movement/Ros2_change/install/erro_package/lib'
[2.676s] Level 1:colcon.colcon_core.environment:checking '/home/pedrohperes/edromufu/src/movement/Ros2_change/install/erro_package/bin'
[2.676s] Level 1:colcon.colcon_core.environment:checking '/home/pedrohperes/edromufu/src/movement/Ros2_change/install/erro_package/lib/pkgconfig/erro_package.pc'
[2.676s] Level 1:colcon.colcon_core.environment:checking '/home/pedrohperes/edromufu/src/movement/Ros2_change/install/erro_package/lib/python3.10/site-packages'
[2.676s] Level 1:colcon.colcon_core.shell:create_environment_hook('erro_package', 'pythonpath')
[2.676s] INFO:colcon.colcon_core.shell:Creating environment hook '/home/pedrohperes/edromufu/src/movement/Ros2_change/install/erro_package/share/erro_package/hook/pythonpath.ps1'
[2.677s] INFO:colcon.colcon_core.shell:Creating environment descriptor '/home/pedrohperes/edromufu/src/movement/Ros2_change/install/erro_package/share/erro_package/hook/pythonpath.dsv'
[2.677s] INFO:colcon.colcon_core.shell:Creating environment hook '/home/pedrohperes/edromufu/src/movement/Ros2_change/install/erro_package/share/erro_package/hook/pythonpath.sh'
[2.678s] Level 1:colcon.colcon_core.environment:checking '/home/pedrohperes/edromufu/src/movement/Ros2_change/install/erro_package/bin'
[2.678s] Level 1:colcon.colcon_core.environment:create_environment_scripts_only(erro_package)
[2.678s] INFO:colcon.colcon_core.shell:Creating package script '/home/pedrohperes/edromufu/src/movement/Ros2_change/install/erro_package/share/erro_package/package.ps1'
[2.679s] INFO:colcon.colcon_core.shell:Creating package descriptor '/home/pedrohperes/edromufu/src/movement/Ros2_change/install/erro_package/share/erro_package/package.dsv'
[2.679s] INFO:colcon.colcon_core.shell:Creating package script '/home/pedrohperes/edromufu/src/movement/Ros2_change/install/erro_package/share/erro_package/package.sh'
[2.679s] INFO:colcon.colcon_core.shell:Creating package script '/home/pedrohperes/edromufu/src/movement/Ros2_change/install/erro_package/share/erro_package/package.bash'
[2.680s] INFO:colcon.colcon_core.shell:Creating package script '/home/pedrohperes/edromufu/src/movement/Ros2_change/install/erro_package/share/erro_package/package.zsh'
[2.680s] Level 1:colcon.colcon_core.environment:create_file_with_runtime_dependencies(/home/pedrohperes/edromufu/src/movement/Ros2_change/install/erro_package/share/colcon-core/packages/erro_package)
[2.977s] INFO:colcon.colcon_core.task.python.build:Building Python package in '/home/pedrohperes/edromufu/src/movement/Ros2_change/src/humanoid_definition'
[2.977s] INFO:colcon.colcon_core.shell:Skip shell extension 'powershell' for command environment: Not usable outside of PowerShell
[2.977s] DEBUG:colcon.colcon_core.shell:Skip shell extension 'dsv' for command environment
[3.262s] INFO:colcon.colcon_core.task.python.build:Building Python package in '/home/pedrohperes/edromufu/src/movement/Ros2_change/src/movement_functions'
[3.262s] INFO:colcon.colcon_core.shell:Skip shell extension 'powershell' for command environment: Not usable outside of PowerShell
[3.262s] DEBUG:colcon.colcon_core.shell:Skip shell extension 'dsv' for command environment
[3.270s] DEBUG:colcon.colcon_core.event_handler.log_command:Invoking command in '/home/pedrohperes/edromufu/src/movement/Ros2_change/src/u2d2_comm': CMAKE_PREFIX_PATH=/home/pedrohperes/edromufu/src/movement/Ros2_change/install/movement_utils:/home/pedrohperes/edromufu/src/movement/Ros2_change/install/urdf_robox:/home/pedrohperes/edromufu/src/movement/Ros2_change/install/urdf_example:/home/pedrohperes/edromufu/src/movement/Ros2_change/install/micro_ros_agent:/home/pedrohperes/edromufu/src/movement/Ros2_change/install/micro_ros_msgs:/home/pedrohperes/edromufu/src/movement/Ros2_change/install/humanoid_visualization PYTHONPATH=/home/pedrohperes/edromufu/src/movement/Ros2_change/build/u2d2_comm/prefix_override:/home/pedrohperes/edromufu/src/movement/Ros2_change/install/u2d2_comm/lib/python3.10/site-packages:${PYTHONPATH} /usr/bin/python3 -W ignore:setup.py install is deprecated setup.py egg_info --egg-base ../../build/u2d2_comm build --build-base /home/pedrohperes/edromufu/src/movement/Ros2_change/build/u2d2_comm/build install --record /home/pedrohperes/edromufu/src/movement/Ros2_change/build/u2d2_comm/install.log --single-version-externally-managed install_data
[3.272s] DEBUG:colcon.colcon_core.event_handler.log_command:Invoking command in '/home/pedrohperes/edromufu/src/movement/Ros2_change/src/movement_pages': CMAKE_PREFIX_PATH=/home/pedrohperes/edromufu/src/movement/Ros2_change/install/movement_utils:/home/pedrohperes/edromufu/src/movement/Ros2_change/install/urdf_robox:/home/pedrohperes/edromufu/src/movement/Ros2_change/install/urdf_example:/home/pedrohperes/edromufu/src/movement/Ros2_change/install/micro_ros_agent:/home/pedrohperes/edromufu/src/movement/Ros2_change/install/micro_ros_msgs:/home/pedrohperes/edromufu/src/movement/Ros2_change/install/humanoid_visualization PYTHONPATH=/home/pedrohperes/edromufu/src/movement/Ros2_change/build/movement_pages/prefix_override:/home/pedrohperes/edromufu/src/movement/Ros2_change/install/movement_pages/lib/python3.10/site-packages:${PYTHONPATH} /usr/bin/python3 -W ignore:setup.py install is deprecated setup.py egg_info --egg-base ../../build/movement_pages build --build-base /home/pedrohperes/edromufu/src/movement/Ros2_change/build/movement_pages/build install --record /home/pedrohperes/edromufu/src/movement/Ros2_change/build/movement_pages/install.log --single-version-externally-managed install_data
[3.589s] Level 1:colcon.colcon_core.environment:checking '/home/pedrohperes/edromufu/src/movement/Ros2_change/install/movement_pages' for CMake module files
[3.589s] DEBUG:colcon.colcon_core.event_handler.log_command:Invoked command in '/home/pedrohperes/edromufu/src/movement/Ros2_change/src/movement_pages' returned '0': CMAKE_PREFIX_PATH=/home/pedrohperes/edromufu/src/movement/Ros2_change/install/movement_utils:/home/pedrohperes/edromufu/src/movement/Ros2_change/install/urdf_robox:/home/pedrohperes/edromufu/src/movement/Ros2_change/install/urdf_example:/home/pedrohperes/edromufu/src/movement/Ros2_change/install/micro_ros_agent:/home/pedrohperes/edromufu/src/movement/Ros2_change/install/micro_ros_msgs:/home/pedrohperes/edromufu/src/movement/Ros2_change/install/humanoid_visualization PYTHONPATH=/home/pedrohperes/edromufu/src/movement/Ros2_change/build/movement_pages/prefix_override:/home/pedrohperes/edromufu/src/movement/Ros2_change/install/movement_pages/lib/python3.10/site-packages:${PYTHONPATH} /usr/bin/python3 -W ignore:setup.py install is deprecated setup.py egg_info --egg-base ../../build/movement_pages build --build-base /home/pedrohperes/edromufu/src/movement/Ros2_change/build/movement_pages/build install --record /home/pedrohperes/edromufu/src/movement/Ros2_change/build/movement_pages/install.log --single-version-externally-managed install_data
[3.590s] Level 1:colcon.colcon_core.environment:checking '/home/pedrohperes/edromufu/src/movement/Ros2_change/install/movement_pages' for CMake config files
[3.590s] Level 1:colcon.colcon_core.environment:checking '/home/pedrohperes/edromufu/src/movement/Ros2_change/install/movement_pages/lib'
[3.590s] Level 1:colcon.colcon_core.environment:checking '/home/pedrohperes/edromufu/src/movement/Ros2_change/install/movement_pages/bin'
[3.590s] Level 1:colcon.colcon_core.environment:checking '/home/pedrohperes/edromufu/src/movement/Ros2_change/install/movement_pages/lib/pkgconfig/movement_pages.pc'
[3.591s] Level 1:colcon.colcon_core.environment:checking '/home/pedrohperes/edromufu/src/movement/Ros2_change/install/movement_pages/lib/python3.10/site-packages'
[3.591s] Level 1:colcon.colcon_core.shell:create_environment_hook('movement_pages', 'pythonpath')
[3.591s] INFO:colcon.colcon_core.shell:Creating environment hook '/home/pedrohperes/edromufu/src/movement/Ros2_change/install/movement_pages/share/movement_pages/hook/pythonpath.ps1'
[3.591s] INFO:colcon.colcon_core.shell:Creating environment descriptor '/home/pedrohperes/edromufu/src/movement/Ros2_change/install/movement_pages/share/movement_pages/hook/pythonpath.dsv'
[3.592s] INFO:colcon.colcon_core.shell:Creating environment hook '/home/pedrohperes/edromufu/src/movement/Ros2_change/install/movement_pages/share/movement_pages/hook/pythonpath.sh'
[3.592s] Level 1:colcon.colcon_core.environment:checking '/home/pedrohperes/edromufu/src/movement/Ros2_change/install/movement_pages/bin'
[3.592s] Level 1:colcon.colcon_core.environment:create_environment_scripts_only(movement_pages)
[3.593s] INFO:colcon.colcon_core.shell:Creating package script '/home/pedrohperes/edromufu/src/movement/Ros2_change/install/movement_pages/share/movement_pages/package.ps1'
[3.593s] INFO:colcon.colcon_core.shell:Creating package descriptor '/home/pedrohperes/edromufu/src/movement/Ros2_change/install/movement_pages/share/movement_pages/package.dsv'
[3.593s] INFO:colcon.colcon_core.shell:Creating package script '/home/pedrohperes/edromufu/src/movement/Ros2_change/install/movement_pages/share/movement_pages/package.sh'
[3.594s] INFO:colcon.colcon_core.shell:Creating package script '/home/pedrohperes/edromufu/src/movement/Ros2_change/install/movement_pages/share/movement_pages/package.bash'
[3.594s] INFO:colcon.colcon_core.shell:Creating package script '/home/pedrohperes/edromufu/src/movement/Ros2_change/install/movement_pages/share/movement_pages/package.zsh'
[3.594s] Level 1:colcon.colcon_core.environment:create_file_with_runtime_dependencies(/home/pedrohperes/edromufu/src/movement/Ros2_change/install/movement_pages/share/colcon-core/packages/movement_pages)
[3.596s] Level 1:colcon.colcon_core.environment:checking '/home/pedrohperes/edromufu/src/movement/Ros2_change/install/u2d2_comm' for CMake module files
[3.596s] DEBUG:colcon.colcon_core.event_handler.log_command:Invoked command in '/home/pedrohperes/edromufu/src/movement/Ros2_change/src/u2d2_comm' returned '0': CMAKE_PREFIX_PATH=/home/pedrohperes/edromufu/src/movement/Ros2_change/install/movement_utils:/home/pedrohperes/edromufu/src/movement/Ros2_change/install/urdf_robox:/home/pedrohperes/edromufu/src/movement/Ros2_change/install/urdf_example:/home/pedrohperes/edromufu/src/movement/Ros2_change/install/micro_ros_agent:/home/pedrohperes/edromufu/src/movement/Ros2_change/install/micro_ros_msgs:/home/pedrohperes/edromufu/src/movement/Ros2_change/install/humanoid_visualization PYTHONPATH=/home/pedrohperes/edromufu/src/movement/Ros2_change/build/u2d2_comm/prefix_override:/home/pedrohperes/edromufu/src/movement/Ros2_change/install/u2d2_comm/lib/python3.10/site-packages:${PYTHONPATH} /usr/bin/python3 -W ignore:setup.py install is deprecated setup.py egg_info --egg-base ../../build/u2d2_comm build --build-base /home/pedrohperes/edromufu/src/movement/Ros2_change/build/u2d2_comm/build install --record /home/pedrohperes/edromufu/src/movement/Ros2_change/build/u2d2_comm/install.log --single-version-externally-managed install_data
[3.596s] Level 1:colcon.colcon_core.environment:checking '/home/pedrohperes/edromufu/src/movement/Ros2_change/install/u2d2_comm' for CMake config files
[3.597s] Level 1:colcon.colcon_core.environment:checking '/home/pedrohperes/edromufu/src/movement/Ros2_change/install/u2d2_comm/lib'
[3.597s] Level 1:colcon.colcon_core.environment:checking '/home/pedrohperes/edromufu/src/movement/Ros2_change/install/u2d2_comm/bin'
[3.597s] Level 1:colcon.colcon_core.environment:checking '/home/pedrohperes/edromufu/src/movement/Ros2_change/install/u2d2_comm/lib/pkgconfig/u2d2_comm.pc'
[3.597s] Level 1:colcon.colcon_core.environment:checking '/home/pedrohperes/edromufu/src/movement/Ros2_change/install/u2d2_comm/lib/python3.10/site-packages'
[3.597s] Level 1:colcon.colcon_core.shell:create_environment_hook('u2d2_comm', 'pythonpath')
[3.598s] INFO:colcon.colcon_core.shell:Creating environment hook '/home/pedrohperes/edromufu/src/movement/Ros2_change/install/u2d2_comm/share/u2d2_comm/hook/pythonpath.ps1'
[3.598s] INFO:colcon.colcon_core.shell:Creating environment descriptor '/home/pedrohperes/edromufu/src/movement/Ros2_change/install/u2d2_comm/share/u2d2_comm/hook/pythonpath.dsv'
[3.598s] INFO:colcon.colcon_core.shell:Creating environment hook '/home/pedrohperes/edromufu/src/movement/Ros2_change/install/u2d2_comm/share/u2d2_comm/hook/pythonpath.sh'
[3.599s] Level 1:colcon.colcon_core.environment:checking '/home/pedrohperes/edromufu/src/movement/Ros2_change/install/u2d2_comm/bin'
[3.599s] Level 1:colcon.colcon_core.environment:create_environment_scripts_only(u2d2_comm)
[3.599s] INFO:colcon.colcon_core.shell:Creating package script '/home/pedrohperes/edromufu/src/movement/Ros2_change/install/u2d2_comm/share/u2d2_comm/package.ps1'
[3.599s] INFO:colcon.colcon_core.shell:Creating package descriptor '/home/pedrohperes/edromufu/src/movement/Ros2_change/install/u2d2_comm/share/u2d2_comm/package.dsv'
[3.600s] INFO:colcon.colcon_core.shell:Creating package script '/home/pedrohperes/edromufu/src/movement/Ros2_change/install/u2d2_comm/share/u2d2_comm/package.sh'
[3.600s] INFO:colcon.colcon_core.shell:Creating package script '/home/pedrohperes/edromufu/src/movement/Ros2_change/install/u2d2_comm/share/u2d2_comm/package.bash'
[3.600s] INFO:colcon.colcon_core.shell:Creating package script '/home/pedrohperes/edromufu/src/movement/Ros2_change/install/u2d2_comm/share/u2d2_comm/package.zsh'
[3.601s] Level 1:colcon.colcon_core.environment:create_file_with_runtime_dependencies(/home/pedrohperes/edromufu/src/movement/Ros2_change/install/u2d2_comm/share/colcon-core/packages/u2d2_comm)
[3.743s] DEBUG:colcon.colcon_core.event_handler.log_command:Invoking command in '/home/pedrohperes/edromufu/src/movement/Ros2_change/src/humanoid_definition': AMENT_PREFIX_PATH=/home/pedrohperes/edromufu/src/movement/Ros2_change/install/kinematic_functions:/home/pedrohperes/edromufu/src/movement/Ros2_change/install/urdf_robox:/home/pedrohperes/edromufu/src/movement/Ros2_change/install/urdf_example:/home/pedrohperes/edromufu/src/movement/Ros2_change/install/u2d2_comm:/home/pedrohperes/edromufu/src/movement/Ros2_change/install/tahara_pages:/home/pedrohperes/edromufu/src/movement/Ros2_change/install/pot_package:/home/pedrohperes/edromufu/src/movement/Ros2_change/install/movement_core:/home/pedrohperes/edromufu/src/movement/Ros2_change/install/movement_pages:/home/pedrohperes/edromufu/src/movement/Ros2_change/install/movement_utils:/home/pedrohperes/edromufu/src/movement/Ros2_change/install/movement_functions:/home/pedrohperes/edromufu/src/movement/Ros2_change/install/micro_ros_agent:/home/pedrohperes/edromufu/src/movement/Ros2_change/install/micro_ros_msgs:/home/pedrohperes/edromufu/src/movement/Ros2_change/install/humanoid_definition:/home/pedrohperes/edromufu/src/movement/Ros2_change/install/humanoid_visualization:/home/pedrohperes/edromufu/src/movement/Ros2_change/install/erro_package:/opt/ros/humble PYTHONPATH=/home/pedrohperes/edromufu/src/movement/Ros2_change/build/humanoid_definition/prefix_override:/home/pedrohperes/edromufu/src/movement/Ros2_change/install/humanoid_definition/lib/python3.10/site-packages:/home/pedrohperes/edromufu/src/movement/Ros2_change/install/kinematic_functions/lib/python3.10/site-packages:/home/pedrohperes/edromufu/src/movement/Ros2_change/install/u2d2_comm/lib/python3.10/site-packages:/home/pedrohperes/edromufu/src/movement/Ros2_change/install/tahara_pages/lib/python3.10/site-packages:/home/pedrohperes/edromufu/src/movement/Ros2_change/install/pot_package/lib/python3.10/site-packages:/home/pedrohperes/edromufu/src/movement/Ros2_change/install/movement_core/lib/python3.10/site-packages:/home/pedrohperes/edromufu/src/movement/Ros2_change/install/movement_pages/lib/python3.10/site-packages:/home/pedrohperes/edromufu/src/movement/Ros2_change/install/movement_utils/local/lib/python3.10/dist-packages:/home/pedrohperes/edromufu/src/movement/Ros2_change/install/movement_functions/lib/python3.10/site-packages:/home/pedrohperes/edromufu/src/movement/Ros2_change/install/micro_ros_msgs/local/lib/python3.10/dist-packages:/home/pedrohperes/edromufu/src/movement/Ros2_change/install/humanoid_definition/lib/python3.10/site-packages:/home/pedrohperes/edromufu/src/movement/Ros2_change/install/erro_package/lib/python3.10/site-packages:/opt/ros/humble/lib/python3.10/site-packages:/opt/ros/humble/local/lib/python3.10/dist-packages /usr/bin/python3 -W ignore:setup.py install is deprecated setup.py egg_info --egg-base ../../build/humanoid_definition build --build-base /home/pedrohperes/edromufu/src/movement/Ros2_change/build/humanoid_definition/build install --record /home/pedrohperes/edromufu/src/movement/Ros2_change/build/humanoid_definition/install.log --single-version-externally-managed install_data
[3.759s] DEBUG:colcon.colcon_core.event_handler.log_command:Invoking command in '/home/pedrohperes/edromufu/src/movement/Ros2_change/src/movement_functions': AMENT_PREFIX_PATH=/home/pedrohperes/edromufu/src/movement/Ros2_change/install/kinematic_functions:/home/pedrohperes/edromufu/src/movement/Ros2_change/install/urdf_robox:/home/pedrohperes/edromufu/src/movement/Ros2_change/install/urdf_example:/home/pedrohperes/edromufu/src/movement/Ros2_change/install/u2d2_comm:/home/pedrohperes/edromufu/src/movement/Ros2_change/install/tahara_pages:/home/pedrohperes/edromufu/src/movement/Ros2_change/install/pot_package:/home/pedrohperes/edromufu/src/movement/Ros2_change/install/movement_core:/home/pedrohperes/edromufu/src/movement/Ros2_change/install/movement_pages:/home/pedrohperes/edromufu/src/movement/Ros2_change/install/movement_utils:/home/pedrohperes/edromufu/src/movement/Ros2_change/install/movement_functions:/home/pedrohperes/edromufu/src/movement/Ros2_change/install/micro_ros_agent:/home/pedrohperes/edromufu/src/movement/Ros2_change/install/micro_ros_msgs:/home/pedrohperes/edromufu/src/movement/Ros2_change/install/humanoid_definition:/home/pedrohperes/edromufu/src/movement/Ros2_change/install/humanoid_visualization:/home/pedrohperes/edromufu/src/movement/Ros2_change/install/erro_package:/opt/ros/humble PYTHONPATH=/home/pedrohperes/edromufu/src/movement/Ros2_change/build/movement_functions/prefix_override:/home/pedrohperes/edromufu/src/movement/Ros2_change/install/movement_functions/lib/python3.10/site-packages:/home/pedrohperes/edromufu/src/movement/Ros2_change/install/kinematic_functions/lib/python3.10/site-packages:/home/pedrohperes/edromufu/src/movement/Ros2_change/install/u2d2_comm/lib/python3.10/site-packages:/home/pedrohperes/edromufu/src/movement/Ros2_change/install/tahara_pages/lib/python3.10/site-packages:/home/pedrohperes/edromufu/src/movement/Ros2_change/install/pot_package/lib/python3.10/site-packages:/home/pedrohperes/edromufu/src/movement/Ros2_change/install/movement_core/lib/python3.10/site-packages:/home/pedrohperes/edromufu/src/movement/Ros2_change/install/movement_pages/lib/python3.10/site-packages:/home/pedrohperes/edromufu/src/movement/Ros2_change/install/movement_utils/local/lib/python3.10/dist-packages:/home/pedrohperes/edromufu/src/movement/Ros2_change/install/movement_functions/lib/python3.10/site-packages:/home/pedrohperes/edromufu/src/movement/Ros2_change/install/micro_ros_msgs/local/lib/python3.10/dist-packages:/home/pedrohperes/edromufu/src/movement/Ros2_change/install/humanoid_definition/lib/python3.10/site-packages:/home/pedrohperes/edromufu/src/movement/Ros2_change/install/erro_package/lib/python3.10/site-packages:/opt/ros/humble/lib/python3.10/site-packages:/opt/ros/humble/local/lib/python3.10/dist-packages /usr/bin/python3 -W ignore:setup.py install is deprecated setup.py egg_info --egg-base ../../build/movement_functions build --build-base /home/pedrohperes/edromufu/src/movement/Ros2_change/build/movement_functions/build install --record /home/pedrohperes/edromufu/src/movement/Ros2_change/build/movement_functions/install.log --single-version-externally-managed install_data
[4.057s] Level 1:colcon.colcon_core.environment:checking '/home/pedrohperes/edromufu/src/movement/Ros2_change/install/humanoid_definition' for CMake module files
[4.057s] DEBUG:colcon.colcon_core.event_handler.log_command:Invoked command in '/home/pedrohperes/edromufu/src/movement/Ros2_change/src/humanoid_definition' returned '0': AMENT_PREFIX_PATH=/home/pedrohperes/edromufu/src/movement/Ros2_change/install/kinematic_functions:/home/pedrohperes/edromufu/src/movement/Ros2_change/install/urdf_robox:/home/pedrohperes/edromufu/src/movement/Ros2_change/install/urdf_example:/home/pedrohperes/edromufu/src/movement/Ros2_change/install/u2d2_comm:/home/pedrohperes/edromufu/src/movement/Ros2_change/install/tahara_pages:/home/pedrohperes/edromufu/src/movement/Ros2_change/install/pot_package:/home/pedrohperes/edromufu/src/movement/Ros2_change/install/movement_core:/home/pedrohperes/edromufu/src/movement/Ros2_change/install/movement_pages:/home/pedrohperes/edromufu/src/movement/Ros2_change/install/movement_utils:/home/pedrohperes/edromufu/src/movement/Ros2_change/install/movement_functions:/home/pedrohperes/edromufu/src/movement/Ros2_change/install/micro_ros_agent:/home/pedrohperes/edromufu/src/movement/Ros2_change/install/micro_ros_msgs:/home/pedrohperes/edromufu/src/movement/Ros2_change/install/humanoid_definition:/home/pedrohperes/edromufu/src/movement/Ros2_change/install/humanoid_visualization:/home/pedrohperes/edromufu/src/movement/Ros2_change/install/erro_package:/opt/ros/humble PYTHONPATH=/home/pedrohperes/edromufu/src/movement/Ros2_change/build/humanoid_definition/prefix_override:/home/pedrohperes/edromufu/src/movement/Ros2_change/install/humanoid_definition/lib/python3.10/site-packages:/home/pedrohperes/edromufu/src/movement/Ros2_change/install/kinematic_functions/lib/python3.10/site-packages:/home/pedrohperes/edromufu/src/movement/Ros2_change/install/u2d2_comm/lib/python3.10/site-packages:/home/pedrohperes/edromufu/src/movement/Ros2_change/install/tahara_pages/lib/python3.10/site-packages:/home/pedrohperes/edromufu/src/movement/Ros2_change/install/pot_package/lib/python3.10/site-packages:/home/pedrohperes/edromufu/src/movement/Ros2_change/install/movement_core/lib/python3.10/site-packages:/home/pedrohperes/edromufu/src/movement/Ros2_change/install/movement_pages/lib/python3.10/site-packages:/home/pedrohperes/edromufu/src/movement/Ros2_change/install/movement_utils/local/lib/python3.10/dist-packages:/home/pedrohperes/edromufu/src/movement/Ros2_change/install/movement_functions/lib/python3.10/site-packages:/home/pedrohperes/edromufu/src/movement/Ros2_change/install/micro_ros_msgs/local/lib/python3.10/dist-packages:/home/pedrohperes/edromufu/src/movement/Ros2_change/install/humanoid_definition/lib/python3.10/site-packages:/home/pedrohperes/edromufu/src/movement/Ros2_change/install/erro_package/lib/python3.10/site-packages:/opt/ros/humble/lib/python3.10/site-packages:/opt/ros/humble/local/lib/python3.10/dist-packages /usr/bin/python3 -W ignore:setup.py install is deprecated setup.py egg_info --egg-base ../../build/humanoid_definition build --build-base /home/pedrohperes/edromufu/src/movement/Ros2_change/build/humanoid_definition/build install --record /home/pedrohperes/edromufu/src/movement/Ros2_change/build/humanoid_definition/install.log --single-version-externally-managed install_data
[4.058s] Level 1:colcon.colcon_core.environment:checking '/home/pedrohperes/edromufu/src/movement/Ros2_change/install/humanoid_definition' for CMake config files
[4.058s] Level 1:colcon.colcon_core.environment:checking '/home/pedrohperes/edromufu/src/movement/Ros2_change/install/humanoid_definition/lib'
[4.058s] Level 1:colcon.colcon_core.environment:checking '/home/pedrohperes/edromufu/src/movement/Ros2_change/install/humanoid_definition/bin'
[4.058s] Level 1:colcon.colcon_core.environment:checking '/home/pedrohperes/edromufu/src/movement/Ros2_change/install/humanoid_definition/lib/pkgconfig/humanoid_definition.pc'
[4.059s] Level 1:colcon.colcon_core.environment:checking '/home/pedrohperes/edromufu/src/movement/Ros2_change/install/humanoid_definition/lib/python3.10/site-packages'
[4.059s] Level 1:colcon.colcon_core.shell:create_environment_hook('humanoid_definition', 'pythonpath')
[4.059s] INFO:colcon.colcon_core.shell:Creating environment hook '/home/pedrohperes/edromufu/src/movement/Ros2_change/install/humanoid_definition/share/humanoid_definition/hook/pythonpath.ps1'
[4.059s] INFO:colcon.colcon_core.shell:Creating environment descriptor '/home/pedrohperes/edromufu/src/movement/Ros2_change/install/humanoid_definition/share/humanoid_definition/hook/pythonpath.dsv'
[4.059s] INFO:colcon.colcon_core.shell:Creating environment hook '/home/pedrohperes/edromufu/src/movement/Ros2_change/install/humanoid_definition/share/humanoid_definition/hook/pythonpath.sh'
[4.060s] Level 1:colcon.colcon_core.environment:checking '/home/pedrohperes/edromufu/src/movement/Ros2_change/install/humanoid_definition/bin'
[4.060s] Level 1:colcon.colcon_core.environment:create_environment_scripts_only(humanoid_definition)
[4.060s] INFO:colcon.colcon_core.shell:Creating package script '/home/pedrohperes/edromufu/src/movement/Ros2_change/install/humanoid_definition/share/humanoid_definition/package.ps1'
[4.061s] INFO:colcon.colcon_core.shell:Creating package descriptor '/home/pedrohperes/edromufu/src/movement/Ros2_change/install/humanoid_definition/share/humanoid_definition/package.dsv'
[4.061s] INFO:colcon.colcon_core.shell:Creating package script '/home/pedrohperes/edromufu/src/movement/Ros2_change/install/humanoid_definition/share/humanoid_definition/package.sh'
[4.062s] INFO:colcon.colcon_core.shell:Creating package script '/home/pedrohperes/edromufu/src/movement/Ros2_change/install/humanoid_definition/share/humanoid_definition/package.bash'
[4.062s] INFO:colcon.colcon_core.shell:Creating package script '/home/pedrohperes/edromufu/src/movement/Ros2_change/install/humanoid_definition/share/humanoid_definition/package.zsh'
[4.062s] Level 1:colcon.colcon_core.environment:create_file_with_runtime_dependencies(/home/pedrohperes/edromufu/src/movement/Ros2_change/install/humanoid_definition/share/colcon-core/packages/humanoid_definition)
[4.077s] Level 1:colcon.colcon_core.environment:checking '/home/pedrohperes/edromufu/src/movement/Ros2_change/install/movement_functions' for CMake module files
[4.078s] DEBUG:colcon.colcon_core.event_handler.log_command:Invoked command in '/home/pedrohperes/edromufu/src/movement/Ros2_change/src/movement_functions' returned '0': AMENT_PREFIX_PATH=/home/pedrohperes/edromufu/src/movement/Ros2_change/install/kinematic_functions:/home/pedrohperes/edromufu/src/movement/Ros2_change/install/urdf_robox:/home/pedrohperes/edromufu/src/movement/Ros2_change/install/urdf_example:/home/pedrohperes/edromufu/src/movement/Ros2_change/install/u2d2_comm:/home/pedrohperes/edromufu/src/movement/Ros2_change/install/tahara_pages:/home/pedrohperes/edromufu/src/movement/Ros2_change/install/pot_package:/home/pedrohperes/edromufu/src/movement/Ros2_change/install/movement_core:/home/pedrohperes/edromufu/src/movement/Ros2_change/install/movement_pages:/home/pedrohperes/edromufu/src/movement/Ros2_change/install/movement_utils:/home/pedrohperes/edromufu/src/movement/Ros2_change/install/movement_functions:/home/pedrohperes/edromufu/src/movement/Ros2_change/install/micro_ros_agent:/home/pedrohperes/edromufu/src/movement/Ros2_change/install/micro_ros_msgs:/home/pedrohperes/edromufu/src/movement/Ros2_change/install/humanoid_definition:/home/pedrohperes/edromufu/src/movement/Ros2_change/install/humanoid_visualization:/home/pedrohperes/edromufu/src/movement/Ros2_change/install/erro_package:/opt/ros/humble PYTHONPATH=/home/pedrohperes/edromufu/src/movement/Ros2_change/build/movement_functions/prefix_override:/home/pedrohperes/edromufu/src/movement/Ros2_change/install/movement_functions/lib/python3.10/site-packages:/home/pedrohperes/edromufu/src/movement/Ros2_change/install/kinematic_functions/lib/python3.10/site-packages:/home/pedrohperes/edromufu/src/movement/Ros2_change/install/u2d2_comm/lib/python3.10/site-packages:/home/pedrohperes/edromufu/src/movement/Ros2_change/install/tahara_pages/lib/python3.10/site-packages:/home/pedrohperes/edromufu/src/movement/Ros2_change/install/pot_package/lib/python3.10/site-packages:/home/pedrohperes/edromufu/src/movement/Ros2_change/install/movement_core/lib/python3.10/site-packages:/home/pedrohperes/edromufu/src/movement/Ros2_change/install/movement_pages/lib/python3.10/site-packages:/home/pedrohperes/edromufu/src/movement/Ros2_change/install/movement_utils/local/lib/python3.10/dist-packages:/home/pedrohperes/edromufu/src/movement/Ros2_change/install/movement_functions/lib/python3.10/site-packages:/home/pedrohperes/edromufu/src/movement/Ros2_change/install/micro_ros_msgs/local/lib/python3.10/dist-packages:/home/pedrohperes/edromufu/src/movement/Ros2_change/install/humanoid_definition/lib/python3.10/site-packages:/home/pedrohperes/edromufu/src/movement/Ros2_change/install/erro_package/lib/python3.10/site-packages:/opt/ros/humble/lib/python3.10/site-packages:/opt/ros/humble/local/lib/python3.10/dist-packages /usr/bin/python3 -W ignore:setup.py install is deprecated setup.py egg_info --egg-base ../../build/movement_functions build --build-base /home/pedrohperes/edromufu/src/movement/Ros2_change/build/movement_functions/build install --record /home/pedrohperes/edromufu/src/movement/Ros2_change/build/movement_functions/install.log --single-version-externally-managed install_data
[4.078s] Level 1:colcon.colcon_core.environment:checking '/home/pedrohperes/edromufu/src/movement/Ros2_change/install/movement_functions' for CMake config files
[4.079s] Level 1:colcon.colcon_core.environment:checking '/home/pedrohperes/edromufu/src/movement/Ros2_change/install/movement_functions/lib'
[4.079s] Level 1:colcon.colcon_core.environment:checking '/home/pedrohperes/edromufu/src/movement/Ros2_change/install/movement_functions/bin'
[4.079s] Level 1:colcon.colcon_core.environment:checking '/home/pedrohperes/edromufu/src/movement/Ros2_change/install/movement_functions/lib/pkgconfig/movement_functions.pc'
[4.079s] Level 1:colcon.colcon_core.environment:checking '/home/pedrohperes/edromufu/src/movement/Ros2_change/install/movement_functions/lib/python3.10/site-packages'
[4.079s] Level 1:colcon.colcon_core.shell:create_environment_hook('movement_functions', 'pythonpath')
[4.079s] INFO:colcon.colcon_core.shell:Creating environment hook '/home/pedrohperes/edromufu/src/movement/Ros2_change/install/movement_functions/share/movement_functions/hook/pythonpath.ps1'
[4.080s] INFO:colcon.colcon_core.shell:Creating environment descriptor '/home/pedrohperes/edromufu/src/movement/Ros2_change/install/movement_functions/share/movement_functions/hook/pythonpath.dsv'
[4.080s] INFO:colcon.colcon_core.shell:Creating environment hook '/home/pedrohperes/edromufu/src/movement/Ros2_change/install/movement_functions/share/movement_functions/hook/pythonpath.sh'
[4.081s] Level 1:colcon.colcon_core.environment:checking '/home/pedrohperes/edromufu/src/movement/Ros2_change/install/movement_functions/bin'
[4.081s] Level 1:colcon.colcon_core.environment:create_environment_scripts_only(movement_functions)
[4.081s] INFO:colcon.colcon_core.shell:Creating package script '/home/pedrohperes/edromufu/src/movement/Ros2_change/install/movement_functions/share/movement_functions/package.ps1'
[4.081s] INFO:colcon.colcon_core.shell:Creating package descriptor '/home/pedrohperes/edromufu/src/movement/Ros2_change/install/movement_functions/share/movement_functions/package.dsv'
[4.082s] INFO:colcon.colcon_core.shell:Creating package script '/home/pedrohperes/edromufu/src/movement/Ros2_change/install/movement_functions/share/movement_functions/package.sh'
[4.082s] INFO:colcon.colcon_core.shell:Creating package script '/home/pedrohperes/edromufu/src/movement/Ros2_change/install/movement_functions/share/movement_functions/package.bash'
[4.082s] INFO:colcon.colcon_core.shell:Creating package script '/home/pedrohperes/edromufu/src/movement/Ros2_change/install/movement_functions/share/movement_functions/package.zsh'
[4.083s] Level 1:colcon.colcon_core.environment:create_file_with_runtime_dependencies(/home/pedrohperes/edromufu/src/movement/Ros2_change/install/movement_functions/share/colcon-core/packages/movement_functions)
[4.083s] INFO:colcon.colcon_ros.task.ament_python.build:Building ROS package in '/home/pedrohperes/edromufu/src/movement/Ros2_change/src/movement_core' with build type 'ament_python'
[4.083s] Level 1:colcon.colcon_core.shell:create_environment_hook('movement_core', 'ament_prefix_path')
[4.083s] INFO:colcon.colcon_core.shell:Creating environment hook '/home/pedrohperes/edromufu/src/movement/Ros2_change/install/movement_core/share/movement_core/hook/ament_prefix_path.ps1'
[4.084s] INFO:colcon.colcon_core.shell:Creating environment descriptor '/home/pedrohperes/edromufu/src/movement/Ros2_change/install/movement_core/share/movement_core/hook/ament_prefix_path.dsv'
[4.084s] INFO:colcon.colcon_core.shell:Creating environment hook '/home/pedrohperes/edromufu/src/movement/Ros2_change/install/movement_core/share/movement_core/hook/ament_prefix_path.sh'
[4.085s] INFO:colcon.colcon_core.shell:Skip shell extension 'powershell' for command environment: Not usable outside of PowerShell
[4.085s] DEBUG:colcon.colcon_core.shell:Skip shell extension 'dsv' for command environment
[4.375s] INFO:colcon.colcon_core.task.python.build:Building Python package in '/home/pedrohperes/edromufu/src/movement/Ros2_change/src/movement_core'
[4.375s] INFO:colcon.colcon_core.shell:Skip shell extension 'powershell' for command environment: Not usable outside of PowerShell
[4.375s] DEBUG:colcon.colcon_core.shell:Skip shell extension 'dsv' for command environment
[4.834s] DEBUG:colcon.colcon_core.event_handler.log_command:Invoking command in '/home/pedrohperes/edromufu/src/movement/Ros2_change/src/movement_core': AMENT_PREFIX_PATH=/home/pedrohperes/edromufu/src/movement/Ros2_change/install/movement_pages:/home/pedrohperes/edromufu/src/movement/Ros2_change/install/movement_functions:/home/pedrohperes/edromufu/src/movement/Ros2_change/install/humanoid_definition:/home/pedrohperes/edromufu/src/movement/Ros2_change/install/kinematic_functions:/home/pedrohperes/edromufu/src/movement/Ros2_change/install/urdf_robox:/home/pedrohperes/edromufu/src/movement/Ros2_change/install/urdf_example:/home/pedrohperes/edromufu/src/movement/Ros2_change/install/u2d2_comm:/home/pedrohperes/edromufu/src/movement/Ros2_change/install/tahara_pages:/home/pedrohperes/edromufu/src/movement/Ros2_change/install/pot_package:/home/pedrohperes/edromufu/src/movement/Ros2_change/install/movement_core:/home/pedrohperes/edromufu/src/movement/Ros2_change/install/movement_utils:/home/pedrohperes/edromufu/src/movement/Ros2_change/install/micro_ros_agent:/home/pedrohperes/edromufu/src/movement/Ros2_change/install/micro_ros_msgs:/home/pedrohperes/edromufu/src/movement/Ros2_change/install/humanoid_visualization:/home/pedrohperes/edromufu/src/movement/Ros2_change/install/erro_package:/opt/ros/humble CMAKE_PREFIX_PATH=/home/pedrohperes/edromufu/src/movement/Ros2_change/install/movement_utils:/home/pedrohperes/edromufu/src/movement/Ros2_change/install/urdf_robox:/home/pedrohperes/edromufu/src/movement/Ros2_change/install/urdf_example:/home/pedrohperes/edromufu/src/movement/Ros2_change/install/micro_ros_agent:/home/pedrohperes/edromufu/src/movement/Ros2_change/install/micro_ros_msgs:/home/pedrohperes/edromufu/src/movement/Ros2_change/install/humanoid_visualization PYTHONPATH=/home/pedrohperes/edromufu/src/movement/Ros2_change/build/movement_core/prefix_override:/home/pedrohperes/edromufu/src/movement/Ros2_change/install/movement_core/lib/python3.10/site-packages:/home/pedrohperes/edromufu/src/movement/Ros2_change/install/movement_pages/lib/python3.10/site-packages:/home/pedrohperes/edromufu/src/movement/Ros2_change/install/movement_functions/lib/python3.10/site-packages:/home/pedrohperes/edromufu/src/movement/Ros2_change/install/humanoid_definition/lib/python3.10/site-packages:/home/pedrohperes/edromufu/src/movement/Ros2_change/install/kinematic_functions/lib/python3.10/site-packages:/home/pedrohperes/edromufu/src/movement/Ros2_change/install/u2d2_comm/lib/python3.10/site-packages:/home/pedrohperes/edromufu/src/movement/Ros2_change/install/tahara_pages/lib/python3.10/site-packages:/home/pedrohperes/edromufu/src/movement/Ros2_change/install/pot_package/lib/python3.10/site-packages:/home/pedrohperes/edromufu/src/movement/Ros2_change/install/movement_core/lib/python3.10/site-packages:/home/pedrohperes/edromufu/src/movement/Ros2_change/install/movement_utils/local/lib/python3.10/dist-packages:/home/pedrohperes/edromufu/src/movement/Ros2_change/install/micro_ros_msgs/local/lib/python3.10/dist-packages:/home/pedrohperes/edromufu/src/movement/Ros2_change/install/erro_package/lib/python3.10/site-packages:/opt/ros/humble/lib/python3.10/site-packages:/opt/ros/humble/local/lib/python3.10/dist-packages /usr/bin/python3 -W ignore:setup.py install is deprecated setup.py egg_info --egg-base ../../build/movement_core build --build-base /home/pedrohperes/edromufu/src/movement/Ros2_change/build/movement_core/build install --record /home/pedrohperes/edromufu/src/movement/Ros2_change/build/movement_core/install.log --single-version-externally-managed install_data
[5.145s] Level 1:colcon.colcon_core.environment:checking '/home/pedrohperes/edromufu/src/movement/Ros2_change/install/movement_core' for CMake module files
[5.145s] DEBUG:colcon.colcon_core.event_handler.log_command:Invoked command in '/home/pedrohperes/edromufu/src/movement/Ros2_change/src/movement_core' returned '0': AMENT_PREFIX_PATH=/home/pedrohperes/edromufu/src/movement/Ros2_change/install/movement_pages:/home/pedrohperes/edromufu/src/movement/Ros2_change/install/movement_functions:/home/pedrohperes/edromufu/src/movement/Ros2_change/install/humanoid_definition:/home/pedrohperes/edromufu/src/movement/Ros2_change/install/kinematic_functions:/home/pedrohperes/edromufu/src/movement/Ros2_change/install/urdf_robox:/home/pedrohperes/edromufu/src/movement/Ros2_change/install/urdf_example:/home/pedrohperes/edromufu/src/movement/Ros2_change/install/u2d2_comm:/home/pedrohperes/edromufu/src/movement/Ros2_change/install/tahara_pages:/home/pedrohperes/edromufu/src/movement/Ros2_change/install/pot_package:/home/pedrohperes/edromufu/src/movement/Ros2_change/install/movement_core:/home/pedrohperes/edromufu/src/movement/Ros2_change/install/movement_utils:/home/pedrohperes/edromufu/src/movement/Ros2_change/install/micro_ros_agent:/home/pedrohperes/edromufu/src/movement/Ros2_change/install/micro_ros_msgs:/home/pedrohperes/edromufu/src/movement/Ros2_change/install/humanoid_visualization:/home/pedrohperes/edromufu/src/movement/Ros2_change/install/erro_package:/opt/ros/humble CMAKE_PREFIX_PATH=/home/pedrohperes/edromufu/src/movement/Ros2_change/install/movement_utils:/home/pedrohperes/edromufu/src/movement/Ros2_change/install/urdf_robox:/home/pedrohperes/edromufu/src/movement/Ros2_change/install/urdf_example:/home/pedrohperes/edromufu/src/movement/Ros2_change/install/micro_ros_agent:/home/pedrohperes/edromufu/src/movement/Ros2_change/install/micro_ros_msgs:/home/pedrohperes/edromufu/src/movement/Ros2_change/install/humanoid_visualization PYTHONPATH=/home/pedrohperes/edromufu/src/movement/Ros2_change/build/movement_core/prefix_override:/home/pedrohperes/edromufu/src/movement/Ros2_change/install/movement_core/lib/python3.10/site-packages:/home/pedrohperes/edromufu/src/movement/Ros2_change/install/movement_pages/lib/python3.10/site-packages:/home/pedrohperes/edromufu/src/movement/Ros2_change/install/movement_functions/lib/python3.10/site-packages:/home/pedrohperes/edromufu/src/movement/Ros2_change/install/humanoid_definition/lib/python3.10/site-packages:/home/pedrohperes/edromufu/src/movement/Ros2_change/install/kinematic_functions/lib/python3.10/site-packages:/home/pedrohperes/edromufu/src/movement/Ros2_change/install/u2d2_comm/lib/python3.10/site-packages:/home/pedrohperes/edromufu/src/movement/Ros2_change/install/tahara_pages/lib/python3.10/site-packages:/home/pedrohperes/edromufu/src/movement/Ros2_change/install/pot_package/lib/python3.10/site-packages:/home/pedrohperes/edromufu/src/movement/Ros2_change/install/movement_core/lib/python3.10/site-packages:/home/pedrohperes/edromufu/src/movement/Ros2_change/install/movement_utils/local/lib/python3.10/dist-packages:/home/pedrohperes/edromufu/src/movement/Ros2_change/install/micro_ros_msgs/local/lib/python3.10/dist-packages:/home/pedrohperes/edromufu/src/movement/Ros2_change/install/erro_package/lib/python3.10/site-packages:/opt/ros/humble/lib/python3.10/site-packages:/opt/ros/humble/local/lib/python3.10/dist-packages /usr/bin/python3 -W ignore:setup.py install is deprecated setup.py egg_info --egg-base ../../build/movement_core build --build-base /home/pedrohperes/edromufu/src/movement/Ros2_change/build/movement_core/build install --record /home/pedrohperes/edromufu/src/movement/Ros2_change/build/movement_core/install.log --single-version-externally-managed install_data
[5.145s] Level 1:colcon.colcon_core.environment:checking '/home/pedrohperes/edromufu/src/movement/Ros2_change/install/movement_core' for CMake config files
[5.146s] Level 1:colcon.colcon_core.environment:checking '/home/pedrohperes/edromufu/src/movement/Ros2_change/install/movement_core/lib'
[5.146s] Level 1:colcon.colcon_core.environment:checking '/home/pedrohperes/edromufu/src/movement/Ros2_change/install/movement_core/bin'
[5.146s] Level 1:colcon.colcon_core.environment:checking '/home/pedrohperes/edromufu/src/movement/Ros2_change/install/movement_core/lib/pkgconfig/movement_core.pc'
[5.146s] Level 1:colcon.colcon_core.environment:checking '/home/pedrohperes/edromufu/src/movement/Ros2_change/install/movement_core/lib/python3.10/site-packages'
[5.146s] Level 1:colcon.colcon_core.shell:create_environment_hook('movement_core', 'pythonpath')
[5.147s] INFO:colcon.colcon_core.shell:Creating environment hook '/home/pedrohperes/edromufu/src/movement/Ros2_change/install/movement_core/share/movement_core/hook/pythonpath.ps1'
[5.147s] INFO:colcon.colcon_core.shell:Creating environment descriptor '/home/pedrohperes/edromufu/src/movement/Ros2_change/install/movement_core/share/movement_core/hook/pythonpath.dsv'
[5.147s] INFO:colcon.colcon_core.shell:Creating environment hook '/home/pedrohperes/edromufu/src/movement/Ros2_change/install/movement_core/share/movement_core/hook/pythonpath.sh'
[5.148s] Level 1:colcon.colcon_core.environment:checking '/home/pedrohperes/edromufu/src/movement/Ros2_change/install/movement_core/bin'
[5.148s] Level 1:colcon.colcon_core.environment:create_environment_scripts_only(movement_core)
[5.148s] INFO:colcon.colcon_core.shell:Creating package script '/home/pedrohperes/edromufu/src/movement/Ros2_change/install/movement_core/share/movement_core/package.ps1'
[5.149s] INFO:colcon.colcon_core.shell:Creating package descriptor '/home/pedrohperes/edromufu/src/movement/Ros2_change/install/movement_core/share/movement_core/package.dsv'
[5.149s] INFO:colcon.colcon_core.shell:Creating package script '/home/pedrohperes/edromufu/src/movement/Ros2_change/install/movement_core/share/movement_core/package.sh'
[5.149s] INFO:colcon.colcon_core.shell:Creating package script '/home/pedrohperes/edromufu/src/movement/Ros2_change/install/movement_core/share/movement_core/package.bash'
[5.150s] INFO:colcon.colcon_core.shell:Creating package script '/home/pedrohperes/edromufu/src/movement/Ros2_change/install/movement_core/share/movement_core/package.zsh'
[5.150s] Level 1:colcon.colcon_core.environment:create_file_with_runtime_dependencies(/home/pedrohperes/edromufu/src/movement/Ros2_change/install/movement_core/share/colcon-core/packages/movement_core)
[5.150s] DEBUG:colcon.colcon_parallel_executor.executor.parallel:closing loop
[5.150s] DEBUG:colcon.colcon_parallel_executor.executor.parallel:loop closed
[5.150s] DEBUG:colcon.colcon_parallel_executor.executor.parallel:run_until_complete finished with '0'
[5.150s] DEBUG:colcon.colcon_core.event_reactor:joining thread
[5.155s] INFO:colcon.colcon_core.plugin_system:Skipping extension 'colcon_notification.desktop_notification.terminal_notifier': Not used on non-Darwin systems
[5.156s] INFO:colcon.colcon_core.plugin_system:Skipping extension 'colcon_notification.desktop_notification.win32': Not used on non-Windows systems
[5.156s] INFO:colcon.colcon_notification.desktop_notification:Sending desktop notification using 'notify2'
[5.158s] DEBUG:colcon.colcon_core.event_reactor:joined thread
[5.158s] INFO:colcon.colcon_core.shell:Creating prefix script '/home/pedrohperes/edromufu/src/movement/Ros2_change/install/local_setup.ps1'
[5.159s] INFO:colcon.colcon_core.shell:Creating prefix util module '/home/pedrohperes/edromufu/src/movement/Ros2_change/install/_local_setup_util_ps1.py'
[5.160s] INFO:colcon.colcon_core.shell:Creating prefix chain script '/home/pedrohperes/edromufu/src/movement/Ros2_change/install/setup.ps1'
[5.161s] INFO:colcon.colcon_core.shell:Creating prefix script '/home/pedrohperes/edromufu/src/movement/Ros2_change/install/local_setup.sh'
[5.162s] INFO:colcon.colcon_core.shell:Creating prefix util module '/home/pedrohperes/edromufu/src/movement/Ros2_change/install/_local_setup_util_sh.py'
[5.162s] INFO:colcon.colcon_core.shell:Creating prefix chain script '/home/pedrohperes/edromufu/src/movement/Ros2_change/install/setup.sh'
[5.164s] INFO:colcon.colcon_core.shell:Creating prefix script '/home/pedrohperes/edromufu/src/movement/Ros2_change/install/local_setup.bash'
[5.164s] INFO:colcon.colcon_core.shell:Creating prefix chain script '/home/pedrohperes/edromufu/src/movement/Ros2_change/install/setup.bash'
[5.165s] INFO:colcon.colcon_core.shell:Creating prefix script '/home/pedrohperes/edromufu/src/movement/Ros2_change/install/local_setup.zsh'
[5.166s] INFO:colcon.colcon_core.shell:Creating prefix chain script '/home/pedrohperes/edromufu/src/movement/Ros2_change/install/setup.zsh'
