[0.110s] DEBUG:colcon:Command line arguments: ['/usr/bin/colcon', 'build']
[0.110s] DEBUG:colcon:Parsed command line arguments: Namespace(log_base=None, log_level=None, verb_name='build', build_base='build', install_base='install', merge_install=False, symlink_install=False, test_result_base=None, continue_on_error=False, executor='parallel', parallel_workers=12, event_handlers=None, ignore_user_meta=False, metas=['./colcon.meta'], base_paths=['.'], packages_ignore=None, packages_ignore_regex=None, paths=None, packages_up_to=None, packages_up_to_regex=None, packages_above=None, packages_above_and_dependencies=None, packages_above_depth=None, packages_select_by_dep=None, packages_skip_by_dep=None, packages_skip_up_to=None, packages_select_build_failed=False, packages_skip_build_finished=False, packages_select_test_failures=False, packages_skip_test_passed=False, packages_select=None, packages_skip=None, packages_select_regex=None, packages_skip_regex=None, packages_start=None, packages_end=None, allow_overriding=[], cmake_args=None, cmake_target=None, cmake_target_skip_unavailable=False, cmake_clean_cache=False, cmake_clean_first=False, cmake_force_configure=False, ament_cmake_args=None, catkin_cmake_args=None, catkin_skip_building_tests=False, verb_parser=<colcon_defaults.argument_parser.defaults.DefaultArgumentsDecorator object at 0x7c8edce6cfd0>, verb_extension=<colcon_core.verb.build.BuildVerb object at 0x7c8edcf61b70>, main=<bound method BuildVerb.main of <colcon_core.verb.build.BuildVerb object at 0x7c8edcf61b70>>)
[0.309s] Level 1:colcon.colcon_core.package_discovery:discover_packages(colcon_meta) check parameters
[0.309s] Level 1:colcon.colcon_core.package_discovery:discover_packages(recursive) check parameters
[0.309s] Level 1:colcon.colcon_core.package_discovery:discover_packages(ignore) check parameters
[0.309s] Level 1:colcon.colcon_core.package_discovery:discover_packages(path) check parameters
[0.309s] Level 1:colcon.colcon_core.package_discovery:discover_packages(colcon_meta) discover
[0.310s] Level 1:colcon.colcon_core.package_discovery:discover_packages(recursive) discover
[0.310s] INFO:colcon.colcon_core.package_discovery:Crawling recursively for packages in '/home/pedrohperes/edromufu/src/movement/Ros2_change/src'
[0.310s] Level 1:colcon.colcon_core.package_identification:_identify(.) by extensions ['ignore', 'ignore_ament_install']
[0.310s] Level 1:colcon.colcon_core.package_identification:_identify(.) by extension 'ignore'
[0.310s] Level 1:colcon.colcon_core.package_identification:_identify(.) by extension 'ignore_ament_install'
[0.310s] Level 1:colcon.colcon_core.package_identification:_identify(.) by extensions ['colcon_pkg']
[0.310s] Level 1:colcon.colcon_core.package_identification:_identify(.) by extension 'colcon_pkg'
[0.310s] Level 1:colcon.colcon_core.package_identification:_identify(.) by extensions ['colcon_meta']
[0.310s] Level 1:colcon.colcon_core.package_identification:_identify(.) by extension 'colcon_meta'
[0.310s] Level 1:colcon.colcon_core.package_identification:_identify(.) by extensions ['ros']
[0.310s] Level 1:colcon.colcon_core.package_identification:_identify(.) by extension 'ros'
[0.327s] Level 1:colcon.colcon_core.package_identification:_identify(.) by extensions ['cmake', 'python']
[0.327s] Level 1:colcon.colcon_core.package_identification:_identify(.) by extension 'cmake'
[0.327s] Level 1:colcon.colcon_core.package_identification:_identify(.) by extension 'python'
[0.327s] Level 1:colcon.colcon_core.package_identification:_identify(.) by extensions ['python_setup_py']
[0.327s] Level 1:colcon.colcon_core.package_identification:_identify(.) by extension 'python_setup_py'
[0.327s] Level 1:colcon.colcon_core.package_identification:_identify(build) by extensions ['ignore', 'ignore_ament_install']
[0.327s] Level 1:colcon.colcon_core.package_identification:_identify(build) by extension 'ignore'
[0.327s] Level 1:colcon.colcon_core.package_identification:_identify(build) ignored
[0.327s] Level 1:colcon.colcon_core.package_identification:_identify(erro_package) by extensions ['ignore', 'ignore_ament_install']
[0.327s] Level 1:colcon.colcon_core.package_identification:_identify(erro_package) by extension 'ignore'
[0.327s] Level 1:colcon.colcon_core.package_identification:_identify(erro_package) by extension 'ignore_ament_install'
[0.327s] Level 1:colcon.colcon_core.package_identification:_identify(erro_package) by extensions ['colcon_pkg']
[0.327s] Level 1:colcon.colcon_core.package_identification:_identify(erro_package) by extension 'colcon_pkg'
[0.327s] Level 1:colcon.colcon_core.package_identification:_identify(erro_package) by extensions ['colcon_meta']
[0.327s] Level 1:colcon.colcon_core.package_identification:_identify(erro_package) by extension 'colcon_meta'
[0.327s] Level 1:colcon.colcon_core.package_identification:_identify(erro_package) by extensions ['ros']
[0.327s] Level 1:colcon.colcon_core.package_identification:_identify(erro_package) by extension 'ros'
[0.330s] DEBUG:colcon.colcon_core.package_identification:Package 'erro_package' with type 'ros.ament_python' and name 'erro_package'
[0.330s] Level 1:colcon.colcon_core.package_identification:_identify(humanoid_definition) by extensions ['ignore', 'ignore_ament_install']
[0.330s] Level 1:colcon.colcon_core.package_identification:_identify(humanoid_definition) by extension 'ignore'
[0.330s] Level 1:colcon.colcon_core.package_identification:_identify(humanoid_definition) by extension 'ignore_ament_install'
[0.330s] Level 1:colcon.colcon_core.package_identification:_identify(humanoid_definition) by extensions ['colcon_pkg']
[0.330s] Level 1:colcon.colcon_core.package_identification:_identify(humanoid_definition) by extension 'colcon_pkg'
[0.330s] Level 1:colcon.colcon_core.package_identification:_identify(humanoid_definition) by extensions ['colcon_meta']
[0.330s] Level 1:colcon.colcon_core.package_identification:_identify(humanoid_definition) by extension 'colcon_meta'
[0.330s] Level 1:colcon.colcon_core.package_identification:_identify(humanoid_definition) by extensions ['ros']
[0.330s] Level 1:colcon.colcon_core.package_identification:_identify(humanoid_definition) by extension 'ros'
[0.331s] DEBUG:colcon.colcon_core.package_identification:Package 'humanoid_definition' with type 'ros.ament_python' and name 'humanoid_definition'
[0.331s] Level 1:colcon.colcon_core.package_identification:_identify(humanoid_visualization) by extensions ['ignore', 'ignore_ament_install']
[0.331s] Level 1:colcon.colcon_core.package_identification:_identify(humanoid_visualization) by extension 'ignore'
[0.331s] Level 1:colcon.colcon_core.package_identification:_identify(humanoid_visualization) by extension 'ignore_ament_install'
[0.331s] Level 1:colcon.colcon_core.package_identification:_identify(humanoid_visualization) by extensions ['colcon_pkg']
[0.331s] Level 1:colcon.colcon_core.package_identification:_identify(humanoid_visualization) by extension 'colcon_pkg'
[0.331s] Level 1:colcon.colcon_core.package_identification:_identify(humanoid_visualization) by extensions ['colcon_meta']
[0.331s] Level 1:colcon.colcon_core.package_identification:_identify(humanoid_visualization) by extension 'colcon_meta'
[0.331s] Level 1:colcon.colcon_core.package_identification:_identify(humanoid_visualization) by extensions ['ros']
[0.331s] Level 1:colcon.colcon_core.package_identification:_identify(humanoid_visualization) by extension 'ros'
[0.332s] DEBUG:colcon.colcon_core.package_identification:Package 'humanoid_visualization' with type 'ros.ament_cmake' and name 'humanoid_visualization'
[0.332s] Level 1:colcon.colcon_core.package_identification:_identify(install) by extensions ['ignore', 'ignore_ament_install']
[0.332s] Level 1:colcon.colcon_core.package_identification:_identify(install) by extension 'ignore'
[0.332s] Level 1:colcon.colcon_core.package_identification:_identify(install) ignored
[0.332s] Level 1:colcon.colcon_core.package_identification:_identify(kinematic_functions) by extensions ['ignore', 'ignore_ament_install']
[0.332s] Level 1:colcon.colcon_core.package_identification:_identify(kinematic_functions) by extension 'ignore'
[0.332s] Level 1:colcon.colcon_core.package_identification:_identify(kinematic_functions) by extension 'ignore_ament_install'
[0.332s] Level 1:colcon.colcon_core.package_identification:_identify(kinematic_functions) by extensions ['colcon_pkg']
[0.332s] Level 1:colcon.colcon_core.package_identification:_identify(kinematic_functions) by extension 'colcon_pkg'
[0.332s] Level 1:colcon.colcon_core.package_identification:_identify(kinematic_functions) by extensions ['colcon_meta']
[0.332s] Level 1:colcon.colcon_core.package_identification:_identify(kinematic_functions) by extension 'colcon_meta'
[0.332s] Level 1:colcon.colcon_core.package_identification:_identify(kinematic_functions) by extensions ['ros']
[0.332s] Level 1:colcon.colcon_core.package_identification:_identify(kinematic_functions) by extension 'ros'
[0.333s] DEBUG:colcon.colcon_core.package_identification:Package 'kinematic_functions' with type 'ros.ament_python' and name 'kinematic_functions'
[0.333s] Level 1:colcon.colcon_core.package_identification:_identify(log) by extensions ['ignore', 'ignore_ament_install']
[0.333s] Level 1:colcon.colcon_core.package_identification:_identify(log) by extension 'ignore'
[0.333s] Level 1:colcon.colcon_core.package_identification:_identify(log) ignored
[0.333s] Level 1:colcon.colcon_core.package_identification:_identify(matlab_codes) by extensions ['ignore', 'ignore_ament_install']
[0.333s] Level 1:colcon.colcon_core.package_identification:_identify(matlab_codes) by extension 'ignore'
[0.333s] Level 1:colcon.colcon_core.package_identification:_identify(matlab_codes) by extension 'ignore_ament_install'
[0.333s] Level 1:colcon.colcon_core.package_identification:_identify(matlab_codes) by extensions ['colcon_pkg']
[0.333s] Level 1:colcon.colcon_core.package_identification:_identify(matlab_codes) by extension 'colcon_pkg'
[0.333s] Level 1:colcon.colcon_core.package_identification:_identify(matlab_codes) by extensions ['colcon_meta']
[0.333s] Level 1:colcon.colcon_core.package_identification:_identify(matlab_codes) by extension 'colcon_meta'
[0.333s] Level 1:colcon.colcon_core.package_identification:_identify(matlab_codes) by extensions ['ros']
[0.334s] Level 1:colcon.colcon_core.package_identification:_identify(matlab_codes) by extension 'ros'
[0.334s] Level 1:colcon.colcon_core.package_identification:_identify(matlab_codes) by extensions ['cmake', 'python']
[0.334s] Level 1:colcon.colcon_core.package_identification:_identify(matlab_codes) by extension 'cmake'
[0.334s] Level 1:colcon.colcon_core.package_identification:_identify(matlab_codes) by extension 'python'
[0.334s] Level 1:colcon.colcon_core.package_identification:_identify(matlab_codes) by extensions ['python_setup_py']
[0.334s] Level 1:colcon.colcon_core.package_identification:_identify(matlab_codes) by extension 'python_setup_py'
[0.334s] Level 1:colcon.colcon_core.package_identification:_identify(micro_ros) by extensions ['ignore', 'ignore_ament_install']
[0.334s] Level 1:colcon.colcon_core.package_identification:_identify(micro_ros) by extension 'ignore'
[0.334s] Level 1:colcon.colcon_core.package_identification:_identify(micro_ros) by extension 'ignore_ament_install'
[0.334s] Level 1:colcon.colcon_core.package_identification:_identify(micro_ros) by extensions ['colcon_pkg']
[0.334s] Level 1:colcon.colcon_core.package_identification:_identify(micro_ros) by extension 'colcon_pkg'
[0.334s] Level 1:colcon.colcon_core.package_identification:_identify(micro_ros) by extensions ['colcon_meta']
[0.334s] Level 1:colcon.colcon_core.package_identification:_identify(micro_ros) by extension 'colcon_meta'
[0.334s] Level 1:colcon.colcon_core.package_identification:_identify(micro_ros) by extensions ['ros']
[0.334s] Level 1:colcon.colcon_core.package_identification:_identify(micro_ros) by extension 'ros'
[0.334s] Level 1:colcon.colcon_core.package_identification:_identify(micro_ros) by extensions ['cmake', 'python']
[0.334s] Level 1:colcon.colcon_core.package_identification:_identify(micro_ros) by extension 'cmake'
[0.334s] Level 1:colcon.colcon_core.package_identification:_identify(micro_ros) by extension 'python'
[0.334s] Level 1:colcon.colcon_core.package_identification:_identify(micro_ros) by extensions ['python_setup_py']
[0.334s] Level 1:colcon.colcon_core.package_identification:_identify(micro_ros) by extension 'python_setup_py'
[0.335s] Level 1:colcon.colcon_core.package_identification:_identify(micro_ros/uros) by extensions ['ignore', 'ignore_ament_install']
[0.335s] Level 1:colcon.colcon_core.package_identification:_identify(micro_ros/uros) by extension 'ignore'
[0.335s] Level 1:colcon.colcon_core.package_identification:_identify(micro_ros/uros) by extension 'ignore_ament_install'
[0.335s] Level 1:colcon.colcon_core.package_identification:_identify(micro_ros/uros) by extensions ['colcon_pkg']
[0.335s] Level 1:colcon.colcon_core.package_identification:_identify(micro_ros/uros) by extension 'colcon_pkg'
[0.335s] Level 1:colcon.colcon_core.package_identification:_identify(micro_ros/uros) by extensions ['colcon_meta']
[0.335s] Level 1:colcon.colcon_core.package_identification:_identify(micro_ros/uros) by extension 'colcon_meta'
[0.335s] Level 1:colcon.colcon_core.package_identification:_identify(micro_ros/uros) by extensions ['ros']
[0.335s] Level 1:colcon.colcon_core.package_identification:_identify(micro_ros/uros) by extension 'ros'
[0.335s] Level 1:colcon.colcon_core.package_identification:_identify(micro_ros/uros) by extensions ['cmake', 'python']
[0.335s] Level 1:colcon.colcon_core.package_identification:_identify(micro_ros/uros) by extension 'cmake'
[0.335s] Level 1:colcon.colcon_core.package_identification:_identify(micro_ros/uros) by extension 'python'
[0.335s] Level 1:colcon.colcon_core.package_identification:_identify(micro_ros/uros) by extensions ['python_setup_py']
[0.335s] Level 1:colcon.colcon_core.package_identification:_identify(micro_ros/uros) by extension 'python_setup_py'
[0.335s] Level 1:colcon.colcon_core.package_identification:_identify(micro_ros/uros/micro-ROS-Agent) by extensions ['ignore', 'ignore_ament_install']
[0.335s] Level 1:colcon.colcon_core.package_identification:_identify(micro_ros/uros/micro-ROS-Agent) by extension 'ignore'
[0.335s] Level 1:colcon.colcon_core.package_identification:_identify(micro_ros/uros/micro-ROS-Agent) by extension 'ignore_ament_install'
[0.335s] Level 1:colcon.colcon_core.package_identification:_identify(micro_ros/uros/micro-ROS-Agent) by extensions ['colcon_pkg']
[0.335s] Level 1:colcon.colcon_core.package_identification:_identify(micro_ros/uros/micro-ROS-Agent) by extension 'colcon_pkg'
[0.336s] Level 1:colcon.colcon_core.package_identification:_identify(micro_ros/uros/micro-ROS-Agent) by extensions ['colcon_meta']
[0.336s] Level 1:colcon.colcon_core.package_identification:_identify(micro_ros/uros/micro-ROS-Agent) by extension 'colcon_meta'
[0.336s] Level 1:colcon.colcon_core.package_identification:_identify(micro_ros/uros/micro-ROS-Agent) by extensions ['ros']
[0.336s] Level 1:colcon.colcon_core.package_identification:_identify(micro_ros/uros/micro-ROS-Agent) by extension 'ros'
[0.336s] Level 1:colcon.colcon_core.package_identification:_identify(micro_ros/uros/micro-ROS-Agent) by extensions ['cmake', 'python']
[0.336s] Level 1:colcon.colcon_core.package_identification:_identify(micro_ros/uros/micro-ROS-Agent) by extension 'cmake'
[0.336s] Level 1:colcon.colcon_core.package_identification:_identify(micro_ros/uros/micro-ROS-Agent) by extension 'python'
[0.336s] Level 1:colcon.colcon_core.package_identification:_identify(micro_ros/uros/micro-ROS-Agent) by extensions ['python_setup_py']
[0.336s] Level 1:colcon.colcon_core.package_identification:_identify(micro_ros/uros/micro-ROS-Agent) by extension 'python_setup_py'
[0.336s] Level 1:colcon.colcon_core.package_identification:_identify(micro_ros/uros/micro_ros_msgs) by extensions ['ignore', 'ignore_ament_install']
[0.336s] Level 1:colcon.colcon_core.package_identification:_identify(micro_ros/uros/micro_ros_msgs) by extension 'ignore'
[0.336s] Level 1:colcon.colcon_core.package_identification:_identify(micro_ros/uros/micro_ros_msgs) by extension 'ignore_ament_install'
[0.336s] Level 1:colcon.colcon_core.package_identification:_identify(micro_ros/uros/micro_ros_msgs) by extensions ['colcon_pkg']
[0.336s] Level 1:colcon.colcon_core.package_identification:_identify(micro_ros/uros/micro_ros_msgs) by extension 'colcon_pkg'
[0.336s] Level 1:colcon.colcon_core.package_identification:_identify(micro_ros/uros/micro_ros_msgs) by extensions ['colcon_meta']
[0.336s] Level 1:colcon.colcon_core.package_identification:_identify(micro_ros/uros/micro_ros_msgs) by extension 'colcon_meta'
[0.336s] Level 1:colcon.colcon_core.package_identification:_identify(micro_ros/uros/micro_ros_msgs) by extensions ['ros']
[0.336s] Level 1:colcon.colcon_core.package_identification:_identify(micro_ros/uros/micro_ros_msgs) by extension 'ros'
[0.336s] Level 1:colcon.colcon_core.package_identification:_identify(micro_ros/uros/micro_ros_msgs) by extensions ['cmake', 'python']
[0.336s] Level 1:colcon.colcon_core.package_identification:_identify(micro_ros/uros/micro_ros_msgs) by extension 'cmake'
[0.336s] Level 1:colcon.colcon_core.package_identification:_identify(micro_ros/uros/micro_ros_msgs) by extension 'python'
[0.337s] Level 1:colcon.colcon_core.package_identification:_identify(micro_ros/uros/micro_ros_msgs) by extensions ['python_setup_py']
[0.337s] Level 1:colcon.colcon_core.package_identification:_identify(micro_ros/uros/micro_ros_msgs) by extension 'python_setup_py'
[0.337s] Level 1:colcon.colcon_core.package_identification:_identify(movement_core) by extensions ['ignore', 'ignore_ament_install']
[0.337s] Level 1:colcon.colcon_core.package_identification:_identify(movement_core) by extension 'ignore'
[0.337s] Level 1:colcon.colcon_core.package_identification:_identify(movement_core) by extension 'ignore_ament_install'
[0.337s] Level 1:colcon.colcon_core.package_identification:_identify(movement_core) by extensions ['colcon_pkg']
[0.337s] Level 1:colcon.colcon_core.package_identification:_identify(movement_core) by extension 'colcon_pkg'
[0.337s] Level 1:colcon.colcon_core.package_identification:_identify(movement_core) by extensions ['colcon_meta']
[0.337s] Level 1:colcon.colcon_core.package_identification:_identify(movement_core) by extension 'colcon_meta'
[0.337s] Level 1:colcon.colcon_core.package_identification:_identify(movement_core) by extensions ['ros']
[0.337s] Level 1:colcon.colcon_core.package_identification:_identify(movement_core) by extension 'ros'
[0.338s] DEBUG:colcon.colcon_core.package_identification:Package 'movement_core' with type 'ros.ament_python' and name 'movement_core'
[0.338s] Level 1:colcon.colcon_core.package_identification:_identify(movement_functions) by extensions ['ignore', 'ignore_ament_install']
[0.338s] Level 1:colcon.colcon_core.package_identification:_identify(movement_functions) by extension 'ignore'
[0.338s] Level 1:colcon.colcon_core.package_identification:_identify(movement_functions) by extension 'ignore_ament_install'
[0.338s] Level 1:colcon.colcon_core.package_identification:_identify(movement_functions) by extensions ['colcon_pkg']
[0.338s] Level 1:colcon.colcon_core.package_identification:_identify(movement_functions) by extension 'colcon_pkg'
[0.338s] Level 1:colcon.colcon_core.package_identification:_identify(movement_functions) by extensions ['colcon_meta']
[0.338s] Level 1:colcon.colcon_core.package_identification:_identify(movement_functions) by extension 'colcon_meta'
[0.338s] Level 1:colcon.colcon_core.package_identification:_identify(movement_functions) by extensions ['ros']
[0.338s] Level 1:colcon.colcon_core.package_identification:_identify(movement_functions) by extension 'ros'
[0.339s] DEBUG:colcon.colcon_core.package_identification:Package 'movement_functions' with type 'ros.ament_python' and name 'movement_functions'
[0.339s] Level 1:colcon.colcon_core.package_identification:_identify(movement_pages) by extensions ['ignore', 'ignore_ament_install']
[0.339s] Level 1:colcon.colcon_core.package_identification:_identify(movement_pages) by extension 'ignore'
[0.339s] Level 1:colcon.colcon_core.package_identification:_identify(movement_pages) by extension 'ignore_ament_install'
[0.339s] Level 1:colcon.colcon_core.package_identification:_identify(movement_pages) by extensions ['colcon_pkg']
[0.339s] Level 1:colcon.colcon_core.package_identification:_identify(movement_pages) by extension 'colcon_pkg'
[0.339s] Level 1:colcon.colcon_core.package_identification:_identify(movement_pages) by extensions ['colcon_meta']
[0.339s] Level 1:colcon.colcon_core.package_identification:_identify(movement_pages) by extension 'colcon_meta'
[0.339s] Level 1:colcon.colcon_core.package_identification:_identify(movement_pages) by extensions ['ros']
[0.339s] Level 1:colcon.colcon_core.package_identification:_identify(movement_pages) by extension 'ros'
[0.340s] DEBUG:colcon.colcon_core.package_identification:Package 'movement_pages' with type 'ros.ament_python' and name 'movement_pages'
[0.340s] Level 1:colcon.colcon_core.package_identification:_identify(movement_utils) by extensions ['ignore', 'ignore_ament_install']
[0.340s] Level 1:colcon.colcon_core.package_identification:_identify(movement_utils) by extension 'ignore'
[0.340s] Level 1:colcon.colcon_core.package_identification:_identify(movement_utils) by extension 'ignore_ament_install'
[0.340s] Level 1:colcon.colcon_core.package_identification:_identify(movement_utils) by extensions ['colcon_pkg']
[0.340s] Level 1:colcon.colcon_core.package_identification:_identify(movement_utils) by extension 'colcon_pkg'
[0.340s] Level 1:colcon.colcon_core.package_identification:_identify(movement_utils) by extensions ['colcon_meta']
[0.340s] Level 1:colcon.colcon_core.package_identification:_identify(movement_utils) by extension 'colcon_meta'
[0.340s] Level 1:colcon.colcon_core.package_identification:_identify(movement_utils) by extensions ['ros']
[0.340s] Level 1:colcon.colcon_core.package_identification:_identify(movement_utils) by extension 'ros'
[0.341s] DEBUG:colcon.colcon_core.package_identification:Package 'movement_utils' with type 'ros.ament_cmake' and name 'movement_utils'
[0.341s] Level 1:colcon.colcon_core.package_identification:_identify(tahara_pages) by extensions ['ignore', 'ignore_ament_install']
[0.341s] Level 1:colcon.colcon_core.package_identification:_identify(tahara_pages) by extension 'ignore'
[0.341s] Level 1:colcon.colcon_core.package_identification:_identify(tahara_pages) by extension 'ignore_ament_install'
[0.341s] Level 1:colcon.colcon_core.package_identification:_identify(tahara_pages) by extensions ['colcon_pkg']
[0.341s] Level 1:colcon.colcon_core.package_identification:_identify(tahara_pages) by extension 'colcon_pkg'
[0.341s] Level 1:colcon.colcon_core.package_identification:_identify(tahara_pages) by extensions ['colcon_meta']
[0.341s] Level 1:colcon.colcon_core.package_identification:_identify(tahara_pages) by extension 'colcon_meta'
[0.341s] Level 1:colcon.colcon_core.package_identification:_identify(tahara_pages) by extensions ['ros']
[0.341s] Level 1:colcon.colcon_core.package_identification:_identify(tahara_pages) by extension 'ros'
[0.342s] DEBUG:colcon.colcon_core.package_identification:Package 'tahara_pages' with type 'ros.ament_python' and name 'tahara_pages'
[0.342s] Level 1:colcon.colcon_core.package_identification:_identify(u2d2_comm) by extensions ['ignore', 'ignore_ament_install']
[0.342s] Level 1:colcon.colcon_core.package_identification:_identify(u2d2_comm) by extension 'ignore'
[0.342s] Level 1:colcon.colcon_core.package_identification:_identify(u2d2_comm) by extension 'ignore_ament_install'
[0.342s] Level 1:colcon.colcon_core.package_identification:_identify(u2d2_comm) by extensions ['colcon_pkg']
[0.342s] Level 1:colcon.colcon_core.package_identification:_identify(u2d2_comm) by extension 'colcon_pkg'
[0.342s] Level 1:colcon.colcon_core.package_identification:_identify(u2d2_comm) by extensions ['colcon_meta']
[0.342s] Level 1:colcon.colcon_core.package_identification:_identify(u2d2_comm) by extension 'colcon_meta'
[0.342s] Level 1:colcon.colcon_core.package_identification:_identify(u2d2_comm) by extensions ['ros']
[0.342s] Level 1:colcon.colcon_core.package_identification:_identify(u2d2_comm) by extension 'ros'
[0.343s] DEBUG:colcon.colcon_core.package_identification:Package 'u2d2_comm' with type 'ros.ament_python' and name 'u2d2_comm'
[0.343s] Level 1:colcon.colcon_core.package_identification:_identify(urdf_example) by extensions ['ignore', 'ignore_ament_install']
[0.343s] Level 1:colcon.colcon_core.package_identification:_identify(urdf_example) by extension 'ignore'
[0.343s] Level 1:colcon.colcon_core.package_identification:_identify(urdf_example) by extension 'ignore_ament_install'
[0.343s] Level 1:colcon.colcon_core.package_identification:_identify(urdf_example) by extensions ['colcon_pkg']
[0.343s] Level 1:colcon.colcon_core.package_identification:_identify(urdf_example) by extension 'colcon_pkg'
[0.343s] Level 1:colcon.colcon_core.package_identification:_identify(urdf_example) by extensions ['colcon_meta']
[0.343s] Level 1:colcon.colcon_core.package_identification:_identify(urdf_example) by extension 'colcon_meta'
[0.343s] Level 1:colcon.colcon_core.package_identification:_identify(urdf_example) by extensions ['ros']
[0.343s] Level 1:colcon.colcon_core.package_identification:_identify(urdf_example) by extension 'ros'
[0.344s] DEBUG:colcon.colcon_core.package_identification:Package 'urdf_example' with type 'ros.ament_cmake' and name 'urdf_example'
[0.344s] Level 1:colcon.colcon_core.package_identification:_identify(urdf_robox) by extensions ['ignore', 'ignore_ament_install']
[0.344s] Level 1:colcon.colcon_core.package_identification:_identify(urdf_robox) by extension 'ignore'
[0.344s] Level 1:colcon.colcon_core.package_identification:_identify(urdf_robox) by extension 'ignore_ament_install'
[0.344s] Level 1:colcon.colcon_core.package_identification:_identify(urdf_robox) by extensions ['colcon_pkg']
[0.344s] Level 1:colcon.colcon_core.package_identification:_identify(urdf_robox) by extension 'colcon_pkg'
[0.344s] Level 1:colcon.colcon_core.package_identification:_identify(urdf_robox) by extensions ['colcon_meta']
[0.344s] Level 1:colcon.colcon_core.package_identification:_identify(urdf_robox) by extension 'colcon_meta'
[0.344s] Level 1:colcon.colcon_core.package_identification:_identify(urdf_robox) by extensions ['ros']
[0.344s] Level 1:colcon.colcon_core.package_identification:_identify(urdf_robox) by extension 'ros'
[0.345s] DEBUG:colcon.colcon_core.package_identification:Package 'urdf_robox' with type 'ros.ament_cmake' and name 'urdf_robox'
[0.345s] Level 1:colcon.colcon_core.package_discovery:discover_packages(recursive) using defaults
[0.345s] Level 1:colcon.colcon_core.package_discovery:discover_packages(ignore) discover
[0.345s] Level 1:colcon.colcon_core.package_discovery:discover_packages(ignore) using defaults
[0.345s] Level 1:colcon.colcon_core.package_discovery:discover_packages(path) discover
[0.345s] Level 1:colcon.colcon_core.package_discovery:discover_packages(path) using defaults
[0.366s] Level 1:colcon.colcon_core.package_discovery:discover_packages(prefix_path) check parameters
[0.366s] Level 1:colcon.colcon_core.package_discovery:discover_packages(prefix_path) discover
[0.368s] DEBUG:colcon.colcon_installed_package_information.package_discovery:Found 15 installed packages in /home/pedrohperes/edromufu/src/movement/Ros2_change/install
[0.368s] DEBUG:colcon.colcon_installed_package_information.package_discovery:Found 3 installed packages in /home/pedrohperes/edromufu/install
[0.370s] DEBUG:colcon.colcon_installed_package_information.package_discovery:Found 286 installed packages in /opt/ros/humble
[0.371s] Level 1:colcon.colcon_core.package_discovery:discover_packages(prefix_path) using defaults
[0.409s] Level 5:colcon.colcon_core.verb:set package 'erro_package' build argument 'cmake_args' from command line to 'None'
[0.409s] Level 5:colcon.colcon_core.verb:set package 'erro_package' build argument 'cmake_target' from command line to 'None'
[0.409s] Level 5:colcon.colcon_core.verb:set package 'erro_package' build argument 'cmake_target_skip_unavailable' from command line to 'False'
[0.409s] Level 5:colcon.colcon_core.verb:set package 'erro_package' build argument 'cmake_clean_cache' from command line to 'False'
[0.409s] Level 5:colcon.colcon_core.verb:set package 'erro_package' build argument 'cmake_clean_first' from command line to 'False'
[0.409s] Level 5:colcon.colcon_core.verb:set package 'erro_package' build argument 'cmake_force_configure' from command line to 'False'
[0.409s] Level 5:colcon.colcon_core.verb:set package 'erro_package' build argument 'ament_cmake_args' from command line to 'None'
[0.409s] Level 5:colcon.colcon_core.verb:set package 'erro_package' build argument 'catkin_cmake_args' from command line to 'None'
[0.409s] Level 5:colcon.colcon_core.verb:set package 'erro_package' build argument 'catkin_skip_building_tests' from command line to 'False'
[0.409s] DEBUG:colcon.colcon_core.verb:Building package 'erro_package' with the following arguments: {'ament_cmake_args': None, 'build_base': '/home/pedrohperes/edromufu/src/movement/Ros2_change/src/build/erro_package', 'catkin_cmake_args': None, 'catkin_skip_building_tests': False, 'cmake_args': None, 'cmake_clean_cache': False, 'cmake_clean_first': False, 'cmake_force_configure': False, 'cmake_target': None, 'cmake_target_skip_unavailable': False, 'install_base': '/home/pedrohperes/edromufu/src/movement/Ros2_change/src/install/erro_package', 'merge_install': False, 'path': '/home/pedrohperes/edromufu/src/movement/Ros2_change/src/erro_package', 'symlink_install': False, 'test_result_base': None}
[0.409s] Level 5:colcon.colcon_core.verb:set package 'humanoid_visualization' build argument 'cmake_args' from command line to 'None'
[0.409s] Level 5:colcon.colcon_core.verb:set package 'humanoid_visualization' build argument 'cmake_target' from command line to 'None'
[0.409s] Level 5:colcon.colcon_core.verb:set package 'humanoid_visualization' build argument 'cmake_target_skip_unavailable' from command line to 'False'
[0.409s] Level 5:colcon.colcon_core.verb:set package 'humanoid_visualization' build argument 'cmake_clean_cache' from command line to 'False'
[0.410s] Level 5:colcon.colcon_core.verb:set package 'humanoid_visualization' build argument 'cmake_clean_first' from command line to 'False'
[0.410s] Level 5:colcon.colcon_core.verb:set package 'humanoid_visualization' build argument 'cmake_force_configure' from command line to 'False'
[0.410s] Level 5:colcon.colcon_core.verb:set package 'humanoid_visualization' build argument 'ament_cmake_args' from command line to 'None'
[0.410s] Level 5:colcon.colcon_core.verb:set package 'humanoid_visualization' build argument 'catkin_cmake_args' from command line to 'None'
[0.410s] Level 5:colcon.colcon_core.verb:set package 'humanoid_visualization' build argument 'catkin_skip_building_tests' from command line to 'False'
[0.410s] DEBUG:colcon.colcon_core.verb:Building package 'humanoid_visualization' with the following arguments: {'ament_cmake_args': None, 'build_base': '/home/pedrohperes/edromufu/src/movement/Ros2_change/src/build/humanoid_visualization', 'catkin_cmake_args': None, 'catkin_skip_building_tests': False, 'cmake_args': None, 'cmake_clean_cache': False, 'cmake_clean_first': False, 'cmake_force_configure': False, 'cmake_target': None, 'cmake_target_skip_unavailable': False, 'install_base': '/home/pedrohperes/edromufu/src/movement/Ros2_change/src/install/humanoid_visualization', 'merge_install': False, 'path': '/home/pedrohperes/edromufu/src/movement/Ros2_change/src/humanoid_visualization', 'symlink_install': False, 'test_result_base': None}
[0.410s] Level 5:colcon.colcon_core.verb:set package 'kinematic_functions' build argument 'cmake_args' from command line to 'None'
[0.410s] Level 5:colcon.colcon_core.verb:set package 'kinematic_functions' build argument 'cmake_target' from command line to 'None'
[0.410s] Level 5:colcon.colcon_core.verb:set package 'kinematic_functions' build argument 'cmake_target_skip_unavailable' from command line to 'False'
[0.410s] Level 5:colcon.colcon_core.verb:set package 'kinematic_functions' build argument 'cmake_clean_cache' from command line to 'False'
[0.410s] Level 5:colcon.colcon_core.verb:set package 'kinematic_functions' build argument 'cmake_clean_first' from command line to 'False'
[0.410s] Level 5:colcon.colcon_core.verb:set package 'kinematic_functions' build argument 'cmake_force_configure' from command line to 'False'
[0.410s] Level 5:colcon.colcon_core.verb:set package 'kinematic_functions' build argument 'ament_cmake_args' from command line to 'None'
[0.410s] Level 5:colcon.colcon_core.verb:set package 'kinematic_functions' build argument 'catkin_cmake_args' from command line to 'None'
[0.410s] Level 5:colcon.colcon_core.verb:set package 'kinematic_functions' build argument 'catkin_skip_building_tests' from command line to 'False'
[0.410s] DEBUG:colcon.colcon_core.verb:Building package 'kinematic_functions' with the following arguments: {'ament_cmake_args': None, 'build_base': '/home/pedrohperes/edromufu/src/movement/Ros2_change/src/build/kinematic_functions', 'catkin_cmake_args': None, 'catkin_skip_building_tests': False, 'cmake_args': None, 'cmake_clean_cache': False, 'cmake_clean_first': False, 'cmake_force_configure': False, 'cmake_target': None, 'cmake_target_skip_unavailable': False, 'install_base': '/home/pedrohperes/edromufu/src/movement/Ros2_change/src/install/kinematic_functions', 'merge_install': False, 'path': '/home/pedrohperes/edromufu/src/movement/Ros2_change/src/kinematic_functions', 'symlink_install': False, 'test_result_base': None}
[0.411s] Level 5:colcon.colcon_core.verb:set package 'movement_utils' build argument 'cmake_args' from command line to 'None'
[0.411s] Level 5:colcon.colcon_core.verb:set package 'movement_utils' build argument 'cmake_target' from command line to 'None'
[0.411s] Level 5:colcon.colcon_core.verb:set package 'movement_utils' build argument 'cmake_target_skip_unavailable' from command line to 'False'
[0.411s] Level 5:colcon.colcon_core.verb:set package 'movement_utils' build argument 'cmake_clean_cache' from command line to 'False'
[0.411s] Level 5:colcon.colcon_core.verb:set package 'movement_utils' build argument 'cmake_clean_first' from command line to 'False'
[0.411s] Level 5:colcon.colcon_core.verb:set package 'movement_utils' build argument 'cmake_force_configure' from command line to 'False'
[0.411s] Level 5:colcon.colcon_core.verb:set package 'movement_utils' build argument 'ament_cmake_args' from command line to 'None'
[0.411s] Level 5:colcon.colcon_core.verb:set package 'movement_utils' build argument 'catkin_cmake_args' from command line to 'None'
[0.411s] Level 5:colcon.colcon_core.verb:set package 'movement_utils' build argument 'catkin_skip_building_tests' from command line to 'False'
[0.411s] DEBUG:colcon.colcon_core.verb:Building package 'movement_utils' with the following arguments: {'ament_cmake_args': None, 'build_base': '/home/pedrohperes/edromufu/src/movement/Ros2_change/src/build/movement_utils', 'catkin_cmake_args': None, 'catkin_skip_building_tests': False, 'cmake_args': None, 'cmake_clean_cache': False, 'cmake_clean_first': False, 'cmake_force_configure': False, 'cmake_target': None, 'cmake_target_skip_unavailable': False, 'install_base': '/home/pedrohperes/edromufu/src/movement/Ros2_change/src/install/movement_utils', 'merge_install': False, 'path': '/home/pedrohperes/edromufu/src/movement/Ros2_change/src/movement_utils', 'symlink_install': False, 'test_result_base': None}
[0.411s] Level 5:colcon.colcon_core.verb:set package 'tahara_pages' build argument 'cmake_args' from command line to 'None'
[0.411s] Level 5:colcon.colcon_core.verb:set package 'tahara_pages' build argument 'cmake_target' from command line to 'None'
[0.411s] Level 5:colcon.colcon_core.verb:set package 'tahara_pages' build argument 'cmake_target_skip_unavailable' from command line to 'False'
[0.411s] Level 5:colcon.colcon_core.verb:set package 'tahara_pages' build argument 'cmake_clean_cache' from command line to 'False'
[0.411s] Level 5:colcon.colcon_core.verb:set package 'tahara_pages' build argument 'cmake_clean_first' from command line to 'False'
[0.411s] Level 5:colcon.colcon_core.verb:set package 'tahara_pages' build argument 'cmake_force_configure' from command line to 'False'
[0.411s] Level 5:colcon.colcon_core.verb:set package 'tahara_pages' build argument 'ament_cmake_args' from command line to 'None'
[0.411s] Level 5:colcon.colcon_core.verb:set package 'tahara_pages' build argument 'catkin_cmake_args' from command line to 'None'
[0.411s] Level 5:colcon.colcon_core.verb:set package 'tahara_pages' build argument 'catkin_skip_building_tests' from command line to 'False'
[0.411s] DEBUG:colcon.colcon_core.verb:Building package 'tahara_pages' with the following arguments: {'ament_cmake_args': None, 'build_base': '/home/pedrohperes/edromufu/src/movement/Ros2_change/src/build/tahara_pages', 'catkin_cmake_args': None, 'catkin_skip_building_tests': False, 'cmake_args': None, 'cmake_clean_cache': False, 'cmake_clean_first': False, 'cmake_force_configure': False, 'cmake_target': None, 'cmake_target_skip_unavailable': False, 'install_base': '/home/pedrohperes/edromufu/src/movement/Ros2_change/src/install/tahara_pages', 'merge_install': False, 'path': '/home/pedrohperes/edromufu/src/movement/Ros2_change/src/tahara_pages', 'symlink_install': False, 'test_result_base': None}
[0.412s] Level 5:colcon.colcon_core.verb:set package 'urdf_example' build argument 'cmake_args' from command line to 'None'
[0.412s] Level 5:colcon.colcon_core.verb:set package 'urdf_example' build argument 'cmake_target' from command line to 'None'
[0.412s] Level 5:colcon.colcon_core.verb:set package 'urdf_example' build argument 'cmake_target_skip_unavailable' from command line to 'False'
[0.412s] Level 5:colcon.colcon_core.verb:set package 'urdf_example' build argument 'cmake_clean_cache' from command line to 'False'
[0.412s] Level 5:colcon.colcon_core.verb:set package 'urdf_example' build argument 'cmake_clean_first' from command line to 'False'
[0.412s] Level 5:colcon.colcon_core.verb:set package 'urdf_example' build argument 'cmake_force_configure' from command line to 'False'
[0.412s] Level 5:colcon.colcon_core.verb:set package 'urdf_example' build argument 'ament_cmake_args' from command line to 'None'
[0.412s] Level 5:colcon.colcon_core.verb:set package 'urdf_example' build argument 'catkin_cmake_args' from command line to 'None'
[0.412s] Level 5:colcon.colcon_core.verb:set package 'urdf_example' build argument 'catkin_skip_building_tests' from command line to 'False'
[0.412s] DEBUG:colcon.colcon_core.verb:Building package 'urdf_example' with the following arguments: {'ament_cmake_args': None, 'build_base': '/home/pedrohperes/edromufu/src/movement/Ros2_change/src/build/urdf_example', 'catkin_cmake_args': None, 'catkin_skip_building_tests': False, 'cmake_args': None, 'cmake_clean_cache': False, 'cmake_clean_first': False, 'cmake_force_configure': False, 'cmake_target': None, 'cmake_target_skip_unavailable': False, 'install_base': '/home/pedrohperes/edromufu/src/movement/Ros2_change/src/install/urdf_example', 'merge_install': False, 'path': '/home/pedrohperes/edromufu/src/movement/Ros2_change/src/urdf_example', 'symlink_install': False, 'test_result_base': None}
[0.412s] Level 5:colcon.colcon_core.verb:set package 'urdf_robox' build argument 'cmake_args' from command line to 'None'
[0.412s] Level 5:colcon.colcon_core.verb:set package 'urdf_robox' build argument 'cmake_target' from command line to 'None'
[0.412s] Level 5:colcon.colcon_core.verb:set package 'urdf_robox' build argument 'cmake_target_skip_unavailable' from command line to 'False'
[0.412s] Level 5:colcon.colcon_core.verb:set package 'urdf_robox' build argument 'cmake_clean_cache' from command line to 'False'
[0.412s] Level 5:colcon.colcon_core.verb:set package 'urdf_robox' build argument 'cmake_clean_first' from command line to 'False'
[0.412s] Level 5:colcon.colcon_core.verb:set package 'urdf_robox' build argument 'cmake_force_configure' from command line to 'False'
[0.412s] Level 5:colcon.colcon_core.verb:set package 'urdf_robox' build argument 'ament_cmake_args' from command line to 'None'
[0.412s] Level 5:colcon.colcon_core.verb:set package 'urdf_robox' build argument 'catkin_cmake_args' from command line to 'None'
[0.412s] Level 5:colcon.colcon_core.verb:set package 'urdf_robox' build argument 'catkin_skip_building_tests' from command line to 'False'
[0.413s] DEBUG:colcon.colcon_core.verb:Building package 'urdf_robox' with the following arguments: {'ament_cmake_args': None, 'build_base': '/home/pedrohperes/edromufu/src/movement/Ros2_change/src/build/urdf_robox', 'catkin_cmake_args': None, 'catkin_skip_building_tests': False, 'cmake_args': None, 'cmake_clean_cache': False, 'cmake_clean_first': False, 'cmake_force_configure': False, 'cmake_target': None, 'cmake_target_skip_unavailable': False, 'install_base': '/home/pedrohperes/edromufu/src/movement/Ros2_change/src/install/urdf_robox', 'merge_install': False, 'path': '/home/pedrohperes/edromufu/src/movement/Ros2_change/src/urdf_robox', 'symlink_install': False, 'test_result_base': None}
[0.413s] Level 5:colcon.colcon_core.verb:set package 'humanoid_definition' build argument 'cmake_args' from command line to 'None'
[0.413s] Level 5:colcon.colcon_core.verb:set package 'humanoid_definition' build argument 'cmake_target' from command line to 'None'
[0.413s] Level 5:colcon.colcon_core.verb:set package 'humanoid_definition' build argument 'cmake_target_skip_unavailable' from command line to 'False'
[0.413s] Level 5:colcon.colcon_core.verb:set package 'humanoid_definition' build argument 'cmake_clean_cache' from command line to 'False'
[0.413s] Level 5:colcon.colcon_core.verb:set package 'humanoid_definition' build argument 'cmake_clean_first' from command line to 'False'
[0.413s] Level 5:colcon.colcon_core.verb:set package 'humanoid_definition' build argument 'cmake_force_configure' from command line to 'False'
[0.413s] Level 5:colcon.colcon_core.verb:set package 'humanoid_definition' build argument 'ament_cmake_args' from command line to 'None'
[0.413s] Level 5:colcon.colcon_core.verb:set package 'humanoid_definition' build argument 'catkin_cmake_args' from command line to 'None'
[0.413s] Level 5:colcon.colcon_core.verb:set package 'humanoid_definition' build argument 'catkin_skip_building_tests' from command line to 'False'
[0.413s] DEBUG:colcon.colcon_core.verb:Building package 'humanoid_definition' with the following arguments: {'ament_cmake_args': None, 'build_base': '/home/pedrohperes/edromufu/src/movement/Ros2_change/src/build/humanoid_definition', 'catkin_cmake_args': None, 'catkin_skip_building_tests': False, 'cmake_args': None, 'cmake_clean_cache': False, 'cmake_clean_first': False, 'cmake_force_configure': False, 'cmake_target': None, 'cmake_target_skip_unavailable': False, 'install_base': '/home/pedrohperes/edromufu/src/movement/Ros2_change/src/install/humanoid_definition', 'merge_install': False, 'path': '/home/pedrohperes/edromufu/src/movement/Ros2_change/src/humanoid_definition', 'symlink_install': False, 'test_result_base': None}
[0.413s] Level 5:colcon.colcon_core.verb:set package 'movement_functions' build argument 'cmake_args' from command line to 'None'
[0.413s] Level 5:colcon.colcon_core.verb:set package 'movement_functions' build argument 'cmake_target' from command line to 'None'
[0.413s] Level 5:colcon.colcon_core.verb:set package 'movement_functions' build argument 'cmake_target_skip_unavailable' from command line to 'False'
[0.414s] Level 5:colcon.colcon_core.verb:set package 'movement_functions' build argument 'cmake_clean_cache' from command line to 'False'
[0.414s] Level 5:colcon.colcon_core.verb:set package 'movement_functions' build argument 'cmake_clean_first' from command line to 'False'
[0.414s] Level 5:colcon.colcon_core.verb:set package 'movement_functions' build argument 'cmake_force_configure' from command line to 'False'
[0.414s] Level 5:colcon.colcon_core.verb:set package 'movement_functions' build argument 'ament_cmake_args' from command line to 'None'
[0.414s] Level 5:colcon.colcon_core.verb:set package 'movement_functions' build argument 'catkin_cmake_args' from command line to 'None'
[0.414s] Level 5:colcon.colcon_core.verb:set package 'movement_functions' build argument 'catkin_skip_building_tests' from command line to 'False'
[0.414s] DEBUG:colcon.colcon_core.verb:Building package 'movement_functions' with the following arguments: {'ament_cmake_args': None, 'build_base': '/home/pedrohperes/edromufu/src/movement/Ros2_change/src/build/movement_functions', 'catkin_cmake_args': None, 'catkin_skip_building_tests': False, 'cmake_args': None, 'cmake_clean_cache': False, 'cmake_clean_first': False, 'cmake_force_configure': False, 'cmake_target': None, 'cmake_target_skip_unavailable': False, 'install_base': '/home/pedrohperes/edromufu/src/movement/Ros2_change/src/install/movement_functions', 'merge_install': False, 'path': '/home/pedrohperes/edromufu/src/movement/Ros2_change/src/movement_functions', 'symlink_install': False, 'test_result_base': None}
[0.414s] Level 5:colcon.colcon_core.verb:set package 'movement_pages' build argument 'cmake_args' from command line to 'None'
[0.414s] Level 5:colcon.colcon_core.verb:set package 'movement_pages' build argument 'cmake_target' from command line to 'None'
[0.414s] Level 5:colcon.colcon_core.verb:set package 'movement_pages' build argument 'cmake_target_skip_unavailable' from command line to 'False'
[0.414s] Level 5:colcon.colcon_core.verb:set package 'movement_pages' build argument 'cmake_clean_cache' from command line to 'False'
[0.414s] Level 5:colcon.colcon_core.verb:set package 'movement_pages' build argument 'cmake_clean_first' from command line to 'False'
[0.414s] Level 5:colcon.colcon_core.verb:set package 'movement_pages' build argument 'cmake_force_configure' from command line to 'False'
[0.414s] Level 5:colcon.colcon_core.verb:set package 'movement_pages' build argument 'ament_cmake_args' from command line to 'None'
[0.414s] Level 5:colcon.colcon_core.verb:set package 'movement_pages' build argument 'catkin_cmake_args' from command line to 'None'
[0.414s] Level 5:colcon.colcon_core.verb:set package 'movement_pages' build argument 'catkin_skip_building_tests' from command line to 'False'
[0.414s] DEBUG:colcon.colcon_core.verb:Building package 'movement_pages' with the following arguments: {'ament_cmake_args': None, 'build_base': '/home/pedrohperes/edromufu/src/movement/Ros2_change/src/build/movement_pages', 'catkin_cmake_args': None, 'catkin_skip_building_tests': False, 'cmake_args': None, 'cmake_clean_cache': False, 'cmake_clean_first': False, 'cmake_force_configure': False, 'cmake_target': None, 'cmake_target_skip_unavailable': False, 'install_base': '/home/pedrohperes/edromufu/src/movement/Ros2_change/src/install/movement_pages', 'merge_install': False, 'path': '/home/pedrohperes/edromufu/src/movement/Ros2_change/src/movement_pages', 'symlink_install': False, 'test_result_base': None}
[0.415s] Level 5:colcon.colcon_core.verb:set package 'u2d2_comm' build argument 'cmake_args' from command line to 'None'
[0.415s] Level 5:colcon.colcon_core.verb:set package 'u2d2_comm' build argument 'cmake_target' from command line to 'None'
[0.415s] Level 5:colcon.colcon_core.verb:set package 'u2d2_comm' build argument 'cmake_target_skip_unavailable' from command line to 'False'
[0.415s] Level 5:colcon.colcon_core.verb:set package 'u2d2_comm' build argument 'cmake_clean_cache' from command line to 'False'
[0.415s] Level 5:colcon.colcon_core.verb:set package 'u2d2_comm' build argument 'cmake_clean_first' from command line to 'False'
[0.415s] Level 5:colcon.colcon_core.verb:set package 'u2d2_comm' build argument 'cmake_force_configure' from command line to 'False'
[0.415s] Level 5:colcon.colcon_core.verb:set package 'u2d2_comm' build argument 'ament_cmake_args' from command line to 'None'
[0.415s] Level 5:colcon.colcon_core.verb:set package 'u2d2_comm' build argument 'catkin_cmake_args' from command line to 'None'
[0.415s] Level 5:colcon.colcon_core.verb:set package 'u2d2_comm' build argument 'catkin_skip_building_tests' from command line to 'False'
[0.415s] DEBUG:colcon.colcon_core.verb:Building package 'u2d2_comm' with the following arguments: {'ament_cmake_args': None, 'build_base': '/home/pedrohperes/edromufu/src/movement/Ros2_change/src/build/u2d2_comm', 'catkin_cmake_args': None, 'catkin_skip_building_tests': False, 'cmake_args': None, 'cmake_clean_cache': False, 'cmake_clean_first': False, 'cmake_force_configure': False, 'cmake_target': None, 'cmake_target_skip_unavailable': False, 'install_base': '/home/pedrohperes/edromufu/src/movement/Ros2_change/src/install/u2d2_comm', 'merge_install': False, 'path': '/home/pedrohperes/edromufu/src/movement/Ros2_change/src/u2d2_comm', 'symlink_install': False, 'test_result_base': None}
[0.415s] Level 5:colcon.colcon_core.verb:set package 'movement_core' build argument 'cmake_args' from command line to 'None'
[0.415s] Level 5:colcon.colcon_core.verb:set package 'movement_core' build argument 'cmake_target' from command line to 'None'
[0.415s] Level 5:colcon.colcon_core.verb:set package 'movement_core' build argument 'cmake_target_skip_unavailable' from command line to 'False'
[0.415s] Level 5:colcon.colcon_core.verb:set package 'movement_core' build argument 'cmake_clean_cache' from command line to 'False'
[0.415s] Level 5:colcon.colcon_core.verb:set package 'movement_core' build argument 'cmake_clean_first' from command line to 'False'
[0.415s] Level 5:colcon.colcon_core.verb:set package 'movement_core' build argument 'cmake_force_configure' from command line to 'False'
[0.415s] Level 5:colcon.colcon_core.verb:set package 'movement_core' build argument 'ament_cmake_args' from command line to 'None'
[0.415s] Level 5:colcon.colcon_core.verb:set package 'movement_core' build argument 'catkin_cmake_args' from command line to 'None'
[0.415s] Level 5:colcon.colcon_core.verb:set package 'movement_core' build argument 'catkin_skip_building_tests' from command line to 'False'
[0.415s] DEBUG:colcon.colcon_core.verb:Building package 'movement_core' with the following arguments: {'ament_cmake_args': None, 'build_base': '/home/pedrohperes/edromufu/src/movement/Ros2_change/src/build/movement_core', 'catkin_cmake_args': None, 'catkin_skip_building_tests': False, 'cmake_args': None, 'cmake_clean_cache': False, 'cmake_clean_first': False, 'cmake_force_configure': False, 'cmake_target': None, 'cmake_target_skip_unavailable': False, 'install_base': '/home/pedrohperes/edromufu/src/movement/Ros2_change/src/install/movement_core', 'merge_install': False, 'path': '/home/pedrohperes/edromufu/src/movement/Ros2_change/src/movement_core', 'symlink_install': False, 'test_result_base': None}
[0.416s] INFO:colcon.colcon_core.executor:Executing jobs using 'parallel' executor
[0.416s] DEBUG:colcon.colcon_parallel_executor.executor.parallel:run_until_complete
[0.417s] INFO:colcon.colcon_ros.task.ament_python.build:Building ROS package in '/home/pedrohperes/edromufu/src/movement/Ros2_change/src/kinematic_functions' with build type 'ament_python'
[0.417s] Level 1:colcon.colcon_core.shell:create_environment_hook('kinematic_functions', 'ament_prefix_path')
[0.419s] INFO:colcon.colcon_core.plugin_system:Skipping extension 'colcon_core.shell.bat': Not used on non-Windows systems
[0.419s] INFO:colcon.colcon_core.shell:Creating environment hook '/home/pedrohperes/edromufu/src/movement/Ros2_change/src/install/kinematic_functions/share/kinematic_functions/hook/ament_prefix_path.ps1'
[0.419s] INFO:colcon.colcon_core.shell:Creating environment descriptor '/home/pedrohperes/edromufu/src/movement/Ros2_change/src/install/kinematic_functions/share/kinematic_functions/hook/ament_prefix_path.dsv'
[0.420s] INFO:colcon.colcon_core.shell:Creating environment hook '/home/pedrohperes/edromufu/src/movement/Ros2_change/src/install/kinematic_functions/share/kinematic_functions/hook/ament_prefix_path.sh'
[0.420s] INFO:colcon.colcon_core.shell:Skip shell extension 'powershell' for command environment: Not usable outside of PowerShell
[0.421s] DEBUG:colcon.colcon_core.shell:Skip shell extension 'dsv' for command environment
[0.424s] INFO:colcon.colcon_ros.task.ament_cmake.build:Building ROS package in '/home/pedrohperes/edromufu/src/movement/Ros2_change/src/movement_utils' with build type 'ament_cmake'
[0.424s] INFO:colcon.colcon_cmake.task.cmake.build:Building CMake package in '/home/pedrohperes/edromufu/src/movement/Ros2_change/src/movement_utils'
[0.425s] INFO:colcon.colcon_core.shell:Skip shell extension 'powershell' for command environment: Not usable outside of PowerShell
[0.425s] DEBUG:colcon.colcon_core.shell:Skip shell extension 'dsv' for command environment
[0.428s] INFO:colcon.colcon_ros.task.ament_python.build:Building ROS package in '/home/pedrohperes/edromufu/src/movement/Ros2_change/src/erro_package' with build type 'ament_python'
[0.428s] Level 1:colcon.colcon_core.shell:create_environment_hook('erro_package', 'ament_prefix_path')
[0.428s] INFO:colcon.colcon_core.shell:Creating environment hook '/home/pedrohperes/edromufu/src/movement/Ros2_change/src/install/erro_package/share/erro_package/hook/ament_prefix_path.ps1'
[0.429s] INFO:colcon.colcon_core.shell:Creating environment descriptor '/home/pedrohperes/edromufu/src/movement/Ros2_change/src/install/erro_package/share/erro_package/hook/ament_prefix_path.dsv'
[0.429s] INFO:colcon.colcon_core.shell:Creating environment hook '/home/pedrohperes/edromufu/src/movement/Ros2_change/src/install/erro_package/share/erro_package/hook/ament_prefix_path.sh'
[0.429s] INFO:colcon.colcon_core.shell:Skip shell extension 'powershell' for command environment: Not usable outside of PowerShell
[0.429s] DEBUG:colcon.colcon_core.shell:Skip shell extension 'dsv' for command environment
[0.433s] INFO:colcon.colcon_ros.task.ament_cmake.build:Building ROS package in '/home/pedrohperes/edromufu/src/movement/Ros2_change/src/humanoid_visualization' with build type 'ament_cmake'
[0.433s] INFO:colcon.colcon_cmake.task.cmake.build:Building CMake package in '/home/pedrohperes/edromufu/src/movement/Ros2_change/src/humanoid_visualization'
[0.433s] INFO:colcon.colcon_core.shell:Skip shell extension 'powershell' for command environment: Not usable outside of PowerShell
[0.433s] DEBUG:colcon.colcon_core.shell:Skip shell extension 'dsv' for command environment
[0.437s] INFO:colcon.colcon_ros.task.ament_python.build:Building ROS package in '/home/pedrohperes/edromufu/src/movement/Ros2_change/src/tahara_pages' with build type 'ament_python'
[0.437s] Level 1:colcon.colcon_core.shell:create_environment_hook('tahara_pages', 'ament_prefix_path')
[0.437s] INFO:colcon.colcon_core.shell:Creating environment hook '/home/pedrohperes/edromufu/src/movement/Ros2_change/src/install/tahara_pages/share/tahara_pages/hook/ament_prefix_path.ps1'
[0.437s] INFO:colcon.colcon_core.shell:Creating environment descriptor '/home/pedrohperes/edromufu/src/movement/Ros2_change/src/install/tahara_pages/share/tahara_pages/hook/ament_prefix_path.dsv'
[0.438s] INFO:colcon.colcon_core.shell:Creating environment hook '/home/pedrohperes/edromufu/src/movement/Ros2_change/src/install/tahara_pages/share/tahara_pages/hook/ament_prefix_path.sh'
[0.438s] INFO:colcon.colcon_core.shell:Skip shell extension 'powershell' for command environment: Not usable outside of PowerShell
[0.438s] DEBUG:colcon.colcon_core.shell:Skip shell extension 'dsv' for command environment
[0.442s] INFO:colcon.colcon_ros.task.ament_cmake.build:Building ROS package in '/home/pedrohperes/edromufu/src/movement/Ros2_change/src/urdf_example' with build type 'ament_cmake'
[0.442s] INFO:colcon.colcon_cmake.task.cmake.build:Building CMake package in '/home/pedrohperes/edromufu/src/movement/Ros2_change/src/urdf_example'
[0.442s] INFO:colcon.colcon_core.shell:Skip shell extension 'powershell' for command environment: Not usable outside of PowerShell
[0.442s] DEBUG:colcon.colcon_core.shell:Skip shell extension 'dsv' for command environment
[0.445s] INFO:colcon.colcon_ros.task.ament_cmake.build:Building ROS package in '/home/pedrohperes/edromufu/src/movement/Ros2_change/src/urdf_robox' with build type 'ament_cmake'
[0.446s] INFO:colcon.colcon_cmake.task.cmake.build:Building CMake package in '/home/pedrohperes/edromufu/src/movement/Ros2_change/src/urdf_robox'
[0.446s] INFO:colcon.colcon_core.shell:Skip shell extension 'powershell' for command environment: Not usable outside of PowerShell
[0.446s] DEBUG:colcon.colcon_core.shell:Skip shell extension 'dsv' for command environment
[0.738s] INFO:colcon.colcon_core.task.python.build:Building Python package in '/home/pedrohperes/edromufu/src/movement/Ros2_change/src/kinematic_functions'
[0.739s] INFO:colcon.colcon_core.shell:Skip shell extension 'powershell' for command environment: Not usable outside of PowerShell
[0.739s] DEBUG:colcon.colcon_core.shell:Skip shell extension 'dsv' for command environment
[0.747s] DEBUG:colcon.colcon_core.event_handler.log_command:Invoking command in '/home/pedrohperes/edromufu/src/movement/Ros2_change/src/build/movement_utils': CMAKE_PREFIX_PATH=${CMAKE_PREFIX_PATH}:/home/pedrohperes/edromufu/src/movement/Ros2_change/install/u2d2_comm:/home/pedrohperes/edromufu/src/movement/Ros2_change/install/tahara_pages:/home/pedrohperes/edromufu/src/movement/Ros2_change/install/pot_package:/home/pedrohperes/edromufu/src/movement/Ros2_change/install/movement_core:/home/pedrohperes/edromufu/src/movement/Ros2_change/install/movement_pages:/home/pedrohperes/edromufu/src/movement/Ros2_change/install/movement_functions:/home/pedrohperes/edromufu/src/movement/Ros2_change/install/humanoid_definition:/home/pedrohperes/edromufu/src/movement/Ros2_change/install/kinematic_functions:/home/pedrohperes/edromufu/src/movement/Ros2_change/install/erro_package:/opt/ros/humble /usr/bin/cmake --build /home/pedrohperes/edromufu/src/movement/Ros2_change/src/build/movement_utils -- -j12 -l12
[1.038s] INFO:colcon.colcon_core.task.python.build:Building Python package in '/home/pedrohperes/edromufu/src/movement/Ros2_change/src/erro_package'
[1.038s] INFO:colcon.colcon_core.shell:Skip shell extension 'powershell' for command environment: Not usable outside of PowerShell
[1.038s] DEBUG:colcon.colcon_core.shell:Skip shell extension 'dsv' for command environment
[1.045s] DEBUG:colcon.colcon_core.event_handler.log_command:Invoking command in '/home/pedrohperes/edromufu/src/movement/Ros2_change/src/build/humanoid_visualization': CMAKE_PREFIX_PATH=${CMAKE_PREFIX_PATH}:/home/pedrohperes/edromufu/src/movement/Ros2_change/install/u2d2_comm:/home/pedrohperes/edromufu/src/movement/Ros2_change/install/tahara_pages:/home/pedrohperes/edromufu/src/movement/Ros2_change/install/pot_package:/home/pedrohperes/edromufu/src/movement/Ros2_change/install/movement_core:/home/pedrohperes/edromufu/src/movement/Ros2_change/install/movement_pages:/home/pedrohperes/edromufu/src/movement/Ros2_change/install/movement_functions:/home/pedrohperes/edromufu/src/movement/Ros2_change/install/humanoid_definition:/home/pedrohperes/edromufu/src/movement/Ros2_change/install/kinematic_functions:/home/pedrohperes/edromufu/src/movement/Ros2_change/install/erro_package:/opt/ros/humble /usr/bin/cmake --build /home/pedrohperes/edromufu/src/movement/Ros2_change/src/build/humanoid_visualization -- -j12 -l12
[1.328s] INFO:colcon.colcon_core.task.python.build:Building Python package in '/home/pedrohperes/edromufu/src/movement/Ros2_change/src/tahara_pages'
[1.329s] INFO:colcon.colcon_core.shell:Skip shell extension 'powershell' for command environment: Not usable outside of PowerShell
[1.329s] DEBUG:colcon.colcon_core.shell:Skip shell extension 'dsv' for command environment
[1.336s] DEBUG:colcon.colcon_core.event_handler.log_command:Invoking command in '/home/pedrohperes/edromufu/src/movement/Ros2_change/src/build/urdf_example': CMAKE_PREFIX_PATH=${CMAKE_PREFIX_PATH}:/home/pedrohperes/edromufu/src/movement/Ros2_change/install/u2d2_comm:/home/pedrohperes/edromufu/src/movement/Ros2_change/install/tahara_pages:/home/pedrohperes/edromufu/src/movement/Ros2_change/install/pot_package:/home/pedrohperes/edromufu/src/movement/Ros2_change/install/movement_core:/home/pedrohperes/edromufu/src/movement/Ros2_change/install/movement_pages:/home/pedrohperes/edromufu/src/movement/Ros2_change/install/movement_functions:/home/pedrohperes/edromufu/src/movement/Ros2_change/install/humanoid_definition:/home/pedrohperes/edromufu/src/movement/Ros2_change/install/kinematic_functions:/home/pedrohperes/edromufu/src/movement/Ros2_change/install/erro_package:/opt/ros/humble /usr/bin/cmake --build /home/pedrohperes/edromufu/src/movement/Ros2_change/src/build/urdf_example -- -j12 -l12
[1.341s] DEBUG:colcon.colcon_core.event_handler.log_command:Invoking command in '/home/pedrohperes/edromufu/src/movement/Ros2_change/src/build/urdf_robox': CMAKE_PREFIX_PATH=${CMAKE_PREFIX_PATH}:/home/pedrohperes/edromufu/src/movement/Ros2_change/install/u2d2_comm:/home/pedrohperes/edromufu/src/movement/Ros2_change/install/tahara_pages:/home/pedrohperes/edromufu/src/movement/Ros2_change/install/pot_package:/home/pedrohperes/edromufu/src/movement/Ros2_change/install/movement_core:/home/pedrohperes/edromufu/src/movement/Ros2_change/install/movement_pages:/home/pedrohperes/edromufu/src/movement/Ros2_change/install/movement_functions:/home/pedrohperes/edromufu/src/movement/Ros2_change/install/humanoid_definition:/home/pedrohperes/edromufu/src/movement/Ros2_change/install/kinematic_functions:/home/pedrohperes/edromufu/src/movement/Ros2_change/install/erro_package:/opt/ros/humble /usr/bin/cmake --build /home/pedrohperes/edromufu/src/movement/Ros2_change/src/build/urdf_robox -- -j12 -l12
[1.343s] DEBUG:colcon.colcon_core.event_handler.log_command:Invoked command in '/home/pedrohperes/edromufu/src/movement/Ros2_change/src/build/humanoid_visualization' returned '0': CMAKE_PREFIX_PATH=${CMAKE_PREFIX_PATH}:/home/pedrohperes/edromufu/src/movement/Ros2_change/install/u2d2_comm:/home/pedrohperes/edromufu/src/movement/Ros2_change/install/tahara_pages:/home/pedrohperes/edromufu/src/movement/Ros2_change/install/pot_package:/home/pedrohperes/edromufu/src/movement/Ros2_change/install/movement_core:/home/pedrohperes/edromufu/src/movement/Ros2_change/install/movement_pages:/home/pedrohperes/edromufu/src/movement/Ros2_change/install/movement_functions:/home/pedrohperes/edromufu/src/movement/Ros2_change/install/humanoid_definition:/home/pedrohperes/edromufu/src/movement/Ros2_change/install/kinematic_functions:/home/pedrohperes/edromufu/src/movement/Ros2_change/install/erro_package:/opt/ros/humble /usr/bin/cmake --build /home/pedrohperes/edromufu/src/movement/Ros2_change/src/build/humanoid_visualization -- -j12 -l12
[1.343s] DEBUG:colcon.colcon_core.event_handler.log_command:Invoked command in '/home/pedrohperes/edromufu/src/movement/Ros2_change/src/build/movement_utils' returned '0': CMAKE_PREFIX_PATH=${CMAKE_PREFIX_PATH}:/home/pedrohperes/edromufu/src/movement/Ros2_change/install/u2d2_comm:/home/pedrohperes/edromufu/src/movement/Ros2_change/install/tahara_pages:/home/pedrohperes/edromufu/src/movement/Ros2_change/install/pot_package:/home/pedrohperes/edromufu/src/movement/Ros2_change/install/movement_core:/home/pedrohperes/edromufu/src/movement/Ros2_change/install/movement_pages:/home/pedrohperes/edromufu/src/movement/Ros2_change/install/movement_functions:/home/pedrohperes/edromufu/src/movement/Ros2_change/install/humanoid_definition:/home/pedrohperes/edromufu/src/movement/Ros2_change/install/kinematic_functions:/home/pedrohperes/edromufu/src/movement/Ros2_change/install/erro_package:/opt/ros/humble /usr/bin/cmake --build /home/pedrohperes/edromufu/src/movement/Ros2_change/src/build/movement_utils -- -j12 -l12
[1.370s] DEBUG:colcon.colcon_core.event_handler.log_command:Invoking command in '/home/pedrohperes/edromufu/src/movement/Ros2_change/src/build/humanoid_visualization': CMAKE_PREFIX_PATH=${CMAKE_PREFIX_PATH}:/home/pedrohperes/edromufu/src/movement/Ros2_change/install/u2d2_comm:/home/pedrohperes/edromufu/src/movement/Ros2_change/install/tahara_pages:/home/pedrohperes/edromufu/src/movement/Ros2_change/install/pot_package:/home/pedrohperes/edromufu/src/movement/Ros2_change/install/movement_core:/home/pedrohperes/edromufu/src/movement/Ros2_change/install/movement_pages:/home/pedrohperes/edromufu/src/movement/Ros2_change/install/movement_functions:/home/pedrohperes/edromufu/src/movement/Ros2_change/install/humanoid_definition:/home/pedrohperes/edromufu/src/movement/Ros2_change/install/kinematic_functions:/home/pedrohperes/edromufu/src/movement/Ros2_change/install/erro_package:/opt/ros/humble /usr/bin/cmake --install /home/pedrohperes/edromufu/src/movement/Ros2_change/src/build/humanoid_visualization
[1.372s] DEBUG:colcon.colcon_core.event_handler.log_command:Invoked command in '/home/pedrohperes/edromufu/src/movement/Ros2_change/src/build/urdf_example' returned '0': CMAKE_PREFIX_PATH=${CMAKE_PREFIX_PATH}:/home/pedrohperes/edromufu/src/movement/Ros2_change/install/u2d2_comm:/home/pedrohperes/edromufu/src/movement/Ros2_change/install/tahara_pages:/home/pedrohperes/edromufu/src/movement/Ros2_change/install/pot_package:/home/pedrohperes/edromufu/src/movement/Ros2_change/install/movement_core:/home/pedrohperes/edromufu/src/movement/Ros2_change/install/movement_pages:/home/pedrohperes/edromufu/src/movement/Ros2_change/install/movement_functions:/home/pedrohperes/edromufu/src/movement/Ros2_change/install/humanoid_definition:/home/pedrohperes/edromufu/src/movement/Ros2_change/install/kinematic_functions:/home/pedrohperes/edromufu/src/movement/Ros2_change/install/erro_package:/opt/ros/humble /usr/bin/cmake --build /home/pedrohperes/edromufu/src/movement/Ros2_change/src/build/urdf_example -- -j12 -l12
[1.374s] DEBUG:colcon.colcon_core.event_handler.log_command:Invoked command in '/home/pedrohperes/edromufu/src/movement/Ros2_change/src/build/urdf_robox' returned '0': CMAKE_PREFIX_PATH=${CMAKE_PREFIX_PATH}:/home/pedrohperes/edromufu/src/movement/Ros2_change/install/u2d2_comm:/home/pedrohperes/edromufu/src/movement/Ros2_change/install/tahara_pages:/home/pedrohperes/edromufu/src/movement/Ros2_change/install/pot_package:/home/pedrohperes/edromufu/src/movement/Ros2_change/install/movement_core:/home/pedrohperes/edromufu/src/movement/Ros2_change/install/movement_pages:/home/pedrohperes/edromufu/src/movement/Ros2_change/install/movement_functions:/home/pedrohperes/edromufu/src/movement/Ros2_change/install/humanoid_definition:/home/pedrohperes/edromufu/src/movement/Ros2_change/install/kinematic_functions:/home/pedrohperes/edromufu/src/movement/Ros2_change/install/erro_package:/opt/ros/humble /usr/bin/cmake --build /home/pedrohperes/edromufu/src/movement/Ros2_change/src/build/urdf_robox -- -j12 -l12
[1.380s] Level 1:colcon.colcon_core.environment:create_environment_scripts_only(humanoid_visualization)
[1.380s] DEBUG:colcon.colcon_core.event_handler.log_command:Invoked command in '/home/pedrohperes/edromufu/src/movement/Ros2_change/src/build/humanoid_visualization' returned '0': CMAKE_PREFIX_PATH=${CMAKE_PREFIX_PATH}:/home/pedrohperes/edromufu/src/movement/Ros2_change/install/u2d2_comm:/home/pedrohperes/edromufu/src/movement/Ros2_change/install/tahara_pages:/home/pedrohperes/edromufu/src/movement/Ros2_change/install/pot_package:/home/pedrohperes/edromufu/src/movement/Ros2_change/install/movement_core:/home/pedrohperes/edromufu/src/movement/Ros2_change/install/movement_pages:/home/pedrohperes/edromufu/src/movement/Ros2_change/install/movement_functions:/home/pedrohperes/edromufu/src/movement/Ros2_change/install/humanoid_definition:/home/pedrohperes/edromufu/src/movement/Ros2_change/install/kinematic_functions:/home/pedrohperes/edromufu/src/movement/Ros2_change/install/erro_package:/opt/ros/humble /usr/bin/cmake --install /home/pedrohperes/edromufu/src/movement/Ros2_change/src/build/humanoid_visualization
[1.383s] Level 1:colcon.colcon_core.environment:checking '/home/pedrohperes/edromufu/src/movement/Ros2_change/src/install/humanoid_visualization' for CMake module files
[1.383s] Level 1:colcon.colcon_core.environment:checking '/home/pedrohperes/edromufu/src/movement/Ros2_change/src/install/humanoid_visualization' for CMake config files
[1.383s] Level 1:colcon.colcon_core.shell:create_environment_hook('humanoid_visualization', 'cmake_prefix_path')
[1.384s] INFO:colcon.colcon_core.shell:Creating environment hook '/home/pedrohperes/edromufu/src/movement/Ros2_change/src/install/humanoid_visualization/share/humanoid_visualization/hook/cmake_prefix_path.ps1'
[1.384s] INFO:colcon.colcon_core.shell:Creating environment descriptor '/home/pedrohperes/edromufu/src/movement/Ros2_change/src/install/humanoid_visualization/share/humanoid_visualization/hook/cmake_prefix_path.dsv'
[1.384s] INFO:colcon.colcon_core.shell:Creating environment hook '/home/pedrohperes/edromufu/src/movement/Ros2_change/src/install/humanoid_visualization/share/humanoid_visualization/hook/cmake_prefix_path.sh'
[1.385s] Level 1:colcon.colcon_core.environment:checking '/home/pedrohperes/edromufu/src/movement/Ros2_change/src/install/humanoid_visualization/bin'
[1.385s] Level 1:colcon.colcon_core.environment:checking '/home/pedrohperes/edromufu/src/movement/Ros2_change/src/install/humanoid_visualization/lib/pkgconfig/humanoid_visualization.pc'
[1.385s] Level 1:colcon.colcon_core.environment:checking '/home/pedrohperes/edromufu/src/movement/Ros2_change/src/install/humanoid_visualization/lib/python3.10/site-packages'
[1.385s] Level 1:colcon.colcon_core.environment:checking '/home/pedrohperes/edromufu/src/movement/Ros2_change/src/install/humanoid_visualization/bin'
[1.386s] INFO:colcon.colcon_core.shell:Creating package script '/home/pedrohperes/edromufu/src/movement/Ros2_change/src/install/humanoid_visualization/share/humanoid_visualization/package.ps1'
[1.386s] INFO:colcon.colcon_core.shell:Creating package descriptor '/home/pedrohperes/edromufu/src/movement/Ros2_change/src/install/humanoid_visualization/share/humanoid_visualization/package.dsv'
[1.387s] INFO:colcon.colcon_core.shell:Creating package script '/home/pedrohperes/edromufu/src/movement/Ros2_change/src/install/humanoid_visualization/share/humanoid_visualization/package.sh'
[1.387s] INFO:colcon.colcon_core.shell:Creating package script '/home/pedrohperes/edromufu/src/movement/Ros2_change/src/install/humanoid_visualization/share/humanoid_visualization/package.bash'
[1.388s] INFO:colcon.colcon_core.shell:Creating package script '/home/pedrohperes/edromufu/src/movement/Ros2_change/src/install/humanoid_visualization/share/humanoid_visualization/package.zsh'
[1.389s] Level 1:colcon.colcon_core.environment:create_file_with_runtime_dependencies(/home/pedrohperes/edromufu/src/movement/Ros2_change/src/install/humanoid_visualization/share/colcon-core/packages/humanoid_visualization)
[1.392s] DEBUG:colcon.colcon_core.event_handler.log_command:Invoking command in '/home/pedrohperes/edromufu/src/movement/Ros2_change/src/build/urdf_example': CMAKE_PREFIX_PATH=${CMAKE_PREFIX_PATH}:/home/pedrohperes/edromufu/src/movement/Ros2_change/install/u2d2_comm:/home/pedrohperes/edromufu/src/movement/Ros2_change/install/tahara_pages:/home/pedrohperes/edromufu/src/movement/Ros2_change/install/pot_package:/home/pedrohperes/edromufu/src/movement/Ros2_change/install/movement_core:/home/pedrohperes/edromufu/src/movement/Ros2_change/install/movement_pages:/home/pedrohperes/edromufu/src/movement/Ros2_change/install/movement_functions:/home/pedrohperes/edromufu/src/movement/Ros2_change/install/humanoid_definition:/home/pedrohperes/edromufu/src/movement/Ros2_change/install/kinematic_functions:/home/pedrohperes/edromufu/src/movement/Ros2_change/install/erro_package:/opt/ros/humble /usr/bin/cmake --install /home/pedrohperes/edromufu/src/movement/Ros2_change/src/build/urdf_example
[1.394s] DEBUG:colcon.colcon_core.event_handler.log_command:Invoking command in '/home/pedrohperes/edromufu/src/movement/Ros2_change/src/build/urdf_robox': CMAKE_PREFIX_PATH=${CMAKE_PREFIX_PATH}:/home/pedrohperes/edromufu/src/movement/Ros2_change/install/u2d2_comm:/home/pedrohperes/edromufu/src/movement/Ros2_change/install/tahara_pages:/home/pedrohperes/edromufu/src/movement/Ros2_change/install/pot_package:/home/pedrohperes/edromufu/src/movement/Ros2_change/install/movement_core:/home/pedrohperes/edromufu/src/movement/Ros2_change/install/movement_pages:/home/pedrohperes/edromufu/src/movement/Ros2_change/install/movement_functions:/home/pedrohperes/edromufu/src/movement/Ros2_change/install/humanoid_definition:/home/pedrohperes/edromufu/src/movement/Ros2_change/install/kinematic_functions:/home/pedrohperes/edromufu/src/movement/Ros2_change/install/erro_package:/opt/ros/humble /usr/bin/cmake --install /home/pedrohperes/edromufu/src/movement/Ros2_change/src/build/urdf_robox
[1.405s] Level 1:colcon.colcon_core.environment:create_environment_scripts_only(urdf_example)
[1.406s] Level 1:colcon.colcon_core.environment:checking '/home/pedrohperes/edromufu/src/movement/Ros2_change/src/install/urdf_example' for CMake module files
[1.407s] Level 1:colcon.colcon_core.environment:checking '/home/pedrohperes/edromufu/src/movement/Ros2_change/src/install/urdf_example' for CMake config files
[1.408s] DEBUG:colcon.colcon_core.event_handler.log_command:Invoked command in '/home/pedrohperes/edromufu/src/movement/Ros2_change/src/build/urdf_example' returned '0': CMAKE_PREFIX_PATH=${CMAKE_PREFIX_PATH}:/home/pedrohperes/edromufu/src/movement/Ros2_change/install/u2d2_comm:/home/pedrohperes/edromufu/src/movement/Ros2_change/install/tahara_pages:/home/pedrohperes/edromufu/src/movement/Ros2_change/install/pot_package:/home/pedrohperes/edromufu/src/movement/Ros2_change/install/movement_core:/home/pedrohperes/edromufu/src/movement/Ros2_change/install/movement_pages:/home/pedrohperes/edromufu/src/movement/Ros2_change/install/movement_functions:/home/pedrohperes/edromufu/src/movement/Ros2_change/install/humanoid_definition:/home/pedrohperes/edromufu/src/movement/Ros2_change/install/kinematic_functions:/home/pedrohperes/edromufu/src/movement/Ros2_change/install/erro_package:/opt/ros/humble /usr/bin/cmake --install /home/pedrohperes/edromufu/src/movement/Ros2_change/src/build/urdf_example
[1.409s] Level 1:colcon.colcon_core.shell:create_environment_hook('urdf_example', 'cmake_prefix_path')
[1.409s] INFO:colcon.colcon_core.shell:Creating environment hook '/home/pedrohperes/edromufu/src/movement/Ros2_change/src/install/urdf_example/share/urdf_example/hook/cmake_prefix_path.ps1'
[1.409s] INFO:colcon.colcon_core.shell:Creating environment descriptor '/home/pedrohperes/edromufu/src/movement/Ros2_change/src/install/urdf_example/share/urdf_example/hook/cmake_prefix_path.dsv'
[1.409s] INFO:colcon.colcon_core.shell:Creating environment hook '/home/pedrohperes/edromufu/src/movement/Ros2_change/src/install/urdf_example/share/urdf_example/hook/cmake_prefix_path.sh'
[1.410s] Level 1:colcon.colcon_core.environment:checking '/home/pedrohperes/edromufu/src/movement/Ros2_change/src/install/urdf_example/bin'
[1.410s] Level 1:colcon.colcon_core.environment:checking '/home/pedrohperes/edromufu/src/movement/Ros2_change/src/install/urdf_example/lib/pkgconfig/urdf_example.pc'
[1.410s] Level 1:colcon.colcon_core.environment:checking '/home/pedrohperes/edromufu/src/movement/Ros2_change/src/install/urdf_example/lib/python3.10/site-packages'
[1.410s] Level 1:colcon.colcon_core.environment:checking '/home/pedrohperes/edromufu/src/movement/Ros2_change/src/install/urdf_example/bin'
[1.411s] INFO:colcon.colcon_core.shell:Creating package script '/home/pedrohperes/edromufu/src/movement/Ros2_change/src/install/urdf_example/share/urdf_example/package.ps1'
[1.411s] INFO:colcon.colcon_core.shell:Creating package descriptor '/home/pedrohperes/edromufu/src/movement/Ros2_change/src/install/urdf_example/share/urdf_example/package.dsv'
[1.411s] INFO:colcon.colcon_core.shell:Creating package script '/home/pedrohperes/edromufu/src/movement/Ros2_change/src/install/urdf_example/share/urdf_example/package.sh'
[1.412s] INFO:colcon.colcon_core.shell:Creating package script '/home/pedrohperes/edromufu/src/movement/Ros2_change/src/install/urdf_example/share/urdf_example/package.bash'
[1.412s] INFO:colcon.colcon_core.shell:Creating package script '/home/pedrohperes/edromufu/src/movement/Ros2_change/src/install/urdf_example/share/urdf_example/package.zsh'
[1.412s] Level 1:colcon.colcon_core.environment:create_file_with_runtime_dependencies(/home/pedrohperes/edromufu/src/movement/Ros2_change/src/install/urdf_example/share/colcon-core/packages/urdf_example)
[1.413s] Level 1:colcon.colcon_core.environment:create_environment_scripts_only(urdf_robox)
[1.414s] Level 1:colcon.colcon_core.environment:checking '/home/pedrohperes/edromufu/src/movement/Ros2_change/src/install/urdf_robox' for CMake module files
[1.414s] DEBUG:colcon.colcon_core.event_handler.log_command:Invoked command in '/home/pedrohperes/edromufu/src/movement/Ros2_change/src/build/urdf_robox' returned '0': CMAKE_PREFIX_PATH=${CMAKE_PREFIX_PATH}:/home/pedrohperes/edromufu/src/movement/Ros2_change/install/u2d2_comm:/home/pedrohperes/edromufu/src/movement/Ros2_change/install/tahara_pages:/home/pedrohperes/edromufu/src/movement/Ros2_change/install/pot_package:/home/pedrohperes/edromufu/src/movement/Ros2_change/install/movement_core:/home/pedrohperes/edromufu/src/movement/Ros2_change/install/movement_pages:/home/pedrohperes/edromufu/src/movement/Ros2_change/install/movement_functions:/home/pedrohperes/edromufu/src/movement/Ros2_change/install/humanoid_definition:/home/pedrohperes/edromufu/src/movement/Ros2_change/install/kinematic_functions:/home/pedrohperes/edromufu/src/movement/Ros2_change/install/erro_package:/opt/ros/humble /usr/bin/cmake --install /home/pedrohperes/edromufu/src/movement/Ros2_change/src/build/urdf_robox
[1.414s] Level 1:colcon.colcon_core.environment:checking '/home/pedrohperes/edromufu/src/movement/Ros2_change/src/install/urdf_robox' for CMake config files
[1.415s] Level 1:colcon.colcon_core.shell:create_environment_hook('urdf_robox', 'cmake_prefix_path')
[1.415s] INFO:colcon.colcon_core.shell:Creating environment hook '/home/pedrohperes/edromufu/src/movement/Ros2_change/src/install/urdf_robox/share/urdf_robox/hook/cmake_prefix_path.ps1'
[1.415s] INFO:colcon.colcon_core.shell:Creating environment descriptor '/home/pedrohperes/edromufu/src/movement/Ros2_change/src/install/urdf_robox/share/urdf_robox/hook/cmake_prefix_path.dsv'
[1.416s] INFO:colcon.colcon_core.shell:Creating environment hook '/home/pedrohperes/edromufu/src/movement/Ros2_change/src/install/urdf_robox/share/urdf_robox/hook/cmake_prefix_path.sh'
[1.416s] Level 1:colcon.colcon_core.environment:checking '/home/pedrohperes/edromufu/src/movement/Ros2_change/src/install/urdf_robox/bin'
[1.416s] Level 1:colcon.colcon_core.environment:checking '/home/pedrohperes/edromufu/src/movement/Ros2_change/src/install/urdf_robox/lib/pkgconfig/urdf_robox.pc'
[1.416s] Level 1:colcon.colcon_core.environment:checking '/home/pedrohperes/edromufu/src/movement/Ros2_change/src/install/urdf_robox/lib/python3.10/site-packages'
[1.416s] Level 1:colcon.colcon_core.environment:checking '/home/pedrohperes/edromufu/src/movement/Ros2_change/src/install/urdf_robox/bin'
[1.417s] INFO:colcon.colcon_core.shell:Creating package script '/home/pedrohperes/edromufu/src/movement/Ros2_change/src/install/urdf_robox/share/urdf_robox/package.ps1'
[1.417s] INFO:colcon.colcon_core.shell:Creating package descriptor '/home/pedrohperes/edromufu/src/movement/Ros2_change/src/install/urdf_robox/share/urdf_robox/package.dsv'
[1.417s] INFO:colcon.colcon_core.shell:Creating package script '/home/pedrohperes/edromufu/src/movement/Ros2_change/src/install/urdf_robox/share/urdf_robox/package.sh'
[1.418s] INFO:colcon.colcon_core.shell:Creating package script '/home/pedrohperes/edromufu/src/movement/Ros2_change/src/install/urdf_robox/share/urdf_robox/package.bash'
[1.418s] INFO:colcon.colcon_core.shell:Creating package script '/home/pedrohperes/edromufu/src/movement/Ros2_change/src/install/urdf_robox/share/urdf_robox/package.zsh'
[1.419s] Level 1:colcon.colcon_core.environment:create_file_with_runtime_dependencies(/home/pedrohperes/edromufu/src/movement/Ros2_change/src/install/urdf_robox/share/colcon-core/packages/urdf_robox)
[1.420s] Level 1:colcon.colcon_core.environment:create_environment_scripts_only(humanoid_visualization)
[1.421s] Level 1:colcon.colcon_core.environment:checking '/home/pedrohperes/edromufu/src/movement/Ros2_change/src/install/humanoid_visualization' for CMake module files
[1.421s] Level 1:colcon.colcon_core.environment:checking '/home/pedrohperes/edromufu/src/movement/Ros2_change/src/install/humanoid_visualization' for CMake config files
[1.422s] Level 1:colcon.colcon_core.shell:create_environment_hook('humanoid_visualization', 'cmake_prefix_path')
[1.422s] INFO:colcon.colcon_core.shell:Creating environment hook '/home/pedrohperes/edromufu/src/movement/Ros2_change/src/install/humanoid_visualization/share/humanoid_visualization/hook/cmake_prefix_path.ps1'
[1.422s] INFO:colcon.colcon_core.shell:Creating environment descriptor '/home/pedrohperes/edromufu/src/movement/Ros2_change/src/install/humanoid_visualization/share/humanoid_visualization/hook/cmake_prefix_path.dsv'
[1.423s] INFO:colcon.colcon_core.shell:Creating environment hook '/home/pedrohperes/edromufu/src/movement/Ros2_change/src/install/humanoid_visualization/share/humanoid_visualization/hook/cmake_prefix_path.sh'
[1.423s] Level 1:colcon.colcon_core.environment:checking '/home/pedrohperes/edromufu/src/movement/Ros2_change/src/install/humanoid_visualization/bin'
[1.424s] Level 1:colcon.colcon_core.environment:checking '/home/pedrohperes/edromufu/src/movement/Ros2_change/src/install/humanoid_visualization/lib/pkgconfig/humanoid_visualization.pc'
[1.424s] Level 1:colcon.colcon_core.environment:checking '/home/pedrohperes/edromufu/src/movement/Ros2_change/src/install/humanoid_visualization/lib/python3.10/site-packages'
[1.424s] Level 1:colcon.colcon_core.environment:checking '/home/pedrohperes/edromufu/src/movement/Ros2_change/src/install/humanoid_visualization/bin'
[1.425s] INFO:colcon.colcon_core.shell:Creating package script '/home/pedrohperes/edromufu/src/movement/Ros2_change/src/install/humanoid_visualization/share/humanoid_visualization/package.ps1'
[1.425s] INFO:colcon.colcon_core.shell:Creating package descriptor '/home/pedrohperes/edromufu/src/movement/Ros2_change/src/install/humanoid_visualization/share/humanoid_visualization/package.dsv'
[1.426s] INFO:colcon.colcon_core.shell:Creating package script '/home/pedrohperes/edromufu/src/movement/Ros2_change/src/install/humanoid_visualization/share/humanoid_visualization/package.sh'
[1.427s] INFO:colcon.colcon_core.shell:Creating package script '/home/pedrohperes/edromufu/src/movement/Ros2_change/src/install/humanoid_visualization/share/humanoid_visualization/package.bash'
[1.427s] INFO:colcon.colcon_core.shell:Creating package script '/home/pedrohperes/edromufu/src/movement/Ros2_change/src/install/humanoid_visualization/share/humanoid_visualization/package.zsh'
[1.428s] Level 1:colcon.colcon_core.environment:create_file_with_runtime_dependencies(/home/pedrohperes/edromufu/src/movement/Ros2_change/src/install/humanoid_visualization/share/colcon-core/packages/humanoid_visualization)
[1.429s] Level 1:colcon.colcon_core.environment:create_environment_scripts_only(urdf_example)
[1.430s] Level 1:colcon.colcon_core.environment:checking '/home/pedrohperes/edromufu/src/movement/Ros2_change/src/install/urdf_example' for CMake module files
[1.431s] Level 1:colcon.colcon_core.environment:checking '/home/pedrohperes/edromufu/src/movement/Ros2_change/src/install/urdf_example' for CMake config files
[1.431s] Level 1:colcon.colcon_core.shell:create_environment_hook('urdf_example', 'cmake_prefix_path')
[1.431s] INFO:colcon.colcon_core.shell:Creating environment hook '/home/pedrohperes/edromufu/src/movement/Ros2_change/src/install/urdf_example/share/urdf_example/hook/cmake_prefix_path.ps1'
[1.432s] INFO:colcon.colcon_core.shell:Creating environment descriptor '/home/pedrohperes/edromufu/src/movement/Ros2_change/src/install/urdf_example/share/urdf_example/hook/cmake_prefix_path.dsv'
[1.432s] INFO:colcon.colcon_core.shell:Creating environment hook '/home/pedrohperes/edromufu/src/movement/Ros2_change/src/install/urdf_example/share/urdf_example/hook/cmake_prefix_path.sh'
[1.433s] Level 1:colcon.colcon_core.environment:checking '/home/pedrohperes/edromufu/src/movement/Ros2_change/src/install/urdf_example/bin'
[1.433s] Level 1:colcon.colcon_core.environment:checking '/home/pedrohperes/edromufu/src/movement/Ros2_change/src/install/urdf_example/lib/pkgconfig/urdf_example.pc'
[1.433s] Level 1:colcon.colcon_core.environment:checking '/home/pedrohperes/edromufu/src/movement/Ros2_change/src/install/urdf_example/lib/python3.10/site-packages'
[1.434s] Level 1:colcon.colcon_core.environment:checking '/home/pedrohperes/edromufu/src/movement/Ros2_change/src/install/urdf_example/bin'
[1.434s] INFO:colcon.colcon_core.shell:Creating package script '/home/pedrohperes/edromufu/src/movement/Ros2_change/src/install/urdf_example/share/urdf_example/package.ps1'
[1.435s] INFO:colcon.colcon_core.shell:Creating package descriptor '/home/pedrohperes/edromufu/src/movement/Ros2_change/src/install/urdf_example/share/urdf_example/package.dsv'
[1.435s] INFO:colcon.colcon_core.shell:Creating package script '/home/pedrohperes/edromufu/src/movement/Ros2_change/src/install/urdf_example/share/urdf_example/package.sh'
[1.436s] INFO:colcon.colcon_core.shell:Creating package script '/home/pedrohperes/edromufu/src/movement/Ros2_change/src/install/urdf_example/share/urdf_example/package.bash'
[1.436s] INFO:colcon.colcon_core.shell:Creating package script '/home/pedrohperes/edromufu/src/movement/Ros2_change/src/install/urdf_example/share/urdf_example/package.zsh'
[1.437s] Level 1:colcon.colcon_core.environment:create_file_with_runtime_dependencies(/home/pedrohperes/edromufu/src/movement/Ros2_change/src/install/urdf_example/share/colcon-core/packages/urdf_example)
[1.438s] Level 1:colcon.colcon_core.environment:create_environment_scripts_only(urdf_robox)
[1.439s] Level 1:colcon.colcon_core.environment:checking '/home/pedrohperes/edromufu/src/movement/Ros2_change/src/install/urdf_robox' for CMake module files
[1.439s] Level 1:colcon.colcon_core.environment:checking '/home/pedrohperes/edromufu/src/movement/Ros2_change/src/install/urdf_robox' for CMake config files
[1.440s] Level 1:colcon.colcon_core.shell:create_environment_hook('urdf_robox', 'cmake_prefix_path')
[1.440s] INFO:colcon.colcon_core.shell:Creating environment hook '/home/pedrohperes/edromufu/src/movement/Ros2_change/src/install/urdf_robox/share/urdf_robox/hook/cmake_prefix_path.ps1'
[1.441s] INFO:colcon.colcon_core.shell:Creating environment descriptor '/home/pedrohperes/edromufu/src/movement/Ros2_change/src/install/urdf_robox/share/urdf_robox/hook/cmake_prefix_path.dsv'
[1.441s] INFO:colcon.colcon_core.shell:Creating environment hook '/home/pedrohperes/edromufu/src/movement/Ros2_change/src/install/urdf_robox/share/urdf_robox/hook/cmake_prefix_path.sh'
[1.442s] Level 1:colcon.colcon_core.environment:checking '/home/pedrohperes/edromufu/src/movement/Ros2_change/src/install/urdf_robox/bin'
[1.442s] Level 1:colcon.colcon_core.environment:checking '/home/pedrohperes/edromufu/src/movement/Ros2_change/src/install/urdf_robox/lib/pkgconfig/urdf_robox.pc'
[1.442s] Level 1:colcon.colcon_core.environment:checking '/home/pedrohperes/edromufu/src/movement/Ros2_change/src/install/urdf_robox/lib/python3.10/site-packages'
[1.443s] Level 1:colcon.colcon_core.environment:checking '/home/pedrohperes/edromufu/src/movement/Ros2_change/src/install/urdf_robox/bin'
[1.443s] INFO:colcon.colcon_core.shell:Creating package script '/home/pedrohperes/edromufu/src/movement/Ros2_change/src/install/urdf_robox/share/urdf_robox/package.ps1'
[1.444s] INFO:colcon.colcon_core.shell:Creating package descriptor '/home/pedrohperes/edromufu/src/movement/Ros2_change/src/install/urdf_robox/share/urdf_robox/package.dsv'
[1.444s] INFO:colcon.colcon_core.shell:Creating package script '/home/pedrohperes/edromufu/src/movement/Ros2_change/src/install/urdf_robox/share/urdf_robox/package.sh'
[1.445s] INFO:colcon.colcon_core.shell:Creating package script '/home/pedrohperes/edromufu/src/movement/Ros2_change/src/install/urdf_robox/share/urdf_robox/package.bash'
[1.445s] INFO:colcon.colcon_core.shell:Creating package script '/home/pedrohperes/edromufu/src/movement/Ros2_change/src/install/urdf_robox/share/urdf_robox/package.zsh'
[1.446s] Level 1:colcon.colcon_core.environment:create_file_with_runtime_dependencies(/home/pedrohperes/edromufu/src/movement/Ros2_change/src/install/urdf_robox/share/colcon-core/packages/urdf_robox)
[1.502s] DEBUG:colcon.colcon_core.event_handler.log_command:Invoking command in '/home/pedrohperes/edromufu/src/movement/Ros2_change/src/build/movement_utils': CMAKE_PREFIX_PATH=${CMAKE_PREFIX_PATH}:/home/pedrohperes/edromufu/src/movement/Ros2_change/install/u2d2_comm:/home/pedrohperes/edromufu/src/movement/Ros2_change/install/tahara_pages:/home/pedrohperes/edromufu/src/movement/Ros2_change/install/pot_package:/home/pedrohperes/edromufu/src/movement/Ros2_change/install/movement_core:/home/pedrohperes/edromufu/src/movement/Ros2_change/install/movement_pages:/home/pedrohperes/edromufu/src/movement/Ros2_change/install/movement_functions:/home/pedrohperes/edromufu/src/movement/Ros2_change/install/humanoid_definition:/home/pedrohperes/edromufu/src/movement/Ros2_change/install/kinematic_functions:/home/pedrohperes/edromufu/src/movement/Ros2_change/install/erro_package:/opt/ros/humble /usr/bin/cmake --install /home/pedrohperes/edromufu/src/movement/Ros2_change/src/build/movement_utils
[1.560s] Level 1:colcon.colcon_core.environment:create_environment_scripts_only(movement_utils)
[1.561s] Level 1:colcon.colcon_core.environment:checking '/home/pedrohperes/edromufu/src/movement/Ros2_change/src/install/movement_utils' for CMake module files
[1.561s] DEBUG:colcon.colcon_core.event_handler.log_command:Invoked command in '/home/pedrohperes/edromufu/src/movement/Ros2_change/src/build/movement_utils' returned '0': CMAKE_PREFIX_PATH=${CMAKE_PREFIX_PATH}:/home/pedrohperes/edromufu/src/movement/Ros2_change/install/u2d2_comm:/home/pedrohperes/edromufu/src/movement/Ros2_change/install/tahara_pages:/home/pedrohperes/edromufu/src/movement/Ros2_change/install/pot_package:/home/pedrohperes/edromufu/src/movement/Ros2_change/install/movement_core:/home/pedrohperes/edromufu/src/movement/Ros2_change/install/movement_pages:/home/pedrohperes/edromufu/src/movement/Ros2_change/install/movement_functions:/home/pedrohperes/edromufu/src/movement/Ros2_change/install/humanoid_definition:/home/pedrohperes/edromufu/src/movement/Ros2_change/install/kinematic_functions:/home/pedrohperes/edromufu/src/movement/Ros2_change/install/erro_package:/opt/ros/humble /usr/bin/cmake --install /home/pedrohperes/edromufu/src/movement/Ros2_change/src/build/movement_utils
[1.562s] Level 1:colcon.colcon_core.environment:checking '/home/pedrohperes/edromufu/src/movement/Ros2_change/src/install/movement_utils' for CMake config files
[1.564s] Level 1:colcon.colcon_core.shell:create_environment_hook('movement_utils', 'cmake_prefix_path')
[1.564s] INFO:colcon.colcon_core.shell:Creating environment hook '/home/pedrohperes/edromufu/src/movement/Ros2_change/src/install/movement_utils/share/movement_utils/hook/cmake_prefix_path.ps1'
[1.564s] INFO:colcon.colcon_core.shell:Creating environment descriptor '/home/pedrohperes/edromufu/src/movement/Ros2_change/src/install/movement_utils/share/movement_utils/hook/cmake_prefix_path.dsv'
[1.565s] INFO:colcon.colcon_core.shell:Creating environment hook '/home/pedrohperes/edromufu/src/movement/Ros2_change/src/install/movement_utils/share/movement_utils/hook/cmake_prefix_path.sh'
[1.565s] Level 1:colcon.colcon_core.environment:checking '/home/pedrohperes/edromufu/src/movement/Ros2_change/src/install/movement_utils/lib'
[1.566s] Level 1:colcon.colcon_core.shell:create_environment_hook('movement_utils', 'ld_library_path_lib')
[1.566s] INFO:colcon.colcon_core.shell:Creating environment hook '/home/pedrohperes/edromufu/src/movement/Ros2_change/src/install/movement_utils/share/movement_utils/hook/ld_library_path_lib.ps1'
[1.567s] INFO:colcon.colcon_core.shell:Creating environment descriptor '/home/pedrohperes/edromufu/src/movement/Ros2_change/src/install/movement_utils/share/movement_utils/hook/ld_library_path_lib.dsv'
[1.567s] INFO:colcon.colcon_core.shell:Creating environment hook '/home/pedrohperes/edromufu/src/movement/Ros2_change/src/install/movement_utils/share/movement_utils/hook/ld_library_path_lib.sh'
[1.567s] Level 1:colcon.colcon_core.environment:checking '/home/pedrohperes/edromufu/src/movement/Ros2_change/src/install/movement_utils/bin'
[1.567s] Level 1:colcon.colcon_core.environment:checking '/home/pedrohperes/edromufu/src/movement/Ros2_change/src/install/movement_utils/lib/pkgconfig/movement_utils.pc'
[1.568s] Level 1:colcon.colcon_core.environment:checking '/home/pedrohperes/edromufu/src/movement/Ros2_change/src/install/movement_utils/lib/python3.10/site-packages'
[1.568s] Level 1:colcon.colcon_core.environment:checking '/home/pedrohperes/edromufu/src/movement/Ros2_change/src/install/movement_utils/bin'
[1.569s] INFO:colcon.colcon_core.shell:Creating package script '/home/pedrohperes/edromufu/src/movement/Ros2_change/src/install/movement_utils/share/movement_utils/package.ps1'
[1.569s] INFO:colcon.colcon_core.shell:Creating package descriptor '/home/pedrohperes/edromufu/src/movement/Ros2_change/src/install/movement_utils/share/movement_utils/package.dsv'
[1.570s] INFO:colcon.colcon_core.shell:Creating package script '/home/pedrohperes/edromufu/src/movement/Ros2_change/src/install/movement_utils/share/movement_utils/package.sh'
[1.570s] INFO:colcon.colcon_core.shell:Creating package script '/home/pedrohperes/edromufu/src/movement/Ros2_change/src/install/movement_utils/share/movement_utils/package.bash'
[1.571s] INFO:colcon.colcon_core.shell:Creating package script '/home/pedrohperes/edromufu/src/movement/Ros2_change/src/install/movement_utils/share/movement_utils/package.zsh'
[1.571s] Level 1:colcon.colcon_core.environment:create_file_with_runtime_dependencies(/home/pedrohperes/edromufu/src/movement/Ros2_change/src/install/movement_utils/share/colcon-core/packages/movement_utils)
[1.720s] Level 1:colcon.colcon_core.environment:create_environment_scripts_only(movement_utils)
[1.721s] Level 1:colcon.colcon_core.environment:checking '/home/pedrohperes/edromufu/src/movement/Ros2_change/src/install/movement_utils' for CMake module files
[1.721s] Level 1:colcon.colcon_core.environment:checking '/home/pedrohperes/edromufu/src/movement/Ros2_change/src/install/movement_utils' for CMake config files
[1.722s] Level 1:colcon.colcon_core.shell:create_environment_hook('movement_utils', 'cmake_prefix_path')
[1.722s] INFO:colcon.colcon_core.shell:Creating environment hook '/home/pedrohperes/edromufu/src/movement/Ros2_change/src/install/movement_utils/share/movement_utils/hook/cmake_prefix_path.ps1'
[1.722s] INFO:colcon.colcon_core.shell:Creating environment descriptor '/home/pedrohperes/edromufu/src/movement/Ros2_change/src/install/movement_utils/share/movement_utils/hook/cmake_prefix_path.dsv'
[1.723s] INFO:colcon.colcon_core.shell:Creating environment hook '/home/pedrohperes/edromufu/src/movement/Ros2_change/src/install/movement_utils/share/movement_utils/hook/cmake_prefix_path.sh'
[1.723s] Level 1:colcon.colcon_core.environment:checking '/home/pedrohperes/edromufu/src/movement/Ros2_change/src/install/movement_utils/lib'
[1.723s] Level 1:colcon.colcon_core.shell:create_environment_hook('movement_utils', 'ld_library_path_lib')
[1.723s] INFO:colcon.colcon_core.shell:Creating environment hook '/home/pedrohperes/edromufu/src/movement/Ros2_change/src/install/movement_utils/share/movement_utils/hook/ld_library_path_lib.ps1'
[1.724s] INFO:colcon.colcon_core.shell:Creating environment descriptor '/home/pedrohperes/edromufu/src/movement/Ros2_change/src/install/movement_utils/share/movement_utils/hook/ld_library_path_lib.dsv'
[1.724s] INFO:colcon.colcon_core.shell:Creating environment hook '/home/pedrohperes/edromufu/src/movement/Ros2_change/src/install/movement_utils/share/movement_utils/hook/ld_library_path_lib.sh'
[1.724s] Level 1:colcon.colcon_core.environment:checking '/home/pedrohperes/edromufu/src/movement/Ros2_change/src/install/movement_utils/bin'
[1.724s] Level 1:colcon.colcon_core.environment:checking '/home/pedrohperes/edromufu/src/movement/Ros2_change/src/install/movement_utils/lib/pkgconfig/movement_utils.pc'
[1.725s] Level 1:colcon.colcon_core.environment:checking '/home/pedrohperes/edromufu/src/movement/Ros2_change/src/install/movement_utils/lib/python3.10/site-packages'
[1.725s] Level 1:colcon.colcon_core.environment:checking '/home/pedrohperes/edromufu/src/movement/Ros2_change/src/install/movement_utils/bin'
[1.725s] INFO:colcon.colcon_core.shell:Creating package script '/home/pedrohperes/edromufu/src/movement/Ros2_change/src/install/movement_utils/share/movement_utils/package.ps1'
[1.726s] INFO:colcon.colcon_core.shell:Creating package descriptor '/home/pedrohperes/edromufu/src/movement/Ros2_change/src/install/movement_utils/share/movement_utils/package.dsv'
[1.726s] INFO:colcon.colcon_core.shell:Creating package script '/home/pedrohperes/edromufu/src/movement/Ros2_change/src/install/movement_utils/share/movement_utils/package.sh'
[1.727s] INFO:colcon.colcon_core.shell:Creating package script '/home/pedrohperes/edromufu/src/movement/Ros2_change/src/install/movement_utils/share/movement_utils/package.bash'
[1.727s] INFO:colcon.colcon_core.shell:Creating package script '/home/pedrohperes/edromufu/src/movement/Ros2_change/src/install/movement_utils/share/movement_utils/package.zsh'
[1.727s] Level 1:colcon.colcon_core.environment:create_file_with_runtime_dependencies(/home/pedrohperes/edromufu/src/movement/Ros2_change/src/install/movement_utils/share/colcon-core/packages/movement_utils)
[1.728s] INFO:colcon.colcon_ros.task.ament_python.build:Building ROS package in '/home/pedrohperes/edromufu/src/movement/Ros2_change/src/movement_pages' with build type 'ament_python'
[1.728s] Level 1:colcon.colcon_core.shell:create_environment_hook('movement_pages', 'ament_prefix_path')
[1.728s] INFO:colcon.colcon_core.shell:Creating environment hook '/home/pedrohperes/edromufu/src/movement/Ros2_change/src/install/movement_pages/share/movement_pages/hook/ament_prefix_path.ps1'
[1.728s] INFO:colcon.colcon_core.shell:Creating environment descriptor '/home/pedrohperes/edromufu/src/movement/Ros2_change/src/install/movement_pages/share/movement_pages/hook/ament_prefix_path.dsv'
[1.729s] INFO:colcon.colcon_core.shell:Creating environment hook '/home/pedrohperes/edromufu/src/movement/Ros2_change/src/install/movement_pages/share/movement_pages/hook/ament_prefix_path.sh'
[1.729s] INFO:colcon.colcon_core.shell:Skip shell extension 'powershell' for command environment: Not usable outside of PowerShell
[1.729s] DEBUG:colcon.colcon_core.shell:Skip shell extension 'dsv' for command environment
[1.734s] INFO:colcon.colcon_ros.task.ament_python.build:Building ROS package in '/home/pedrohperes/edromufu/src/movement/Ros2_change/src/u2d2_comm' with build type 'ament_python'
[1.734s] Level 1:colcon.colcon_core.shell:create_environment_hook('u2d2_comm', 'ament_prefix_path')
[1.735s] INFO:colcon.colcon_core.shell:Creating environment hook '/home/pedrohperes/edromufu/src/movement/Ros2_change/src/install/u2d2_comm/share/u2d2_comm/hook/ament_prefix_path.ps1'
[1.735s] INFO:colcon.colcon_core.shell:Creating environment descriptor '/home/pedrohperes/edromufu/src/movement/Ros2_change/src/install/u2d2_comm/share/u2d2_comm/hook/ament_prefix_path.dsv'
[1.736s] INFO:colcon.colcon_core.shell:Creating environment hook '/home/pedrohperes/edromufu/src/movement/Ros2_change/src/install/u2d2_comm/share/u2d2_comm/hook/ament_prefix_path.sh'
[1.736s] INFO:colcon.colcon_core.shell:Skip shell extension 'powershell' for command environment: Not usable outside of PowerShell
[1.736s] DEBUG:colcon.colcon_core.shell:Skip shell extension 'dsv' for command environment
[2.059s] INFO:colcon.colcon_core.task.python.build:Building Python package in '/home/pedrohperes/edromufu/src/movement/Ros2_change/src/movement_pages'
[2.060s] INFO:colcon.colcon_core.shell:Skip shell extension 'powershell' for command environment: Not usable outside of PowerShell
[2.060s] DEBUG:colcon.colcon_core.shell:Skip shell extension 'dsv' for command environment
[2.350s] INFO:colcon.colcon_core.task.python.build:Building Python package in '/home/pedrohperes/edromufu/src/movement/Ros2_change/src/u2d2_comm'
[2.351s] INFO:colcon.colcon_core.shell:Skip shell extension 'powershell' for command environment: Not usable outside of PowerShell
[2.351s] DEBUG:colcon.colcon_core.shell:Skip shell extension 'dsv' for command environment
[2.359s] DEBUG:colcon.colcon_core.event_handler.log_command:Invoking command in '/home/pedrohperes/edromufu/src/movement/Ros2_change/src/tahara_pages': PYTHONPATH=/home/pedrohperes/edromufu/src/movement/Ros2_change/src/build/tahara_pages/prefix_override:/home/pedrohperes/edromufu/src/movement/Ros2_change/src/install/tahara_pages/lib/python3.10/site-packages:${PYTHONPATH} /usr/bin/python3 -W ignore:setup.py install is deprecated setup.py egg_info --egg-base ../build/tahara_pages build --build-base /home/pedrohperes/edromufu/src/movement/Ros2_change/src/build/tahara_pages/build install --record /home/pedrohperes/edromufu/src/movement/Ros2_change/src/build/tahara_pages/install.log --single-version-externally-managed install_data
[2.362s] DEBUG:colcon.colcon_core.event_handler.log_command:Invoking command in '/home/pedrohperes/edromufu/src/movement/Ros2_change/src/erro_package': PYTHONPATH=/home/pedrohperes/edromufu/src/movement/Ros2_change/src/build/erro_package/prefix_override:/home/pedrohperes/edromufu/src/movement/Ros2_change/src/install/erro_package/lib/python3.10/site-packages:${PYTHONPATH} /usr/bin/python3 -W ignore:setup.py install is deprecated setup.py egg_info --egg-base ../build/erro_package build --build-base /home/pedrohperes/edromufu/src/movement/Ros2_change/src/build/erro_package/build install --record /home/pedrohperes/edromufu/src/movement/Ros2_change/src/build/erro_package/install.log --single-version-externally-managed install_data
[2.365s] DEBUG:colcon.colcon_core.event_handler.log_command:Invoking command in '/home/pedrohperes/edromufu/src/movement/Ros2_change/src/kinematic_functions': PYTHONPATH=/home/pedrohperes/edromufu/src/movement/Ros2_change/src/build/kinematic_functions/prefix_override:/home/pedrohperes/edromufu/src/movement/Ros2_change/src/install/kinematic_functions/lib/python3.10/site-packages:${PYTHONPATH} /usr/bin/python3 -W ignore:setup.py install is deprecated setup.py egg_info --egg-base ../build/kinematic_functions build --build-base /home/pedrohperes/edromufu/src/movement/Ros2_change/src/build/kinematic_functions/build install --record /home/pedrohperes/edromufu/src/movement/Ros2_change/src/build/kinematic_functions/install.log --single-version-externally-managed install_data
[2.699s] Level 1:colcon.colcon_core.environment:checking '/home/pedrohperes/edromufu/src/movement/Ros2_change/src/install/erro_package' for CMake module files
[2.700s] DEBUG:colcon.colcon_core.event_handler.log_command:Invoked command in '/home/pedrohperes/edromufu/src/movement/Ros2_change/src/erro_package' returned '0': PYTHONPATH=/home/pedrohperes/edromufu/src/movement/Ros2_change/src/build/erro_package/prefix_override:/home/pedrohperes/edromufu/src/movement/Ros2_change/src/install/erro_package/lib/python3.10/site-packages:${PYTHONPATH} /usr/bin/python3 -W ignore:setup.py install is deprecated setup.py egg_info --egg-base ../build/erro_package build --build-base /home/pedrohperes/edromufu/src/movement/Ros2_change/src/build/erro_package/build install --record /home/pedrohperes/edromufu/src/movement/Ros2_change/src/build/erro_package/install.log --single-version-externally-managed install_data
[2.701s] Level 1:colcon.colcon_core.environment:checking '/home/pedrohperes/edromufu/src/movement/Ros2_change/src/install/erro_package' for CMake config files
[2.701s] Level 1:colcon.colcon_core.environment:checking '/home/pedrohperes/edromufu/src/movement/Ros2_change/src/install/erro_package/lib'
[2.702s] Level 1:colcon.colcon_core.environment:checking '/home/pedrohperes/edromufu/src/movement/Ros2_change/src/install/erro_package/bin'
[2.702s] Level 1:colcon.colcon_core.environment:checking '/home/pedrohperes/edromufu/src/movement/Ros2_change/src/install/erro_package/lib/pkgconfig/erro_package.pc'
[2.702s] Level 1:colcon.colcon_core.environment:checking '/home/pedrohperes/edromufu/src/movement/Ros2_change/src/install/erro_package/lib/python3.10/site-packages'
[2.702s] Level 1:colcon.colcon_core.shell:create_environment_hook('erro_package', 'pythonpath')
[2.703s] INFO:colcon.colcon_core.shell:Creating environment hook '/home/pedrohperes/edromufu/src/movement/Ros2_change/src/install/erro_package/share/erro_package/hook/pythonpath.ps1'
[2.703s] INFO:colcon.colcon_core.shell:Creating environment descriptor '/home/pedrohperes/edromufu/src/movement/Ros2_change/src/install/erro_package/share/erro_package/hook/pythonpath.dsv'
[2.704s] INFO:colcon.colcon_core.shell:Creating environment hook '/home/pedrohperes/edromufu/src/movement/Ros2_change/src/install/erro_package/share/erro_package/hook/pythonpath.sh'
[2.704s] Level 1:colcon.colcon_core.environment:checking '/home/pedrohperes/edromufu/src/movement/Ros2_change/src/install/erro_package/bin'
[2.704s] Level 1:colcon.colcon_core.environment:create_environment_scripts_only(erro_package)
[2.705s] INFO:colcon.colcon_core.shell:Creating package script '/home/pedrohperes/edromufu/src/movement/Ros2_change/src/install/erro_package/share/erro_package/package.ps1'
[2.706s] INFO:colcon.colcon_core.shell:Creating package descriptor '/home/pedrohperes/edromufu/src/movement/Ros2_change/src/install/erro_package/share/erro_package/package.dsv'
[2.706s] INFO:colcon.colcon_core.shell:Creating package script '/home/pedrohperes/edromufu/src/movement/Ros2_change/src/install/erro_package/share/erro_package/package.sh'
[2.707s] INFO:colcon.colcon_core.shell:Creating package script '/home/pedrohperes/edromufu/src/movement/Ros2_change/src/install/erro_package/share/erro_package/package.bash'
[2.707s] INFO:colcon.colcon_core.shell:Creating package script '/home/pedrohperes/edromufu/src/movement/Ros2_change/src/install/erro_package/share/erro_package/package.zsh'
[2.708s] Level 1:colcon.colcon_core.environment:create_file_with_runtime_dependencies(/home/pedrohperes/edromufu/src/movement/Ros2_change/src/install/erro_package/share/colcon-core/packages/erro_package)
[2.708s] Level 1:colcon.colcon_core.environment:checking '/home/pedrohperes/edromufu/src/movement/Ros2_change/src/install/tahara_pages' for CMake module files
[2.709s] DEBUG:colcon.colcon_core.event_handler.log_command:Invoked command in '/home/pedrohperes/edromufu/src/movement/Ros2_change/src/tahara_pages' returned '0': PYTHONPATH=/home/pedrohperes/edromufu/src/movement/Ros2_change/src/build/tahara_pages/prefix_override:/home/pedrohperes/edromufu/src/movement/Ros2_change/src/install/tahara_pages/lib/python3.10/site-packages:${PYTHONPATH} /usr/bin/python3 -W ignore:setup.py install is deprecated setup.py egg_info --egg-base ../build/tahara_pages build --build-base /home/pedrohperes/edromufu/src/movement/Ros2_change/src/build/tahara_pages/build install --record /home/pedrohperes/edromufu/src/movement/Ros2_change/src/build/tahara_pages/install.log --single-version-externally-managed install_data
[2.710s] Level 1:colcon.colcon_core.environment:checking '/home/pedrohperes/edromufu/src/movement/Ros2_change/src/install/tahara_pages' for CMake config files
[2.710s] Level 1:colcon.colcon_core.environment:checking '/home/pedrohperes/edromufu/src/movement/Ros2_change/src/install/tahara_pages/lib'
[2.711s] Level 1:colcon.colcon_core.environment:checking '/home/pedrohperes/edromufu/src/movement/Ros2_change/src/install/tahara_pages/bin'
[2.711s] Level 1:colcon.colcon_core.environment:checking '/home/pedrohperes/edromufu/src/movement/Ros2_change/src/install/tahara_pages/lib/pkgconfig/tahara_pages.pc'
[2.711s] Level 1:colcon.colcon_core.environment:checking '/home/pedrohperes/edromufu/src/movement/Ros2_change/src/install/tahara_pages/lib/python3.10/site-packages'
[2.711s] Level 1:colcon.colcon_core.shell:create_environment_hook('tahara_pages', 'pythonpath')
[2.712s] INFO:colcon.colcon_core.shell:Creating environment hook '/home/pedrohperes/edromufu/src/movement/Ros2_change/src/install/tahara_pages/share/tahara_pages/hook/pythonpath.ps1'
[2.712s] INFO:colcon.colcon_core.shell:Creating environment descriptor '/home/pedrohperes/edromufu/src/movement/Ros2_change/src/install/tahara_pages/share/tahara_pages/hook/pythonpath.dsv'
[2.712s] INFO:colcon.colcon_core.shell:Creating environment hook '/home/pedrohperes/edromufu/src/movement/Ros2_change/src/install/tahara_pages/share/tahara_pages/hook/pythonpath.sh'
[2.713s] Level 1:colcon.colcon_core.environment:checking '/home/pedrohperes/edromufu/src/movement/Ros2_change/src/install/tahara_pages/bin'
[2.713s] Level 1:colcon.colcon_core.environment:create_environment_scripts_only(tahara_pages)
[2.714s] INFO:colcon.colcon_core.shell:Creating package script '/home/pedrohperes/edromufu/src/movement/Ros2_change/src/install/tahara_pages/share/tahara_pages/package.ps1'
[2.715s] INFO:colcon.colcon_core.shell:Creating package descriptor '/home/pedrohperes/edromufu/src/movement/Ros2_change/src/install/tahara_pages/share/tahara_pages/package.dsv'
[2.715s] INFO:colcon.colcon_core.shell:Creating package script '/home/pedrohperes/edromufu/src/movement/Ros2_change/src/install/tahara_pages/share/tahara_pages/package.sh'
[2.716s] INFO:colcon.colcon_core.shell:Creating package script '/home/pedrohperes/edromufu/src/movement/Ros2_change/src/install/tahara_pages/share/tahara_pages/package.bash'
[2.716s] INFO:colcon.colcon_core.shell:Creating package script '/home/pedrohperes/edromufu/src/movement/Ros2_change/src/install/tahara_pages/share/tahara_pages/package.zsh'
[2.717s] Level 1:colcon.colcon_core.environment:create_file_with_runtime_dependencies(/home/pedrohperes/edromufu/src/movement/Ros2_change/src/install/tahara_pages/share/colcon-core/packages/tahara_pages)
[2.718s] Level 1:colcon.colcon_core.environment:checking '/home/pedrohperes/edromufu/src/movement/Ros2_change/src/install/kinematic_functions' for CMake module files
[2.718s] DEBUG:colcon.colcon_core.event_handler.log_command:Invoked command in '/home/pedrohperes/edromufu/src/movement/Ros2_change/src/kinematic_functions' returned '0': PYTHONPATH=/home/pedrohperes/edromufu/src/movement/Ros2_change/src/build/kinematic_functions/prefix_override:/home/pedrohperes/edromufu/src/movement/Ros2_change/src/install/kinematic_functions/lib/python3.10/site-packages:${PYTHONPATH} /usr/bin/python3 -W ignore:setup.py install is deprecated setup.py egg_info --egg-base ../build/kinematic_functions build --build-base /home/pedrohperes/edromufu/src/movement/Ros2_change/src/build/kinematic_functions/build install --record /home/pedrohperes/edromufu/src/movement/Ros2_change/src/build/kinematic_functions/install.log --single-version-externally-managed install_data
[2.719s] Level 1:colcon.colcon_core.environment:checking '/home/pedrohperes/edromufu/src/movement/Ros2_change/src/install/kinematic_functions' for CMake config files
[2.719s] Level 1:colcon.colcon_core.environment:checking '/home/pedrohperes/edromufu/src/movement/Ros2_change/src/install/kinematic_functions/lib'
[2.719s] Level 1:colcon.colcon_core.environment:checking '/home/pedrohperes/edromufu/src/movement/Ros2_change/src/install/kinematic_functions/bin'
[2.720s] Level 1:colcon.colcon_core.environment:checking '/home/pedrohperes/edromufu/src/movement/Ros2_change/src/install/kinematic_functions/lib/pkgconfig/kinematic_functions.pc'
[2.720s] Level 1:colcon.colcon_core.environment:checking '/home/pedrohperes/edromufu/src/movement/Ros2_change/src/install/kinematic_functions/lib/python3.10/site-packages'
[2.720s] Level 1:colcon.colcon_core.shell:create_environment_hook('kinematic_functions', 'pythonpath')
[2.720s] INFO:colcon.colcon_core.shell:Creating environment hook '/home/pedrohperes/edromufu/src/movement/Ros2_change/src/install/kinematic_functions/share/kinematic_functions/hook/pythonpath.ps1'
[2.721s] INFO:colcon.colcon_core.shell:Creating environment descriptor '/home/pedrohperes/edromufu/src/movement/Ros2_change/src/install/kinematic_functions/share/kinematic_functions/hook/pythonpath.dsv'
[2.721s] INFO:colcon.colcon_core.shell:Creating environment hook '/home/pedrohperes/edromufu/src/movement/Ros2_change/src/install/kinematic_functions/share/kinematic_functions/hook/pythonpath.sh'
[2.722s] Level 1:colcon.colcon_core.environment:checking '/home/pedrohperes/edromufu/src/movement/Ros2_change/src/install/kinematic_functions/bin'
[2.722s] Level 1:colcon.colcon_core.environment:create_environment_scripts_only(kinematic_functions)
[2.723s] INFO:colcon.colcon_core.shell:Creating package script '/home/pedrohperes/edromufu/src/movement/Ros2_change/src/install/kinematic_functions/share/kinematic_functions/package.ps1'
[2.724s] INFO:colcon.colcon_core.shell:Creating package descriptor '/home/pedrohperes/edromufu/src/movement/Ros2_change/src/install/kinematic_functions/share/kinematic_functions/package.dsv'
[2.724s] INFO:colcon.colcon_core.shell:Creating package script '/home/pedrohperes/edromufu/src/movement/Ros2_change/src/install/kinematic_functions/share/kinematic_functions/package.sh'
[2.725s] INFO:colcon.colcon_core.shell:Creating package script '/home/pedrohperes/edromufu/src/movement/Ros2_change/src/install/kinematic_functions/share/kinematic_functions/package.bash'
[2.725s] INFO:colcon.colcon_core.shell:Creating package script '/home/pedrohperes/edromufu/src/movement/Ros2_change/src/install/kinematic_functions/share/kinematic_functions/package.zsh'
[2.725s] Level 1:colcon.colcon_core.environment:create_file_with_runtime_dependencies(/home/pedrohperes/edromufu/src/movement/Ros2_change/src/install/kinematic_functions/share/colcon-core/packages/kinematic_functions)
[2.726s] INFO:colcon.colcon_ros.task.ament_python.build:Building ROS package in '/home/pedrohperes/edromufu/src/movement/Ros2_change/src/humanoid_definition' with build type 'ament_python'
[2.726s] Level 1:colcon.colcon_core.shell:create_environment_hook('humanoid_definition', 'ament_prefix_path')
[2.726s] INFO:colcon.colcon_core.shell:Creating environment hook '/home/pedrohperes/edromufu/src/movement/Ros2_change/src/install/humanoid_definition/share/humanoid_definition/hook/ament_prefix_path.ps1'
[2.727s] INFO:colcon.colcon_core.shell:Creating environment descriptor '/home/pedrohperes/edromufu/src/movement/Ros2_change/src/install/humanoid_definition/share/humanoid_definition/hook/ament_prefix_path.dsv'
[2.727s] INFO:colcon.colcon_core.shell:Creating environment hook '/home/pedrohperes/edromufu/src/movement/Ros2_change/src/install/humanoid_definition/share/humanoid_definition/hook/ament_prefix_path.sh'
[2.728s] INFO:colcon.colcon_core.shell:Skip shell extension 'powershell' for command environment: Not usable outside of PowerShell
[2.728s] DEBUG:colcon.colcon_core.shell:Skip shell extension 'dsv' for command environment
[2.732s] INFO:colcon.colcon_ros.task.ament_python.build:Building ROS package in '/home/pedrohperes/edromufu/src/movement/Ros2_change/src/movement_functions' with build type 'ament_python'
[2.732s] Level 1:colcon.colcon_core.shell:create_environment_hook('movement_functions', 'ament_prefix_path')
[2.732s] INFO:colcon.colcon_core.shell:Creating environment hook '/home/pedrohperes/edromufu/src/movement/Ros2_change/src/install/movement_functions/share/movement_functions/hook/ament_prefix_path.ps1'
[2.733s] INFO:colcon.colcon_core.shell:Creating environment descriptor '/home/pedrohperes/edromufu/src/movement/Ros2_change/src/install/movement_functions/share/movement_functions/hook/ament_prefix_path.dsv'
[2.733s] INFO:colcon.colcon_core.shell:Creating environment hook '/home/pedrohperes/edromufu/src/movement/Ros2_change/src/install/movement_functions/share/movement_functions/hook/ament_prefix_path.sh'
[2.733s] INFO:colcon.colcon_core.shell:Skip shell extension 'powershell' for command environment: Not usable outside of PowerShell
[2.733s] DEBUG:colcon.colcon_core.shell:Skip shell extension 'dsv' for command environment
[3.043s] INFO:colcon.colcon_core.task.python.build:Building Python package in '/home/pedrohperes/edromufu/src/movement/Ros2_change/src/humanoid_definition'
[3.043s] INFO:colcon.colcon_core.shell:Skip shell extension 'powershell' for command environment: Not usable outside of PowerShell
[3.043s] DEBUG:colcon.colcon_core.shell:Skip shell extension 'dsv' for command environment
[3.326s] INFO:colcon.colcon_core.task.python.build:Building Python package in '/home/pedrohperes/edromufu/src/movement/Ros2_change/src/movement_functions'
[3.326s] INFO:colcon.colcon_core.shell:Skip shell extension 'powershell' for command environment: Not usable outside of PowerShell
[3.326s] DEBUG:colcon.colcon_core.shell:Skip shell extension 'dsv' for command environment
[3.334s] DEBUG:colcon.colcon_core.event_handler.log_command:Invoking command in '/home/pedrohperes/edromufu/src/movement/Ros2_change/src/movement_pages': AMENT_PREFIX_PATH=/home/pedrohperes/edromufu/src/movement/Ros2_change/src/install/movement_utils:${AMENT_PREFIX_PATH} CMAKE_PREFIX_PATH=/home/pedrohperes/edromufu/src/movement/Ros2_change/src/install/movement_utils:${CMAKE_PREFIX_PATH} LD_LIBRARY_PATH=/home/pedrohperes/edromufu/src/movement/Ros2_change/src/install/movement_utils/lib:${LD_LIBRARY_PATH} PYTHONPATH=/home/pedrohperes/edromufu/src/movement/Ros2_change/src/build/movement_pages/prefix_override:/home/pedrohperes/edromufu/src/movement/Ros2_change/src/install/movement_pages/lib/python3.10/site-packages:/home/pedrohperes/edromufu/src/movement/Ros2_change/src/install/movement_utils/local/lib/python3.10/dist-packages:${PYTHONPATH} /usr/bin/python3 -W ignore:setup.py install is deprecated setup.py egg_info --egg-base ../build/movement_pages build --build-base /home/pedrohperes/edromufu/src/movement/Ros2_change/src/build/movement_pages/build install --record /home/pedrohperes/edromufu/src/movement/Ros2_change/src/build/movement_pages/install.log --single-version-externally-managed install_data
[3.336s] DEBUG:colcon.colcon_core.event_handler.log_command:Invoking command in '/home/pedrohperes/edromufu/src/movement/Ros2_change/src/u2d2_comm': AMENT_PREFIX_PATH=/home/pedrohperes/edromufu/src/movement/Ros2_change/src/install/movement_utils:${AMENT_PREFIX_PATH} CMAKE_PREFIX_PATH=/home/pedrohperes/edromufu/src/movement/Ros2_change/src/install/movement_utils:${CMAKE_PREFIX_PATH} LD_LIBRARY_PATH=/home/pedrohperes/edromufu/src/movement/Ros2_change/src/install/movement_utils/lib:${LD_LIBRARY_PATH} PYTHONPATH=/home/pedrohperes/edromufu/src/movement/Ros2_change/src/build/u2d2_comm/prefix_override:/home/pedrohperes/edromufu/src/movement/Ros2_change/src/install/u2d2_comm/lib/python3.10/site-packages:/home/pedrohperes/edromufu/src/movement/Ros2_change/src/install/movement_utils/local/lib/python3.10/dist-packages:${PYTHONPATH} /usr/bin/python3 -W ignore:setup.py install is deprecated setup.py egg_info --egg-base ../build/u2d2_comm build --build-base /home/pedrohperes/edromufu/src/movement/Ros2_change/src/build/u2d2_comm/build install --record /home/pedrohperes/edromufu/src/movement/Ros2_change/src/build/u2d2_comm/install.log --single-version-externally-managed install_data
[3.667s] Level 1:colcon.colcon_core.environment:checking '/home/pedrohperes/edromufu/src/movement/Ros2_change/src/install/u2d2_comm' for CMake module files
[3.668s] DEBUG:colcon.colcon_core.event_handler.log_command:Invoked command in '/home/pedrohperes/edromufu/src/movement/Ros2_change/src/u2d2_comm' returned '0': AMENT_PREFIX_PATH=/home/pedrohperes/edromufu/src/movement/Ros2_change/src/install/movement_utils:${AMENT_PREFIX_PATH} CMAKE_PREFIX_PATH=/home/pedrohperes/edromufu/src/movement/Ros2_change/src/install/movement_utils:${CMAKE_PREFIX_PATH} LD_LIBRARY_PATH=/home/pedrohperes/edromufu/src/movement/Ros2_change/src/install/movement_utils/lib:${LD_LIBRARY_PATH} PYTHONPATH=/home/pedrohperes/edromufu/src/movement/Ros2_change/src/build/u2d2_comm/prefix_override:/home/pedrohperes/edromufu/src/movement/Ros2_change/src/install/u2d2_comm/lib/python3.10/site-packages:/home/pedrohperes/edromufu/src/movement/Ros2_change/src/install/movement_utils/local/lib/python3.10/dist-packages:${PYTHONPATH} /usr/bin/python3 -W ignore:setup.py install is deprecated setup.py egg_info --egg-base ../build/u2d2_comm build --build-base /home/pedrohperes/edromufu/src/movement/Ros2_change/src/build/u2d2_comm/build install --record /home/pedrohperes/edromufu/src/movement/Ros2_change/src/build/u2d2_comm/install.log --single-version-externally-managed install_data
[3.668s] Level 1:colcon.colcon_core.environment:checking '/home/pedrohperes/edromufu/src/movement/Ros2_change/src/install/u2d2_comm' for CMake config files
[3.669s] Level 1:colcon.colcon_core.environment:checking '/home/pedrohperes/edromufu/src/movement/Ros2_change/src/install/u2d2_comm/lib'
[3.669s] Level 1:colcon.colcon_core.environment:checking '/home/pedrohperes/edromufu/src/movement/Ros2_change/src/install/u2d2_comm/bin'
[3.669s] Level 1:colcon.colcon_core.environment:checking '/home/pedrohperes/edromufu/src/movement/Ros2_change/src/install/u2d2_comm/lib/pkgconfig/u2d2_comm.pc'
[3.670s] Level 1:colcon.colcon_core.environment:checking '/home/pedrohperes/edromufu/src/movement/Ros2_change/src/install/u2d2_comm/lib/python3.10/site-packages'
[3.670s] Level 1:colcon.colcon_core.shell:create_environment_hook('u2d2_comm', 'pythonpath')
[3.670s] INFO:colcon.colcon_core.shell:Creating environment hook '/home/pedrohperes/edromufu/src/movement/Ros2_change/src/install/u2d2_comm/share/u2d2_comm/hook/pythonpath.ps1'
[3.671s] INFO:colcon.colcon_core.shell:Creating environment descriptor '/home/pedrohperes/edromufu/src/movement/Ros2_change/src/install/u2d2_comm/share/u2d2_comm/hook/pythonpath.dsv'
[3.671s] INFO:colcon.colcon_core.shell:Creating environment hook '/home/pedrohperes/edromufu/src/movement/Ros2_change/src/install/u2d2_comm/share/u2d2_comm/hook/pythonpath.sh'
[3.672s] Level 1:colcon.colcon_core.environment:checking '/home/pedrohperes/edromufu/src/movement/Ros2_change/src/install/u2d2_comm/bin'
[3.672s] Level 1:colcon.colcon_core.environment:create_environment_scripts_only(u2d2_comm)
[3.673s] INFO:colcon.colcon_core.shell:Creating package script '/home/pedrohperes/edromufu/src/movement/Ros2_change/src/install/u2d2_comm/share/u2d2_comm/package.ps1'
[3.673s] INFO:colcon.colcon_core.shell:Creating package descriptor '/home/pedrohperes/edromufu/src/movement/Ros2_change/src/install/u2d2_comm/share/u2d2_comm/package.dsv'
[3.674s] INFO:colcon.colcon_core.shell:Creating package script '/home/pedrohperes/edromufu/src/movement/Ros2_change/src/install/u2d2_comm/share/u2d2_comm/package.sh'
[3.674s] INFO:colcon.colcon_core.shell:Creating package script '/home/pedrohperes/edromufu/src/movement/Ros2_change/src/install/u2d2_comm/share/u2d2_comm/package.bash'
[3.675s] INFO:colcon.colcon_core.shell:Creating package script '/home/pedrohperes/edromufu/src/movement/Ros2_change/src/install/u2d2_comm/share/u2d2_comm/package.zsh'
[3.675s] Level 1:colcon.colcon_core.environment:create_file_with_runtime_dependencies(/home/pedrohperes/edromufu/src/movement/Ros2_change/src/install/u2d2_comm/share/colcon-core/packages/u2d2_comm)
[3.676s] Level 1:colcon.colcon_core.environment:checking '/home/pedrohperes/edromufu/src/movement/Ros2_change/src/install/movement_pages' for CMake module files
[3.677s] Level 1:colcon.colcon_core.environment:checking '/home/pedrohperes/edromufu/src/movement/Ros2_change/src/install/movement_pages' for CMake config files
[3.678s] DEBUG:colcon.colcon_core.event_handler.log_command:Invoked command in '/home/pedrohperes/edromufu/src/movement/Ros2_change/src/movement_pages' returned '0': AMENT_PREFIX_PATH=/home/pedrohperes/edromufu/src/movement/Ros2_change/src/install/movement_utils:${AMENT_PREFIX_PATH} CMAKE_PREFIX_PATH=/home/pedrohperes/edromufu/src/movement/Ros2_change/src/install/movement_utils:${CMAKE_PREFIX_PATH} LD_LIBRARY_PATH=/home/pedrohperes/edromufu/src/movement/Ros2_change/src/install/movement_utils/lib:${LD_LIBRARY_PATH} PYTHONPATH=/home/pedrohperes/edromufu/src/movement/Ros2_change/src/build/movement_pages/prefix_override:/home/pedrohperes/edromufu/src/movement/Ros2_change/src/install/movement_pages/lib/python3.10/site-packages:/home/pedrohperes/edromufu/src/movement/Ros2_change/src/install/movement_utils/local/lib/python3.10/dist-packages:${PYTHONPATH} /usr/bin/python3 -W ignore:setup.py install is deprecated setup.py egg_info --egg-base ../build/movement_pages build --build-base /home/pedrohperes/edromufu/src/movement/Ros2_change/src/build/movement_pages/build install --record /home/pedrohperes/edromufu/src/movement/Ros2_change/src/build/movement_pages/install.log --single-version-externally-managed install_data
[3.678s] Level 1:colcon.colcon_core.environment:checking '/home/pedrohperes/edromufu/src/movement/Ros2_change/src/install/movement_pages/lib'
[3.678s] Level 1:colcon.colcon_core.environment:checking '/home/pedrohperes/edromufu/src/movement/Ros2_change/src/install/movement_pages/bin'
[3.679s] Level 1:colcon.colcon_core.environment:checking '/home/pedrohperes/edromufu/src/movement/Ros2_change/src/install/movement_pages/lib/pkgconfig/movement_pages.pc'
[3.679s] Level 1:colcon.colcon_core.environment:checking '/home/pedrohperes/edromufu/src/movement/Ros2_change/src/install/movement_pages/lib/python3.10/site-packages'
[3.679s] Level 1:colcon.colcon_core.shell:create_environment_hook('movement_pages', 'pythonpath')
[3.679s] INFO:colcon.colcon_core.shell:Creating environment hook '/home/pedrohperes/edromufu/src/movement/Ros2_change/src/install/movement_pages/share/movement_pages/hook/pythonpath.ps1'
[3.680s] INFO:colcon.colcon_core.shell:Creating environment descriptor '/home/pedrohperes/edromufu/src/movement/Ros2_change/src/install/movement_pages/share/movement_pages/hook/pythonpath.dsv'
[3.680s] INFO:colcon.colcon_core.shell:Creating environment hook '/home/pedrohperes/edromufu/src/movement/Ros2_change/src/install/movement_pages/share/movement_pages/hook/pythonpath.sh'
[3.681s] Level 1:colcon.colcon_core.environment:checking '/home/pedrohperes/edromufu/src/movement/Ros2_change/src/install/movement_pages/bin'
[3.681s] Level 1:colcon.colcon_core.environment:create_environment_scripts_only(movement_pages)
[3.682s] INFO:colcon.colcon_core.shell:Creating package script '/home/pedrohperes/edromufu/src/movement/Ros2_change/src/install/movement_pages/share/movement_pages/package.ps1'
[3.682s] INFO:colcon.colcon_core.shell:Creating package descriptor '/home/pedrohperes/edromufu/src/movement/Ros2_change/src/install/movement_pages/share/movement_pages/package.dsv'
[3.683s] INFO:colcon.colcon_core.shell:Creating package script '/home/pedrohperes/edromufu/src/movement/Ros2_change/src/install/movement_pages/share/movement_pages/package.sh'
[3.684s] INFO:colcon.colcon_core.shell:Creating package script '/home/pedrohperes/edromufu/src/movement/Ros2_change/src/install/movement_pages/share/movement_pages/package.bash'
[3.684s] INFO:colcon.colcon_core.shell:Creating package script '/home/pedrohperes/edromufu/src/movement/Ros2_change/src/install/movement_pages/share/movement_pages/package.zsh'
[3.685s] Level 1:colcon.colcon_core.environment:create_file_with_runtime_dependencies(/home/pedrohperes/edromufu/src/movement/Ros2_change/src/install/movement_pages/share/colcon-core/packages/movement_pages)
[3.824s] DEBUG:colcon.colcon_core.event_handler.log_command:Invoking command in '/home/pedrohperes/edromufu/src/movement/Ros2_change/src/humanoid_definition': AMENT_PREFIX_PATH=/home/pedrohperes/edromufu/src/movement/Ros2_change/src/install/kinematic_functions:${AMENT_PREFIX_PATH} PYTHONPATH=/home/pedrohperes/edromufu/src/movement/Ros2_change/src/build/humanoid_definition/prefix_override:/home/pedrohperes/edromufu/src/movement/Ros2_change/src/install/humanoid_definition/lib/python3.10/site-packages:/home/pedrohperes/edromufu/src/movement/Ros2_change/src/install/kinematic_functions/lib/python3.10/site-packages:${PYTHONPATH} /usr/bin/python3 -W ignore:setup.py install is deprecated setup.py egg_info --egg-base ../build/humanoid_definition build --build-base /home/pedrohperes/edromufu/src/movement/Ros2_change/src/build/humanoid_definition/build install --record /home/pedrohperes/edromufu/src/movement/Ros2_change/src/build/humanoid_definition/install.log --single-version-externally-managed install_data
[3.837s] DEBUG:colcon.colcon_core.event_handler.log_command:Invoking command in '/home/pedrohperes/edromufu/src/movement/Ros2_change/src/movement_functions': AMENT_PREFIX_PATH=/home/pedrohperes/edromufu/src/movement/Ros2_change/src/install/kinematic_functions:${AMENT_PREFIX_PATH} PYTHONPATH=/home/pedrohperes/edromufu/src/movement/Ros2_change/src/build/movement_functions/prefix_override:/home/pedrohperes/edromufu/src/movement/Ros2_change/src/install/movement_functions/lib/python3.10/site-packages:/home/pedrohperes/edromufu/src/movement/Ros2_change/src/install/kinematic_functions/lib/python3.10/site-packages:${PYTHONPATH} /usr/bin/python3 -W ignore:setup.py install is deprecated setup.py egg_info --egg-base ../build/movement_functions build --build-base /home/pedrohperes/edromufu/src/movement/Ros2_change/src/build/movement_functions/build install --record /home/pedrohperes/edromufu/src/movement/Ros2_change/src/build/movement_functions/install.log --single-version-externally-managed install_data
[4.159s] Level 1:colcon.colcon_core.environment:checking '/home/pedrohperes/edromufu/src/movement/Ros2_change/src/install/humanoid_definition' for CMake module files
[4.159s] DEBUG:colcon.colcon_core.event_handler.log_command:Invoked command in '/home/pedrohperes/edromufu/src/movement/Ros2_change/src/humanoid_definition' returned '0': AMENT_PREFIX_PATH=/home/pedrohperes/edromufu/src/movement/Ros2_change/src/install/kinematic_functions:${AMENT_PREFIX_PATH} PYTHONPATH=/home/pedrohperes/edromufu/src/movement/Ros2_change/src/build/humanoid_definition/prefix_override:/home/pedrohperes/edromufu/src/movement/Ros2_change/src/install/humanoid_definition/lib/python3.10/site-packages:/home/pedrohperes/edromufu/src/movement/Ros2_change/src/install/kinematic_functions/lib/python3.10/site-packages:${PYTHONPATH} /usr/bin/python3 -W ignore:setup.py install is deprecated setup.py egg_info --egg-base ../build/humanoid_definition build --build-base /home/pedrohperes/edromufu/src/movement/Ros2_change/src/build/humanoid_definition/build install --record /home/pedrohperes/edromufu/src/movement/Ros2_change/src/build/humanoid_definition/install.log --single-version-externally-managed install_data
[4.159s] Level 1:colcon.colcon_core.environment:checking '/home/pedrohperes/edromufu/src/movement/Ros2_change/src/install/humanoid_definition' for CMake config files
[4.160s] Level 1:colcon.colcon_core.environment:checking '/home/pedrohperes/edromufu/src/movement/Ros2_change/src/install/humanoid_definition/lib'
[4.160s] Level 1:colcon.colcon_core.environment:checking '/home/pedrohperes/edromufu/src/movement/Ros2_change/src/install/humanoid_definition/bin'
[4.160s] Level 1:colcon.colcon_core.environment:checking '/home/pedrohperes/edromufu/src/movement/Ros2_change/src/install/humanoid_definition/lib/pkgconfig/humanoid_definition.pc'
[4.160s] Level 1:colcon.colcon_core.environment:checking '/home/pedrohperes/edromufu/src/movement/Ros2_change/src/install/humanoid_definition/lib/python3.10/site-packages'
[4.160s] Level 1:colcon.colcon_core.shell:create_environment_hook('humanoid_definition', 'pythonpath')
[4.161s] INFO:colcon.colcon_core.shell:Creating environment hook '/home/pedrohperes/edromufu/src/movement/Ros2_change/src/install/humanoid_definition/share/humanoid_definition/hook/pythonpath.ps1'
[4.161s] INFO:colcon.colcon_core.shell:Creating environment descriptor '/home/pedrohperes/edromufu/src/movement/Ros2_change/src/install/humanoid_definition/share/humanoid_definition/hook/pythonpath.dsv'
[4.161s] INFO:colcon.colcon_core.shell:Creating environment hook '/home/pedrohperes/edromufu/src/movement/Ros2_change/src/install/humanoid_definition/share/humanoid_definition/hook/pythonpath.sh'
[4.162s] Level 1:colcon.colcon_core.environment:checking '/home/pedrohperes/edromufu/src/movement/Ros2_change/src/install/humanoid_definition/bin'
[4.162s] Level 1:colcon.colcon_core.environment:create_environment_scripts_only(humanoid_definition)
[4.162s] INFO:colcon.colcon_core.shell:Creating package script '/home/pedrohperes/edromufu/src/movement/Ros2_change/src/install/humanoid_definition/share/humanoid_definition/package.ps1'
[4.163s] INFO:colcon.colcon_core.shell:Creating package descriptor '/home/pedrohperes/edromufu/src/movement/Ros2_change/src/install/humanoid_definition/share/humanoid_definition/package.dsv'
[4.163s] INFO:colcon.colcon_core.shell:Creating package script '/home/pedrohperes/edromufu/src/movement/Ros2_change/src/install/humanoid_definition/share/humanoid_definition/package.sh'
[4.164s] INFO:colcon.colcon_core.shell:Creating package script '/home/pedrohperes/edromufu/src/movement/Ros2_change/src/install/humanoid_definition/share/humanoid_definition/package.bash'
[4.164s] INFO:colcon.colcon_core.shell:Creating package script '/home/pedrohperes/edromufu/src/movement/Ros2_change/src/install/humanoid_definition/share/humanoid_definition/package.zsh'
[4.164s] Level 1:colcon.colcon_core.environment:create_file_with_runtime_dependencies(/home/pedrohperes/edromufu/src/movement/Ros2_change/src/install/humanoid_definition/share/colcon-core/packages/humanoid_definition)
[4.165s] Level 1:colcon.colcon_core.environment:checking '/home/pedrohperes/edromufu/src/movement/Ros2_change/src/install/movement_functions' for CMake module files
[4.166s] Level 1:colcon.colcon_core.environment:checking '/home/pedrohperes/edromufu/src/movement/Ros2_change/src/install/movement_functions' for CMake config files
[4.166s] DEBUG:colcon.colcon_core.event_handler.log_command:Invoked command in '/home/pedrohperes/edromufu/src/movement/Ros2_change/src/movement_functions' returned '0': AMENT_PREFIX_PATH=/home/pedrohperes/edromufu/src/movement/Ros2_change/src/install/kinematic_functions:${AMENT_PREFIX_PATH} PYTHONPATH=/home/pedrohperes/edromufu/src/movement/Ros2_change/src/build/movement_functions/prefix_override:/home/pedrohperes/edromufu/src/movement/Ros2_change/src/install/movement_functions/lib/python3.10/site-packages:/home/pedrohperes/edromufu/src/movement/Ros2_change/src/install/kinematic_functions/lib/python3.10/site-packages:${PYTHONPATH} /usr/bin/python3 -W ignore:setup.py install is deprecated setup.py egg_info --egg-base ../build/movement_functions build --build-base /home/pedrohperes/edromufu/src/movement/Ros2_change/src/build/movement_functions/build install --record /home/pedrohperes/edromufu/src/movement/Ros2_change/src/build/movement_functions/install.log --single-version-externally-managed install_data
[4.167s] Level 1:colcon.colcon_core.environment:checking '/home/pedrohperes/edromufu/src/movement/Ros2_change/src/install/movement_functions/lib'
[4.167s] Level 1:colcon.colcon_core.environment:checking '/home/pedrohperes/edromufu/src/movement/Ros2_change/src/install/movement_functions/bin'
[4.167s] Level 1:colcon.colcon_core.environment:checking '/home/pedrohperes/edromufu/src/movement/Ros2_change/src/install/movement_functions/lib/pkgconfig/movement_functions.pc'
[4.167s] Level 1:colcon.colcon_core.environment:checking '/home/pedrohperes/edromufu/src/movement/Ros2_change/src/install/movement_functions/lib/python3.10/site-packages'
[4.167s] Level 1:colcon.colcon_core.shell:create_environment_hook('movement_functions', 'pythonpath')
[4.167s] INFO:colcon.colcon_core.shell:Creating environment hook '/home/pedrohperes/edromufu/src/movement/Ros2_change/src/install/movement_functions/share/movement_functions/hook/pythonpath.ps1'
[4.168s] INFO:colcon.colcon_core.shell:Creating environment descriptor '/home/pedrohperes/edromufu/src/movement/Ros2_change/src/install/movement_functions/share/movement_functions/hook/pythonpath.dsv'
[4.168s] INFO:colcon.colcon_core.shell:Creating environment hook '/home/pedrohperes/edromufu/src/movement/Ros2_change/src/install/movement_functions/share/movement_functions/hook/pythonpath.sh'
[4.168s] Level 1:colcon.colcon_core.environment:checking '/home/pedrohperes/edromufu/src/movement/Ros2_change/src/install/movement_functions/bin'
[4.168s] Level 1:colcon.colcon_core.environment:create_environment_scripts_only(movement_functions)
[4.169s] INFO:colcon.colcon_core.shell:Creating package script '/home/pedrohperes/edromufu/src/movement/Ros2_change/src/install/movement_functions/share/movement_functions/package.ps1'
[4.169s] INFO:colcon.colcon_core.shell:Creating package descriptor '/home/pedrohperes/edromufu/src/movement/Ros2_change/src/install/movement_functions/share/movement_functions/package.dsv'
[4.170s] INFO:colcon.colcon_core.shell:Creating package script '/home/pedrohperes/edromufu/src/movement/Ros2_change/src/install/movement_functions/share/movement_functions/package.sh'
[4.170s] INFO:colcon.colcon_core.shell:Creating package script '/home/pedrohperes/edromufu/src/movement/Ros2_change/src/install/movement_functions/share/movement_functions/package.bash'
[4.170s] INFO:colcon.colcon_core.shell:Creating package script '/home/pedrohperes/edromufu/src/movement/Ros2_change/src/install/movement_functions/share/movement_functions/package.zsh'
[4.171s] Level 1:colcon.colcon_core.environment:create_file_with_runtime_dependencies(/home/pedrohperes/edromufu/src/movement/Ros2_change/src/install/movement_functions/share/colcon-core/packages/movement_functions)
[4.171s] INFO:colcon.colcon_ros.task.ament_python.build:Building ROS package in '/home/pedrohperes/edromufu/src/movement/Ros2_change/src/movement_core' with build type 'ament_python'
[4.171s] Level 1:colcon.colcon_core.shell:create_environment_hook('movement_core', 'ament_prefix_path')
[4.171s] INFO:colcon.colcon_core.shell:Creating environment hook '/home/pedrohperes/edromufu/src/movement/Ros2_change/src/install/movement_core/share/movement_core/hook/ament_prefix_path.ps1'
[4.172s] INFO:colcon.colcon_core.shell:Creating environment descriptor '/home/pedrohperes/edromufu/src/movement/Ros2_change/src/install/movement_core/share/movement_core/hook/ament_prefix_path.dsv'
[4.172s] INFO:colcon.colcon_core.shell:Creating environment hook '/home/pedrohperes/edromufu/src/movement/Ros2_change/src/install/movement_core/share/movement_core/hook/ament_prefix_path.sh'
[4.173s] INFO:colcon.colcon_core.shell:Skip shell extension 'powershell' for command environment: Not usable outside of PowerShell
[4.173s] DEBUG:colcon.colcon_core.shell:Skip shell extension 'dsv' for command environment
[4.475s] INFO:colcon.colcon_core.task.python.build:Building Python package in '/home/pedrohperes/edromufu/src/movement/Ros2_change/src/movement_core'
[4.476s] INFO:colcon.colcon_core.shell:Skip shell extension 'powershell' for command environment: Not usable outside of PowerShell
[4.476s] DEBUG:colcon.colcon_core.shell:Skip shell extension 'dsv' for command environment
[4.949s] DEBUG:colcon.colcon_core.event_handler.log_command:Invoking command in '/home/pedrohperes/edromufu/src/movement/Ros2_change/src/movement_core': AMENT_PREFIX_PATH=/home/pedrohperes/edromufu/src/movement/Ros2_change/src/install/movement_pages:/home/pedrohperes/edromufu/src/movement/Ros2_change/src/install/movement_functions:/home/pedrohperes/edromufu/src/movement/Ros2_change/src/install/humanoid_definition:/home/pedrohperes/edromufu/src/movement/Ros2_change/src/install/movement_utils:/home/pedrohperes/edromufu/src/movement/Ros2_change/src/install/kinematic_functions:${AMENT_PREFIX_PATH} CMAKE_PREFIX_PATH=/home/pedrohperes/edromufu/src/movement/Ros2_change/src/install/movement_utils:${CMAKE_PREFIX_PATH} LD_LIBRARY_PATH=/home/pedrohperes/edromufu/src/movement/Ros2_change/src/install/movement_utils/lib:${LD_LIBRARY_PATH} PYTHONPATH=/home/pedrohperes/edromufu/src/movement/Ros2_change/src/build/movement_core/prefix_override:/home/pedrohperes/edromufu/src/movement/Ros2_change/src/install/movement_core/lib/python3.10/site-packages:/home/pedrohperes/edromufu/src/movement/Ros2_change/src/install/movement_pages/lib/python3.10/site-packages:/home/pedrohperes/edromufu/src/movement/Ros2_change/src/install/movement_functions/lib/python3.10/site-packages:/home/pedrohperes/edromufu/src/movement/Ros2_change/src/install/humanoid_definition/lib/python3.10/site-packages:/home/pedrohperes/edromufu/src/movement/Ros2_change/src/install/movement_utils/local/lib/python3.10/dist-packages:/home/pedrohperes/edromufu/src/movement/Ros2_change/src/install/kinematic_functions/lib/python3.10/site-packages:${PYTHONPATH} /usr/bin/python3 -W ignore:setup.py install is deprecated setup.py egg_info --egg-base ../build/movement_core build --build-base /home/pedrohperes/edromufu/src/movement/Ros2_change/src/build/movement_core/build install --record /home/pedrohperes/edromufu/src/movement/Ros2_change/src/build/movement_core/install.log --single-version-externally-managed install_data
[5.275s] Level 1:colcon.colcon_core.environment:checking '/home/pedrohperes/edromufu/src/movement/Ros2_change/src/install/movement_core' for CMake module files
[5.275s] DEBUG:colcon.colcon_core.event_handler.log_command:Invoked command in '/home/pedrohperes/edromufu/src/movement/Ros2_change/src/movement_core' returned '0': AMENT_PREFIX_PATH=/home/pedrohperes/edromufu/src/movement/Ros2_change/src/install/movement_pages:/home/pedrohperes/edromufu/src/movement/Ros2_change/src/install/movement_functions:/home/pedrohperes/edromufu/src/movement/Ros2_change/src/install/humanoid_definition:/home/pedrohperes/edromufu/src/movement/Ros2_change/src/install/movement_utils:/home/pedrohperes/edromufu/src/movement/Ros2_change/src/install/kinematic_functions:${AMENT_PREFIX_PATH} CMAKE_PREFIX_PATH=/home/pedrohperes/edromufu/src/movement/Ros2_change/src/install/movement_utils:${CMAKE_PREFIX_PATH} LD_LIBRARY_PATH=/home/pedrohperes/edromufu/src/movement/Ros2_change/src/install/movement_utils/lib:${LD_LIBRARY_PATH} PYTHONPATH=/home/pedrohperes/edromufu/src/movement/Ros2_change/src/build/movement_core/prefix_override:/home/pedrohperes/edromufu/src/movement/Ros2_change/src/install/movement_core/lib/python3.10/site-packages:/home/pedrohperes/edromufu/src/movement/Ros2_change/src/install/movement_pages/lib/python3.10/site-packages:/home/pedrohperes/edromufu/src/movement/Ros2_change/src/install/movement_functions/lib/python3.10/site-packages:/home/pedrohperes/edromufu/src/movement/Ros2_change/src/install/humanoid_definition/lib/python3.10/site-packages:/home/pedrohperes/edromufu/src/movement/Ros2_change/src/install/movement_utils/local/lib/python3.10/dist-packages:/home/pedrohperes/edromufu/src/movement/Ros2_change/src/install/kinematic_functions/lib/python3.10/site-packages:${PYTHONPATH} /usr/bin/python3 -W ignore:setup.py install is deprecated setup.py egg_info --egg-base ../build/movement_core build --build-base /home/pedrohperes/edromufu/src/movement/Ros2_change/src/build/movement_core/build install --record /home/pedrohperes/edromufu/src/movement/Ros2_change/src/build/movement_core/install.log --single-version-externally-managed install_data
[5.276s] Level 1:colcon.colcon_core.environment:checking '/home/pedrohperes/edromufu/src/movement/Ros2_change/src/install/movement_core' for CMake config files
[5.276s] Level 1:colcon.colcon_core.environment:checking '/home/pedrohperes/edromufu/src/movement/Ros2_change/src/install/movement_core/lib'
[5.276s] Level 1:colcon.colcon_core.environment:checking '/home/pedrohperes/edromufu/src/movement/Ros2_change/src/install/movement_core/bin'
[5.276s] Level 1:colcon.colcon_core.environment:checking '/home/pedrohperes/edromufu/src/movement/Ros2_change/src/install/movement_core/lib/pkgconfig/movement_core.pc'
[5.277s] Level 1:colcon.colcon_core.environment:checking '/home/pedrohperes/edromufu/src/movement/Ros2_change/src/install/movement_core/lib/python3.10/site-packages'
[5.277s] Level 1:colcon.colcon_core.shell:create_environment_hook('movement_core', 'pythonpath')
[5.277s] INFO:colcon.colcon_core.shell:Creating environment hook '/home/pedrohperes/edromufu/src/movement/Ros2_change/src/install/movement_core/share/movement_core/hook/pythonpath.ps1'
[5.277s] INFO:colcon.colcon_core.shell:Creating environment descriptor '/home/pedrohperes/edromufu/src/movement/Ros2_change/src/install/movement_core/share/movement_core/hook/pythonpath.dsv'
[5.278s] INFO:colcon.colcon_core.shell:Creating environment hook '/home/pedrohperes/edromufu/src/movement/Ros2_change/src/install/movement_core/share/movement_core/hook/pythonpath.sh'
[5.278s] Level 1:colcon.colcon_core.environment:checking '/home/pedrohperes/edromufu/src/movement/Ros2_change/src/install/movement_core/bin'
[5.278s] Level 1:colcon.colcon_core.environment:create_environment_scripts_only(movement_core)
[5.279s] INFO:colcon.colcon_core.shell:Creating package script '/home/pedrohperes/edromufu/src/movement/Ros2_change/src/install/movement_core/share/movement_core/package.ps1'
[5.279s] INFO:colcon.colcon_core.shell:Creating package descriptor '/home/pedrohperes/edromufu/src/movement/Ros2_change/src/install/movement_core/share/movement_core/package.dsv'
[5.279s] INFO:colcon.colcon_core.shell:Creating package script '/home/pedrohperes/edromufu/src/movement/Ros2_change/src/install/movement_core/share/movement_core/package.sh'
[5.280s] INFO:colcon.colcon_core.shell:Creating package script '/home/pedrohperes/edromufu/src/movement/Ros2_change/src/install/movement_core/share/movement_core/package.bash'
[5.280s] INFO:colcon.colcon_core.shell:Creating package script '/home/pedrohperes/edromufu/src/movement/Ros2_change/src/install/movement_core/share/movement_core/package.zsh'
[5.280s] Level 1:colcon.colcon_core.environment:create_file_with_runtime_dependencies(/home/pedrohperes/edromufu/src/movement/Ros2_change/src/install/movement_core/share/colcon-core/packages/movement_core)
[5.281s] DEBUG:colcon.colcon_parallel_executor.executor.parallel:closing loop
[5.281s] DEBUG:colcon.colcon_parallel_executor.executor.parallel:loop closed
[5.281s] DEBUG:colcon.colcon_parallel_executor.executor.parallel:run_until_complete finished with '0'
[5.281s] DEBUG:colcon.colcon_core.event_reactor:joining thread
[5.287s] INFO:colcon.colcon_core.plugin_system:Skipping extension 'colcon_notification.desktop_notification.terminal_notifier': Not used on non-Darwin systems
[5.287s] INFO:colcon.colcon_core.plugin_system:Skipping extension 'colcon_notification.desktop_notification.win32': Not used on non-Windows systems
[5.287s] INFO:colcon.colcon_notification.desktop_notification:Sending desktop notification using 'notify2'
[5.290s] DEBUG:colcon.colcon_core.event_reactor:joined thread
[5.291s] INFO:colcon.colcon_core.shell:Creating prefix script '/home/pedrohperes/edromufu/src/movement/Ros2_change/src/install/local_setup.ps1'
[5.292s] INFO:colcon.colcon_core.shell:Creating prefix util module '/home/pedrohperes/edromufu/src/movement/Ros2_change/src/install/_local_setup_util_ps1.py'
[5.293s] INFO:colcon.colcon_core.shell:Creating prefix chain script '/home/pedrohperes/edromufu/src/movement/Ros2_change/src/install/setup.ps1'
[5.295s] INFO:colcon.colcon_core.shell:Creating prefix script '/home/pedrohperes/edromufu/src/movement/Ros2_change/src/install/local_setup.sh'
[5.295s] INFO:colcon.colcon_core.shell:Creating prefix util module '/home/pedrohperes/edromufu/src/movement/Ros2_change/src/install/_local_setup_util_sh.py'
[5.296s] INFO:colcon.colcon_core.shell:Creating prefix chain script '/home/pedrohperes/edromufu/src/movement/Ros2_change/src/install/setup.sh'
[5.297s] INFO:colcon.colcon_core.shell:Creating prefix script '/home/pedrohperes/edromufu/src/movement/Ros2_change/src/install/local_setup.bash'
[5.298s] INFO:colcon.colcon_core.shell:Creating prefix chain script '/home/pedrohperes/edromufu/src/movement/Ros2_change/src/install/setup.bash'
[5.299s] INFO:colcon.colcon_core.shell:Creating prefix script '/home/pedrohperes/edromufu/src/movement/Ros2_change/src/install/local_setup.zsh'
[5.300s] INFO:colcon.colcon_core.shell:Creating prefix chain script '/home/pedrohperes/edromufu/src/movement/Ros2_change/src/install/setup.zsh'
