[0.000000] (-) TimerEvent: {}
[0.000813] (erro_package) JobQueued: {'identifier': 'erro_package', 'dependencies': OrderedDict()}
[0.000942] (humanoid_visualization) JobQueued: {'identifier': 'humanoid_visualization', 'dependencies': OrderedDict()}
[0.000972] (kinematic_functions) JobQueued: {'identifier': 'kinematic_functions', 'dependencies': OrderedDict()}
[0.000994] (movement_utils) JobQueued: {'identifier': 'movement_utils', 'dependencies': OrderedDict()}
[0.001013] (tahara_pages) JobQueued: {'identifier': 'tahara_pages', 'dependencies': OrderedDict()}
[0.001033] (urdf_example) JobQueued: {'identifier': 'urdf_example', 'dependencies': OrderedDict()}
[0.001051] (urdf_robox) JobQueued: {'identifier': 'urdf_robox', 'dependencies': OrderedDict()}
[0.001069] (humanoid_definition) JobQueued: {'identifier': 'humanoid_definition', 'dependencies': OrderedDict([('kinematic_functions', '/home/edrom-mini/edromufu/src/movement/Ros2_change/install/kinematic_functions')])}
[0.001092] (movement_functions) JobQueued: {'identifier': 'movement_functions', 'dependencies': OrderedDict([('kinematic_functions', '/home/edrom-mini/edromufu/src/movement/Ros2_change/install/kinematic_functions')])}
[0.001112] (movement_pages) JobQueued: {'identifier': 'movement_pages', 'dependencies': OrderedDict([('movement_utils', '/home/edrom-mini/edromufu/src/movement/Ros2_change/install/movement_utils')])}
[0.001132] (u2d2_comm) JobQueued: {'identifier': 'u2d2_comm', 'dependencies': OrderedDict([('movement_utils', '/home/edrom-mini/edromufu/src/movement/Ros2_change/install/movement_utils')])}
[0.001152] (movement_core) JobQueued: {'identifier': 'movement_core', 'dependencies': OrderedDict([('kinematic_functions', '/home/edrom-mini/edromufu/src/movement/Ros2_change/install/kinematic_functions'), ('movement_utils', '/home/edrom-mini/edromufu/src/movement/Ros2_change/install/movement_utils'), ('humanoid_definition', '/home/edrom-mini/edromufu/src/movement/Ros2_change/install/humanoid_definition'), ('movement_functions', '/home/edrom-mini/edromufu/src/movement/Ros2_change/install/movement_functions'), ('movement_pages', '/home/edrom-mini/edromufu/src/movement/Ros2_change/install/movement_pages')])}
[0.001183] (kinematic_functions) JobStarted: {'identifier': 'kinematic_functions'}
[0.011208] (movement_utils) JobStarted: {'identifier': 'movement_utils'}
[0.013846] (erro_package) JobStarted: {'identifier': 'erro_package'}
[0.018307] (humanoid_visualization) JobStarted: {'identifier': 'humanoid_visualization'}
[0.099902] (-) TimerEvent: {}
[0.200346] (-) TimerEvent: {}
[0.262972] (movement_utils) JobProgress: {'identifier': 'movement_utils', 'progress': 'cmake'}
[0.264203] (movement_utils) JobProgress: {'identifier': 'movement_utils', 'progress': 'build'}
[0.264893] (movement_utils) Command: {'cmd': ['/home/edrom-mini/.local/bin/cmake', '--build', '/home/edrom-mini/edromufu/src/movement/Ros2_change/build/movement_utils', '--', '-j4', '-l4'], 'cwd': '/home/edrom-mini/edromufu/src/movement/Ros2_change/build/movement_utils', 'env': OrderedDict([('LESSOPEN', '| /usr/bin/lesspipe %s'), ('USER', 'edrom-mini'), ('SSH_CLIENT', '192.168.1.7 51388 22'), ('LC_TIME', 'pt_BR.UTF-8'), ('XDG_SESSION_TYPE', 'tty'), ('SHLVL', '1'), ('LD_LIBRARY_PATH', '/opt/ros/humble/opt/rviz_ogre_vendor/lib:/opt/ros/humble/lib/x86_64-linux-gnu:/opt/ros/humble/lib'), ('MOTD_SHOWN', 'pam'), ('HOME', '/home/edrom-mini'), ('OLDPWD', '/home/edrom-mini/edromufu'), ('SSH_TTY', '/dev/pts/0'), ('ROS_PYTHON_VERSION', '3'), ('LC_MONETARY', 'pt_BR.UTF-8'), ('LC_CTYPE', 'pt_BR.UTF-8'), ('DBUS_SESSION_BUS_ADDRESS', 'unix:path=/run/user/1000/bus'), ('ROS_DISTRO', 'humble'), ('LOGNAME', 'edrom-mini'), ('_', '/usr/bin/colcon'), ('ROS_VERSION', '2'), ('XDG_SESSION_CLASS', 'user'), ('TERM', 'xterm-256color'), ('XDG_SESSION_ID', '4'), ('ROS_LOCALHOST_ONLY', '0'), ('PATH', '/home/edrom-mini/.local/bin:/opt/ros/humble/bin:/usr/local/sbin:/usr/local/bin:/usr/sbin:/usr/bin:/sbin:/bin:/usr/games:/usr/local/games:/snap/bin'), ('LC_ADDRESS', 'pt_BR.UTF-8'), ('XDG_RUNTIME_DIR', '/run/user/1000'), ('DISPLAY', 'localhost:10.0'), ('LANG', 'en_US.UTF-8'), ('LC_TELEPHONE', 'pt_BR.UTF-8'), ('LS_COLORS', 'rs=0:di=01;34:ln=01;36:mh=00:pi=40;33:so=01;35:do=01;35:bd=40;33;01:cd=40;33;01:or=40;31;01:mi=00:su=37;41:sg=30;43:ca=30;41:tw=30;42:ow=34;42:st=37;44:ex=01;32:*.tar=01;31:*.tgz=01;31:*.arc=01;31:*.arj=01;31:*.taz=01;31:*.lha=01;31:*.lz4=01;31:*.lzh=01;31:*.lzma=01;31:*.tlz=01;31:*.txz=01;31:*.tzo=01;31:*.t7z=01;31:*.zip=01;31:*.z=01;31:*.dz=01;31:*.gz=01;31:*.lrz=01;31:*.lz=01;31:*.lzo=01;31:*.xz=01;31:*.zst=01;31:*.tzst=01;31:*.bz2=01;31:*.bz=01;31:*.tbz=01;31:*.tbz2=01;31:*.tz=01;31:*.deb=01;31:*.rpm=01;31:*.jar=01;31:*.war=01;31:*.ear=01;31:*.sar=01;31:*.rar=01;31:*.alz=01;31:*.ace=01;31:*.zoo=01;31:*.cpio=01;31:*.7z=01;31:*.rz=01;31:*.cab=01;31:*.wim=01;31:*.swm=01;31:*.dwm=01;31:*.esd=01;31:*.jpg=01;35:*.jpeg=01;35:*.mjpg=01;35:*.mjpeg=01;35:*.gif=01;35:*.bmp=01;35:*.pbm=01;35:*.pgm=01;35:*.ppm=01;35:*.tga=01;35:*.xbm=01;35:*.xpm=01;35:*.tif=01;35:*.tiff=01;35:*.png=01;35:*.svg=01;35:*.svgz=01;35:*.mng=01;35:*.pcx=01;35:*.mov=01;35:*.mpg=01;35:*.mpeg=01;35:*.m2v=01;35:*.mkv=01;35:*.webm=01;35:*.webp=01;35:*.ogm=01;35:*.mp4=01;35:*.m4v=01;35:*.mp4v=01;35:*.vob=01;35:*.qt=01;35:*.nuv=01;35:*.wmv=01;35:*.asf=01;35:*.rm=01;35:*.rmvb=01;35:*.flc=01;35:*.avi=01;35:*.fli=01;35:*.flv=01;35:*.gl=01;35:*.dl=01;35:*.xcf=01;35:*.xwd=01;35:*.yuv=01;35:*.cgm=01;35:*.emf=01;35:*.ogv=01;35:*.ogx=01;35:*.aac=00;36:*.au=00;36:*.flac=00;36:*.m4a=00;36:*.mid=00;36:*.midi=00;36:*.mka=00;36:*.mp3=00;36:*.mpc=00;36:*.ogg=00;36:*.ra=00;36:*.wav=00;36:*.oga=00;36:*.opus=00;36:*.spx=00;36:*.xspf=00;36:'), ('AMENT_PREFIX_PATH', '/opt/ros/humble'), ('SHELL', '/bin/bash'), ('LC_NAME', 'pt_BR.UTF-8'), ('LESSCLOSE', '/usr/bin/lesspipe %s %s'), ('LC_MEASUREMENT', 'pt_BR.UTF-8'), ('LC_IDENTIFICATION', 'pt_BR.UTF-8'), ('PWD', '/home/edrom-mini/edromufu/src/movement/Ros2_change/build/movement_utils'), ('LC_ALL', 'en_US.UTF-8'), ('SSH_CONNECTION', '192.168.1.7 51388 192.168.1.12 22'), ('XDG_DATA_DIRS', '/usr/share/gnome:/usr/local/share:/usr/share:/var/lib/snapd/desktop'), ('PYTHONPATH', '/opt/ros/humble/lib/python3.10/site-packages:/opt/ros/humble/local/lib/python3.10/dist-packages'), ('LC_NUMERIC', 'pt_BR.UTF-8'), ('LC_PAPER', 'pt_BR.UTF-8'), ('COLCON', '1'), ('CMAKE_PREFIX_PATH', '/opt/ros/humble')]), 'shell': False}
[0.300549] (-) TimerEvent: {}
[0.400840] (-) TimerEvent: {}
[0.501135] (-) TimerEvent: {}
[0.551796] (movement_utils) StdoutLine: {'line': b'[  1%] Built target movement_utils__cpp\n'}
[0.552080] (movement_utils) StdoutLine: {'line': b'[ 12%] Built target movement_utils__rosidl_generator_c\n'}
[0.552181] (movement_utils) StdoutLine: {'line': b'[ 12%] Built target ament_cmake_python_copy_movement_utils\n'}
[0.552273] (movement_utils) StdoutLine: {'line': b'[ 24%] Built target movement_utils__rosidl_typesupport_cpp\n'}
[0.552469] (movement_utils) StdoutLine: {'line': b'[ 35%] Built target movement_utils__rosidl_typesupport_fastrtps_cpp\n'}
[0.552549] (movement_utils) StdoutLine: {'line': b'[ 47%] Built target movement_utils__rosidl_typesupport_introspection_cpp\n'}
[0.552623] (movement_utils) StdoutLine: {'line': b'[ 58%] Built target movement_utils__rosidl_typesupport_c\n'}
[0.552695] (movement_utils) StdoutLine: {'line': b'[ 70%] Built target movement_utils__rosidl_typesupport_fastrtps_c\n'}
[0.552767] (movement_utils) StdoutLine: {'line': b'[ 82%] Built target movement_utils__rosidl_typesupport_introspection_c\n'}
[0.552839] (movement_utils) StdoutLine: {'line': b'[ 82%] Built target movement_utils\n'}
[0.552910] (movement_utils) StdoutLine: {'line': b'[ 83%] Built target movement_utils__py\n'}
[0.552980] (movement_utils) StdoutLine: {'line': b'[ 93%] Built target movement_utils__rosidl_generator_py\n'}
[0.553050] (movement_utils) StdoutLine: {'line': b'[ 95%] Built target movement_utils__rosidl_typesupport_fastrtps_c__pyext\n'}
[0.553120] (movement_utils) StdoutLine: {'line': b'[ 97%] Built target movement_utils__rosidl_typesupport_introspection_c__pyext\n'}
[0.553190] (movement_utils) StdoutLine: {'line': b'[100%] Built target movement_utils__rosidl_typesupport_c__pyext\n'}
[0.553333] (humanoid_visualization) JobProgress: {'identifier': 'humanoid_visualization', 'progress': 'cmake'}
[0.554627] (humanoid_visualization) JobProgress: {'identifier': 'humanoid_visualization', 'progress': 'build'}
[0.554856] (humanoid_visualization) Command: {'cmd': ['/home/edrom-mini/.local/bin/cmake', '--build', '/home/edrom-mini/edromufu/src/movement/Ros2_change/build/humanoid_visualization', '--', '-j4', '-l4'], 'cwd': '/home/edrom-mini/edromufu/src/movement/Ros2_change/build/humanoid_visualization', 'env': OrderedDict([('LESSOPEN', '| /usr/bin/lesspipe %s'), ('USER', 'edrom-mini'), ('SSH_CLIENT', '192.168.1.7 51388 22'), ('LC_TIME', 'pt_BR.UTF-8'), ('XDG_SESSION_TYPE', 'tty'), ('SHLVL', '1'), ('LD_LIBRARY_PATH', '/opt/ros/humble/opt/rviz_ogre_vendor/lib:/opt/ros/humble/lib/x86_64-linux-gnu:/opt/ros/humble/lib'), ('MOTD_SHOWN', 'pam'), ('HOME', '/home/edrom-mini'), ('OLDPWD', '/home/edrom-mini/edromufu'), ('SSH_TTY', '/dev/pts/0'), ('ROS_PYTHON_VERSION', '3'), ('LC_MONETARY', 'pt_BR.UTF-8'), ('LC_CTYPE', 'pt_BR.UTF-8'), ('DBUS_SESSION_BUS_ADDRESS', 'unix:path=/run/user/1000/bus'), ('ROS_DISTRO', 'humble'), ('LOGNAME', 'edrom-mini'), ('_', '/usr/bin/colcon'), ('ROS_VERSION', '2'), ('XDG_SESSION_CLASS', 'user'), ('TERM', 'xterm-256color'), ('XDG_SESSION_ID', '4'), ('ROS_LOCALHOST_ONLY', '0'), ('PATH', '/home/edrom-mini/.local/bin:/opt/ros/humble/bin:/usr/local/sbin:/usr/local/bin:/usr/sbin:/usr/bin:/sbin:/bin:/usr/games:/usr/local/games:/snap/bin'), ('LC_ADDRESS', 'pt_BR.UTF-8'), ('XDG_RUNTIME_DIR', '/run/user/1000'), ('DISPLAY', 'localhost:10.0'), ('LANG', 'en_US.UTF-8'), ('LC_TELEPHONE', 'pt_BR.UTF-8'), ('LS_COLORS', 'rs=0:di=01;34:ln=01;36:mh=00:pi=40;33:so=01;35:do=01;35:bd=40;33;01:cd=40;33;01:or=40;31;01:mi=00:su=37;41:sg=30;43:ca=30;41:tw=30;42:ow=34;42:st=37;44:ex=01;32:*.tar=01;31:*.tgz=01;31:*.arc=01;31:*.arj=01;31:*.taz=01;31:*.lha=01;31:*.lz4=01;31:*.lzh=01;31:*.lzma=01;31:*.tlz=01;31:*.txz=01;31:*.tzo=01;31:*.t7z=01;31:*.zip=01;31:*.z=01;31:*.dz=01;31:*.gz=01;31:*.lrz=01;31:*.lz=01;31:*.lzo=01;31:*.xz=01;31:*.zst=01;31:*.tzst=01;31:*.bz2=01;31:*.bz=01;31:*.tbz=01;31:*.tbz2=01;31:*.tz=01;31:*.deb=01;31:*.rpm=01;31:*.jar=01;31:*.war=01;31:*.ear=01;31:*.sar=01;31:*.rar=01;31:*.alz=01;31:*.ace=01;31:*.zoo=01;31:*.cpio=01;31:*.7z=01;31:*.rz=01;31:*.cab=01;31:*.wim=01;31:*.swm=01;31:*.dwm=01;31:*.esd=01;31:*.jpg=01;35:*.jpeg=01;35:*.mjpg=01;35:*.mjpeg=01;35:*.gif=01;35:*.bmp=01;35:*.pbm=01;35:*.pgm=01;35:*.ppm=01;35:*.tga=01;35:*.xbm=01;35:*.xpm=01;35:*.tif=01;35:*.tiff=01;35:*.png=01;35:*.svg=01;35:*.svgz=01;35:*.mng=01;35:*.pcx=01;35:*.mov=01;35:*.mpg=01;35:*.mpeg=01;35:*.m2v=01;35:*.mkv=01;35:*.webm=01;35:*.webp=01;35:*.ogm=01;35:*.mp4=01;35:*.m4v=01;35:*.mp4v=01;35:*.vob=01;35:*.qt=01;35:*.nuv=01;35:*.wmv=01;35:*.asf=01;35:*.rm=01;35:*.rmvb=01;35:*.flc=01;35:*.avi=01;35:*.fli=01;35:*.flv=01;35:*.gl=01;35:*.dl=01;35:*.xcf=01;35:*.xwd=01;35:*.yuv=01;35:*.cgm=01;35:*.emf=01;35:*.ogv=01;35:*.ogx=01;35:*.aac=00;36:*.au=00;36:*.flac=00;36:*.m4a=00;36:*.mid=00;36:*.midi=00;36:*.mka=00;36:*.mp3=00;36:*.mpc=00;36:*.ogg=00;36:*.ra=00;36:*.wav=00;36:*.oga=00;36:*.opus=00;36:*.spx=00;36:*.xspf=00;36:'), ('AMENT_PREFIX_PATH', '/opt/ros/humble'), ('SHELL', '/bin/bash'), ('LC_NAME', 'pt_BR.UTF-8'), ('LESSCLOSE', '/usr/bin/lesspipe %s %s'), ('LC_MEASUREMENT', 'pt_BR.UTF-8'), ('LC_IDENTIFICATION', 'pt_BR.UTF-8'), ('PWD', '/home/edrom-mini/edromufu/src/movement/Ros2_change/build/humanoid_visualization'), ('LC_ALL', 'en_US.UTF-8'), ('SSH_CONNECTION', '192.168.1.7 51388 192.168.1.12 22'), ('XDG_DATA_DIRS', '/usr/share/gnome:/usr/local/share:/usr/share:/var/lib/snapd/desktop'), ('PYTHONPATH', '/opt/ros/humble/lib/python3.10/site-packages:/opt/ros/humble/local/lib/python3.10/dist-packages'), ('LC_NUMERIC', 'pt_BR.UTF-8'), ('LC_PAPER', 'pt_BR.UTF-8'), ('COLCON', '1'), ('CMAKE_PREFIX_PATH', '/opt/ros/humble')]), 'shell': False}
[0.602334] (-) TimerEvent: {}
[0.688245] (humanoid_visualization) CommandEnded: {'returncode': 0}
[0.703320] (-) TimerEvent: {}
[0.790378] (movement_utils) StdoutLine: {'line': b'running egg_info\n'}
[0.791308] (movement_utils) StdoutLine: {'line': b'writing movement_utils.egg-info/PKG-INFO\n'}
[0.791507] (movement_utils) StdoutLine: {'line': b'writing dependency_links to movement_utils.egg-info/dependency_links.txt\n'}
[0.791695] (movement_utils) StdoutLine: {'line': b'writing top-level names to movement_utils.egg-info/top_level.txt\n'}
[0.795951] (movement_utils) StdoutLine: {'line': b"reading manifest file 'movement_utils.egg-info/SOURCES.txt'\n"}
[0.797200] (movement_utils) StdoutLine: {'line': b"writing manifest file 'movement_utils.egg-info/SOURCES.txt'\n"}
[0.803420] (-) TimerEvent: {}
[0.831437] (humanoid_visualization) JobProgress: {'identifier': 'humanoid_visualization', 'progress': 'install'}
[0.834134] (movement_utils) StdoutLine: {'line': b'[100%] Built target ament_cmake_python_build_movement_utils_egg\n'}
[0.903562] (-) TimerEvent: {}
[0.950683] (humanoid_visualization) Command: {'cmd': ['/home/edrom-mini/.local/bin/cmake', '--install', '/home/edrom-mini/edromufu/src/movement/Ros2_change/build/humanoid_visualization'], 'cwd': '/home/edrom-mini/edromufu/src/movement/Ros2_change/build/humanoid_visualization', 'env': OrderedDict([('LESSOPEN', '| /usr/bin/lesspipe %s'), ('USER', 'edrom-mini'), ('SSH_CLIENT', '192.168.1.7 51388 22'), ('LC_TIME', 'pt_BR.UTF-8'), ('XDG_SESSION_TYPE', 'tty'), ('SHLVL', '1'), ('LD_LIBRARY_PATH', '/opt/ros/humble/opt/rviz_ogre_vendor/lib:/opt/ros/humble/lib/x86_64-linux-gnu:/opt/ros/humble/lib'), ('MOTD_SHOWN', 'pam'), ('HOME', '/home/edrom-mini'), ('OLDPWD', '/home/edrom-mini/edromufu'), ('SSH_TTY', '/dev/pts/0'), ('ROS_PYTHON_VERSION', '3'), ('LC_MONETARY', 'pt_BR.UTF-8'), ('LC_CTYPE', 'pt_BR.UTF-8'), ('DBUS_SESSION_BUS_ADDRESS', 'unix:path=/run/user/1000/bus'), ('ROS_DISTRO', 'humble'), ('LOGNAME', 'edrom-mini'), ('_', '/usr/bin/colcon'), ('ROS_VERSION', '2'), ('XDG_SESSION_CLASS', 'user'), ('TERM', 'xterm-256color'), ('XDG_SESSION_ID', '4'), ('ROS_LOCALHOST_ONLY', '0'), ('PATH', '/home/edrom-mini/.local/bin:/opt/ros/humble/bin:/usr/local/sbin:/usr/local/bin:/usr/sbin:/usr/bin:/sbin:/bin:/usr/games:/usr/local/games:/snap/bin'), ('LC_ADDRESS', 'pt_BR.UTF-8'), ('XDG_RUNTIME_DIR', '/run/user/1000'), ('DISPLAY', 'localhost:10.0'), ('LANG', 'en_US.UTF-8'), ('LC_TELEPHONE', 'pt_BR.UTF-8'), ('LS_COLORS', 'rs=0:di=01;34:ln=01;36:mh=00:pi=40;33:so=01;35:do=01;35:bd=40;33;01:cd=40;33;01:or=40;31;01:mi=00:su=37;41:sg=30;43:ca=30;41:tw=30;42:ow=34;42:st=37;44:ex=01;32:*.tar=01;31:*.tgz=01;31:*.arc=01;31:*.arj=01;31:*.taz=01;31:*.lha=01;31:*.lz4=01;31:*.lzh=01;31:*.lzma=01;31:*.tlz=01;31:*.txz=01;31:*.tzo=01;31:*.t7z=01;31:*.zip=01;31:*.z=01;31:*.dz=01;31:*.gz=01;31:*.lrz=01;31:*.lz=01;31:*.lzo=01;31:*.xz=01;31:*.zst=01;31:*.tzst=01;31:*.bz2=01;31:*.bz=01;31:*.tbz=01;31:*.tbz2=01;31:*.tz=01;31:*.deb=01;31:*.rpm=01;31:*.jar=01;31:*.war=01;31:*.ear=01;31:*.sar=01;31:*.rar=01;31:*.alz=01;31:*.ace=01;31:*.zoo=01;31:*.cpio=01;31:*.7z=01;31:*.rz=01;31:*.cab=01;31:*.wim=01;31:*.swm=01;31:*.dwm=01;31:*.esd=01;31:*.jpg=01;35:*.jpeg=01;35:*.mjpg=01;35:*.mjpeg=01;35:*.gif=01;35:*.bmp=01;35:*.pbm=01;35:*.pgm=01;35:*.ppm=01;35:*.tga=01;35:*.xbm=01;35:*.xpm=01;35:*.tif=01;35:*.tiff=01;35:*.png=01;35:*.svg=01;35:*.svgz=01;35:*.mng=01;35:*.pcx=01;35:*.mov=01;35:*.mpg=01;35:*.mpeg=01;35:*.m2v=01;35:*.mkv=01;35:*.webm=01;35:*.webp=01;35:*.ogm=01;35:*.mp4=01;35:*.m4v=01;35:*.mp4v=01;35:*.vob=01;35:*.qt=01;35:*.nuv=01;35:*.wmv=01;35:*.asf=01;35:*.rm=01;35:*.rmvb=01;35:*.flc=01;35:*.avi=01;35:*.fli=01;35:*.flv=01;35:*.gl=01;35:*.dl=01;35:*.xcf=01;35:*.xwd=01;35:*.yuv=01;35:*.cgm=01;35:*.emf=01;35:*.ogv=01;35:*.ogx=01;35:*.aac=00;36:*.au=00;36:*.flac=00;36:*.m4a=00;36:*.mid=00;36:*.midi=00;36:*.mka=00;36:*.mp3=00;36:*.mpc=00;36:*.ogg=00;36:*.ra=00;36:*.wav=00;36:*.oga=00;36:*.opus=00;36:*.spx=00;36:*.xspf=00;36:'), ('AMENT_PREFIX_PATH', '/opt/ros/humble'), ('SHELL', '/bin/bash'), ('LC_NAME', 'pt_BR.UTF-8'), ('LESSCLOSE', '/usr/bin/lesspipe %s %s'), ('LC_MEASUREMENT', 'pt_BR.UTF-8'), ('LC_IDENTIFICATION', 'pt_BR.UTF-8'), ('PWD', '/home/edrom-mini/edromufu/src/movement/Ros2_change/build/humanoid_visualization'), ('LC_ALL', 'en_US.UTF-8'), ('SSH_CONNECTION', '192.168.1.7 51388 192.168.1.12 22'), ('XDG_DATA_DIRS', '/usr/share/gnome:/usr/local/share:/usr/share:/var/lib/snapd/desktop'), ('PYTHONPATH', '/opt/ros/humble/lib/python3.10/site-packages:/opt/ros/humble/local/lib/python3.10/dist-packages'), ('LC_NUMERIC', 'pt_BR.UTF-8'), ('LC_PAPER', 'pt_BR.UTF-8'), ('COLCON', '1'), ('CMAKE_PREFIX_PATH', '/opt/ros/humble')]), 'shell': False}
[0.953431] (movement_utils) CommandEnded: {'returncode': 0}
[1.006325] (-) TimerEvent: {}
[1.060786] (humanoid_visualization) StdoutLine: {'line': b'-- Install configuration: ""\n'}
[1.061528] (humanoid_visualization) StdoutLine: {'line': b'-- Up-to-date: /home/edrom-mini/edromufu/src/movement/Ros2_change/install/humanoid_visualization/share/humanoid_visualization//launch\n'}
[1.062887] (humanoid_visualization) StdoutLine: {'line': b'-- Up-to-date: /home/edrom-mini/edromufu/src/movement/Ros2_change/install/humanoid_visualization/share/humanoid_visualization//launch/display.launch.py\n'}
[1.063542] (humanoid_visualization) StdoutLine: {'line': b'-- Up-to-date: /home/edrom-mini/edromufu/src/movement/Ros2_change/install/humanoid_visualization/share/ament_index/resource_index/package_run_dependencies/humanoid_visualization\n'}
[1.063664] (humanoid_visualization) StdoutLine: {'line': b'-- Installing: /home/edrom-mini/edromufu/src/movement/Ros2_change/install/humanoid_visualization/share/ament_index/resource_index/parent_prefix_path/humanoid_visualization\n'}
[1.063763] (kinematic_functions) Command: {'cmd': ['/usr/bin/python3', '-W', 'ignore:setup.py install is deprecated', 'setup.py', 'egg_info', '--egg-base', '../../build/kinematic_functions', 'build', '--build-base', '/home/edrom-mini/edromufu/src/movement/Ros2_change/build/kinematic_functions/build', 'install', '--record', '/home/edrom-mini/edromufu/src/movement/Ros2_change/build/kinematic_functions/install.log', '--single-version-externally-managed', 'install_data'], 'cwd': '/home/edrom-mini/edromufu/src/movement/Ros2_change/src/kinematic_functions', 'env': {'LESSOPEN': '| /usr/bin/lesspipe %s', 'USER': 'edrom-mini', 'SSH_CLIENT': '192.168.1.7 51388 22', 'LC_TIME': 'pt_BR.UTF-8', 'XDG_SESSION_TYPE': 'tty', 'SHLVL': '1', 'LD_LIBRARY_PATH': '/opt/ros/humble/opt/rviz_ogre_vendor/lib:/opt/ros/humble/lib/x86_64-linux-gnu:/opt/ros/humble/lib', 'MOTD_SHOWN': 'pam', 'HOME': '/home/edrom-mini', 'OLDPWD': '/home/edrom-mini/edromufu', 'SSH_TTY': '/dev/pts/0', 'ROS_PYTHON_VERSION': '3', 'LC_MONETARY': 'pt_BR.UTF-8', 'LC_CTYPE': 'pt_BR.UTF-8', 'DBUS_SESSION_BUS_ADDRESS': 'unix:path=/run/user/1000/bus', 'ROS_DISTRO': 'humble', 'LOGNAME': 'edrom-mini', '_': '/usr/bin/colcon', 'ROS_VERSION': '2', 'XDG_SESSION_CLASS': 'user', 'TERM': 'xterm-256color', 'XDG_SESSION_ID': '4', 'ROS_LOCALHOST_ONLY': '0', 'PATH': '/home/edrom-mini/.local/bin:/opt/ros/humble/bin:/usr/local/sbin:/usr/local/bin:/usr/sbin:/usr/bin:/sbin:/bin:/usr/games:/usr/local/games:/snap/bin', 'LC_ADDRESS': 'pt_BR.UTF-8', 'XDG_RUNTIME_DIR': '/run/user/1000', 'DISPLAY': 'localhost:10.0', 'LANG': 'en_US.UTF-8', 'LC_TELEPHONE': 'pt_BR.UTF-8', 'LS_COLORS': 'rs=0:di=01;34:ln=01;36:mh=00:pi=40;33:so=01;35:do=01;35:bd=40;33;01:cd=40;33;01:or=40;31;01:mi=00:su=37;41:sg=30;43:ca=30;41:tw=30;42:ow=34;42:st=37;44:ex=01;32:*.tar=01;31:*.tgz=01;31:*.arc=01;31:*.arj=01;31:*.taz=01;31:*.lha=01;31:*.lz4=01;31:*.lzh=01;31:*.lzma=01;31:*.tlz=01;31:*.txz=01;31:*.tzo=01;31:*.t7z=01;31:*.zip=01;31:*.z=01;31:*.dz=01;31:*.gz=01;31:*.lrz=01;31:*.lz=01;31:*.lzo=01;31:*.xz=01;31:*.zst=01;31:*.tzst=01;31:*.bz2=01;31:*.bz=01;31:*.tbz=01;31:*.tbz2=01;31:*.tz=01;31:*.deb=01;31:*.rpm=01;31:*.jar=01;31:*.war=01;31:*.ear=01;31:*.sar=01;31:*.rar=01;31:*.alz=01;31:*.ace=01;31:*.zoo=01;31:*.cpio=01;31:*.7z=01;31:*.rz=01;31:*.cab=01;31:*.wim=01;31:*.swm=01;31:*.dwm=01;31:*.esd=01;31:*.jpg=01;35:*.jpeg=01;35:*.mjpg=01;35:*.mjpeg=01;35:*.gif=01;35:*.bmp=01;35:*.pbm=01;35:*.pgm=01;35:*.ppm=01;35:*.tga=01;35:*.xbm=01;35:*.xpm=01;35:*.tif=01;35:*.tiff=01;35:*.png=01;35:*.svg=01;35:*.svgz=01;35:*.mng=01;35:*.pcx=01;35:*.mov=01;35:*.mpg=01;35:*.mpeg=01;35:*.m2v=01;35:*.mkv=01;35:*.webm=01;35:*.webp=01;35:*.ogm=01;35:*.mp4=01;35:*.m4v=01;35:*.mp4v=01;35:*.vob=01;35:*.qt=01;35:*.nuv=01;35:*.wmv=01;35:*.asf=01;35:*.rm=01;35:*.rmvb=01;35:*.flc=01;35:*.avi=01;35:*.fli=01;35:*.flv=01;35:*.gl=01;35:*.dl=01;35:*.xcf=01;35:*.xwd=01;35:*.yuv=01;35:*.cgm=01;35:*.emf=01;35:*.ogv=01;35:*.ogx=01;35:*.aac=00;36:*.au=00;36:*.flac=00;36:*.m4a=00;36:*.mid=00;36:*.midi=00;36:*.mka=00;36:*.mp3=00;36:*.mpc=00;36:*.ogg=00;36:*.ra=00;36:*.wav=00;36:*.oga=00;36:*.opus=00;36:*.spx=00;36:*.xspf=00;36:', 'AMENT_PREFIX_PATH': '/opt/ros/humble', 'SHELL': '/bin/bash', 'LC_NAME': 'pt_BR.UTF-8', 'LESSCLOSE': '/usr/bin/lesspipe %s %s', 'LC_MEASUREMENT': 'pt_BR.UTF-8', 'LC_IDENTIFICATION': 'pt_BR.UTF-8', 'PWD': '/home/edrom-mini/edromufu/src/movement/Ros2_change/build/kinematic_functions', 'LC_ALL': 'en_US.UTF-8', 'SSH_CONNECTION': '192.168.1.7 51388 192.168.1.12 22', 'XDG_DATA_DIRS': '/usr/share/gnome:/usr/local/share:/usr/share:/var/lib/snapd/desktop', 'PYTHONPATH': '/home/edrom-mini/edromufu/src/movement/Ros2_change/build/kinematic_functions/prefix_override:/home/edrom-mini/edromufu/src/movement/Ros2_change/install/kinematic_functions/lib/python3.10/site-packages:/opt/ros/humble/lib/python3.10/site-packages:/opt/ros/humble/local/lib/python3.10/dist-packages', 'LC_NUMERIC': 'pt_BR.UTF-8', 'LC_PAPER': 'pt_BR.UTF-8', 'COLCON': '1'}, 'shell': False}
[1.064563] (humanoid_visualization) StdoutLine: {'line': b'-- Up-to-date: /home/edrom-mini/edromufu/src/movement/Ros2_change/install/humanoid_visualization/share/humanoid_visualization/environment/ament_prefix_path.sh\n'}
[1.064698] (humanoid_visualization) StdoutLine: {'line': b'-- Up-to-date: /home/edrom-mini/edromufu/src/movement/Ros2_change/install/humanoid_visualization/share/humanoid_visualization/environment/ament_prefix_path.dsv\n'}
[1.064800] (humanoid_visualization) StdoutLine: {'line': b'-- Up-to-date: /home/edrom-mini/edromufu/src/movement/Ros2_change/install/humanoid_visualization/share/humanoid_visualization/environment/path.sh\n'}
[1.064895] (humanoid_visualization) StdoutLine: {'line': b'-- Up-to-date: /home/edrom-mini/edromufu/src/movement/Ros2_change/install/humanoid_visualization/share/humanoid_visualization/environment/path.dsv\n'}
[1.064984] (humanoid_visualization) StdoutLine: {'line': b'-- Up-to-date: /home/edrom-mini/edromufu/src/movement/Ros2_change/install/humanoid_visualization/share/humanoid_visualization/local_setup.bash\n'}
[1.065072] (humanoid_visualization) StdoutLine: {'line': b'-- Installing: /home/edrom-mini/edromufu/src/movement/Ros2_change/install/humanoid_visualization/share/humanoid_visualization/local_setup.sh\n'}
[1.065160] (humanoid_visualization) StdoutLine: {'line': b'-- Up-to-date: /home/edrom-mini/edromufu/src/movement/Ros2_change/install/humanoid_visualization/share/humanoid_visualization/local_setup.zsh\n'}
[1.065246] (humanoid_visualization) StdoutLine: {'line': b'-- Up-to-date: /home/edrom-mini/edromufu/src/movement/Ros2_change/install/humanoid_visualization/share/humanoid_visualization/local_setup.dsv\n'}
[1.065353] (humanoid_visualization) StdoutLine: {'line': b'-- Installing: /home/edrom-mini/edromufu/src/movement/Ros2_change/install/humanoid_visualization/share/humanoid_visualization/package.dsv\n'}
[1.065445] (humanoid_visualization) StdoutLine: {'line': b'-- Up-to-date: /home/edrom-mini/edromufu/src/movement/Ros2_change/install/humanoid_visualization/share/ament_index/resource_index/packages/humanoid_visualization\n'}
[1.065528] (humanoid_visualization) StdoutLine: {'line': b'-- Up-to-date: /home/edrom-mini/edromufu/src/movement/Ros2_change/install/humanoid_visualization/share/humanoid_visualization/cmake/humanoid_visualizationConfig.cmake\n'}
[1.065619] (humanoid_visualization) StdoutLine: {'line': b'-- Up-to-date: /home/edrom-mini/edromufu/src/movement/Ros2_change/install/humanoid_visualization/share/humanoid_visualization/cmake/humanoid_visualizationConfig-version.cmake\n'}
[1.065709] (humanoid_visualization) StdoutLine: {'line': b'-- Up-to-date: /home/edrom-mini/edromufu/src/movement/Ros2_change/install/humanoid_visualization/share/humanoid_visualization/package.xml\n'}
[1.070475] (erro_package) Command: {'cmd': ['/usr/bin/python3', '-W', 'ignore:setup.py install is deprecated', 'setup.py', 'egg_info', '--egg-base', '../../build/erro_package', 'build', '--build-base', '/home/edrom-mini/edromufu/src/movement/Ros2_change/build/erro_package/build', 'install', '--record', '/home/edrom-mini/edromufu/src/movement/Ros2_change/build/erro_package/install.log', '--single-version-externally-managed', 'install_data'], 'cwd': '/home/edrom-mini/edromufu/src/movement/Ros2_change/src/erro_package', 'env': {'LESSOPEN': '| /usr/bin/lesspipe %s', 'USER': 'edrom-mini', 'SSH_CLIENT': '192.168.1.7 51388 22', 'LC_TIME': 'pt_BR.UTF-8', 'XDG_SESSION_TYPE': 'tty', 'SHLVL': '1', 'LD_LIBRARY_PATH': '/opt/ros/humble/opt/rviz_ogre_vendor/lib:/opt/ros/humble/lib/x86_64-linux-gnu:/opt/ros/humble/lib', 'MOTD_SHOWN': 'pam', 'HOME': '/home/edrom-mini', 'OLDPWD': '/home/edrom-mini/edromufu', 'SSH_TTY': '/dev/pts/0', 'ROS_PYTHON_VERSION': '3', 'LC_MONETARY': 'pt_BR.UTF-8', 'LC_CTYPE': 'pt_BR.UTF-8', 'DBUS_SESSION_BUS_ADDRESS': 'unix:path=/run/user/1000/bus', 'ROS_DISTRO': 'humble', 'LOGNAME': 'edrom-mini', '_': '/usr/bin/colcon', 'ROS_VERSION': '2', 'XDG_SESSION_CLASS': 'user', 'TERM': 'xterm-256color', 'XDG_SESSION_ID': '4', 'ROS_LOCALHOST_ONLY': '0', 'PATH': '/home/edrom-mini/.local/bin:/opt/ros/humble/bin:/usr/local/sbin:/usr/local/bin:/usr/sbin:/usr/bin:/sbin:/bin:/usr/games:/usr/local/games:/snap/bin', 'LC_ADDRESS': 'pt_BR.UTF-8', 'XDG_RUNTIME_DIR': '/run/user/1000', 'DISPLAY': 'localhost:10.0', 'LANG': 'en_US.UTF-8', 'LC_TELEPHONE': 'pt_BR.UTF-8', 'LS_COLORS': 'rs=0:di=01;34:ln=01;36:mh=00:pi=40;33:so=01;35:do=01;35:bd=40;33;01:cd=40;33;01:or=40;31;01:mi=00:su=37;41:sg=30;43:ca=30;41:tw=30;42:ow=34;42:st=37;44:ex=01;32:*.tar=01;31:*.tgz=01;31:*.arc=01;31:*.arj=01;31:*.taz=01;31:*.lha=01;31:*.lz4=01;31:*.lzh=01;31:*.lzma=01;31:*.tlz=01;31:*.txz=01;31:*.tzo=01;31:*.t7z=01;31:*.zip=01;31:*.z=01;31:*.dz=01;31:*.gz=01;31:*.lrz=01;31:*.lz=01;31:*.lzo=01;31:*.xz=01;31:*.zst=01;31:*.tzst=01;31:*.bz2=01;31:*.bz=01;31:*.tbz=01;31:*.tbz2=01;31:*.tz=01;31:*.deb=01;31:*.rpm=01;31:*.jar=01;31:*.war=01;31:*.ear=01;31:*.sar=01;31:*.rar=01;31:*.alz=01;31:*.ace=01;31:*.zoo=01;31:*.cpio=01;31:*.7z=01;31:*.rz=01;31:*.cab=01;31:*.wim=01;31:*.swm=01;31:*.dwm=01;31:*.esd=01;31:*.jpg=01;35:*.jpeg=01;35:*.mjpg=01;35:*.mjpeg=01;35:*.gif=01;35:*.bmp=01;35:*.pbm=01;35:*.pgm=01;35:*.ppm=01;35:*.tga=01;35:*.xbm=01;35:*.xpm=01;35:*.tif=01;35:*.tiff=01;35:*.png=01;35:*.svg=01;35:*.svgz=01;35:*.mng=01;35:*.pcx=01;35:*.mov=01;35:*.mpg=01;35:*.mpeg=01;35:*.m2v=01;35:*.mkv=01;35:*.webm=01;35:*.webp=01;35:*.ogm=01;35:*.mp4=01;35:*.m4v=01;35:*.mp4v=01;35:*.vob=01;35:*.qt=01;35:*.nuv=01;35:*.wmv=01;35:*.asf=01;35:*.rm=01;35:*.rmvb=01;35:*.flc=01;35:*.avi=01;35:*.fli=01;35:*.flv=01;35:*.gl=01;35:*.dl=01;35:*.xcf=01;35:*.xwd=01;35:*.yuv=01;35:*.cgm=01;35:*.emf=01;35:*.ogv=01;35:*.ogx=01;35:*.aac=00;36:*.au=00;36:*.flac=00;36:*.m4a=00;36:*.mid=00;36:*.midi=00;36:*.mka=00;36:*.mp3=00;36:*.mpc=00;36:*.ogg=00;36:*.ra=00;36:*.wav=00;36:*.oga=00;36:*.opus=00;36:*.spx=00;36:*.xspf=00;36:', 'AMENT_PREFIX_PATH': '/opt/ros/humble', 'SHELL': '/bin/bash', 'LC_NAME': 'pt_BR.UTF-8', 'LESSCLOSE': '/usr/bin/lesspipe %s %s', 'LC_MEASUREMENT': 'pt_BR.UTF-8', 'LC_IDENTIFICATION': 'pt_BR.UTF-8', 'PWD': '/home/edrom-mini/edromufu/src/movement/Ros2_change/build/erro_package', 'LC_ALL': 'en_US.UTF-8', 'SSH_CONNECTION': '192.168.1.7 51388 192.168.1.12 22', 'XDG_DATA_DIRS': '/usr/share/gnome:/usr/local/share:/usr/share:/var/lib/snapd/desktop', 'PYTHONPATH': '/home/edrom-mini/edromufu/src/movement/Ros2_change/build/erro_package/prefix_override:/home/edrom-mini/edromufu/src/movement/Ros2_change/install/erro_package/lib/python3.10/site-packages:/opt/ros/humble/lib/python3.10/site-packages:/opt/ros/humble/local/lib/python3.10/dist-packages', 'LC_NUMERIC': 'pt_BR.UTF-8', 'LC_PAPER': 'pt_BR.UTF-8', 'COLCON': '1'}, 'shell': False}
[1.086907] (humanoid_visualization) CommandEnded: {'returncode': 0}
[1.108786] (-) TimerEvent: {}
[1.209133] (-) TimerEvent: {}
[1.258286] (humanoid_visualization) JobEnded: {'identifier': 'humanoid_visualization', 'rc': 0}
[1.259487] (tahara_pages) JobStarted: {'identifier': 'tahara_pages'}
[1.309249] (-) TimerEvent: {}
[1.410201] (kinematic_functions) StdoutLine: {'line': b'running egg_info\n'}
[1.410444] (-) TimerEvent: {}
[1.411216] (kinematic_functions) StdoutLine: {'line': b'writing ../../build/kinematic_functions/kinematic_functions.egg-info/PKG-INFO\n'}
[1.411825] (kinematic_functions) StdoutLine: {'line': b'writing dependency_links to ../../build/kinematic_functions/kinematic_functions.egg-info/dependency_links.txt\n'}
[1.412055] (kinematic_functions) StdoutLine: {'line': b'writing entry points to ../../build/kinematic_functions/kinematic_functions.egg-info/entry_points.txt\n'}
[1.412290] (kinematic_functions) StdoutLine: {'line': b'writing requirements to ../../build/kinematic_functions/kinematic_functions.egg-info/requires.txt\n'}
[1.412456] (kinematic_functions) StdoutLine: {'line': b'writing top-level names to ../../build/kinematic_functions/kinematic_functions.egg-info/top_level.txt\n'}
[1.414639] (erro_package) StdoutLine: {'line': b'running egg_info\n'}
[1.414869] (kinematic_functions) StdoutLine: {'line': b"reading manifest file '../../build/kinematic_functions/kinematic_functions.egg-info/SOURCES.txt'\n"}
[1.415588] (erro_package) StdoutLine: {'line': b'writing ../../build/erro_package/erro_package.egg-info/PKG-INFO\n'}
[1.416022] (erro_package) StdoutLine: {'line': b'writing dependency_links to ../../build/erro_package/erro_package.egg-info/dependency_links.txt\n'}
[1.416317] (kinematic_functions) StdoutLine: {'line': b"writing manifest file '../../build/kinematic_functions/kinematic_functions.egg-info/SOURCES.txt'\n"}
[1.416559] (kinematic_functions) StdoutLine: {'line': b'running build\n'}
[1.416657] (kinematic_functions) StdoutLine: {'line': b'running build_py\n'}
[1.416737] (erro_package) StdoutLine: {'line': b'writing entry points to ../../build/erro_package/erro_package.egg-info/entry_points.txt\n'}
[1.416894] (erro_package) StdoutLine: {'line': b'writing requirements to ../../build/erro_package/erro_package.egg-info/requires.txt\n'}
[1.416977] (erro_package) StdoutLine: {'line': b'writing top-level names to ../../build/erro_package/erro_package.egg-info/top_level.txt\n'}
[1.417517] (kinematic_functions) StdoutLine: {'line': b'running install\n'}
[1.417966] (kinematic_functions) StdoutLine: {'line': b'running install_lib\n'}
[1.418925] (erro_package) StdoutLine: {'line': b"reading manifest file '../../build/erro_package/erro_package.egg-info/SOURCES.txt'\n"}
[1.419665] (kinematic_functions) StdoutLine: {'line': b'running install_data\n'}
[1.419828] (kinematic_functions) StdoutLine: {'line': b'running install_egg_info\n'}
[1.420250] (erro_package) StdoutLine: {'line': b"writing manifest file '../../build/erro_package/erro_package.egg-info/SOURCES.txt'\n"}
[1.420506] (erro_package) StdoutLine: {'line': b'running build\n'}
[1.420615] (erro_package) StdoutLine: {'line': b'running build_py\n'}
[1.421476] (erro_package) StdoutLine: {'line': b'copying erro_package/erro_publisher.py -> /home/edrom-mini/edromufu/src/movement/Ros2_change/build/erro_package/build/lib/erro_package\n'}
[1.421986] (kinematic_functions) StdoutLine: {'line': b"removing '/home/edrom-mini/edromufu/src/movement/Ros2_change/install/kinematic_functions/lib/python3.10/site-packages/kinematic_functions-0.0.0-py3.10.egg-info' (and everything under it)\n"}
[1.422176] (erro_package) StdoutLine: {'line': b'running install\n'}
[1.422339] (kinematic_functions) StdoutLine: {'line': b'Copying ../../build/kinematic_functions/kinematic_functions.egg-info to /home/edrom-mini/edromufu/src/movement/Ros2_change/install/kinematic_functions/lib/python3.10/site-packages/kinematic_functions-0.0.0-py3.10.egg-info\n'}
[1.422481] (erro_package) StdoutLine: {'line': b'running install_lib\n'}
[1.423660] (kinematic_functions) StdoutLine: {'line': b'running install_scripts\n'}
[1.423852] (erro_package) StdoutLine: {'line': b'byte-compiling /home/edrom-mini/edromufu/src/movement/Ros2_change/install/erro_package/lib/python3.10/site-packages/erro_package/erro_publisher.py to erro_publisher.cpython-310.pyc\n'}
[1.425422] (erro_package) StdoutLine: {'line': b'running install_data\n'}
[1.425669] (erro_package) StdoutLine: {'line': b'running install_egg_info\n'}
[1.428973] (erro_package) StdoutLine: {'line': b"removing '/home/edrom-mini/edromufu/src/movement/Ros2_change/install/erro_package/lib/python3.10/site-packages/erro_package-0.0.0-py3.10.egg-info' (and everything under it)\n"}
[1.429287] (erro_package) StdoutLine: {'line': b'Copying ../../build/erro_package/erro_package.egg-info to /home/edrom-mini/edromufu/src/movement/Ros2_change/install/erro_package/lib/python3.10/site-packages/erro_package-0.0.0-py3.10.egg-info\n'}
[1.430927] (erro_package) StdoutLine: {'line': b'running install_scripts\n'}
[1.450213] (kinematic_functions) StdoutLine: {'line': b"writing list of installed files to '/home/edrom-mini/edromufu/src/movement/Ros2_change/build/kinematic_functions/install.log'\n"}
[1.456703] (erro_package) StdoutLine: {'line': b'Installing erro_publisher script to /home/edrom-mini/edromufu/src/movement/Ros2_change/install/erro_package/lib/erro_package\n'}
[1.457232] (erro_package) StdoutLine: {'line': b"writing list of installed files to '/home/edrom-mini/edromufu/src/movement/Ros2_change/build/erro_package/install.log'\n"}
[1.510547] (-) TimerEvent: {}
[1.592472] (movement_utils) JobProgress: {'identifier': 'movement_utils', 'progress': 'install'}
[1.592772] (movement_utils) Command: {'cmd': ['/home/edrom-mini/.local/bin/cmake', '--install', '/home/edrom-mini/edromufu/src/movement/Ros2_change/build/movement_utils'], 'cwd': '/home/edrom-mini/edromufu/src/movement/Ros2_change/build/movement_utils', 'env': OrderedDict([('LESSOPEN', '| /usr/bin/lesspipe %s'), ('USER', 'edrom-mini'), ('SSH_CLIENT', '192.168.1.7 51388 22'), ('LC_TIME', 'pt_BR.UTF-8'), ('XDG_SESSION_TYPE', 'tty'), ('SHLVL', '1'), ('LD_LIBRARY_PATH', '/opt/ros/humble/opt/rviz_ogre_vendor/lib:/opt/ros/humble/lib/x86_64-linux-gnu:/opt/ros/humble/lib'), ('MOTD_SHOWN', 'pam'), ('HOME', '/home/edrom-mini'), ('OLDPWD', '/home/edrom-mini/edromufu'), ('SSH_TTY', '/dev/pts/0'), ('ROS_PYTHON_VERSION', '3'), ('LC_MONETARY', 'pt_BR.UTF-8'), ('LC_CTYPE', 'pt_BR.UTF-8'), ('DBUS_SESSION_BUS_ADDRESS', 'unix:path=/run/user/1000/bus'), ('ROS_DISTRO', 'humble'), ('LOGNAME', 'edrom-mini'), ('_', '/usr/bin/colcon'), ('ROS_VERSION', '2'), ('XDG_SESSION_CLASS', 'user'), ('TERM', 'xterm-256color'), ('XDG_SESSION_ID', '4'), ('ROS_LOCALHOST_ONLY', '0'), ('PATH', '/home/edrom-mini/.local/bin:/opt/ros/humble/bin:/usr/local/sbin:/usr/local/bin:/usr/sbin:/usr/bin:/sbin:/bin:/usr/games:/usr/local/games:/snap/bin'), ('LC_ADDRESS', 'pt_BR.UTF-8'), ('XDG_RUNTIME_DIR', '/run/user/1000'), ('DISPLAY', 'localhost:10.0'), ('LANG', 'en_US.UTF-8'), ('LC_TELEPHONE', 'pt_BR.UTF-8'), ('LS_COLORS', 'rs=0:di=01;34:ln=01;36:mh=00:pi=40;33:so=01;35:do=01;35:bd=40;33;01:cd=40;33;01:or=40;31;01:mi=00:su=37;41:sg=30;43:ca=30;41:tw=30;42:ow=34;42:st=37;44:ex=01;32:*.tar=01;31:*.tgz=01;31:*.arc=01;31:*.arj=01;31:*.taz=01;31:*.lha=01;31:*.lz4=01;31:*.lzh=01;31:*.lzma=01;31:*.tlz=01;31:*.txz=01;31:*.tzo=01;31:*.t7z=01;31:*.zip=01;31:*.z=01;31:*.dz=01;31:*.gz=01;31:*.lrz=01;31:*.lz=01;31:*.lzo=01;31:*.xz=01;31:*.zst=01;31:*.tzst=01;31:*.bz2=01;31:*.bz=01;31:*.tbz=01;31:*.tbz2=01;31:*.tz=01;31:*.deb=01;31:*.rpm=01;31:*.jar=01;31:*.war=01;31:*.ear=01;31:*.sar=01;31:*.rar=01;31:*.alz=01;31:*.ace=01;31:*.zoo=01;31:*.cpio=01;31:*.7z=01;31:*.rz=01;31:*.cab=01;31:*.wim=01;31:*.swm=01;31:*.dwm=01;31:*.esd=01;31:*.jpg=01;35:*.jpeg=01;35:*.mjpg=01;35:*.mjpeg=01;35:*.gif=01;35:*.bmp=01;35:*.pbm=01;35:*.pgm=01;35:*.ppm=01;35:*.tga=01;35:*.xbm=01;35:*.xpm=01;35:*.tif=01;35:*.tiff=01;35:*.png=01;35:*.svg=01;35:*.svgz=01;35:*.mng=01;35:*.pcx=01;35:*.mov=01;35:*.mpg=01;35:*.mpeg=01;35:*.m2v=01;35:*.mkv=01;35:*.webm=01;35:*.webp=01;35:*.ogm=01;35:*.mp4=01;35:*.m4v=01;35:*.mp4v=01;35:*.vob=01;35:*.qt=01;35:*.nuv=01;35:*.wmv=01;35:*.asf=01;35:*.rm=01;35:*.rmvb=01;35:*.flc=01;35:*.avi=01;35:*.fli=01;35:*.flv=01;35:*.gl=01;35:*.dl=01;35:*.xcf=01;35:*.xwd=01;35:*.yuv=01;35:*.cgm=01;35:*.emf=01;35:*.ogv=01;35:*.ogx=01;35:*.aac=00;36:*.au=00;36:*.flac=00;36:*.m4a=00;36:*.mid=00;36:*.midi=00;36:*.mka=00;36:*.mp3=00;36:*.mpc=00;36:*.ogg=00;36:*.ra=00;36:*.wav=00;36:*.oga=00;36:*.opus=00;36:*.spx=00;36:*.xspf=00;36:'), ('AMENT_PREFIX_PATH', '/opt/ros/humble'), ('SHELL', '/bin/bash'), ('LC_NAME', 'pt_BR.UTF-8'), ('LESSCLOSE', '/usr/bin/lesspipe %s %s'), ('LC_MEASUREMENT', 'pt_BR.UTF-8'), ('LC_IDENTIFICATION', 'pt_BR.UTF-8'), ('PWD', '/home/edrom-mini/edromufu/src/movement/Ros2_change/build/movement_utils'), ('LC_ALL', 'en_US.UTF-8'), ('SSH_CONNECTION', '192.168.1.7 51388 192.168.1.12 22'), ('XDG_DATA_DIRS', '/usr/share/gnome:/usr/local/share:/usr/share:/var/lib/snapd/desktop'), ('PYTHONPATH', '/opt/ros/humble/lib/python3.10/site-packages:/opt/ros/humble/local/lib/python3.10/dist-packages'), ('LC_NUMERIC', 'pt_BR.UTF-8'), ('LC_PAPER', 'pt_BR.UTF-8'), ('COLCON', '1'), ('CMAKE_PREFIX_PATH', '/opt/ros/humble')]), 'shell': False}
[1.594512] (erro_package) CommandEnded: {'returncode': 0}
[1.601481] (erro_package) JobEnded: {'identifier': 'erro_package', 'rc': 0}
[1.602276] (kinematic_functions) CommandEnded: {'returncode': 0}
[1.608593] (kinematic_functions) JobEnded: {'identifier': 'kinematic_functions', 'rc': 0}
[1.609889] (humanoid_definition) JobStarted: {'identifier': 'humanoid_definition'}
[1.610620] (-) TimerEvent: {}
[1.614820] (movement_functions) JobStarted: {'identifier': 'movement_functions'}
[1.683221] (movement_utils) StdoutLine: {'line': b'-- Install configuration: ""\n'}
[1.683481] (movement_utils) StdoutLine: {'line': b'-- Up-to-date: /home/edrom-mini/edromufu/src/movement/Ros2_change/install/movement_utils/share/ament_index/resource_index/rosidl_interfaces/movement_utils\n'}
[1.683574] (movement_utils) StdoutLine: {'line': b'-- Up-to-date: /home/edrom-mini/edromufu/src/movement/Ros2_change/install/movement_utils/include/movement_utils/movement_utils\n'}
[1.683650] (movement_utils) StdoutLine: {'line': b'-- Up-to-date: /home/edrom-mini/edromufu/src/movement/Ros2_change/install/movement_utils/include/movement_utils/movement_utils/msg\n'}
[1.683728] (movement_utils) StdoutLine: {'line': b'-- Up-to-date: /home/edrom-mini/edromufu/src/movement/Ros2_change/install/movement_utils/include/movement_utils/movement_utils/msg/head_motors_data.h\n'}
[1.683802] (movement_utils) StdoutLine: {'line': b'-- Up-to-date: /home/edrom-mini/edromufu/src/movement/Ros2_change/install/movement_utils/include/movement_utils/movement_utils/msg/rosidl_generator_c__visibility_control.h\n'}
[1.683873] (movement_utils) StdoutLine: {'line': b'-- Up-to-date: /home/edrom-mini/edromufu/src/movement/Ros2_change/install/movement_utils/include/movement_utils/movement_utils/msg/detail\n'}
[1.683946] (movement_utils) StdoutLine: {'line': b'-- Up-to-date: /home/edrom-mini/edromufu/src/movement/Ros2_change/install/movement_utils/include/movement_utils/movement_utils/msg/detail/body_motors_data__struct.h\n'}
[1.684010] (movement_utils) StdoutLine: {'line': b'-- Up-to-date: /home/edrom-mini/edromufu/src/movement/Ros2_change/install/movement_utils/include/movement_utils/movement_utils/msg/detail/body_motors_data__functions.c\n'}
[1.684077] (movement_utils) StdoutLine: {'line': b'-- Up-to-date: /home/edrom-mini/edromufu/src/movement/Ros2_change/install/movement_utils/include/movement_utils/movement_utils/msg/detail/head_motors_data__type_support.h\n'}
[1.684151] (movement_utils) StdoutLine: {'line': b'-- Up-to-date: /home/edrom-mini/edromufu/src/movement/Ros2_change/install/movement_utils/include/movement_utils/movement_utils/msg/detail/head_motors_data__functions.h\n'}
[1.684238] (movement_utils) StdoutLine: {'line': b'-- Up-to-date: /home/edrom-mini/edromufu/src/movement/Ros2_change/install/movement_utils/include/movement_utils/movement_utils/msg/detail/body_motors_data__functions.h\n'}
[1.684518] (movement_utils) StdoutLine: {'line': b'-- Up-to-date: /home/edrom-mini/edromufu/src/movement/Ros2_change/install/movement_utils/include/movement_utils/movement_utils/msg/detail/head_motors_data__struct.h\n'}
[1.684613] (movement_utils) StdoutLine: {'line': b'-- Up-to-date: /home/edrom-mini/edromufu/src/movement/Ros2_change/install/movement_utils/include/movement_utils/movement_utils/msg/detail/body_motors_data__type_support.h\n'}
[1.684689] (movement_utils) StdoutLine: {'line': b'-- Up-to-date: /home/edrom-mini/edromufu/src/movement/Ros2_change/install/movement_utils/include/movement_utils/movement_utils/msg/detail/head_motors_data__functions.c\n'}
[1.684762] (movement_utils) StdoutLine: {'line': b'-- Up-to-date: /home/edrom-mini/edromufu/src/movement/Ros2_change/install/movement_utils/include/movement_utils/movement_utils/msg/body_motors_data.h\n'}
[1.684835] (movement_utils) StdoutLine: {'line': b'-- Up-to-date: /home/edrom-mini/edromufu/src/movement/Ros2_change/install/movement_utils/include/movement_utils/movement_utils/srv\n'}
[1.684907] (movement_utils) StdoutLine: {'line': b'-- Up-to-date: /home/edrom-mini/edromufu/src/movement/Ros2_change/install/movement_utils/include/movement_utils/movement_utils/srv/body_feedback.h\n'}
[1.684979] (movement_utils) StdoutLine: {'line': b'-- Up-to-date: /home/edrom-mini/edromufu/src/movement/Ros2_change/install/movement_utils/include/movement_utils/movement_utils/srv/detail\n'}
[1.685047] (movement_utils) StdoutLine: {'line': b'-- Up-to-date: /home/edrom-mini/edromufu/src/movement/Ros2_change/install/movement_utils/include/movement_utils/movement_utils/srv/detail/rotate__functions.c\n'}
[1.685119] (movement_utils) StdoutLine: {'line': b'-- Up-to-date: /home/edrom-mini/edromufu/src/movement/Ros2_change/install/movement_utils/include/movement_utils/movement_utils/srv/detail/page__functions.c\n'}
[1.685185] (movement_utils) StdoutLine: {'line': b'-- Up-to-date: /home/edrom-mini/edromufu/src/movement/Ros2_change/install/movement_utils/include/movement_utils/movement_utils/srv/detail/enable_torque__functions.h\n'}
[1.685255] (movement_utils) StdoutLine: {'line': b'-- Up-to-date: /home/edrom-mini/edromufu/src/movement/Ros2_change/install/movement_utils/include/movement_utils/movement_utils/srv/detail/body_feedback__functions.c\n'}
[1.685352] (movement_utils) StdoutLine: {'line': b'-- Up-to-date: /home/edrom-mini/edromufu/src/movement/Ros2_change/install/movement_utils/include/movement_utils/movement_utils/srv/detail/page__type_support.h\n'}
[1.685420] (movement_utils) StdoutLine: {'line': b'-- Up-to-date: /home/edrom-mini/edromufu/src/movement/Ros2_change/install/movement_utils/include/movement_utils/movement_utils/srv/detail/page__struct.h\n'}
[1.685486] (movement_utils) StdoutLine: {'line': b'-- Up-to-date: /home/edrom-mini/edromufu/src/movement/Ros2_change/install/movement_utils/include/movement_utils/movement_utils/srv/detail/head_feedback__struct.h\n'}
[1.685553] (movement_utils) StdoutLine: {'line': b'-- Up-to-date: /home/edrom-mini/edromufu/src/movement/Ros2_change/install/movement_utils/include/movement_utils/movement_utils/srv/detail/rotate__struct.h\n'}
[1.685620] (movement_utils) StdoutLine: {'line': b'-- Up-to-date: /home/edrom-mini/edromufu/src/movement/Ros2_change/install/movement_utils/include/movement_utils/movement_utils/srv/detail/body_feedback__struct.h\n'}
[1.685686] (movement_utils) StdoutLine: {'line': b'-- Up-to-date: /home/edrom-mini/edromufu/src/movement/Ros2_change/install/movement_utils/include/movement_utils/movement_utils/srv/detail/walk_forward__struct.h\n'}
[1.685751] (movement_utils) StdoutLine: {'line': b'-- Up-to-date: /home/edrom-mini/edromufu/src/movement/Ros2_change/install/movement_utils/include/movement_utils/movement_utils/srv/detail/walk_forward__functions.c\n'}
[1.685818] (movement_utils) StdoutLine: {'line': b'-- Up-to-date: /home/edrom-mini/edromufu/src/movement/Ros2_change/install/movement_utils/include/movement_utils/movement_utils/srv/detail/gait__functions.c\n'}
[1.685884] (movement_utils) StdoutLine: {'line': b'-- Up-to-date: /home/edrom-mini/edromufu/src/movement/Ros2_change/install/movement_utils/include/movement_utils/movement_utils/srv/detail/gait__type_support.h\n'}
[1.685956] (movement_utils) StdoutLine: {'line': b'-- Up-to-date: /home/edrom-mini/edromufu/src/movement/Ros2_change/install/movement_utils/include/movement_utils/movement_utils/srv/detail/body_feedback__functions.h\n'}
[1.686020] (movement_utils) StdoutLine: {'line': b'-- Up-to-date: /home/edrom-mini/edromufu/src/movement/Ros2_change/install/movement_utils/include/movement_utils/movement_utils/srv/detail/rotate__type_support.h\n'}
[1.686086] (movement_utils) StdoutLine: {'line': b'-- Up-to-date: /home/edrom-mini/edromufu/src/movement/Ros2_change/install/movement_utils/include/movement_utils/movement_utils/srv/detail/head_feedback__functions.h\n'}
[1.686151] (movement_utils) StdoutLine: {'line': b'-- Up-to-date: /home/edrom-mini/edromufu/src/movement/Ros2_change/install/movement_utils/include/movement_utils/movement_utils/srv/detail/page__functions.h\n'}
[1.686217] (movement_utils) StdoutLine: {'line': b'-- Up-to-date: /home/edrom-mini/edromufu/src/movement/Ros2_change/install/movement_utils/include/movement_utils/movement_utils/srv/detail/enable_torque__functions.c\n'}
[1.686509] (movement_utils) StdoutLine: {'line': b'-- Up-to-date: /home/edrom-mini/edromufu/src/movement/Ros2_change/install/movement_utils/include/movement_utils/movement_utils/srv/detail/head_feedback__functions.c\n'}
[1.686603] (movement_utils) StdoutLine: {'line': b'-- Up-to-date: /home/edrom-mini/edromufu/src/movement/Ros2_change/install/movement_utils/include/movement_utils/movement_utils/srv/detail/gait__functions.h\n'}
[1.686673] (movement_utils) StdoutLine: {'line': b'-- Up-to-date: /home/edrom-mini/edromufu/src/movement/Ros2_change/install/movement_utils/include/movement_utils/movement_utils/srv/detail/walk_forward__functions.h\n'}
[1.686738] (movement_utils) StdoutLine: {'line': b'-- Up-to-date: /home/edrom-mini/edromufu/src/movement/Ros2_change/install/movement_utils/include/movement_utils/movement_utils/srv/detail/rotate__functions.h\n'}
[1.686806] (movement_utils) StdoutLine: {'line': b'-- Up-to-date: /home/edrom-mini/edromufu/src/movement/Ros2_change/install/movement_utils/include/movement_utils/movement_utils/srv/detail/enable_torque__type_support.h\n'}
[1.686872] (movement_utils) StdoutLine: {'line': b'-- Up-to-date: /home/edrom-mini/edromufu/src/movement/Ros2_change/install/movement_utils/include/movement_utils/movement_utils/srv/detail/head_feedback__type_support.h\n'}
[1.686938] (movement_utils) StdoutLine: {'line': b'-- Up-to-date: /home/edrom-mini/edromufu/src/movement/Ros2_change/install/movement_utils/include/movement_utils/movement_utils/srv/detail/body_feedback__type_support.h\n'}
[1.687005] (movement_utils) StdoutLine: {'line': b'-- Up-to-date: /home/edrom-mini/edromufu/src/movement/Ros2_change/install/movement_utils/include/movement_utils/movement_utils/srv/detail/gait__struct.h\n'}
[1.687079] (movement_utils) StdoutLine: {'line': b'-- Up-to-date: /home/edrom-mini/edromufu/src/movement/Ros2_change/install/movement_utils/include/movement_utils/movement_utils/srv/detail/walk_forward__type_support.h\n'}
[1.687147] (movement_utils) StdoutLine: {'line': b'-- Up-to-date: /home/edrom-mini/edromufu/src/movement/Ros2_change/install/movement_utils/include/movement_utils/movement_utils/srv/detail/enable_torque__struct.h\n'}
[1.687288] (movement_utils) StdoutLine: {'line': b'-- Up-to-date: /home/edrom-mini/edromufu/src/movement/Ros2_change/install/movement_utils/include/movement_utils/movement_utils/srv/head_feedback.h\n'}
[1.687375] (movement_utils) StdoutLine: {'line': b'-- Up-to-date: /home/edrom-mini/edromufu/src/movement/Ros2_change/install/movement_utils/include/movement_utils/movement_utils/srv/walk_forward.h\n'}
[1.687452] (movement_utils) StdoutLine: {'line': b'-- Up-to-date: /home/edrom-mini/edromufu/src/movement/Ros2_change/install/movement_utils/include/movement_utils/movement_utils/srv/rotate.h\n'}
[1.687519] (movement_utils) StdoutLine: {'line': b'-- Up-to-date: /home/edrom-mini/edromufu/src/movement/Ros2_change/install/movement_utils/include/movement_utils/movement_utils/srv/enable_torque.h\n'}
[1.687586] (movement_utils) StdoutLine: {'line': b'-- Up-to-date: /home/edrom-mini/edromufu/src/movement/Ros2_change/install/movement_utils/include/movement_utils/movement_utils/srv/gait.h\n'}
[1.687662] (movement_utils) StdoutLine: {'line': b'-- Up-to-date: /home/edrom-mini/edromufu/src/movement/Ros2_change/install/movement_utils/include/movement_utils/movement_utils/srv/page.h\n'}
[1.687730] (movement_utils) StdoutLine: {'line': b'-- Up-to-date: /home/edrom-mini/edromufu/src/movement/Ros2_change/install/movement_utils/share/movement_utils/environment/library_path.sh\n'}
[1.687798] (movement_utils) StdoutLine: {'line': b'-- Up-to-date: /home/edrom-mini/edromufu/src/movement/Ros2_change/install/movement_utils/share/movement_utils/environment/library_path.dsv\n'}
[1.687863] (movement_utils) StdoutLine: {'line': b'-- Up-to-date: /home/edrom-mini/edromufu/src/movement/Ros2_change/install/movement_utils/lib/libmovement_utils__rosidl_generator_c.so\n'}
[1.687931] (movement_utils) StdoutLine: {'line': b'-- Up-to-date: /home/edrom-mini/edromufu/src/movement/Ros2_change/install/movement_utils/include/movement_utils/movement_utils\n'}
[1.688047] (movement_utils) StdoutLine: {'line': b'-- Up-to-date: /home/edrom-mini/edromufu/src/movement/Ros2_change/install/movement_utils/include/movement_utils/movement_utils/msg\n'}
[1.688122] (movement_utils) StdoutLine: {'line': b'-- Up-to-date: /home/edrom-mini/edromufu/src/movement/Ros2_change/install/movement_utils/include/movement_utils/movement_utils/msg/detail\n'}
[1.688252] (movement_utils) StdoutLine: {'line': b'-- Up-to-date: /home/edrom-mini/edromufu/src/movement/Ros2_change/install/movement_utils/include/movement_utils/movement_utils/msg/detail/head_motors_data__rosidl_typesupport_fastrtps_c.h\n'}
[1.688495] (movement_utils) StdoutLine: {'line': b'-- Up-to-date: /home/edrom-mini/edromufu/src/movement/Ros2_change/install/movement_utils/include/movement_utils/movement_utils/msg/detail/body_motors_data__rosidl_typesupport_fastrtps_c.h\n'}
[1.688691] (movement_utils) StdoutLine: {'line': b'-- Up-to-date: /home/edrom-mini/edromufu/src/movement/Ros2_change/install/movement_utils/include/movement_utils/movement_utils/msg/rosidl_typesupport_fastrtps_c__visibility_control.h\n'}
[1.689531] (movement_utils) StdoutLine: {'line': b'-- Up-to-date: /home/edrom-mini/edromufu/src/movement/Ros2_change/install/movement_utils/include/movement_utils/movement_utils/srv\n'}
[1.689835] (movement_utils) StdoutLine: {'line': b'-- Up-to-date: /home/edrom-mini/edromufu/src/movement/Ros2_change/install/movement_utils/include/movement_utils/movement_utils/srv/detail\n'}
[1.689994] (movement_utils) StdoutLine: {'line': b'-- Up-to-date: /home/edrom-mini/edromufu/src/movement/Ros2_change/install/movement_utils/include/movement_utils/movement_utils/srv/detail/walk_forward__rosidl_typesupport_fastrtps_c.h\n'}
[1.690083] (movement_utils) StdoutLine: {'line': b'-- Up-to-date: /home/edrom-mini/edromufu/src/movement/Ros2_change/install/movement_utils/include/movement_utils/movement_utils/srv/detail/rotate__rosidl_typesupport_fastrtps_c.h\n'}
[1.690155] (movement_utils) StdoutLine: {'line': b'-- Up-to-date: /home/edrom-mini/edromufu/src/movement/Ros2_change/install/movement_utils/include/movement_utils/movement_utils/srv/detail/body_feedback__rosidl_typesupport_fastrtps_c.h\n'}
[1.690223] (movement_utils) StdoutLine: {'line': b'-- Up-to-date: /home/edrom-mini/edromufu/src/movement/Ros2_change/install/movement_utils/include/movement_utils/movement_utils/srv/detail/enable_torque__rosidl_typesupport_fastrtps_c.h\n'}
[1.690306] (movement_utils) StdoutLine: {'line': b'-- Up-to-date: /home/edrom-mini/edromufu/src/movement/Ros2_change/install/movement_utils/include/movement_utils/movement_utils/srv/detail/page__rosidl_typesupport_fastrtps_c.h\n'}
[1.690381] (movement_utils) StdoutLine: {'line': b'-- Up-to-date: /home/edrom-mini/edromufu/src/movement/Ros2_change/install/movement_utils/include/movement_utils/movement_utils/srv/detail/head_feedback__rosidl_typesupport_fastrtps_c.h\n'}
[1.690454] (movement_utils) StdoutLine: {'line': b'-- Up-to-date: /home/edrom-mini/edromufu/src/movement/Ros2_change/install/movement_utils/include/movement_utils/movement_utils/srv/detail/gait__rosidl_typesupport_fastrtps_c.h\n'}
[1.690548] (movement_utils) StdoutLine: {'line': b'-- Up-to-date: /home/edrom-mini/edromufu/src/movement/Ros2_change/install/movement_utils/lib/libmovement_utils__rosidl_typesupport_fastrtps_c.so\n'}
[1.690636] (movement_utils) StdoutLine: {'line': b'-- Up-to-date: /home/edrom-mini/edromufu/src/movement/Ros2_change/install/movement_utils/include/movement_utils/movement_utils\n'}
[1.690786] (movement_utils) StdoutLine: {'line': b'-- Up-to-date: /home/edrom-mini/edromufu/src/movement/Ros2_change/install/movement_utils/include/movement_utils/movement_utils/msg\n'}
[1.690869] (movement_utils) StdoutLine: {'line': b'-- Up-to-date: /home/edrom-mini/edromufu/src/movement/Ros2_change/install/movement_utils/include/movement_utils/movement_utils/msg/rosidl_typesupport_introspection_c__visibility_control.h\n'}
[1.691033] (movement_utils) StdoutLine: {'line': b'-- Up-to-date: /home/edrom-mini/edromufu/src/movement/Ros2_change/install/movement_utils/include/movement_utils/movement_utils/msg/detail\n'}
[1.691301] (movement_utils) StdoutLine: {'line': b'-- Up-to-date: /home/edrom-mini/edromufu/src/movement/Ros2_change/install/movement_utils/include/movement_utils/movement_utils/msg/detail/head_motors_data__type_support.c\n'}
[1.691586] (movement_utils) StdoutLine: {'line': b'-- Up-to-date: /home/edrom-mini/edromufu/src/movement/Ros2_change/install/movement_utils/include/movement_utils/movement_utils/msg/detail/body_motors_data__type_support.c\n'}
[1.691671] (movement_utils) StdoutLine: {'line': b'-- Up-to-date: /home/edrom-mini/edromufu/src/movement/Ros2_change/install/movement_utils/include/movement_utils/movement_utils/msg/detail/body_motors_data__rosidl_typesupport_introspection_c.h\n'}
[1.691746] (movement_utils) StdoutLine: {'line': b'-- Up-to-date: /home/edrom-mini/edromufu/src/movement/Ros2_change/install/movement_utils/include/movement_utils/movement_utils/msg/detail/head_motors_data__rosidl_typesupport_introspection_c.h\n'}
[1.691814] (movement_utils) StdoutLine: {'line': b'-- Up-to-date: /home/edrom-mini/edromufu/src/movement/Ros2_change/install/movement_utils/include/movement_utils/movement_utils/srv\n'}
[1.691881] (movement_utils) StdoutLine: {'line': b'-- Up-to-date: /home/edrom-mini/edromufu/src/movement/Ros2_change/install/movement_utils/include/movement_utils/movement_utils/srv/detail\n'}
[1.691950] (movement_utils) StdoutLine: {'line': b'-- Up-to-date: /home/edrom-mini/edromufu/src/movement/Ros2_change/install/movement_utils/include/movement_utils/movement_utils/srv/detail/gait__type_support.c\n'}
[1.692016] (movement_utils) StdoutLine: {'line': b'-- Up-to-date: /home/edrom-mini/edromufu/src/movement/Ros2_change/install/movement_utils/include/movement_utils/movement_utils/srv/detail/enable_torque__type_support.c\n'}
[1.692083] (movement_utils) StdoutLine: {'line': b'-- Up-to-date: /home/edrom-mini/edromufu/src/movement/Ros2_change/install/movement_utils/include/movement_utils/movement_utils/srv/detail/body_feedback__rosidl_typesupport_introspection_c.h\n'}
[1.692151] (movement_utils) StdoutLine: {'line': b'-- Up-to-date: /home/edrom-mini/edromufu/src/movement/Ros2_change/install/movement_utils/include/movement_utils/movement_utils/srv/detail/page__type_support.c\n'}
[1.692229] (movement_utils) StdoutLine: {'line': b'-- Up-to-date: /home/edrom-mini/edromufu/src/movement/Ros2_change/install/movement_utils/include/movement_utils/movement_utils/srv/detail/enable_torque__rosidl_typesupport_introspection_c.h\n'}
[1.692364] (movement_utils) StdoutLine: {'line': b'-- Up-to-date: /home/edrom-mini/edromufu/src/movement/Ros2_change/install/movement_utils/include/movement_utils/movement_utils/srv/detail/body_feedback__type_support.c\n'}
[1.692440] (movement_utils) StdoutLine: {'line': b'-- Up-to-date: /home/edrom-mini/edromufu/src/movement/Ros2_change/install/movement_utils/include/movement_utils/movement_utils/srv/detail/walk_forward__type_support.c\n'}
[1.692514] (movement_utils) StdoutLine: {'line': b'-- Up-to-date: /home/edrom-mini/edromufu/src/movement/Ros2_change/install/movement_utils/include/movement_utils/movement_utils/srv/detail/head_feedback__type_support.c\n'}
[1.692587] (movement_utils) StdoutLine: {'line': b'-- Up-to-date: /home/edrom-mini/edromufu/src/movement/Ros2_change/install/movement_utils/include/movement_utils/movement_utils/srv/detail/rotate__type_support.c\n'}
[1.692654] (movement_utils) StdoutLine: {'line': b'-- Up-to-date: /home/edrom-mini/edromufu/src/movement/Ros2_change/install/movement_utils/include/movement_utils/movement_utils/srv/detail/gait__rosidl_typesupport_introspection_c.h\n'}
[1.692724] (movement_utils) StdoutLine: {'line': b'-- Up-to-date: /home/edrom-mini/edromufu/src/movement/Ros2_change/install/movement_utils/include/movement_utils/movement_utils/srv/detail/walk_forward__rosidl_typesupport_introspection_c.h\n'}
[1.692791] (movement_utils) StdoutLine: {'line': b'-- Up-to-date: /home/edrom-mini/edromufu/src/movement/Ros2_change/install/movement_utils/include/movement_utils/movement_utils/srv/detail/page__rosidl_typesupport_introspection_c.h\n'}
[1.692859] (movement_utils) StdoutLine: {'line': b'-- Up-to-date: /home/edrom-mini/edromufu/src/movement/Ros2_change/install/movement_utils/include/movement_utils/movement_utils/srv/detail/head_feedback__rosidl_typesupport_introspection_c.h\n'}
[1.692924] (movement_utils) StdoutLine: {'line': b'-- Up-to-date: /home/edrom-mini/edromufu/src/movement/Ros2_change/install/movement_utils/include/movement_utils/movement_utils/srv/detail/rotate__rosidl_typesupport_introspection_c.h\n'}
[1.693001] (movement_utils) StdoutLine: {'line': b'-- Up-to-date: /home/edrom-mini/edromufu/src/movement/Ros2_change/install/movement_utils/lib/libmovement_utils__rosidl_typesupport_introspection_c.so\n'}
[1.693109] (movement_utils) StdoutLine: {'line': b'-- Up-to-date: /home/edrom-mini/edromufu/src/movement/Ros2_change/install/movement_utils/lib/libmovement_utils__rosidl_typesupport_c.so\n'}
[1.693185] (movement_utils) StdoutLine: {'line': b'-- Up-to-date: /home/edrom-mini/edromufu/src/movement/Ros2_change/install/movement_utils/include/movement_utils/movement_utils\n'}
[1.693321] (movement_utils) StdoutLine: {'line': b'-- Up-to-date: /home/edrom-mini/edromufu/src/movement/Ros2_change/install/movement_utils/include/movement_utils/movement_utils/msg\n'}
[1.693477] (movement_utils) StdoutLine: {'line': b'-- Up-to-date: /home/edrom-mini/edromufu/src/movement/Ros2_change/install/movement_utils/include/movement_utils/movement_utils/msg/body_motors_data.hpp\n'}
[1.693552] (movement_utils) StdoutLine: {'line': b'-- Up-to-date: /home/edrom-mini/edromufu/src/movement/Ros2_change/install/movement_utils/include/movement_utils/movement_utils/msg/detail\n'}
[1.693659] (movement_utils) StdoutLine: {'line': b'-- Up-to-date: /home/edrom-mini/edromufu/src/movement/Ros2_change/install/movement_utils/include/movement_utils/movement_utils/msg/detail/head_motors_data__traits.hpp\n'}
[1.693744] (movement_utils) StdoutLine: {'line': b'-- Up-to-date: /home/edrom-mini/edromufu/src/movement/Ros2_change/install/movement_utils/include/movement_utils/movement_utils/msg/detail/body_motors_data__struct.hpp\n'}
[1.693842] (movement_utils) StdoutLine: {'line': b'-- Up-to-date: /home/edrom-mini/edromufu/src/movement/Ros2_change/install/movement_utils/include/movement_utils/movement_utils/msg/detail/body_motors_data__traits.hpp\n'}
[1.693936] (movement_utils) StdoutLine: {'line': b'-- Up-to-date: /home/edrom-mini/edromufu/src/movement/Ros2_change/install/movement_utils/include/movement_utils/movement_utils/msg/detail/head_motors_data__builder.hpp\n'}
[1.694009] (movement_utils) StdoutLine: {'line': b'-- Up-to-date: /home/edrom-mini/edromufu/src/movement/Ros2_change/install/movement_utils/include/movement_utils/movement_utils/msg/detail/body_motors_data__builder.hpp\n'}
[1.694213] (movement_utils) StdoutLine: {'line': b'-- Up-to-date: /home/edrom-mini/edromufu/src/movement/Ros2_change/install/movement_utils/include/movement_utils/movement_utils/msg/detail/head_motors_data__struct.hpp\n'}
[1.694522] (movement_utils) StdoutLine: {'line': b'-- Up-to-date: /home/edrom-mini/edromufu/src/movement/Ros2_change/install/movement_utils/include/movement_utils/movement_utils/msg/head_motors_data.hpp\n'}
[1.694750] (movement_utils) StdoutLine: {'line': b'-- Up-to-date: /home/edrom-mini/edromufu/src/movement/Ros2_change/install/movement_utils/include/movement_utils/movement_utils/srv\n'}
[1.694906] (movement_utils) StdoutLine: {'line': b'-- Up-to-date: /home/edrom-mini/edromufu/src/movement/Ros2_change/install/movement_utils/include/movement_utils/movement_utils/srv/enable_torque.hpp\n'}
[1.694983] (movement_utils) StdoutLine: {'line': b'-- Up-to-date: /home/edrom-mini/edromufu/src/movement/Ros2_change/install/movement_utils/include/movement_utils/movement_utils/srv/page.hpp\n'}
[1.695053] (movement_utils) StdoutLine: {'line': b'-- Up-to-date: /home/edrom-mini/edromufu/src/movement/Ros2_change/install/movement_utils/include/movement_utils/movement_utils/srv/detail\n'}
[1.695121] (movement_utils) StdoutLine: {'line': b'-- Up-to-date: /home/edrom-mini/edromufu/src/movement/Ros2_change/install/movement_utils/include/movement_utils/movement_utils/srv/detail/body_feedback__struct.hpp\n'}
[1.695188] (movement_utils) StdoutLine: {'line': b'-- Up-to-date: /home/edrom-mini/edromufu/src/movement/Ros2_change/install/movement_utils/include/movement_utils/movement_utils/srv/detail/rotate__traits.hpp\n'}
[1.695255] (movement_utils) StdoutLine: {'line': b'-- Up-to-date: /home/edrom-mini/edromufu/src/movement/Ros2_change/install/movement_utils/include/movement_utils/movement_utils/srv/detail/rotate__struct.hpp\n'}
[1.695333] (movement_utils) StdoutLine: {'line': b'-- Up-to-date: /home/edrom-mini/edromufu/src/movement/Ros2_change/install/movement_utils/include/movement_utils/movement_utils/srv/detail/head_feedback__struct.hpp\n'}
[1.695394] (movement_utils) StdoutLine: {'line': b'-- Up-to-date: /home/edrom-mini/edromufu/src/movement/Ros2_change/install/movement_utils/include/movement_utils/movement_utils/srv/detail/body_feedback__builder.hpp\n'}
[1.695455] (movement_utils) StdoutLine: {'line': b'-- Up-to-date: /home/edrom-mini/edromufu/src/movement/Ros2_change/install/movement_utils/include/movement_utils/movement_utils/srv/detail/body_feedback__traits.hpp\n'}
[1.695516] (movement_utils) StdoutLine: {'line': b'-- Up-to-date: /home/edrom-mini/edromufu/src/movement/Ros2_change/install/movement_utils/include/movement_utils/movement_utils/srv/detail/enable_torque__traits.hpp\n'}
[1.695576] (movement_utils) StdoutLine: {'line': b'-- Up-to-date: /home/edrom-mini/edromufu/src/movement/Ros2_change/install/movement_utils/include/movement_utils/movement_utils/srv/detail/gait__struct.hpp\n'}
[1.695637] (movement_utils) StdoutLine: {'line': b'-- Up-to-date: /home/edrom-mini/edromufu/src/movement/Ros2_change/install/movement_utils/include/movement_utils/movement_utils/srv/detail/head_feedback__builder.hpp\n'}
[1.695710] (movement_utils) StdoutLine: {'line': b'-- Up-to-date: /home/edrom-mini/edromufu/src/movement/Ros2_change/install/movement_utils/include/movement_utils/movement_utils/srv/detail/page__builder.hpp\n'}
[1.695774] (movement_utils) StdoutLine: {'line': b'-- Up-to-date: /home/edrom-mini/edromufu/src/movement/Ros2_change/install/movement_utils/include/movement_utils/movement_utils/srv/detail/gait__traits.hpp\n'}
[1.695837] (movement_utils) StdoutLine: {'line': b'-- Up-to-date: /home/edrom-mini/edromufu/src/movement/Ros2_change/install/movement_utils/include/movement_utils/movement_utils/srv/detail/walk_forward__traits.hpp\n'}
[1.695900] (movement_utils) StdoutLine: {'line': b'-- Up-to-date: /home/edrom-mini/edromufu/src/movement/Ros2_change/install/movement_utils/include/movement_utils/movement_utils/srv/detail/enable_torque__builder.hpp\n'}
[1.695964] (movement_utils) StdoutLine: {'line': b'-- Up-to-date: /home/edrom-mini/edromufu/src/movement/Ros2_change/install/movement_utils/include/movement_utils/movement_utils/srv/detail/gait__builder.hpp\n'}
[1.696027] (movement_utils) StdoutLine: {'line': b'-- Up-to-date: /home/edrom-mini/edromufu/src/movement/Ros2_change/install/movement_utils/include/movement_utils/movement_utils/srv/detail/page__struct.hpp\n'}
[1.696094] (movement_utils) StdoutLine: {'line': b'-- Up-to-date: /home/edrom-mini/edromufu/src/movement/Ros2_change/install/movement_utils/include/movement_utils/movement_utils/srv/detail/rotate__builder.hpp\n'}
[1.696155] (movement_utils) StdoutLine: {'line': b'-- Up-to-date: /home/edrom-mini/edromufu/src/movement/Ros2_change/install/movement_utils/include/movement_utils/movement_utils/srv/detail/page__traits.hpp\n'}
[1.696216] (movement_utils) StdoutLine: {'line': b'-- Up-to-date: /home/edrom-mini/edromufu/src/movement/Ros2_change/install/movement_utils/include/movement_utils/movement_utils/srv/detail/enable_torque__struct.hpp\n'}
[1.696285] (movement_utils) StdoutLine: {'line': b'-- Up-to-date: /home/edrom-mini/edromufu/src/movement/Ros2_change/install/movement_utils/include/movement_utils/movement_utils/srv/detail/walk_forward__builder.hpp\n'}
[1.696357] (movement_utils) StdoutLine: {'line': b'-- Up-to-date: /home/edrom-mini/edromufu/src/movement/Ros2_change/install/movement_utils/include/movement_utils/movement_utils/srv/detail/walk_forward__struct.hpp\n'}
[1.696419] (movement_utils) StdoutLine: {'line': b'-- Up-to-date: /home/edrom-mini/edromufu/src/movement/Ros2_change/install/movement_utils/include/movement_utils/movement_utils/srv/detail/head_feedback__traits.hpp\n'}
[1.696484] (movement_utils) StdoutLine: {'line': b'-- Up-to-date: /home/edrom-mini/edromufu/src/movement/Ros2_change/install/movement_utils/include/movement_utils/movement_utils/srv/rotate.hpp\n'}
[1.696545] (movement_utils) StdoutLine: {'line': b'-- Up-to-date: /home/edrom-mini/edromufu/src/movement/Ros2_change/install/movement_utils/include/movement_utils/movement_utils/srv/body_feedback.hpp\n'}
[1.696606] (movement_utils) StdoutLine: {'line': b'-- Up-to-date: /home/edrom-mini/edromufu/src/movement/Ros2_change/install/movement_utils/include/movement_utils/movement_utils/srv/head_feedback.hpp\n'}
[1.696668] (movement_utils) StdoutLine: {'line': b'-- Up-to-date: /home/edrom-mini/edromufu/src/movement/Ros2_change/install/movement_utils/include/movement_utils/movement_utils/srv/walk_forward.hpp\n'}
[1.696728] (movement_utils) StdoutLine: {'line': b'-- Up-to-date: /home/edrom-mini/edromufu/src/movement/Ros2_change/install/movement_utils/include/movement_utils/movement_utils/srv/gait.hpp\n'}
[1.696788] (movement_utils) StdoutLine: {'line': b'-- Up-to-date: /home/edrom-mini/edromufu/src/movement/Ros2_change/install/movement_utils/include/movement_utils/movement_utils\n'}
[1.696849] (movement_utils) StdoutLine: {'line': b'-- Up-to-date: /home/edrom-mini/edromufu/src/movement/Ros2_change/install/movement_utils/include/movement_utils/movement_utils/msg\n'}
[1.696911] (movement_utils) StdoutLine: {'line': b'-- Up-to-date: /home/edrom-mini/edromufu/src/movement/Ros2_change/install/movement_utils/include/movement_utils/movement_utils/msg/detail\n'}
[1.696972] (movement_utils) StdoutLine: {'line': b'-- Up-to-date: /home/edrom-mini/edromufu/src/movement/Ros2_change/install/movement_utils/include/movement_utils/movement_utils/msg/detail/head_motors_data__rosidl_typesupport_fastrtps_cpp.hpp\n'}
[1.697033] (movement_utils) StdoutLine: {'line': b'-- Up-to-date: /home/edrom-mini/edromufu/src/movement/Ros2_change/install/movement_utils/include/movement_utils/movement_utils/msg/detail/dds_fastrtps\n'}
[1.697094] (movement_utils) StdoutLine: {'line': b'-- Up-to-date: /home/edrom-mini/edromufu/src/movement/Ros2_change/install/movement_utils/include/movement_utils/movement_utils/msg/detail/body_motors_data__rosidl_typesupport_fastrtps_cpp.hpp\n'}
[1.697156] (movement_utils) StdoutLine: {'line': b'-- Up-to-date: /home/edrom-mini/edromufu/src/movement/Ros2_change/install/movement_utils/include/movement_utils/movement_utils/msg/rosidl_typesupport_fastrtps_cpp__visibility_control.h\n'}
[1.697217] (movement_utils) StdoutLine: {'line': b'-- Up-to-date: /home/edrom-mini/edromufu/src/movement/Ros2_change/install/movement_utils/include/movement_utils/movement_utils/srv\n'}
[1.697556] (movement_utils) StdoutLine: {'line': b'-- Up-to-date: /home/edrom-mini/edromufu/src/movement/Ros2_change/install/movement_utils/include/movement_utils/movement_utils/srv/detail\n'}
[1.697642] (movement_utils) StdoutLine: {'line': b'-- Up-to-date: /home/edrom-mini/edromufu/src/movement/Ros2_change/install/movement_utils/include/movement_utils/movement_utils/srv/detail/head_feedback__rosidl_typesupport_fastrtps_cpp.hpp\n'}
[1.697723] (movement_utils) StdoutLine: {'line': b'-- Up-to-date: /home/edrom-mini/edromufu/src/movement/Ros2_change/install/movement_utils/include/movement_utils/movement_utils/srv/detail/page__rosidl_typesupport_fastrtps_cpp.hpp\n'}
[1.697790] (movement_utils) StdoutLine: {'line': b'-- Up-to-date: /home/edrom-mini/edromufu/src/movement/Ros2_change/install/movement_utils/include/movement_utils/movement_utils/srv/detail/dds_fastrtps\n'}
[1.697857] (movement_utils) StdoutLine: {'line': b'-- Up-to-date: /home/edrom-mini/edromufu/src/movement/Ros2_change/install/movement_utils/include/movement_utils/movement_utils/srv/detail/body_feedback__rosidl_typesupport_fastrtps_cpp.hpp\n'}
[1.697924] (movement_utils) StdoutLine: {'line': b'-- Up-to-date: /home/edrom-mini/edromufu/src/movement/Ros2_change/install/movement_utils/include/movement_utils/movement_utils/srv/detail/gait__rosidl_typesupport_fastrtps_cpp.hpp\n'}
[1.697992] (movement_utils) StdoutLine: {'line': b'-- Up-to-date: /home/edrom-mini/edromufu/src/movement/Ros2_change/install/movement_utils/include/movement_utils/movement_utils/srv/detail/walk_forward__rosidl_typesupport_fastrtps_cpp.hpp\n'}
[1.698059] (movement_utils) StdoutLine: {'line': b'-- Up-to-date: /home/edrom-mini/edromufu/src/movement/Ros2_change/install/movement_utils/include/movement_utils/movement_utils/srv/detail/enable_torque__rosidl_typesupport_fastrtps_cpp.hpp\n'}
[1.698126] (movement_utils) StdoutLine: {'line': b'-- Up-to-date: /home/edrom-mini/edromufu/src/movement/Ros2_change/install/movement_utils/include/movement_utils/movement_utils/srv/detail/rotate__rosidl_typesupport_fastrtps_cpp.hpp\n'}
[1.698196] (movement_utils) StdoutLine: {'line': b'-- Up-to-date: /home/edrom-mini/edromufu/src/movement/Ros2_change/install/movement_utils/lib/libmovement_utils__rosidl_typesupport_fastrtps_cpp.so\n'}
[1.698289] (movement_utils) StdoutLine: {'line': b'-- Up-to-date: /home/edrom-mini/edromufu/src/movement/Ros2_change/install/movement_utils/include/movement_utils/movement_utils\n'}
[1.698380] (movement_utils) StdoutLine: {'line': b'-- Up-to-date: /home/edrom-mini/edromufu/src/movement/Ros2_change/install/movement_utils/include/movement_utils/movement_utils/msg\n'}
[1.698453] (movement_utils) StdoutLine: {'line': b'-- Up-to-date: /home/edrom-mini/edromufu/src/movement/Ros2_change/install/movement_utils/include/movement_utils/movement_utils/msg/detail\n'}
[1.698523] (movement_utils) StdoutLine: {'line': b'-- Up-to-date: /home/edrom-mini/edromufu/src/movement/Ros2_change/install/movement_utils/include/movement_utils/movement_utils/msg/detail/head_motors_data__type_support.cpp\n'}
[1.698591] (movement_utils) StdoutLine: {'line': b'-- Up-to-date: /home/edrom-mini/edromufu/src/movement/Ros2_change/install/movement_utils/include/movement_utils/movement_utils/msg/detail/body_motors_data__type_support.cpp\n'}
[1.698660] (movement_utils) StdoutLine: {'line': b'-- Up-to-date: /home/edrom-mini/edromufu/src/movement/Ros2_change/install/movement_utils/include/movement_utils/movement_utils/msg/detail/body_motors_data__rosidl_typesupport_introspection_cpp.hpp\n'}
[1.698730] (movement_utils) StdoutLine: {'line': b'-- Up-to-date: /home/edrom-mini/edromufu/src/movement/Ros2_change/install/movement_utils/include/movement_utils/movement_utils/msg/detail/head_motors_data__rosidl_typesupport_introspection_cpp.hpp\n'}
[1.698798] (movement_utils) StdoutLine: {'line': b'-- Up-to-date: /home/edrom-mini/edromufu/src/movement/Ros2_change/install/movement_utils/include/movement_utils/movement_utils/srv\n'}
[1.698866] (movement_utils) StdoutLine: {'line': b'-- Up-to-date: /home/edrom-mini/edromufu/src/movement/Ros2_change/install/movement_utils/include/movement_utils/movement_utils/srv/detail\n'}
[1.698941] (movement_utils) StdoutLine: {'line': b'-- Up-to-date: /home/edrom-mini/edromufu/src/movement/Ros2_change/install/movement_utils/include/movement_utils/movement_utils/srv/detail/page__rosidl_typesupport_introspection_cpp.hpp\n'}
[1.699010] (movement_utils) StdoutLine: {'line': b'-- Up-to-date: /home/edrom-mini/edromufu/src/movement/Ros2_change/install/movement_utils/include/movement_utils/movement_utils/srv/detail/head_feedback__rosidl_typesupport_introspection_cpp.hpp\n'}
[1.699080] (movement_utils) StdoutLine: {'line': b'-- Up-to-date: /home/edrom-mini/edromufu/src/movement/Ros2_change/install/movement_utils/include/movement_utils/movement_utils/srv/detail/enable_torque__type_support.cpp\n'}
[1.699149] (movement_utils) StdoutLine: {'line': b'-- Up-to-date: /home/edrom-mini/edromufu/src/movement/Ros2_change/install/movement_utils/include/movement_utils/movement_utils/srv/detail/body_feedback__type_support.cpp\n'}
[1.699217] (movement_utils) StdoutLine: {'line': b'-- Up-to-date: /home/edrom-mini/edromufu/src/movement/Ros2_change/install/movement_utils/include/movement_utils/movement_utils/srv/detail/gait__rosidl_typesupport_introspection_cpp.hpp\n'}
[1.699300] (movement_utils) StdoutLine: {'line': b'-- Up-to-date: /home/edrom-mini/edromufu/src/movement/Ros2_change/install/movement_utils/include/movement_utils/movement_utils/srv/detail/gait__type_support.cpp\n'}
[1.699373] (movement_utils) StdoutLine: {'line': b'-- Up-to-date: /home/edrom-mini/edromufu/src/movement/Ros2_change/install/movement_utils/include/movement_utils/movement_utils/srv/detail/head_feedback__type_support.cpp\n'}
[1.699452] (movement_utils) StdoutLine: {'line': b'-- Up-to-date: /home/edrom-mini/edromufu/src/movement/Ros2_change/install/movement_utils/include/movement_utils/movement_utils/srv/detail/page__type_support.cpp\n'}
[1.699520] (movement_utils) StdoutLine: {'line': b'-- Up-to-date: /home/edrom-mini/edromufu/src/movement/Ros2_change/install/movement_utils/include/movement_utils/movement_utils/srv/detail/walk_forward__rosidl_typesupport_introspection_cpp.hpp\n'}
[1.699590] (movement_utils) StdoutLine: {'line': b'-- Up-to-date: /home/edrom-mini/edromufu/src/movement/Ros2_change/install/movement_utils/include/movement_utils/movement_utils/srv/detail/walk_forward__type_support.cpp\n'}
[1.699657] (movement_utils) StdoutLine: {'line': b'-- Up-to-date: /home/edrom-mini/edromufu/src/movement/Ros2_change/install/movement_utils/include/movement_utils/movement_utils/srv/detail/rotate__rosidl_typesupport_introspection_cpp.hpp\n'}
[1.699723] (movement_utils) StdoutLine: {'line': b'-- Up-to-date: /home/edrom-mini/edromufu/src/movement/Ros2_change/install/movement_utils/include/movement_utils/movement_utils/srv/detail/rotate__type_support.cpp\n'}
[1.699792] (movement_utils) StdoutLine: {'line': b'-- Up-to-date: /home/edrom-mini/edromufu/src/movement/Ros2_change/install/movement_utils/include/movement_utils/movement_utils/srv/detail/body_feedback__rosidl_typesupport_introspection_cpp.hpp\n'}
[1.699859] (movement_utils) StdoutLine: {'line': b'-- Up-to-date: /home/edrom-mini/edromufu/src/movement/Ros2_change/install/movement_utils/include/movement_utils/movement_utils/srv/detail/enable_torque__rosidl_typesupport_introspection_cpp.hpp\n'}
[1.699927] (movement_utils) StdoutLine: {'line': b'-- Up-to-date: /home/edrom-mini/edromufu/src/movement/Ros2_change/install/movement_utils/lib/libmovement_utils__rosidl_typesupport_introspection_cpp.so\n'}
[1.700002] (movement_utils) StdoutLine: {'line': b'-- Up-to-date: /home/edrom-mini/edromufu/src/movement/Ros2_change/install/movement_utils/lib/libmovement_utils__rosidl_typesupport_cpp.so\n'}
[1.700071] (movement_utils) StdoutLine: {'line': b'-- Up-to-date: /home/edrom-mini/edromufu/src/movement/Ros2_change/install/movement_utils/share/movement_utils/environment/pythonpath.sh\n'}
[1.700140] (movement_utils) StdoutLine: {'line': b'-- Up-to-date: /home/edrom-mini/edromufu/src/movement/Ros2_change/install/movement_utils/share/movement_utils/environment/pythonpath.dsv\n'}
[1.700210] (movement_utils) StdoutLine: {'line': b'-- Up-to-date: /home/edrom-mini/edromufu/src/movement/Ros2_change/install/movement_utils/local/lib/python3.10/dist-packages/movement_utils-0.0.0-py3.10.egg-info\n'}
[1.700288] (movement_utils) StdoutLine: {'line': b'-- Installing: /home/edrom-mini/edromufu/src/movement/Ros2_change/install/movement_utils/local/lib/python3.10/dist-packages/movement_utils-0.0.0-py3.10.egg-info/dependency_links.txt\n'}
[1.700364] (movement_utils) StdoutLine: {'line': b'-- Installing: /home/edrom-mini/edromufu/src/movement/Ros2_change/install/movement_utils/local/lib/python3.10/dist-packages/movement_utils-0.0.0-py3.10.egg-info/PKG-INFO\n'}
[1.700433] (movement_utils) StdoutLine: {'line': b'-- Installing: /home/edrom-mini/edromufu/src/movement/Ros2_change/install/movement_utils/local/lib/python3.10/dist-packages/movement_utils-0.0.0-py3.10.egg-info/top_level.txt\n'}
[1.700499] (movement_utils) StdoutLine: {'line': b'-- Installing: /home/edrom-mini/edromufu/src/movement/Ros2_change/install/movement_utils/local/lib/python3.10/dist-packages/movement_utils-0.0.0-py3.10.egg-info/SOURCES.txt\n'}
[1.700565] (movement_utils) StdoutLine: {'line': b'-- Up-to-date: /home/edrom-mini/edromufu/src/movement/Ros2_change/install/movement_utils/local/lib/python3.10/dist-packages/movement_utils\n'}
[1.700631] (movement_utils) StdoutLine: {'line': b'-- Up-to-date: /home/edrom-mini/edromufu/src/movement/Ros2_change/install/movement_utils/local/lib/python3.10/dist-packages/movement_utils/_movement_utils_s.ep.rosidl_typesupport_fastrtps_c.c\n'}
[1.700700] (movement_utils) StdoutLine: {'line': b'-- Up-to-date: /home/edrom-mini/edromufu/src/movement/Ros2_change/install/movement_utils/local/lib/python3.10/dist-packages/movement_utils/__init__.py\n'}
[1.700765] (movement_utils) StdoutLine: {'line': b'-- Up-to-date: /home/edrom-mini/edromufu/src/movement/Ros2_change/install/movement_utils/local/lib/python3.10/dist-packages/movement_utils/libmovement_utils__rosidl_generator_py.so\n'}
[1.700831] (movement_utils) StdoutLine: {'line': b'-- Up-to-date: /home/edrom-mini/edromufu/src/movement/Ros2_change/install/movement_utils/local/lib/python3.10/dist-packages/movement_utils/msg\n'}
[1.700899] (movement_utils) StdoutLine: {'line': b'-- Up-to-date: /home/edrom-mini/edromufu/src/movement/Ros2_change/install/movement_utils/local/lib/python3.10/dist-packages/movement_utils/msg/_head_motors_data.py\n'}
[1.700966] (movement_utils) StdoutLine: {'line': b'-- Up-to-date: /home/edrom-mini/edromufu/src/movement/Ros2_change/install/movement_utils/local/lib/python3.10/dist-packages/movement_utils/msg/__init__.py\n'}
[1.701034] (movement_utils) StdoutLine: {'line': b'-- Up-to-date: /home/edrom-mini/edromufu/src/movement/Ros2_change/install/movement_utils/local/lib/python3.10/dist-packages/movement_utils/msg/_head_motors_data_s.c\n'}
[1.701111] (movement_utils) StdoutLine: {'line': b'-- Up-to-date: /home/edrom-mini/edromufu/src/movement/Ros2_change/install/movement_utils/local/lib/python3.10/dist-packages/movement_utils/msg/_body_motors_data_s.c\n'}
[1.701180] (movement_utils) StdoutLine: {'line': b'-- Up-to-date: /home/edrom-mini/edromufu/src/movement/Ros2_change/install/movement_utils/local/lib/python3.10/dist-packages/movement_utils/msg/_body_motors_data.py\n'}
[1.701248] (movement_utils) StdoutLine: {'line': b'-- Up-to-date: /home/edrom-mini/edromufu/src/movement/Ros2_change/install/movement_utils/local/lib/python3.10/dist-packages/movement_utils/srv\n'}
[1.701328] (movement_utils) StdoutLine: {'line': b'-- Up-to-date: /home/edrom-mini/edromufu/src/movement/Ros2_change/install/movement_utils/local/lib/python3.10/dist-packages/movement_utils/srv/_walk_forward.py\n'}
[1.701398] (movement_utils) StdoutLine: {'line': b'-- Up-to-date: /home/edrom-mini/edromufu/src/movement/Ros2_change/install/movement_utils/local/lib/python3.10/dist-packages/movement_utils/srv/_head_feedback.py\n'}
[1.701465] (movement_utils) StdoutLine: {'line': b'-- Up-to-date: /home/edrom-mini/edromufu/src/movement/Ros2_change/install/movement_utils/local/lib/python3.10/dist-packages/movement_utils/srv/__init__.py\n'}
[1.701544] (movement_utils) StdoutLine: {'line': b'-- Up-to-date: /home/edrom-mini/edromufu/src/movement/Ros2_change/install/movement_utils/local/lib/python3.10/dist-packages/movement_utils/srv/_body_feedback.py\n'}
[1.701614] (movement_utils) StdoutLine: {'line': b'-- Up-to-date: /home/edrom-mini/edromufu/src/movement/Ros2_change/install/movement_utils/local/lib/python3.10/dist-packages/movement_utils/srv/_rotate_s.c\n'}
[1.701686] (movement_utils) StdoutLine: {'line': b'-- Up-to-date: /home/edrom-mini/edromufu/src/movement/Ros2_change/install/movement_utils/local/lib/python3.10/dist-packages/movement_utils/srv/_gait_s.c\n'}
[1.701754] (movement_utils) StdoutLine: {'line': b'-- Up-to-date: /home/edrom-mini/edromufu/src/movement/Ros2_change/install/movement_utils/local/lib/python3.10/dist-packages/movement_utils/srv/_page.py\n'}
[1.701826] (movement_utils) StdoutLine: {'line': b'-- Up-to-date: /home/edrom-mini/edromufu/src/movement/Ros2_change/install/movement_utils/local/lib/python3.10/dist-packages/movement_utils/srv/_enable_torque_s.c\n'}
[1.701897] (movement_utils) StdoutLine: {'line': b'-- Up-to-date: /home/edrom-mini/edromufu/src/movement/Ros2_change/install/movement_utils/local/lib/python3.10/dist-packages/movement_utils/srv/_body_feedback_s.c\n'}
[1.701966] (movement_utils) StdoutLine: {'line': b'-- Up-to-date: /home/edrom-mini/edromufu/src/movement/Ros2_change/install/movement_utils/local/lib/python3.10/dist-packages/movement_utils/srv/_rotate.py\n'}
[1.702037] (movement_utils) StdoutLine: {'line': b'-- Up-to-date: /home/edrom-mini/edromufu/src/movement/Ros2_change/install/movement_utils/local/lib/python3.10/dist-packages/movement_utils/srv/_walk_forward_s.c\n'}
[1.702107] (movement_utils) StdoutLine: {'line': b'-- Up-to-date: /home/edrom-mini/edromufu/src/movement/Ros2_change/install/movement_utils/local/lib/python3.10/dist-packages/movement_utils/srv/_enable_torque.py\n'}
[1.702175] (movement_utils) StdoutLine: {'line': b'-- Up-to-date: /home/edrom-mini/edromufu/src/movement/Ros2_change/install/movement_utils/local/lib/python3.10/dist-packages/movement_utils/srv/_head_feedback_s.c\n'}
[1.702242] (movement_utils) StdoutLine: {'line': b'-- Up-to-date: /home/edrom-mini/edromufu/src/movement/Ros2_change/install/movement_utils/local/lib/python3.10/dist-packages/movement_utils/srv/_page_s.c\n'}
[1.702340] (movement_utils) StdoutLine: {'line': b'-- Up-to-date: /home/edrom-mini/edromufu/src/movement/Ros2_change/install/movement_utils/local/lib/python3.10/dist-packages/movement_utils/srv/_gait.py\n'}
[1.702411] (movement_utils) StdoutLine: {'line': b'-- Up-to-date: /home/edrom-mini/edromufu/src/movement/Ros2_change/install/movement_utils/local/lib/python3.10/dist-packages/movement_utils/movement_utils_s__rosidl_typesupport_fastrtps_c.cpython-310-x86_64-linux-gnu.so\n'}
[1.702481] (movement_utils) StdoutLine: {'line': b'-- Up-to-date: /home/edrom-mini/edromufu/src/movement/Ros2_change/install/movement_utils/local/lib/python3.10/dist-packages/movement_utils/_movement_utils_s.ep.rosidl_typesupport_introspection_c.c\n'}
[1.702549] (movement_utils) StdoutLine: {'line': b'-- Up-to-date: /home/edrom-mini/edromufu/src/movement/Ros2_change/install/movement_utils/local/lib/python3.10/dist-packages/movement_utils/movement_utils_s__rosidl_typesupport_introspection_c.cpython-310-x86_64-linux-gnu.so\n'}
[1.702620] (movement_utils) StdoutLine: {'line': b'-- Up-to-date: /home/edrom-mini/edromufu/src/movement/Ros2_change/install/movement_utils/local/lib/python3.10/dist-packages/movement_utils/movement_utils_s__rosidl_typesupport_c.cpython-310-x86_64-linux-gnu.so\n'}
[1.702688] (movement_utils) StdoutLine: {'line': b'-- Up-to-date: /home/edrom-mini/edromufu/src/movement/Ros2_change/install/movement_utils/local/lib/python3.10/dist-packages/movement_utils/_movement_utils_s.ep.rosidl_typesupport_c.c\n'}
[1.710734] (-) TimerEvent: {}
[1.734016] (movement_utils) StdoutLine: {'line': b"Listing '/home/edrom-mini/edromufu/src/movement/Ros2_change/install/movement_utils/local/lib/python3.10/dist-packages/movement_utils'...\n"}
[1.734221] (movement_utils) StdoutLine: {'line': b"Listing '/home/edrom-mini/edromufu/src/movement/Ros2_change/install/movement_utils/local/lib/python3.10/dist-packages/movement_utils/msg'...\n"}
[1.734356] (movement_utils) StdoutLine: {'line': b"Listing '/home/edrom-mini/edromufu/src/movement/Ros2_change/install/movement_utils/local/lib/python3.10/dist-packages/movement_utils/srv'...\n"}
[1.740171] (movement_utils) StdoutLine: {'line': b'-- Up-to-date: /home/edrom-mini/edromufu/src/movement/Ros2_change/install/movement_utils/local/lib/python3.10/dist-packages/movement_utils/movement_utils_s__rosidl_typesupport_fastrtps_c.cpython-310-x86_64-linux-gnu.so\n'}
[1.740945] (movement_utils) StdoutLine: {'line': b'-- Up-to-date: /home/edrom-mini/edromufu/src/movement/Ros2_change/install/movement_utils/local/lib/python3.10/dist-packages/movement_utils/movement_utils_s__rosidl_typesupport_introspection_c.cpython-310-x86_64-linux-gnu.so\n'}
[1.741734] (movement_utils) StdoutLine: {'line': b'-- Up-to-date: /home/edrom-mini/edromufu/src/movement/Ros2_change/install/movement_utils/local/lib/python3.10/dist-packages/movement_utils/movement_utils_s__rosidl_typesupport_c.cpython-310-x86_64-linux-gnu.so\n'}
[1.742539] (movement_utils) StdoutLine: {'line': b'-- Up-to-date: /home/edrom-mini/edromufu/src/movement/Ros2_change/install/movement_utils/lib/libmovement_utils__rosidl_generator_py.so\n'}
[1.742723] (movement_utils) StdoutLine: {'line': b'-- Up-to-date: /home/edrom-mini/edromufu/src/movement/Ros2_change/install/movement_utils/share/movement_utils/msg/BodyMotorsData.idl\n'}
[1.742887] (movement_utils) StdoutLine: {'line': b'-- Up-to-date: /home/edrom-mini/edromufu/src/movement/Ros2_change/install/movement_utils/share/movement_utils/msg/HeadMotorsData.idl\n'}
[1.743097] (movement_utils) StdoutLine: {'line': b'-- Up-to-date: /home/edrom-mini/edromufu/src/movement/Ros2_change/install/movement_utils/share/movement_utils/srv/BodyFeedback.idl\n'}
[1.743216] (movement_utils) StdoutLine: {'line': b'-- Up-to-date: /home/edrom-mini/edromufu/src/movement/Ros2_change/install/movement_utils/share/movement_utils/srv/EnableTorque.idl\n'}
[1.743314] (movement_utils) StdoutLine: {'line': b'-- Up-to-date: /home/edrom-mini/edromufu/src/movement/Ros2_change/install/movement_utils/share/movement_utils/srv/Gait.idl\n'}
[1.743400] (movement_utils) StdoutLine: {'line': b'-- Up-to-date: /home/edrom-mini/edromufu/src/movement/Ros2_change/install/movement_utils/share/movement_utils/srv/HeadFeedback.idl\n'}
[1.743481] (movement_utils) StdoutLine: {'line': b'-- Up-to-date: /home/edrom-mini/edromufu/src/movement/Ros2_change/install/movement_utils/share/movement_utils/srv/Page.idl\n'}
[1.743645] (movement_utils) StdoutLine: {'line': b'-- Up-to-date: /home/edrom-mini/edromufu/src/movement/Ros2_change/install/movement_utils/share/movement_utils/srv/Rotate.idl\n'}
[1.743830] (movement_utils) StdoutLine: {'line': b'-- Up-to-date: /home/edrom-mini/edromufu/src/movement/Ros2_change/install/movement_utils/share/movement_utils/srv/WalkForward.idl\n'}
[1.744021] (movement_utils) StdoutLine: {'line': b'-- Up-to-date: /home/edrom-mini/edromufu/src/movement/Ros2_change/install/movement_utils/share/movement_utils/msg/BodyMotorsData.msg\n'}
[1.744172] (movement_utils) StdoutLine: {'line': b'-- Up-to-date: /home/edrom-mini/edromufu/src/movement/Ros2_change/install/movement_utils/share/movement_utils/msg/HeadMotorsData.msg\n'}
[1.744254] (movement_utils) StdoutLine: {'line': b'-- Up-to-date: /home/edrom-mini/edromufu/src/movement/Ros2_change/install/movement_utils/share/movement_utils/srv/BodyFeedback.srv\n'}
[1.744350] (movement_utils) StdoutLine: {'line': b'-- Up-to-date: /home/edrom-mini/edromufu/src/movement/Ros2_change/install/movement_utils/share/movement_utils/srv/BodyFeedback_Request.msg\n'}
[1.744428] (movement_utils) StdoutLine: {'line': b'-- Up-to-date: /home/edrom-mini/edromufu/src/movement/Ros2_change/install/movement_utils/share/movement_utils/srv/BodyFeedback_Response.msg\n'}
[1.744514] (movement_utils) StdoutLine: {'line': b'-- Up-to-date: /home/edrom-mini/edromufu/src/movement/Ros2_change/install/movement_utils/share/movement_utils/srv/EnableTorque.srv\n'}
[1.744590] (movement_utils) StdoutLine: {'line': b'-- Up-to-date: /home/edrom-mini/edromufu/src/movement/Ros2_change/install/movement_utils/share/movement_utils/srv/EnableTorque_Request.msg\n'}
[1.744664] (movement_utils) StdoutLine: {'line': b'-- Up-to-date: /home/edrom-mini/edromufu/src/movement/Ros2_change/install/movement_utils/share/movement_utils/srv/EnableTorque_Response.msg\n'}
[1.744739] (movement_utils) StdoutLine: {'line': b'-- Up-to-date: /home/edrom-mini/edromufu/src/movement/Ros2_change/install/movement_utils/share/movement_utils/srv/Gait.srv\n'}
[1.744814] (movement_utils) StdoutLine: {'line': b'-- Up-to-date: /home/edrom-mini/edromufu/src/movement/Ros2_change/install/movement_utils/share/movement_utils/srv/Gait_Request.msg\n'}
[1.744890] (movement_utils) StdoutLine: {'line': b'-- Up-to-date: /home/edrom-mini/edromufu/src/movement/Ros2_change/install/movement_utils/share/movement_utils/srv/Gait_Response.msg\n'}
[1.745055] (movement_utils) StdoutLine: {'line': b'-- Up-to-date: /home/edrom-mini/edromufu/src/movement/Ros2_change/install/movement_utils/share/movement_utils/srv/HeadFeedback.srv\n'}
[1.745139] (movement_utils) StdoutLine: {'line': b'-- Up-to-date: /home/edrom-mini/edromufu/src/movement/Ros2_change/install/movement_utils/share/movement_utils/srv/HeadFeedback_Request.msg\n'}
[1.745215] (movement_utils) StdoutLine: {'line': b'-- Up-to-date: /home/edrom-mini/edromufu/src/movement/Ros2_change/install/movement_utils/share/movement_utils/srv/HeadFeedback_Response.msg\n'}
[1.745297] (movement_utils) StdoutLine: {'line': b'-- Up-to-date: /home/edrom-mini/edromufu/src/movement/Ros2_change/install/movement_utils/share/movement_utils/srv/Page.srv\n'}
[1.745388] (movement_utils) StdoutLine: {'line': b'-- Up-to-date: /home/edrom-mini/edromufu/src/movement/Ros2_change/install/movement_utils/share/movement_utils/srv/Page_Request.msg\n'}
[1.745461] (movement_utils) StdoutLine: {'line': b'-- Up-to-date: /home/edrom-mini/edromufu/src/movement/Ros2_change/install/movement_utils/share/movement_utils/srv/Page_Response.msg\n'}
[1.745536] (movement_utils) StdoutLine: {'line': b'-- Up-to-date: /home/edrom-mini/edromufu/src/movement/Ros2_change/install/movement_utils/share/movement_utils/srv/Rotate.srv\n'}
[1.745669] (movement_utils) StdoutLine: {'line': b'-- Up-to-date: /home/edrom-mini/edromufu/src/movement/Ros2_change/install/movement_utils/share/movement_utils/srv/Rotate_Request.msg\n'}
[1.745747] (movement_utils) StdoutLine: {'line': b'-- Up-to-date: /home/edrom-mini/edromufu/src/movement/Ros2_change/install/movement_utils/share/movement_utils/srv/Rotate_Response.msg\n'}
[1.745821] (movement_utils) StdoutLine: {'line': b'-- Up-to-date: /home/edrom-mini/edromufu/src/movement/Ros2_change/install/movement_utils/share/movement_utils/srv/WalkForward.srv\n'}
[1.745897] (movement_utils) StdoutLine: {'line': b'-- Up-to-date: /home/edrom-mini/edromufu/src/movement/Ros2_change/install/movement_utils/share/movement_utils/srv/WalkForward_Request.msg\n'}
[1.745969] (movement_utils) StdoutLine: {'line': b'-- Up-to-date: /home/edrom-mini/edromufu/src/movement/Ros2_change/install/movement_utils/share/movement_utils/srv/WalkForward_Response.msg\n'}
[1.746083] (movement_utils) StdoutLine: {'line': b'-- Up-to-date: /home/edrom-mini/edromufu/src/movement/Ros2_change/install/movement_utils/share/movement_utils/launch\n'}
[1.746158] (movement_utils) StdoutLine: {'line': b'-- Up-to-date: /home/edrom-mini/edromufu/src/movement/Ros2_change/install/movement_utils/share/movement_utils/launch/movement_start.launch.py\n'}
[1.746230] (movement_utils) StdoutLine: {'line': b'-- Up-to-date: /home/edrom-mini/edromufu/src/movement/Ros2_change/install/movement_utils/share/movement_utils/launch/tahara_launch.py\n'}
[1.746347] (movement_utils) StdoutLine: {'line': b'-- Up-to-date: /home/edrom-mini/edromufu/src/movement/Ros2_change/install/movement_utils/share/ament_index/resource_index/package_run_dependencies/movement_utils\n'}
[1.746426] (movement_utils) StdoutLine: {'line': b'-- Installing: /home/edrom-mini/edromufu/src/movement/Ros2_change/install/movement_utils/share/ament_index/resource_index/parent_prefix_path/movement_utils\n'}
[1.746494] (movement_utils) StdoutLine: {'line': b'-- Up-to-date: /home/edrom-mini/edromufu/src/movement/Ros2_change/install/movement_utils/share/movement_utils/environment/ament_prefix_path.sh\n'}
[1.746561] (movement_utils) StdoutLine: {'line': b'-- Up-to-date: /home/edrom-mini/edromufu/src/movement/Ros2_change/install/movement_utils/share/movement_utils/environment/ament_prefix_path.dsv\n'}
[1.746629] (movement_utils) StdoutLine: {'line': b'-- Up-to-date: /home/edrom-mini/edromufu/src/movement/Ros2_change/install/movement_utils/share/movement_utils/environment/path.sh\n'}
[1.746698] (movement_utils) StdoutLine: {'line': b'-- Up-to-date: /home/edrom-mini/edromufu/src/movement/Ros2_change/install/movement_utils/share/movement_utils/environment/path.dsv\n'}
[1.746779] (movement_utils) StdoutLine: {'line': b'-- Up-to-date: /home/edrom-mini/edromufu/src/movement/Ros2_change/install/movement_utils/share/movement_utils/local_setup.bash\n'}
[1.746853] (movement_utils) StdoutLine: {'line': b'-- Installing: /home/edrom-mini/edromufu/src/movement/Ros2_change/install/movement_utils/share/movement_utils/local_setup.sh\n'}
[1.746923] (movement_utils) StdoutLine: {'line': b'-- Up-to-date: /home/edrom-mini/edromufu/src/movement/Ros2_change/install/movement_utils/share/movement_utils/local_setup.zsh\n'}
[1.746993] (movement_utils) StdoutLine: {'line': b'-- Up-to-date: /home/edrom-mini/edromufu/src/movement/Ros2_change/install/movement_utils/share/movement_utils/local_setup.dsv\n'}
[1.747061] (movement_utils) StdoutLine: {'line': b'-- Installing: /home/edrom-mini/edromufu/src/movement/Ros2_change/install/movement_utils/share/movement_utils/package.dsv\n'}
[1.747131] (movement_utils) StdoutLine: {'line': b'-- Up-to-date: /home/edrom-mini/edromufu/src/movement/Ros2_change/install/movement_utils/share/ament_index/resource_index/packages/movement_utils\n'}
[1.747252] (movement_utils) StdoutLine: {'line': b'-- Old export file "/home/edrom-mini/edromufu/src/movement/Ros2_change/install/movement_utils/share/movement_utils/cmake/export_movement_utils__rosidl_generator_cExport.cmake" will be replaced.  Removing files [/home/edrom-mini/edromufu/src/movement/Ros2_change/install/movement_utils/share/movement_utils/cmake/export_movement_utils__rosidl_generator_cExport-noconfig.cmake].\n'}
[1.747351] (movement_utils) StdoutLine: {'line': b'-- Installing: /home/edrom-mini/edromufu/src/movement/Ros2_change/install/movement_utils/share/movement_utils/cmake/export_movement_utils__rosidl_generator_cExport.cmake\n'}
[1.747423] (movement_utils) StdoutLine: {'line': b'-- Installing: /home/edrom-mini/edromufu/src/movement/Ros2_change/install/movement_utils/share/movement_utils/cmake/export_movement_utils__rosidl_generator_cExport-noconfig.cmake\n'}
[1.747678] (movement_utils) StdoutLine: {'line': b'-- Old export file "/home/edrom-mini/edromufu/src/movement/Ros2_change/install/movement_utils/share/movement_utils/cmake/export_movement_utils__rosidl_typesupport_fastrtps_cExport.cmake" will be replaced.  Removing files [/home/edrom-mini/edromufu/src/movement/Ros2_change/install/movement_utils/share/movement_utils/cmake/export_movement_utils__rosidl_typesupport_fastrtps_cExport-noconfig.cmake].\n'}
[1.747852] (movement_utils) StdoutLine: {'line': b'-- Installing: /home/edrom-mini/edromufu/src/movement/Ros2_change/install/movement_utils/share/movement_utils/cmake/export_movement_utils__rosidl_typesupport_fastrtps_cExport.cmake\n'}
[1.748068] (movement_utils) StdoutLine: {'line': b'-- Installing: /home/edrom-mini/edromufu/src/movement/Ros2_change/install/movement_utils/share/movement_utils/cmake/export_movement_utils__rosidl_typesupport_fastrtps_cExport-noconfig.cmake\n'}
[1.748427] (movement_utils) StdoutLine: {'line': b'-- Old export file "/home/edrom-mini/edromufu/src/movement/Ros2_change/install/movement_utils/share/movement_utils/cmake/movement_utils__rosidl_typesupport_introspection_cExport.cmake" will be replaced.  Removing files [/home/edrom-mini/edromufu/src/movement/Ros2_change/install/movement_utils/share/movement_utils/cmake/movement_utils__rosidl_typesupport_introspection_cExport-noconfig.cmake].\n'}
[1.748617] (movement_utils) StdoutLine: {'line': b'-- Installing: /home/edrom-mini/edromufu/src/movement/Ros2_change/install/movement_utils/share/movement_utils/cmake/movement_utils__rosidl_typesupport_introspection_cExport.cmake\n'}
[1.748789] (movement_utils) StdoutLine: {'line': b'-- Installing: /home/edrom-mini/edromufu/src/movement/Ros2_change/install/movement_utils/share/movement_utils/cmake/movement_utils__rosidl_typesupport_introspection_cExport-noconfig.cmake\n'}
[1.749144] (movement_utils) StdoutLine: {'line': b'-- Old export file "/home/edrom-mini/edromufu/src/movement/Ros2_change/install/movement_utils/share/movement_utils/cmake/movement_utils__rosidl_typesupport_cExport.cmake" will be replaced.  Removing files [/home/edrom-mini/edromufu/src/movement/Ros2_change/install/movement_utils/share/movement_utils/cmake/movement_utils__rosidl_typesupport_cExport-noconfig.cmake].\n'}
[1.749287] (movement_utils) StdoutLine: {'line': b'-- Installing: /home/edrom-mini/edromufu/src/movement/Ros2_change/install/movement_utils/share/movement_utils/cmake/movement_utils__rosidl_typesupport_cExport.cmake\n'}
[1.749572] (movement_utils) StdoutLine: {'line': b'-- Installing: /home/edrom-mini/edromufu/src/movement/Ros2_change/install/movement_utils/share/movement_utils/cmake/movement_utils__rosidl_typesupport_cExport-noconfig.cmake\n'}
[1.749930] (movement_utils) StdoutLine: {'line': b'-- Installing: /home/edrom-mini/edromufu/src/movement/Ros2_change/install/movement_utils/share/movement_utils/cmake/export_movement_utils__rosidl_generator_cppExport.cmake\n'}
[1.750458] (movement_utils) StdoutLine: {'line': b'-- Old export file "/home/edrom-mini/edromufu/src/movement/Ros2_change/install/movement_utils/share/movement_utils/cmake/export_movement_utils__rosidl_typesupport_fastrtps_cppExport.cmake" will be replaced.  Removing files [/home/edrom-mini/edromufu/src/movement/Ros2_change/install/movement_utils/share/movement_utils/cmake/export_movement_utils__rosidl_typesupport_fastrtps_cppExport-noconfig.cmake].\n'}
[1.750654] (movement_utils) StdoutLine: {'line': b'-- Installing: /home/edrom-mini/edromufu/src/movement/Ros2_change/install/movement_utils/share/movement_utils/cmake/export_movement_utils__rosidl_typesupport_fastrtps_cppExport.cmake\n'}
[1.750889] (movement_utils) StdoutLine: {'line': b'-- Installing: /home/edrom-mini/edromufu/src/movement/Ros2_change/install/movement_utils/share/movement_utils/cmake/export_movement_utils__rosidl_typesupport_fastrtps_cppExport-noconfig.cmake\n'}
[1.751204] (movement_utils) StdoutLine: {'line': b'-- Old export file "/home/edrom-mini/edromufu/src/movement/Ros2_change/install/movement_utils/share/movement_utils/cmake/movement_utils__rosidl_typesupport_introspection_cppExport.cmake" will be replaced.  Removing files [/home/edrom-mini/edromufu/src/movement/Ros2_change/install/movement_utils/share/movement_utils/cmake/movement_utils__rosidl_typesupport_introspection_cppExport-noconfig.cmake].\n'}
[1.751374] (movement_utils) StdoutLine: {'line': b'-- Installing: /home/edrom-mini/edromufu/src/movement/Ros2_change/install/movement_utils/share/movement_utils/cmake/movement_utils__rosidl_typesupport_introspection_cppExport.cmake\n'}
[1.751675] (movement_utils) StdoutLine: {'line': b'-- Installing: /home/edrom-mini/edromufu/src/movement/Ros2_change/install/movement_utils/share/movement_utils/cmake/movement_utils__rosidl_typesupport_introspection_cppExport-noconfig.cmake\n'}
[1.751991] (movement_utils) StdoutLine: {'line': b'-- Old export file "/home/edrom-mini/edromufu/src/movement/Ros2_change/install/movement_utils/share/movement_utils/cmake/movement_utils__rosidl_typesupport_cppExport.cmake" will be replaced.  Removing files [/home/edrom-mini/edromufu/src/movement/Ros2_change/install/movement_utils/share/movement_utils/cmake/movement_utils__rosidl_typesupport_cppExport-noconfig.cmake].\n'}
[1.752160] (movement_utils) StdoutLine: {'line': b'-- Installing: /home/edrom-mini/edromufu/src/movement/Ros2_change/install/movement_utils/share/movement_utils/cmake/movement_utils__rosidl_typesupport_cppExport.cmake\n'}
[1.752466] (movement_utils) StdoutLine: {'line': b'-- Installing: /home/edrom-mini/edromufu/src/movement/Ros2_change/install/movement_utils/share/movement_utils/cmake/movement_utils__rosidl_typesupport_cppExport-noconfig.cmake\n'}
[1.752817] (movement_utils) StdoutLine: {'line': b'-- Old export file "/home/edrom-mini/edromufu/src/movement/Ros2_change/install/movement_utils/share/movement_utils/cmake/export_movement_utils__rosidl_generator_pyExport.cmake" will be replaced.  Removing files [/home/edrom-mini/edromufu/src/movement/Ros2_change/install/movement_utils/share/movement_utils/cmake/export_movement_utils__rosidl_generator_pyExport-noconfig.cmake].\n'}
[1.753001] (movement_utils) StdoutLine: {'line': b'-- Installing: /home/edrom-mini/edromufu/src/movement/Ros2_change/install/movement_utils/share/movement_utils/cmake/export_movement_utils__rosidl_generator_pyExport.cmake\n'}
[1.753185] (movement_utils) StdoutLine: {'line': b'-- Installing: /home/edrom-mini/edromufu/src/movement/Ros2_change/install/movement_utils/share/movement_utils/cmake/export_movement_utils__rosidl_generator_pyExport-noconfig.cmake\n'}
[1.753452] (movement_utils) StdoutLine: {'line': b'-- Up-to-date: /home/edrom-mini/edromufu/src/movement/Ros2_change/install/movement_utils/share/movement_utils/cmake/rosidl_cmake-extras.cmake\n'}
[1.753610] (movement_utils) StdoutLine: {'line': b'-- Up-to-date: /home/edrom-mini/edromufu/src/movement/Ros2_change/install/movement_utils/share/movement_utils/cmake/ament_cmake_export_dependencies-extras.cmake\n'}
[1.753711] (movement_utils) StdoutLine: {'line': b'-- Up-to-date: /home/edrom-mini/edromufu/src/movement/Ros2_change/install/movement_utils/share/movement_utils/cmake/ament_cmake_export_include_directories-extras.cmake\n'}
[1.753844] (movement_utils) StdoutLine: {'line': b'-- Up-to-date: /home/edrom-mini/edromufu/src/movement/Ros2_change/install/movement_utils/share/movement_utils/cmake/ament_cmake_export_libraries-extras.cmake\n'}
[1.753992] (movement_utils) StdoutLine: {'line': b'-- Up-to-date: /home/edrom-mini/edromufu/src/movement/Ros2_change/install/movement_utils/share/movement_utils/cmake/ament_cmake_export_targets-extras.cmake\n'}
[1.754110] (movement_utils) StdoutLine: {'line': b'-- Up-to-date: /home/edrom-mini/edromufu/src/movement/Ros2_change/install/movement_utils/share/movement_utils/cmake/rosidl_cmake_export_typesupport_targets-extras.cmake\n'}
[1.754186] (movement_utils) StdoutLine: {'line': b'-- Up-to-date: /home/edrom-mini/edromufu/src/movement/Ros2_change/install/movement_utils/share/movement_utils/cmake/rosidl_cmake_export_typesupport_libraries-extras.cmake\n'}
[1.754266] (movement_utils) StdoutLine: {'line': b'-- Up-to-date: /home/edrom-mini/edromufu/src/movement/Ros2_change/install/movement_utils/share/movement_utils/cmake/movement_utilsConfig.cmake\n'}
[1.754354] (movement_utils) StdoutLine: {'line': b'-- Up-to-date: /home/edrom-mini/edromufu/src/movement/Ros2_change/install/movement_utils/share/movement_utils/cmake/movement_utilsConfig-version.cmake\n'}
[1.754433] (movement_utils) StdoutLine: {'line': b'-- Up-to-date: /home/edrom-mini/edromufu/src/movement/Ros2_change/install/movement_utils/share/movement_utils/package.xml\n'}
[1.810918] (-) TimerEvent: {}
[1.911337] (-) TimerEvent: {}
[2.011654] (-) TimerEvent: {}
[2.112275] (-) TimerEvent: {}
[2.182048] (tahara_pages) Command: {'cmd': ['/usr/bin/python3', '-W', 'ignore:setup.py install is deprecated', 'setup.py', 'egg_info', '--egg-base', '../../build/tahara_pages', 'build', '--build-base', '/home/edrom-mini/edromufu/src/movement/Ros2_change/build/tahara_pages/build', 'install', '--record', '/home/edrom-mini/edromufu/src/movement/Ros2_change/build/tahara_pages/install.log', '--single-version-externally-managed', 'install_data'], 'cwd': '/home/edrom-mini/edromufu/src/movement/Ros2_change/src/tahara_pages', 'env': {'LESSOPEN': '| /usr/bin/lesspipe %s', 'USER': 'edrom-mini', 'SSH_CLIENT': '192.168.1.7 51388 22', 'LC_TIME': 'pt_BR.UTF-8', 'XDG_SESSION_TYPE': 'tty', 'SHLVL': '1', 'LD_LIBRARY_PATH': '/opt/ros/humble/opt/rviz_ogre_vendor/lib:/opt/ros/humble/lib/x86_64-linux-gnu:/opt/ros/humble/lib', 'MOTD_SHOWN': 'pam', 'HOME': '/home/edrom-mini', 'OLDPWD': '/home/edrom-mini/edromufu', 'SSH_TTY': '/dev/pts/0', 'ROS_PYTHON_VERSION': '3', 'LC_MONETARY': 'pt_BR.UTF-8', 'LC_CTYPE': 'pt_BR.UTF-8', 'DBUS_SESSION_BUS_ADDRESS': 'unix:path=/run/user/1000/bus', 'ROS_DISTRO': 'humble', 'LOGNAME': 'edrom-mini', '_': '/usr/bin/colcon', 'ROS_VERSION': '2', 'XDG_SESSION_CLASS': 'user', 'TERM': 'xterm-256color', 'XDG_SESSION_ID': '4', 'ROS_LOCALHOST_ONLY': '0', 'PATH': '/home/edrom-mini/.local/bin:/opt/ros/humble/bin:/usr/local/sbin:/usr/local/bin:/usr/sbin:/usr/bin:/sbin:/bin:/usr/games:/usr/local/games:/snap/bin', 'LC_ADDRESS': 'pt_BR.UTF-8', 'XDG_RUNTIME_DIR': '/run/user/1000', 'DISPLAY': 'localhost:10.0', 'LANG': 'en_US.UTF-8', 'LC_TELEPHONE': 'pt_BR.UTF-8', 'LS_COLORS': 'rs=0:di=01;34:ln=01;36:mh=00:pi=40;33:so=01;35:do=01;35:bd=40;33;01:cd=40;33;01:or=40;31;01:mi=00:su=37;41:sg=30;43:ca=30;41:tw=30;42:ow=34;42:st=37;44:ex=01;32:*.tar=01;31:*.tgz=01;31:*.arc=01;31:*.arj=01;31:*.taz=01;31:*.lha=01;31:*.lz4=01;31:*.lzh=01;31:*.lzma=01;31:*.tlz=01;31:*.txz=01;31:*.tzo=01;31:*.t7z=01;31:*.zip=01;31:*.z=01;31:*.dz=01;31:*.gz=01;31:*.lrz=01;31:*.lz=01;31:*.lzo=01;31:*.xz=01;31:*.zst=01;31:*.tzst=01;31:*.bz2=01;31:*.bz=01;31:*.tbz=01;31:*.tbz2=01;31:*.tz=01;31:*.deb=01;31:*.rpm=01;31:*.jar=01;31:*.war=01;31:*.ear=01;31:*.sar=01;31:*.rar=01;31:*.alz=01;31:*.ace=01;31:*.zoo=01;31:*.cpio=01;31:*.7z=01;31:*.rz=01;31:*.cab=01;31:*.wim=01;31:*.swm=01;31:*.dwm=01;31:*.esd=01;31:*.jpg=01;35:*.jpeg=01;35:*.mjpg=01;35:*.mjpeg=01;35:*.gif=01;35:*.bmp=01;35:*.pbm=01;35:*.pgm=01;35:*.ppm=01;35:*.tga=01;35:*.xbm=01;35:*.xpm=01;35:*.tif=01;35:*.tiff=01;35:*.png=01;35:*.svg=01;35:*.svgz=01;35:*.mng=01;35:*.pcx=01;35:*.mov=01;35:*.mpg=01;35:*.mpeg=01;35:*.m2v=01;35:*.mkv=01;35:*.webm=01;35:*.webp=01;35:*.ogm=01;35:*.mp4=01;35:*.m4v=01;35:*.mp4v=01;35:*.vob=01;35:*.qt=01;35:*.nuv=01;35:*.wmv=01;35:*.asf=01;35:*.rm=01;35:*.rmvb=01;35:*.flc=01;35:*.avi=01;35:*.fli=01;35:*.flv=01;35:*.gl=01;35:*.dl=01;35:*.xcf=01;35:*.xwd=01;35:*.yuv=01;35:*.cgm=01;35:*.emf=01;35:*.ogv=01;35:*.ogx=01;35:*.aac=00;36:*.au=00;36:*.flac=00;36:*.m4a=00;36:*.mid=00;36:*.midi=00;36:*.mka=00;36:*.mp3=00;36:*.mpc=00;36:*.ogg=00;36:*.ra=00;36:*.wav=00;36:*.oga=00;36:*.opus=00;36:*.spx=00;36:*.xspf=00;36:', 'AMENT_PREFIX_PATH': '/opt/ros/humble', 'SHELL': '/bin/bash', 'LC_NAME': 'pt_BR.UTF-8', 'LESSCLOSE': '/usr/bin/lesspipe %s %s', 'LC_MEASUREMENT': 'pt_BR.UTF-8', 'LC_IDENTIFICATION': 'pt_BR.UTF-8', 'PWD': '/home/edrom-mini/edromufu/src/movement/Ros2_change/build/tahara_pages', 'LC_ALL': 'en_US.UTF-8', 'SSH_CONNECTION': '192.168.1.7 51388 192.168.1.12 22', 'XDG_DATA_DIRS': '/usr/share/gnome:/usr/local/share:/usr/share:/var/lib/snapd/desktop', 'PYTHONPATH': '/home/edrom-mini/edromufu/src/movement/Ros2_change/build/tahara_pages/prefix_override:/home/edrom-mini/edromufu/src/movement/Ros2_change/install/tahara_pages/lib/python3.10/site-packages:/opt/ros/humble/lib/python3.10/site-packages:/opt/ros/humble/local/lib/python3.10/dist-packages', 'LC_NUMERIC': 'pt_BR.UTF-8', 'LC_PAPER': 'pt_BR.UTF-8', 'COLCON': '1'}, 'shell': False}
[2.183946] (movement_utils) CommandEnded: {'returncode': 0}
[2.213328] (-) TimerEvent: {}
[2.313821] (-) TimerEvent: {}
[2.414371] (-) TimerEvent: {}
[2.509522] (tahara_pages) StdoutLine: {'line': b'running egg_info\n'}
[2.509812] (tahara_pages) StdoutLine: {'line': b'writing ../../build/tahara_pages/tahara_pages.egg-info/PKG-INFO\n'}
[2.512337] (tahara_pages) StdoutLine: {'line': b'writing dependency_links to ../../build/tahara_pages/tahara_pages.egg-info/dependency_links.txt\n'}
[2.512573] (tahara_pages) StdoutLine: {'line': b'writing entry points to ../../build/tahara_pages/tahara_pages.egg-info/entry_points.txt\n'}
[2.512700] (tahara_pages) StdoutLine: {'line': b'writing requirements to ../../build/tahara_pages/tahara_pages.egg-info/requires.txt\n'}
[2.512804] (tahara_pages) StdoutLine: {'line': b'writing top-level names to ../../build/tahara_pages/tahara_pages.egg-info/top_level.txt\n'}
[2.514486] (-) TimerEvent: {}
[2.515363] (tahara_pages) StdoutLine: {'line': b"reading manifest file '../../build/tahara_pages/tahara_pages.egg-info/SOURCES.txt'\n"}
[2.517461] (tahara_pages) StdoutLine: {'line': b"writing manifest file '../../build/tahara_pages/tahara_pages.egg-info/SOURCES.txt'\n"}
[2.518207] (tahara_pages) StdoutLine: {'line': b'running build\n'}
[2.518417] (tahara_pages) StdoutLine: {'line': b'running build_py\n'}
[2.522335] (tahara_pages) StdoutLine: {'line': b'copying tahara_pages/software.py -> /home/edrom-mini/edromufu/src/movement/Ros2_change/build/tahara_pages/build/lib/tahara_pages\n'}
[2.522579] (tahara_pages) StdoutLine: {'line': b'copying tahara_pages/page_runner.py -> /home/edrom-mini/edromufu/src/movement/Ros2_change/build/tahara_pages/build/lib/tahara_pages\n'}
[2.522692] (tahara_pages) StdoutLine: {'line': b'running install\n'}
[2.522797] (tahara_pages) StdoutLine: {'line': b'running install_lib\n'}
[2.523620] (tahara_pages) StdoutLine: {'line': b'byte-compiling /home/edrom-mini/edromufu/src/movement/Ros2_change/install/tahara_pages/lib/python3.10/site-packages/tahara_pages/software.py to software.cpython-310.pyc\n'}
[2.528234] (tahara_pages) StdoutLine: {'line': b'byte-compiling /home/edrom-mini/edromufu/src/movement/Ros2_change/install/tahara_pages/lib/python3.10/site-packages/tahara_pages/page_runner.py to page_runner.cpython-310.pyc\n'}
[2.530432] (tahara_pages) StdoutLine: {'line': b'running install_data\n'}
[2.530607] (tahara_pages) StdoutLine: {'line': b'running install_egg_info\n'}
[2.536321] (tahara_pages) StdoutLine: {'line': b"removing '/home/edrom-mini/edromufu/src/movement/Ros2_change/install/tahara_pages/lib/python3.10/site-packages/tahara_pages-0.0.0-py3.10.egg-info' (and everything under it)\n"}
[2.536498] (tahara_pages) StdoutLine: {'line': b'Copying ../../build/tahara_pages/tahara_pages.egg-info to /home/edrom-mini/edromufu/src/movement/Ros2_change/install/tahara_pages/lib/python3.10/site-packages/tahara_pages-0.0.0-py3.10.egg-info\n'}
[2.536611] (tahara_pages) StdoutLine: {'line': b'running install_scripts\n'}
[2.540180] (movement_utils) JobEnded: {'identifier': 'movement_utils', 'rc': 0}
[2.542659] (movement_pages) JobStarted: {'identifier': 'movement_pages'}
[2.567439] (tahara_pages) StdoutLine: {'line': b'Installing page_runner script to /home/edrom-mini/edromufu/src/movement/Ros2_change/install/tahara_pages/lib/tahara_pages\n'}
[2.567721] (tahara_pages) StdoutLine: {'line': b'Installing software_pages script to /home/edrom-mini/edromufu/src/movement/Ros2_change/install/tahara_pages/lib/tahara_pages\n'}
[2.567849] (tahara_pages) StdoutLine: {'line': b"writing list of installed files to '/home/edrom-mini/edromufu/src/movement/Ros2_change/build/tahara_pages/install.log'\n"}
[2.614597] (-) TimerEvent: {}
[2.715032] (-) TimerEvent: {}
[2.815369] (-) TimerEvent: {}
[2.857893] (humanoid_definition) Command: {'cmd': ['/usr/bin/python3', '-W', 'ignore:setup.py install is deprecated', 'setup.py', 'egg_info', '--egg-base', '../../build/humanoid_definition', 'build', '--build-base', '/home/edrom-mini/edromufu/src/movement/Ros2_change/build/humanoid_definition/build', 'install', '--record', '/home/edrom-mini/edromufu/src/movement/Ros2_change/build/humanoid_definition/install.log', '--single-version-externally-managed', 'install_data'], 'cwd': '/home/edrom-mini/edromufu/src/movement/Ros2_change/src/humanoid_definition', 'env': {'LESSOPEN': '| /usr/bin/lesspipe %s', 'USER': 'edrom-mini', 'SSH_CLIENT': '192.168.1.7 51388 22', 'LC_TIME': 'pt_BR.UTF-8', 'XDG_SESSION_TYPE': 'tty', 'SHLVL': '1', 'LD_LIBRARY_PATH': '/opt/ros/humble/opt/rviz_ogre_vendor/lib:/opt/ros/humble/lib/x86_64-linux-gnu:/opt/ros/humble/lib', 'MOTD_SHOWN': 'pam', 'HOME': '/home/edrom-mini', 'OLDPWD': '/home/edrom-mini/edromufu', 'SSH_TTY': '/dev/pts/0', 'ROS_PYTHON_VERSION': '3', 'LC_MONETARY': 'pt_BR.UTF-8', 'LC_CTYPE': 'pt_BR.UTF-8', 'DBUS_SESSION_BUS_ADDRESS': 'unix:path=/run/user/1000/bus', 'ROS_DISTRO': 'humble', 'LOGNAME': 'edrom-mini', '_': '/usr/bin/colcon', 'ROS_VERSION': '2', 'XDG_SESSION_CLASS': 'user', 'TERM': 'xterm-256color', 'XDG_SESSION_ID': '4', 'ROS_LOCALHOST_ONLY': '0', 'PATH': '/home/edrom-mini/.local/bin:/opt/ros/humble/bin:/usr/local/sbin:/usr/local/bin:/usr/sbin:/usr/bin:/sbin:/bin:/usr/games:/usr/local/games:/snap/bin', 'LC_ADDRESS': 'pt_BR.UTF-8', 'XDG_RUNTIME_DIR': '/run/user/1000', 'DISPLAY': 'localhost:10.0', 'LANG': 'en_US.UTF-8', 'LC_TELEPHONE': 'pt_BR.UTF-8', 'LS_COLORS': 'rs=0:di=01;34:ln=01;36:mh=00:pi=40;33:so=01;35:do=01;35:bd=40;33;01:cd=40;33;01:or=40;31;01:mi=00:su=37;41:sg=30;43:ca=30;41:tw=30;42:ow=34;42:st=37;44:ex=01;32:*.tar=01;31:*.tgz=01;31:*.arc=01;31:*.arj=01;31:*.taz=01;31:*.lha=01;31:*.lz4=01;31:*.lzh=01;31:*.lzma=01;31:*.tlz=01;31:*.txz=01;31:*.tzo=01;31:*.t7z=01;31:*.zip=01;31:*.z=01;31:*.dz=01;31:*.gz=01;31:*.lrz=01;31:*.lz=01;31:*.lzo=01;31:*.xz=01;31:*.zst=01;31:*.tzst=01;31:*.bz2=01;31:*.bz=01;31:*.tbz=01;31:*.tbz2=01;31:*.tz=01;31:*.deb=01;31:*.rpm=01;31:*.jar=01;31:*.war=01;31:*.ear=01;31:*.sar=01;31:*.rar=01;31:*.alz=01;31:*.ace=01;31:*.zoo=01;31:*.cpio=01;31:*.7z=01;31:*.rz=01;31:*.cab=01;31:*.wim=01;31:*.swm=01;31:*.dwm=01;31:*.esd=01;31:*.jpg=01;35:*.jpeg=01;35:*.mjpg=01;35:*.mjpeg=01;35:*.gif=01;35:*.bmp=01;35:*.pbm=01;35:*.pgm=01;35:*.ppm=01;35:*.tga=01;35:*.xbm=01;35:*.xpm=01;35:*.tif=01;35:*.tiff=01;35:*.png=01;35:*.svg=01;35:*.svgz=01;35:*.mng=01;35:*.pcx=01;35:*.mov=01;35:*.mpg=01;35:*.mpeg=01;35:*.m2v=01;35:*.mkv=01;35:*.webm=01;35:*.webp=01;35:*.ogm=01;35:*.mp4=01;35:*.m4v=01;35:*.mp4v=01;35:*.vob=01;35:*.qt=01;35:*.nuv=01;35:*.wmv=01;35:*.asf=01;35:*.rm=01;35:*.rmvb=01;35:*.flc=01;35:*.avi=01;35:*.fli=01;35:*.flv=01;35:*.gl=01;35:*.dl=01;35:*.xcf=01;35:*.xwd=01;35:*.yuv=01;35:*.cgm=01;35:*.emf=01;35:*.ogv=01;35:*.ogx=01;35:*.aac=00;36:*.au=00;36:*.flac=00;36:*.m4a=00;36:*.mid=00;36:*.midi=00;36:*.mka=00;36:*.mp3=00;36:*.mpc=00;36:*.ogg=00;36:*.ra=00;36:*.wav=00;36:*.oga=00;36:*.opus=00;36:*.spx=00;36:*.xspf=00;36:', 'AMENT_PREFIX_PATH': '/home/edrom-mini/edromufu/src/movement/Ros2_change/install/kinematic_functions:/opt/ros/humble', 'SHELL': '/bin/bash', 'LC_NAME': 'pt_BR.UTF-8', 'LESSCLOSE': '/usr/bin/lesspipe %s %s', 'LC_MEASUREMENT': 'pt_BR.UTF-8', 'LC_IDENTIFICATION': 'pt_BR.UTF-8', 'PWD': '/home/edrom-mini/edromufu/src/movement/Ros2_change/build/humanoid_definition', 'LC_ALL': 'en_US.UTF-8', 'SSH_CONNECTION': '192.168.1.7 51388 192.168.1.12 22', 'XDG_DATA_DIRS': '/usr/share/gnome:/usr/local/share:/usr/share:/var/lib/snapd/desktop', 'PYTHONPATH': '/home/edrom-mini/edromufu/src/movement/Ros2_change/build/humanoid_definition/prefix_override:/home/edrom-mini/edromufu/src/movement/Ros2_change/install/humanoid_definition/lib/python3.10/site-packages:/home/edrom-mini/edromufu/src/movement/Ros2_change/install/kinematic_functions/lib/python3.10/site-packages:/opt/ros/humble/lib/python3.10/site-packages:/opt/ros/humble/local/lib/python3.10/dist-packages', 'LC_NUMERIC': 'pt_BR.UTF-8', 'LC_PAPER': 'pt_BR.UTF-8', 'COLCON': '1'}, 'shell': False}
[2.860524] (movement_functions) Command: {'cmd': ['/usr/bin/python3', '-W', 'ignore:setup.py install is deprecated', 'setup.py', 'egg_info', '--egg-base', '../../build/movement_functions', 'build', '--build-base', '/home/edrom-mini/edromufu/src/movement/Ros2_change/build/movement_functions/build', 'install', '--record', '/home/edrom-mini/edromufu/src/movement/Ros2_change/build/movement_functions/install.log', '--single-version-externally-managed', 'install_data'], 'cwd': '/home/edrom-mini/edromufu/src/movement/Ros2_change/src/movement_functions', 'env': {'LESSOPEN': '| /usr/bin/lesspipe %s', 'USER': 'edrom-mini', 'SSH_CLIENT': '192.168.1.7 51388 22', 'LC_TIME': 'pt_BR.UTF-8', 'XDG_SESSION_TYPE': 'tty', 'SHLVL': '1', 'LD_LIBRARY_PATH': '/opt/ros/humble/opt/rviz_ogre_vendor/lib:/opt/ros/humble/lib/x86_64-linux-gnu:/opt/ros/humble/lib', 'MOTD_SHOWN': 'pam', 'HOME': '/home/edrom-mini', 'OLDPWD': '/home/edrom-mini/edromufu', 'SSH_TTY': '/dev/pts/0', 'ROS_PYTHON_VERSION': '3', 'LC_MONETARY': 'pt_BR.UTF-8', 'LC_CTYPE': 'pt_BR.UTF-8', 'DBUS_SESSION_BUS_ADDRESS': 'unix:path=/run/user/1000/bus', 'ROS_DISTRO': 'humble', 'LOGNAME': 'edrom-mini', '_': '/usr/bin/colcon', 'ROS_VERSION': '2', 'XDG_SESSION_CLASS': 'user', 'TERM': 'xterm-256color', 'XDG_SESSION_ID': '4', 'ROS_LOCALHOST_ONLY': '0', 'PATH': '/home/edrom-mini/.local/bin:/opt/ros/humble/bin:/usr/local/sbin:/usr/local/bin:/usr/sbin:/usr/bin:/sbin:/bin:/usr/games:/usr/local/games:/snap/bin', 'LC_ADDRESS': 'pt_BR.UTF-8', 'XDG_RUNTIME_DIR': '/run/user/1000', 'DISPLAY': 'localhost:10.0', 'LANG': 'en_US.UTF-8', 'LC_TELEPHONE': 'pt_BR.UTF-8', 'LS_COLORS': 'rs=0:di=01;34:ln=01;36:mh=00:pi=40;33:so=01;35:do=01;35:bd=40;33;01:cd=40;33;01:or=40;31;01:mi=00:su=37;41:sg=30;43:ca=30;41:tw=30;42:ow=34;42:st=37;44:ex=01;32:*.tar=01;31:*.tgz=01;31:*.arc=01;31:*.arj=01;31:*.taz=01;31:*.lha=01;31:*.lz4=01;31:*.lzh=01;31:*.lzma=01;31:*.tlz=01;31:*.txz=01;31:*.tzo=01;31:*.t7z=01;31:*.zip=01;31:*.z=01;31:*.dz=01;31:*.gz=01;31:*.lrz=01;31:*.lz=01;31:*.lzo=01;31:*.xz=01;31:*.zst=01;31:*.tzst=01;31:*.bz2=01;31:*.bz=01;31:*.tbz=01;31:*.tbz2=01;31:*.tz=01;31:*.deb=01;31:*.rpm=01;31:*.jar=01;31:*.war=01;31:*.ear=01;31:*.sar=01;31:*.rar=01;31:*.alz=01;31:*.ace=01;31:*.zoo=01;31:*.cpio=01;31:*.7z=01;31:*.rz=01;31:*.cab=01;31:*.wim=01;31:*.swm=01;31:*.dwm=01;31:*.esd=01;31:*.jpg=01;35:*.jpeg=01;35:*.mjpg=01;35:*.mjpeg=01;35:*.gif=01;35:*.bmp=01;35:*.pbm=01;35:*.pgm=01;35:*.ppm=01;35:*.tga=01;35:*.xbm=01;35:*.xpm=01;35:*.tif=01;35:*.tiff=01;35:*.png=01;35:*.svg=01;35:*.svgz=01;35:*.mng=01;35:*.pcx=01;35:*.mov=01;35:*.mpg=01;35:*.mpeg=01;35:*.m2v=01;35:*.mkv=01;35:*.webm=01;35:*.webp=01;35:*.ogm=01;35:*.mp4=01;35:*.m4v=01;35:*.mp4v=01;35:*.vob=01;35:*.qt=01;35:*.nuv=01;35:*.wmv=01;35:*.asf=01;35:*.rm=01;35:*.rmvb=01;35:*.flc=01;35:*.avi=01;35:*.fli=01;35:*.flv=01;35:*.gl=01;35:*.dl=01;35:*.xcf=01;35:*.xwd=01;35:*.yuv=01;35:*.cgm=01;35:*.emf=01;35:*.ogv=01;35:*.ogx=01;35:*.aac=00;36:*.au=00;36:*.flac=00;36:*.m4a=00;36:*.mid=00;36:*.midi=00;36:*.mka=00;36:*.mp3=00;36:*.mpc=00;36:*.ogg=00;36:*.ra=00;36:*.wav=00;36:*.oga=00;36:*.opus=00;36:*.spx=00;36:*.xspf=00;36:', 'AMENT_PREFIX_PATH': '/home/edrom-mini/edromufu/src/movement/Ros2_change/install/kinematic_functions:/opt/ros/humble', 'SHELL': '/bin/bash', 'LC_NAME': 'pt_BR.UTF-8', 'LESSCLOSE': '/usr/bin/lesspipe %s %s', 'LC_MEASUREMENT': 'pt_BR.UTF-8', 'LC_IDENTIFICATION': 'pt_BR.UTF-8', 'PWD': '/home/edrom-mini/edromufu/src/movement/Ros2_change/build/movement_functions', 'LC_ALL': 'en_US.UTF-8', 'SSH_CONNECTION': '192.168.1.7 51388 192.168.1.12 22', 'XDG_DATA_DIRS': '/usr/share/gnome:/usr/local/share:/usr/share:/var/lib/snapd/desktop', 'PYTHONPATH': '/home/edrom-mini/edromufu/src/movement/Ros2_change/build/movement_functions/prefix_override:/home/edrom-mini/edromufu/src/movement/Ros2_change/install/movement_functions/lib/python3.10/site-packages:/home/edrom-mini/edromufu/src/movement/Ros2_change/install/kinematic_functions/lib/python3.10/site-packages:/opt/ros/humble/lib/python3.10/site-packages:/opt/ros/humble/local/lib/python3.10/dist-packages', 'LC_NUMERIC': 'pt_BR.UTF-8', 'LC_PAPER': 'pt_BR.UTF-8', 'COLCON': '1'}, 'shell': False}
[2.864399] (tahara_pages) CommandEnded: {'returncode': 0}
[2.869341] (tahara_pages) JobEnded: {'identifier': 'tahara_pages', 'rc': 0}
[2.870469] (urdf_example) JobStarted: {'identifier': 'urdf_example'}
[2.877501] (urdf_example) JobProgress: {'identifier': 'urdf_example', 'progress': 'cmake'}
[2.882521] (urdf_example) JobProgress: {'identifier': 'urdf_example', 'progress': 'build'}
[2.882595] (urdf_example) Command: {'cmd': ['/home/edrom-mini/.local/bin/cmake', '--build', '/home/edrom-mini/edromufu/src/movement/Ros2_change/build/urdf_example', '--', '-j4', '-l4'], 'cwd': '/home/edrom-mini/edromufu/src/movement/Ros2_change/build/urdf_example', 'env': OrderedDict([('LESSOPEN', '| /usr/bin/lesspipe %s'), ('USER', 'edrom-mini'), ('SSH_CLIENT', '192.168.1.7 51388 22'), ('LC_TIME', 'pt_BR.UTF-8'), ('XDG_SESSION_TYPE', 'tty'), ('SHLVL', '1'), ('LD_LIBRARY_PATH', '/opt/ros/humble/opt/rviz_ogre_vendor/lib:/opt/ros/humble/lib/x86_64-linux-gnu:/opt/ros/humble/lib'), ('MOTD_SHOWN', 'pam'), ('HOME', '/home/edrom-mini'), ('OLDPWD', '/home/edrom-mini/edromufu'), ('SSH_TTY', '/dev/pts/0'), ('ROS_PYTHON_VERSION', '3'), ('LC_MONETARY', 'pt_BR.UTF-8'), ('LC_CTYPE', 'pt_BR.UTF-8'), ('DBUS_SESSION_BUS_ADDRESS', 'unix:path=/run/user/1000/bus'), ('ROS_DISTRO', 'humble'), ('LOGNAME', 'edrom-mini'), ('_', '/usr/bin/colcon'), ('ROS_VERSION', '2'), ('XDG_SESSION_CLASS', 'user'), ('TERM', 'xterm-256color'), ('XDG_SESSION_ID', '4'), ('ROS_LOCALHOST_ONLY', '0'), ('PATH', '/home/edrom-mini/.local/bin:/opt/ros/humble/bin:/usr/local/sbin:/usr/local/bin:/usr/sbin:/usr/bin:/sbin:/bin:/usr/games:/usr/local/games:/snap/bin'), ('LC_ADDRESS', 'pt_BR.UTF-8'), ('XDG_RUNTIME_DIR', '/run/user/1000'), ('DISPLAY', 'localhost:10.0'), ('LANG', 'en_US.UTF-8'), ('LC_TELEPHONE', 'pt_BR.UTF-8'), ('LS_COLORS', 'rs=0:di=01;34:ln=01;36:mh=00:pi=40;33:so=01;35:do=01;35:bd=40;33;01:cd=40;33;01:or=40;31;01:mi=00:su=37;41:sg=30;43:ca=30;41:tw=30;42:ow=34;42:st=37;44:ex=01;32:*.tar=01;31:*.tgz=01;31:*.arc=01;31:*.arj=01;31:*.taz=01;31:*.lha=01;31:*.lz4=01;31:*.lzh=01;31:*.lzma=01;31:*.tlz=01;31:*.txz=01;31:*.tzo=01;31:*.t7z=01;31:*.zip=01;31:*.z=01;31:*.dz=01;31:*.gz=01;31:*.lrz=01;31:*.lz=01;31:*.lzo=01;31:*.xz=01;31:*.zst=01;31:*.tzst=01;31:*.bz2=01;31:*.bz=01;31:*.tbz=01;31:*.tbz2=01;31:*.tz=01;31:*.deb=01;31:*.rpm=01;31:*.jar=01;31:*.war=01;31:*.ear=01;31:*.sar=01;31:*.rar=01;31:*.alz=01;31:*.ace=01;31:*.zoo=01;31:*.cpio=01;31:*.7z=01;31:*.rz=01;31:*.cab=01;31:*.wim=01;31:*.swm=01;31:*.dwm=01;31:*.esd=01;31:*.jpg=01;35:*.jpeg=01;35:*.mjpg=01;35:*.mjpeg=01;35:*.gif=01;35:*.bmp=01;35:*.pbm=01;35:*.pgm=01;35:*.ppm=01;35:*.tga=01;35:*.xbm=01;35:*.xpm=01;35:*.tif=01;35:*.tiff=01;35:*.png=01;35:*.svg=01;35:*.svgz=01;35:*.mng=01;35:*.pcx=01;35:*.mov=01;35:*.mpg=01;35:*.mpeg=01;35:*.m2v=01;35:*.mkv=01;35:*.webm=01;35:*.webp=01;35:*.ogm=01;35:*.mp4=01;35:*.m4v=01;35:*.mp4v=01;35:*.vob=01;35:*.qt=01;35:*.nuv=01;35:*.wmv=01;35:*.asf=01;35:*.rm=01;35:*.rmvb=01;35:*.flc=01;35:*.avi=01;35:*.fli=01;35:*.flv=01;35:*.gl=01;35:*.dl=01;35:*.xcf=01;35:*.xwd=01;35:*.yuv=01;35:*.cgm=01;35:*.emf=01;35:*.ogv=01;35:*.ogx=01;35:*.aac=00;36:*.au=00;36:*.flac=00;36:*.m4a=00;36:*.mid=00;36:*.midi=00;36:*.mka=00;36:*.mp3=00;36:*.mpc=00;36:*.ogg=00;36:*.ra=00;36:*.wav=00;36:*.oga=00;36:*.opus=00;36:*.spx=00;36:*.xspf=00;36:'), ('AMENT_PREFIX_PATH', '/opt/ros/humble'), ('SHELL', '/bin/bash'), ('LC_NAME', 'pt_BR.UTF-8'), ('LESSCLOSE', '/usr/bin/lesspipe %s %s'), ('LC_MEASUREMENT', 'pt_BR.UTF-8'), ('LC_IDENTIFICATION', 'pt_BR.UTF-8'), ('PWD', '/home/edrom-mini/edromufu/src/movement/Ros2_change/build/urdf_example'), ('LC_ALL', 'en_US.UTF-8'), ('SSH_CONNECTION', '192.168.1.7 51388 192.168.1.12 22'), ('XDG_DATA_DIRS', '/usr/share/gnome:/usr/local/share:/usr/share:/var/lib/snapd/desktop'), ('PYTHONPATH', '/opt/ros/humble/lib/python3.10/site-packages:/opt/ros/humble/local/lib/python3.10/dist-packages'), ('LC_NUMERIC', 'pt_BR.UTF-8'), ('LC_PAPER', 'pt_BR.UTF-8'), ('COLCON', '1'), ('CMAKE_PREFIX_PATH', '/opt/ros/humble')]), 'shell': False}
[2.915480] (-) TimerEvent: {}
[3.007069] (urdf_example) CommandEnded: {'returncode': 0}
[3.018324] (-) TimerEvent: {}
[3.118650] (-) TimerEvent: {}
[3.147104] (urdf_example) JobProgress: {'identifier': 'urdf_example', 'progress': 'install'}
[3.147469] (urdf_example) Command: {'cmd': ['/home/edrom-mini/.local/bin/cmake', '--install', '/home/edrom-mini/edromufu/src/movement/Ros2_change/build/urdf_example'], 'cwd': '/home/edrom-mini/edromufu/src/movement/Ros2_change/build/urdf_example', 'env': OrderedDict([('LESSOPEN', '| /usr/bin/lesspipe %s'), ('USER', 'edrom-mini'), ('SSH_CLIENT', '192.168.1.7 51388 22'), ('LC_TIME', 'pt_BR.UTF-8'), ('XDG_SESSION_TYPE', 'tty'), ('SHLVL', '1'), ('LD_LIBRARY_PATH', '/opt/ros/humble/opt/rviz_ogre_vendor/lib:/opt/ros/humble/lib/x86_64-linux-gnu:/opt/ros/humble/lib'), ('MOTD_SHOWN', 'pam'), ('HOME', '/home/edrom-mini'), ('OLDPWD', '/home/edrom-mini/edromufu'), ('SSH_TTY', '/dev/pts/0'), ('ROS_PYTHON_VERSION', '3'), ('LC_MONETARY', 'pt_BR.UTF-8'), ('LC_CTYPE', 'pt_BR.UTF-8'), ('DBUS_SESSION_BUS_ADDRESS', 'unix:path=/run/user/1000/bus'), ('ROS_DISTRO', 'humble'), ('LOGNAME', 'edrom-mini'), ('_', '/usr/bin/colcon'), ('ROS_VERSION', '2'), ('XDG_SESSION_CLASS', 'user'), ('TERM', 'xterm-256color'), ('XDG_SESSION_ID', '4'), ('ROS_LOCALHOST_ONLY', '0'), ('PATH', '/home/edrom-mini/.local/bin:/opt/ros/humble/bin:/usr/local/sbin:/usr/local/bin:/usr/sbin:/usr/bin:/sbin:/bin:/usr/games:/usr/local/games:/snap/bin'), ('LC_ADDRESS', 'pt_BR.UTF-8'), ('XDG_RUNTIME_DIR', '/run/user/1000'), ('DISPLAY', 'localhost:10.0'), ('LANG', 'en_US.UTF-8'), ('LC_TELEPHONE', 'pt_BR.UTF-8'), ('LS_COLORS', 'rs=0:di=01;34:ln=01;36:mh=00:pi=40;33:so=01;35:do=01;35:bd=40;33;01:cd=40;33;01:or=40;31;01:mi=00:su=37;41:sg=30;43:ca=30;41:tw=30;42:ow=34;42:st=37;44:ex=01;32:*.tar=01;31:*.tgz=01;31:*.arc=01;31:*.arj=01;31:*.taz=01;31:*.lha=01;31:*.lz4=01;31:*.lzh=01;31:*.lzma=01;31:*.tlz=01;31:*.txz=01;31:*.tzo=01;31:*.t7z=01;31:*.zip=01;31:*.z=01;31:*.dz=01;31:*.gz=01;31:*.lrz=01;31:*.lz=01;31:*.lzo=01;31:*.xz=01;31:*.zst=01;31:*.tzst=01;31:*.bz2=01;31:*.bz=01;31:*.tbz=01;31:*.tbz2=01;31:*.tz=01;31:*.deb=01;31:*.rpm=01;31:*.jar=01;31:*.war=01;31:*.ear=01;31:*.sar=01;31:*.rar=01;31:*.alz=01;31:*.ace=01;31:*.zoo=01;31:*.cpio=01;31:*.7z=01;31:*.rz=01;31:*.cab=01;31:*.wim=01;31:*.swm=01;31:*.dwm=01;31:*.esd=01;31:*.jpg=01;35:*.jpeg=01;35:*.mjpg=01;35:*.mjpeg=01;35:*.gif=01;35:*.bmp=01;35:*.pbm=01;35:*.pgm=01;35:*.ppm=01;35:*.tga=01;35:*.xbm=01;35:*.xpm=01;35:*.tif=01;35:*.tiff=01;35:*.png=01;35:*.svg=01;35:*.svgz=01;35:*.mng=01;35:*.pcx=01;35:*.mov=01;35:*.mpg=01;35:*.mpeg=01;35:*.m2v=01;35:*.mkv=01;35:*.webm=01;35:*.webp=01;35:*.ogm=01;35:*.mp4=01;35:*.m4v=01;35:*.mp4v=01;35:*.vob=01;35:*.qt=01;35:*.nuv=01;35:*.wmv=01;35:*.asf=01;35:*.rm=01;35:*.rmvb=01;35:*.flc=01;35:*.avi=01;35:*.fli=01;35:*.flv=01;35:*.gl=01;35:*.dl=01;35:*.xcf=01;35:*.xwd=01;35:*.yuv=01;35:*.cgm=01;35:*.emf=01;35:*.ogv=01;35:*.ogx=01;35:*.aac=00;36:*.au=00;36:*.flac=00;36:*.m4a=00;36:*.mid=00;36:*.midi=00;36:*.mka=00;36:*.mp3=00;36:*.mpc=00;36:*.ogg=00;36:*.ra=00;36:*.wav=00;36:*.oga=00;36:*.opus=00;36:*.spx=00;36:*.xspf=00;36:'), ('AMENT_PREFIX_PATH', '/opt/ros/humble'), ('SHELL', '/bin/bash'), ('LC_NAME', 'pt_BR.UTF-8'), ('LESSCLOSE', '/usr/bin/lesspipe %s %s'), ('LC_MEASUREMENT', 'pt_BR.UTF-8'), ('LC_IDENTIFICATION', 'pt_BR.UTF-8'), ('PWD', '/home/edrom-mini/edromufu/src/movement/Ros2_change/build/urdf_example'), ('LC_ALL', 'en_US.UTF-8'), ('SSH_CONNECTION', '192.168.1.7 51388 192.168.1.12 22'), ('XDG_DATA_DIRS', '/usr/share/gnome:/usr/local/share:/usr/share:/var/lib/snapd/desktop'), ('PYTHONPATH', '/opt/ros/humble/lib/python3.10/site-packages:/opt/ros/humble/local/lib/python3.10/dist-packages'), ('LC_NUMERIC', 'pt_BR.UTF-8'), ('LC_PAPER', 'pt_BR.UTF-8'), ('COLCON', '1'), ('CMAKE_PREFIX_PATH', '/opt/ros/humble')]), 'shell': False}
[3.189700] (movement_functions) StdoutLine: {'line': b'running egg_info\n'}
[3.189972] (humanoid_definition) StdoutLine: {'line': b'running egg_info\n'}
[3.190167] (movement_functions) StdoutLine: {'line': b'writing ../../build/movement_functions/movement_functions.egg-info/PKG-INFO\n'}
[3.190531] (movement_functions) StdoutLine: {'line': b'writing dependency_links to ../../build/movement_functions/movement_functions.egg-info/dependency_links.txt\n'}
[3.190783] (humanoid_definition) StdoutLine: {'line': b'writing ../../build/humanoid_definition/humanoid_definition.egg-info/PKG-INFO\n'}
[3.190908] (movement_functions) StdoutLine: {'line': b'writing entry points to ../../build/movement_functions/movement_functions.egg-info/entry_points.txt\n'}
[3.191124] (movement_functions) StdoutLine: {'line': b'writing requirements to ../../build/movement_functions/movement_functions.egg-info/requires.txt\n'}
[3.191310] (movement_functions) StdoutLine: {'line': b'writing top-level names to ../../build/movement_functions/movement_functions.egg-info/top_level.txt\n'}
[3.191773] (humanoid_definition) StdoutLine: {'line': b'writing dependency_links to ../../build/humanoid_definition/humanoid_definition.egg-info/dependency_links.txt\n'}
[3.194019] (humanoid_definition) StdoutLine: {'line': b'writing entry points to ../../build/humanoid_definition/humanoid_definition.egg-info/entry_points.txt\n'}
[3.194149] (humanoid_definition) StdoutLine: {'line': b'writing requirements to ../../build/humanoid_definition/humanoid_definition.egg-info/requires.txt\n'}
[3.194238] (humanoid_definition) StdoutLine: {'line': b'writing top-level names to ../../build/humanoid_definition/humanoid_definition.egg-info/top_level.txt\n'}
[3.194340] (movement_functions) StdoutLine: {'line': b"reading manifest file '../../build/movement_functions/movement_functions.egg-info/SOURCES.txt'\n"}
[3.194496] (humanoid_definition) StdoutLine: {'line': b"reading manifest file '../../build/humanoid_definition/humanoid_definition.egg-info/SOURCES.txt'\n"}
[3.195529] (movement_functions) StdoutLine: {'line': b"writing manifest file '../../build/movement_functions/movement_functions.egg-info/SOURCES.txt'\n"}
[3.195735] (movement_functions) StdoutLine: {'line': b'running build\n'}
[3.195853] (movement_functions) StdoutLine: {'line': b'running build_py\n'}
[3.196059] (humanoid_definition) StdoutLine: {'line': b"writing manifest file '../../build/humanoid_definition/humanoid_definition.egg-info/SOURCES.txt'\n"}
[3.196184] (humanoid_definition) StdoutLine: {'line': b'running build\n'}
[3.196292] (humanoid_definition) StdoutLine: {'line': b'running build_py\n'}
[3.197368] (humanoid_definition) StdoutLine: {'line': b'running install\n'}
[3.204183] (humanoid_definition) StdoutLine: {'line': b'running install_lib\n'}
[3.204405] (humanoid_definition) StdoutLine: {'line': b'running install_data\n'}
[3.204518] (humanoid_definition) StdoutLine: {'line': b'running install_egg_info\n'}
[3.204616] (humanoid_definition) StdoutLine: {'line': b"removing '/home/edrom-mini/edromufu/src/movement/Ros2_change/install/humanoid_definition/lib/python3.10/site-packages/humanoid_definition-0.0.0-py3.10.egg-info' (and everything under it)\n"}
[3.204711] (humanoid_definition) StdoutLine: {'line': b'Copying ../../build/humanoid_definition/humanoid_definition.egg-info to /home/edrom-mini/edromufu/src/movement/Ros2_change/install/humanoid_definition/lib/python3.10/site-packages/humanoid_definition-0.0.0-py3.10.egg-info\n'}
[3.205827] (movement_functions) StdoutLine: {'line': b'running install\n'}
[3.206034] (movement_functions) StdoutLine: {'line': b'running install_lib\n'}
[3.206158] (movement_functions) StdoutLine: {'line': b'running install_data\n'}
[3.206257] (movement_functions) StdoutLine: {'line': b'running install_egg_info\n'}
[3.206369] (movement_functions) StdoutLine: {'line': b"removing '/home/edrom-mini/edromufu/src/movement/Ros2_change/install/movement_functions/lib/python3.10/site-packages/movement_functions-0.0.0-py3.10.egg-info' (and everything under it)\n"}
[3.206463] (movement_functions) StdoutLine: {'line': b'Copying ../../build/movement_functions/movement_functions.egg-info to /home/edrom-mini/edromufu/src/movement/Ros2_change/install/movement_functions/lib/python3.10/site-packages/movement_functions-0.0.0-py3.10.egg-info\n'}
[3.209329] (movement_functions) StdoutLine: {'line': b'running install_scripts\n'}
[3.209550] (humanoid_definition) StdoutLine: {'line': b'running install_scripts\n'}
[3.218777] (-) TimerEvent: {}
[3.235761] (humanoid_definition) StdoutLine: {'line': b"writing list of installed files to '/home/edrom-mini/edromufu/src/movement/Ros2_change/build/humanoid_definition/install.log'\n"}
[3.239467] (movement_functions) StdoutLine: {'line': b"writing list of installed files to '/home/edrom-mini/edromufu/src/movement/Ros2_change/build/movement_functions/install.log'\n"}
[3.258550] (urdf_example) StdoutLine: {'line': b'-- Install configuration: ""\n'}
[3.259021] (urdf_example) StdoutLine: {'line': b'-- Up-to-date: /home/edrom-mini/edromufu/src/movement/Ros2_change/install/urdf_example/share/urdf_example/description\n'}
[3.259196] (urdf_example) StdoutLine: {'line': b'-- Up-to-date: /home/edrom-mini/edromufu/src/movement/Ros2_change/install/urdf_example/share/urdf_example/description/example_include.xacro\n'}
[3.259348] (urdf_example) StdoutLine: {'line': b'-- Up-to-date: /home/edrom-mini/edromufu/src/movement/Ros2_change/install/urdf_example/share/urdf_example/description/example_gazebo.xacro\n'}
[3.259466] (urdf_example) StdoutLine: {'line': b'-- Up-to-date: /home/edrom-mini/edromufu/src/movement/Ros2_change/install/urdf_example/share/urdf_example/description/example_robot.urdf.xacro\n'}
[3.259577] (urdf_example) StdoutLine: {'line': b'-- Up-to-date: /home/edrom-mini/edromufu/src/movement/Ros2_change/install/urdf_example/share/urdf_example/launch\n'}
[3.259685] (urdf_example) StdoutLine: {'line': b'-- Up-to-date: /home/edrom-mini/edromufu/src/movement/Ros2_change/install/urdf_example/share/urdf_example/launch/rsp_sim.launch.py\n'}
[3.259793] (urdf_example) StdoutLine: {'line': b'-- Up-to-date: /home/edrom-mini/edromufu/src/movement/Ros2_change/install/urdf_example/share/urdf_example/launch/rsp.launch.py\n'}
[3.259903] (urdf_example) StdoutLine: {'line': b'-- Up-to-date: /home/edrom-mini/edromufu/src/movement/Ros2_change/install/urdf_example/share/urdf_example/worlds\n'}
[3.260010] (urdf_example) StdoutLine: {'line': b'-- Up-to-date: /home/edrom-mini/edromufu/src/movement/Ros2_change/install/urdf_example/share/urdf_example/worlds/test_world.world\n'}
[3.260227] (urdf_example) StdoutLine: {'line': b'-- Up-to-date: /home/edrom-mini/edromufu/src/movement/Ros2_change/install/urdf_example/share/ament_index/resource_index/package_run_dependencies/urdf_example\n'}
[3.260374] (urdf_example) StdoutLine: {'line': b'-- Installing: /home/edrom-mini/edromufu/src/movement/Ros2_change/install/urdf_example/share/ament_index/resource_index/parent_prefix_path/urdf_example\n'}
[3.261199] (urdf_example) StdoutLine: {'line': b'-- Up-to-date: /home/edrom-mini/edromufu/src/movement/Ros2_change/install/urdf_example/share/urdf_example/environment/ament_prefix_path.sh\n'}
[3.261429] (urdf_example) StdoutLine: {'line': b'-- Up-to-date: /home/edrom-mini/edromufu/src/movement/Ros2_change/install/urdf_example/share/urdf_example/environment/ament_prefix_path.dsv\n'}
[3.262052] (urdf_example) StdoutLine: {'line': b'-- Up-to-date: /home/edrom-mini/edromufu/src/movement/Ros2_change/install/urdf_example/share/urdf_example/environment/path.sh\n'}
[3.262255] (urdf_example) StdoutLine: {'line': b'-- Up-to-date: /home/edrom-mini/edromufu/src/movement/Ros2_change/install/urdf_example/share/urdf_example/environment/path.dsv\n'}
[3.263013] (urdf_example) StdoutLine: {'line': b'-- Up-to-date: /home/edrom-mini/edromufu/src/movement/Ros2_change/install/urdf_example/share/urdf_example/local_setup.bash\n'}
[3.263195] (urdf_example) StdoutLine: {'line': b'-- Installing: /home/edrom-mini/edromufu/src/movement/Ros2_change/install/urdf_example/share/urdf_example/local_setup.sh\n'}
[3.263647] (urdf_example) StdoutLine: {'line': b'-- Up-to-date: /home/edrom-mini/edromufu/src/movement/Ros2_change/install/urdf_example/share/urdf_example/local_setup.zsh\n'}
[3.264146] (urdf_example) StdoutLine: {'line': b'-- Up-to-date: /home/edrom-mini/edromufu/src/movement/Ros2_change/install/urdf_example/share/urdf_example/local_setup.dsv\n'}
[3.264603] (urdf_example) StdoutLine: {'line': b'-- Installing: /home/edrom-mini/edromufu/src/movement/Ros2_change/install/urdf_example/share/urdf_example/package.dsv\n'}
[3.265088] (urdf_example) StdoutLine: {'line': b'-- Up-to-date: /home/edrom-mini/edromufu/src/movement/Ros2_change/install/urdf_example/share/ament_index/resource_index/packages/urdf_example\n'}
[3.265680] (urdf_example) StdoutLine: {'line': b'-- Up-to-date: /home/edrom-mini/edromufu/src/movement/Ros2_change/install/urdf_example/share/urdf_example/cmake/urdf_exampleConfig.cmake\n'}
[3.265849] (urdf_example) StdoutLine: {'line': b'-- Up-to-date: /home/edrom-mini/edromufu/src/movement/Ros2_change/install/urdf_example/share/urdf_example/cmake/urdf_exampleConfig-version.cmake\n'}
[3.266486] (urdf_example) StdoutLine: {'line': b'-- Up-to-date: /home/edrom-mini/edromufu/src/movement/Ros2_change/install/urdf_example/share/urdf_example/package.xml\n'}
[3.285274] (humanoid_definition) CommandEnded: {'returncode': 0}
[3.294876] (humanoid_definition) JobEnded: {'identifier': 'humanoid_definition', 'rc': 0}
[3.296619] (urdf_robox) JobStarted: {'identifier': 'urdf_robox'}
[3.300449] (urdf_example) CommandEnded: {'returncode': 0}
[3.309133] (movement_functions) CommandEnded: {'returncode': 0}
[3.318658] (movement_functions) JobEnded: {'identifier': 'movement_functions', 'rc': 0}
[3.322320] (-) TimerEvent: {}
[3.322984] (u2d2_comm) JobStarted: {'identifier': 'u2d2_comm'}
[3.328187] (urdf_robox) JobProgress: {'identifier': 'urdf_robox', 'progress': 'cmake'}
[3.332610] (urdf_robox) JobProgress: {'identifier': 'urdf_robox', 'progress': 'build'}
[3.332857] (urdf_robox) Command: {'cmd': ['/home/edrom-mini/.local/bin/cmake', '--build', '/home/edrom-mini/edromufu/src/movement/Ros2_change/build/urdf_robox', '--', '-j4', '-l4'], 'cwd': '/home/edrom-mini/edromufu/src/movement/Ros2_change/build/urdf_robox', 'env': OrderedDict([('LESSOPEN', '| /usr/bin/lesspipe %s'), ('USER', 'edrom-mini'), ('SSH_CLIENT', '192.168.1.7 51388 22'), ('LC_TIME', 'pt_BR.UTF-8'), ('XDG_SESSION_TYPE', 'tty'), ('SHLVL', '1'), ('LD_LIBRARY_PATH', '/opt/ros/humble/opt/rviz_ogre_vendor/lib:/opt/ros/humble/lib/x86_64-linux-gnu:/opt/ros/humble/lib'), ('MOTD_SHOWN', 'pam'), ('HOME', '/home/edrom-mini'), ('OLDPWD', '/home/edrom-mini/edromufu'), ('SSH_TTY', '/dev/pts/0'), ('ROS_PYTHON_VERSION', '3'), ('LC_MONETARY', 'pt_BR.UTF-8'), ('LC_CTYPE', 'pt_BR.UTF-8'), ('DBUS_SESSION_BUS_ADDRESS', 'unix:path=/run/user/1000/bus'), ('ROS_DISTRO', 'humble'), ('LOGNAME', 'edrom-mini'), ('_', '/usr/bin/colcon'), ('ROS_VERSION', '2'), ('XDG_SESSION_CLASS', 'user'), ('TERM', 'xterm-256color'), ('XDG_SESSION_ID', '4'), ('ROS_LOCALHOST_ONLY', '0'), ('PATH', '/home/edrom-mini/.local/bin:/opt/ros/humble/bin:/usr/local/sbin:/usr/local/bin:/usr/sbin:/usr/bin:/sbin:/bin:/usr/games:/usr/local/games:/snap/bin'), ('LC_ADDRESS', 'pt_BR.UTF-8'), ('XDG_RUNTIME_DIR', '/run/user/1000'), ('DISPLAY', 'localhost:10.0'), ('LANG', 'en_US.UTF-8'), ('LC_TELEPHONE', 'pt_BR.UTF-8'), ('LS_COLORS', 'rs=0:di=01;34:ln=01;36:mh=00:pi=40;33:so=01;35:do=01;35:bd=40;33;01:cd=40;33;01:or=40;31;01:mi=00:su=37;41:sg=30;43:ca=30;41:tw=30;42:ow=34;42:st=37;44:ex=01;32:*.tar=01;31:*.tgz=01;31:*.arc=01;31:*.arj=01;31:*.taz=01;31:*.lha=01;31:*.lz4=01;31:*.lzh=01;31:*.lzma=01;31:*.tlz=01;31:*.txz=01;31:*.tzo=01;31:*.t7z=01;31:*.zip=01;31:*.z=01;31:*.dz=01;31:*.gz=01;31:*.lrz=01;31:*.lz=01;31:*.lzo=01;31:*.xz=01;31:*.zst=01;31:*.tzst=01;31:*.bz2=01;31:*.bz=01;31:*.tbz=01;31:*.tbz2=01;31:*.tz=01;31:*.deb=01;31:*.rpm=01;31:*.jar=01;31:*.war=01;31:*.ear=01;31:*.sar=01;31:*.rar=01;31:*.alz=01;31:*.ace=01;31:*.zoo=01;31:*.cpio=01;31:*.7z=01;31:*.rz=01;31:*.cab=01;31:*.wim=01;31:*.swm=01;31:*.dwm=01;31:*.esd=01;31:*.jpg=01;35:*.jpeg=01;35:*.mjpg=01;35:*.mjpeg=01;35:*.gif=01;35:*.bmp=01;35:*.pbm=01;35:*.pgm=01;35:*.ppm=01;35:*.tga=01;35:*.xbm=01;35:*.xpm=01;35:*.tif=01;35:*.tiff=01;35:*.png=01;35:*.svg=01;35:*.svgz=01;35:*.mng=01;35:*.pcx=01;35:*.mov=01;35:*.mpg=01;35:*.mpeg=01;35:*.m2v=01;35:*.mkv=01;35:*.webm=01;35:*.webp=01;35:*.ogm=01;35:*.mp4=01;35:*.m4v=01;35:*.mp4v=01;35:*.vob=01;35:*.qt=01;35:*.nuv=01;35:*.wmv=01;35:*.asf=01;35:*.rm=01;35:*.rmvb=01;35:*.flc=01;35:*.avi=01;35:*.fli=01;35:*.flv=01;35:*.gl=01;35:*.dl=01;35:*.xcf=01;35:*.xwd=01;35:*.yuv=01;35:*.cgm=01;35:*.emf=01;35:*.ogv=01;35:*.ogx=01;35:*.aac=00;36:*.au=00;36:*.flac=00;36:*.m4a=00;36:*.mid=00;36:*.midi=00;36:*.mka=00;36:*.mp3=00;36:*.mpc=00;36:*.ogg=00;36:*.ra=00;36:*.wav=00;36:*.oga=00;36:*.opus=00;36:*.spx=00;36:*.xspf=00;36:'), ('AMENT_PREFIX_PATH', '/opt/ros/humble'), ('SHELL', '/bin/bash'), ('LC_NAME', 'pt_BR.UTF-8'), ('LESSCLOSE', '/usr/bin/lesspipe %s %s'), ('LC_MEASUREMENT', 'pt_BR.UTF-8'), ('LC_IDENTIFICATION', 'pt_BR.UTF-8'), ('PWD', '/home/edrom-mini/edromufu/src/movement/Ros2_change/build/urdf_robox'), ('LC_ALL', 'en_US.UTF-8'), ('SSH_CONNECTION', '192.168.1.7 51388 192.168.1.12 22'), ('XDG_DATA_DIRS', '/usr/share/gnome:/usr/local/share:/usr/share:/var/lib/snapd/desktop'), ('PYTHONPATH', '/opt/ros/humble/lib/python3.10/site-packages:/opt/ros/humble/local/lib/python3.10/dist-packages'), ('LC_NUMERIC', 'pt_BR.UTF-8'), ('LC_PAPER', 'pt_BR.UTF-8'), ('COLCON', '1'), ('CMAKE_PREFIX_PATH', '/opt/ros/humble')]), 'shell': False}
[3.422713] (-) TimerEvent: {}
[3.523181] (-) TimerEvent: {}
[3.623565] (-) TimerEvent: {}
[3.625531] (movement_pages) Command: {'cmd': ['/usr/bin/python3', '-W', 'ignore:setup.py install is deprecated', 'setup.py', 'egg_info', '--egg-base', '../../build/movement_pages', 'build', '--build-base', '/home/edrom-mini/edromufu/src/movement/Ros2_change/build/movement_pages/build', 'install', '--record', '/home/edrom-mini/edromufu/src/movement/Ros2_change/build/movement_pages/install.log', '--single-version-externally-managed', 'install_data'], 'cwd': '/home/edrom-mini/edromufu/src/movement/Ros2_change/src/movement_pages', 'env': {'LESSOPEN': '| /usr/bin/lesspipe %s', 'USER': 'edrom-mini', 'SSH_CLIENT': '192.168.1.7 51388 22', 'LC_TIME': 'pt_BR.UTF-8', 'XDG_SESSION_TYPE': 'tty', 'SHLVL': '1', 'LD_LIBRARY_PATH': '/home/edrom-mini/edromufu/src/movement/Ros2_change/install/movement_utils/lib:/opt/ros/humble/opt/rviz_ogre_vendor/lib:/opt/ros/humble/lib/x86_64-linux-gnu:/opt/ros/humble/lib', 'MOTD_SHOWN': 'pam', 'HOME': '/home/edrom-mini', 'OLDPWD': '/home/edrom-mini/edromufu', 'SSH_TTY': '/dev/pts/0', 'ROS_PYTHON_VERSION': '3', 'LC_MONETARY': 'pt_BR.UTF-8', 'LC_CTYPE': 'pt_BR.UTF-8', 'DBUS_SESSION_BUS_ADDRESS': 'unix:path=/run/user/1000/bus', 'ROS_DISTRO': 'humble', 'LOGNAME': 'edrom-mini', '_': '/usr/bin/colcon', 'ROS_VERSION': '2', 'XDG_SESSION_CLASS': 'user', 'TERM': 'xterm-256color', 'XDG_SESSION_ID': '4', 'ROS_LOCALHOST_ONLY': '0', 'PATH': '/home/edrom-mini/.local/bin:/opt/ros/humble/bin:/usr/local/sbin:/usr/local/bin:/usr/sbin:/usr/bin:/sbin:/bin:/usr/games:/usr/local/games:/snap/bin', 'LC_ADDRESS': 'pt_BR.UTF-8', 'XDG_RUNTIME_DIR': '/run/user/1000', 'DISPLAY': 'localhost:10.0', 'LANG': 'en_US.UTF-8', 'LC_TELEPHONE': 'pt_BR.UTF-8', 'LS_COLORS': 'rs=0:di=01;34:ln=01;36:mh=00:pi=40;33:so=01;35:do=01;35:bd=40;33;01:cd=40;33;01:or=40;31;01:mi=00:su=37;41:sg=30;43:ca=30;41:tw=30;42:ow=34;42:st=37;44:ex=01;32:*.tar=01;31:*.tgz=01;31:*.arc=01;31:*.arj=01;31:*.taz=01;31:*.lha=01;31:*.lz4=01;31:*.lzh=01;31:*.lzma=01;31:*.tlz=01;31:*.txz=01;31:*.tzo=01;31:*.t7z=01;31:*.zip=01;31:*.z=01;31:*.dz=01;31:*.gz=01;31:*.lrz=01;31:*.lz=01;31:*.lzo=01;31:*.xz=01;31:*.zst=01;31:*.tzst=01;31:*.bz2=01;31:*.bz=01;31:*.tbz=01;31:*.tbz2=01;31:*.tz=01;31:*.deb=01;31:*.rpm=01;31:*.jar=01;31:*.war=01;31:*.ear=01;31:*.sar=01;31:*.rar=01;31:*.alz=01;31:*.ace=01;31:*.zoo=01;31:*.cpio=01;31:*.7z=01;31:*.rz=01;31:*.cab=01;31:*.wim=01;31:*.swm=01;31:*.dwm=01;31:*.esd=01;31:*.jpg=01;35:*.jpeg=01;35:*.mjpg=01;35:*.mjpeg=01;35:*.gif=01;35:*.bmp=01;35:*.pbm=01;35:*.pgm=01;35:*.ppm=01;35:*.tga=01;35:*.xbm=01;35:*.xpm=01;35:*.tif=01;35:*.tiff=01;35:*.png=01;35:*.svg=01;35:*.svgz=01;35:*.mng=01;35:*.pcx=01;35:*.mov=01;35:*.mpg=01;35:*.mpeg=01;35:*.m2v=01;35:*.mkv=01;35:*.webm=01;35:*.webp=01;35:*.ogm=01;35:*.mp4=01;35:*.m4v=01;35:*.mp4v=01;35:*.vob=01;35:*.qt=01;35:*.nuv=01;35:*.wmv=01;35:*.asf=01;35:*.rm=01;35:*.rmvb=01;35:*.flc=01;35:*.avi=01;35:*.fli=01;35:*.flv=01;35:*.gl=01;35:*.dl=01;35:*.xcf=01;35:*.xwd=01;35:*.yuv=01;35:*.cgm=01;35:*.emf=01;35:*.ogv=01;35:*.ogx=01;35:*.aac=00;36:*.au=00;36:*.flac=00;36:*.m4a=00;36:*.mid=00;36:*.midi=00;36:*.mka=00;36:*.mp3=00;36:*.mpc=00;36:*.ogg=00;36:*.ra=00;36:*.wav=00;36:*.oga=00;36:*.opus=00;36:*.spx=00;36:*.xspf=00;36:', 'AMENT_PREFIX_PATH': '/home/edrom-mini/edromufu/src/movement/Ros2_change/install/movement_utils:/opt/ros/humble', 'SHELL': '/bin/bash', 'LC_NAME': 'pt_BR.UTF-8', 'LESSCLOSE': '/usr/bin/lesspipe %s %s', 'LC_MEASUREMENT': 'pt_BR.UTF-8', 'LC_IDENTIFICATION': 'pt_BR.UTF-8', 'PWD': '/home/edrom-mini/edromufu/src/movement/Ros2_change/build/movement_pages', 'LC_ALL': 'en_US.UTF-8', 'SSH_CONNECTION': '192.168.1.7 51388 192.168.1.12 22', 'XDG_DATA_DIRS': '/usr/share/gnome:/usr/local/share:/usr/share:/var/lib/snapd/desktop', 'PYTHONPATH': '/home/edrom-mini/edromufu/src/movement/Ros2_change/build/movement_pages/prefix_override:/home/edrom-mini/edromufu/src/movement/Ros2_change/install/movement_pages/lib/python3.10/site-packages:/home/edrom-mini/edromufu/src/movement/Ros2_change/install/movement_utils/local/lib/python3.10/dist-packages:/opt/ros/humble/lib/python3.10/site-packages:/opt/ros/humble/local/lib/python3.10/dist-packages', 'LC_NUMERIC': 'pt_BR.UTF-8', 'LC_PAPER': 'pt_BR.UTF-8', 'COLCON': '1', 'CMAKE_PREFIX_PATH': '/home/edrom-mini/edromufu/src/movement/Ros2_change/install/movement_utils'}, 'shell': False}
[3.633541] (urdf_example) JobEnded: {'identifier': 'urdf_example', 'rc': 0}
[3.634807] (urdf_robox) CommandEnded: {'returncode': 0}
[3.723658] (-) TimerEvent: {}
[3.744783] (urdf_robox) JobProgress: {'identifier': 'urdf_robox', 'progress': 'install'}
[3.744857] (urdf_robox) Command: {'cmd': ['/home/edrom-mini/.local/bin/cmake', '--install', '/home/edrom-mini/edromufu/src/movement/Ros2_change/build/urdf_robox'], 'cwd': '/home/edrom-mini/edromufu/src/movement/Ros2_change/build/urdf_robox', 'env': OrderedDict([('LESSOPEN', '| /usr/bin/lesspipe %s'), ('USER', 'edrom-mini'), ('SSH_CLIENT', '192.168.1.7 51388 22'), ('LC_TIME', 'pt_BR.UTF-8'), ('XDG_SESSION_TYPE', 'tty'), ('SHLVL', '1'), ('LD_LIBRARY_PATH', '/opt/ros/humble/opt/rviz_ogre_vendor/lib:/opt/ros/humble/lib/x86_64-linux-gnu:/opt/ros/humble/lib'), ('MOTD_SHOWN', 'pam'), ('HOME', '/home/edrom-mini'), ('OLDPWD', '/home/edrom-mini/edromufu'), ('SSH_TTY', '/dev/pts/0'), ('ROS_PYTHON_VERSION', '3'), ('LC_MONETARY', 'pt_BR.UTF-8'), ('LC_CTYPE', 'pt_BR.UTF-8'), ('DBUS_SESSION_BUS_ADDRESS', 'unix:path=/run/user/1000/bus'), ('ROS_DISTRO', 'humble'), ('LOGNAME', 'edrom-mini'), ('_', '/usr/bin/colcon'), ('ROS_VERSION', '2'), ('XDG_SESSION_CLASS', 'user'), ('TERM', 'xterm-256color'), ('XDG_SESSION_ID', '4'), ('ROS_LOCALHOST_ONLY', '0'), ('PATH', '/home/edrom-mini/.local/bin:/opt/ros/humble/bin:/usr/local/sbin:/usr/local/bin:/usr/sbin:/usr/bin:/sbin:/bin:/usr/games:/usr/local/games:/snap/bin'), ('LC_ADDRESS', 'pt_BR.UTF-8'), ('XDG_RUNTIME_DIR', '/run/user/1000'), ('DISPLAY', 'localhost:10.0'), ('LANG', 'en_US.UTF-8'), ('LC_TELEPHONE', 'pt_BR.UTF-8'), ('LS_COLORS', 'rs=0:di=01;34:ln=01;36:mh=00:pi=40;33:so=01;35:do=01;35:bd=40;33;01:cd=40;33;01:or=40;31;01:mi=00:su=37;41:sg=30;43:ca=30;41:tw=30;42:ow=34;42:st=37;44:ex=01;32:*.tar=01;31:*.tgz=01;31:*.arc=01;31:*.arj=01;31:*.taz=01;31:*.lha=01;31:*.lz4=01;31:*.lzh=01;31:*.lzma=01;31:*.tlz=01;31:*.txz=01;31:*.tzo=01;31:*.t7z=01;31:*.zip=01;31:*.z=01;31:*.dz=01;31:*.gz=01;31:*.lrz=01;31:*.lz=01;31:*.lzo=01;31:*.xz=01;31:*.zst=01;31:*.tzst=01;31:*.bz2=01;31:*.bz=01;31:*.tbz=01;31:*.tbz2=01;31:*.tz=01;31:*.deb=01;31:*.rpm=01;31:*.jar=01;31:*.war=01;31:*.ear=01;31:*.sar=01;31:*.rar=01;31:*.alz=01;31:*.ace=01;31:*.zoo=01;31:*.cpio=01;31:*.7z=01;31:*.rz=01;31:*.cab=01;31:*.wim=01;31:*.swm=01;31:*.dwm=01;31:*.esd=01;31:*.jpg=01;35:*.jpeg=01;35:*.mjpg=01;35:*.mjpeg=01;35:*.gif=01;35:*.bmp=01;35:*.pbm=01;35:*.pgm=01;35:*.ppm=01;35:*.tga=01;35:*.xbm=01;35:*.xpm=01;35:*.tif=01;35:*.tiff=01;35:*.png=01;35:*.svg=01;35:*.svgz=01;35:*.mng=01;35:*.pcx=01;35:*.mov=01;35:*.mpg=01;35:*.mpeg=01;35:*.m2v=01;35:*.mkv=01;35:*.webm=01;35:*.webp=01;35:*.ogm=01;35:*.mp4=01;35:*.m4v=01;35:*.mp4v=01;35:*.vob=01;35:*.qt=01;35:*.nuv=01;35:*.wmv=01;35:*.asf=01;35:*.rm=01;35:*.rmvb=01;35:*.flc=01;35:*.avi=01;35:*.fli=01;35:*.flv=01;35:*.gl=01;35:*.dl=01;35:*.xcf=01;35:*.xwd=01;35:*.yuv=01;35:*.cgm=01;35:*.emf=01;35:*.ogv=01;35:*.ogx=01;35:*.aac=00;36:*.au=00;36:*.flac=00;36:*.m4a=00;36:*.mid=00;36:*.midi=00;36:*.mka=00;36:*.mp3=00;36:*.mpc=00;36:*.ogg=00;36:*.ra=00;36:*.wav=00;36:*.oga=00;36:*.opus=00;36:*.spx=00;36:*.xspf=00;36:'), ('AMENT_PREFIX_PATH', '/opt/ros/humble'), ('SHELL', '/bin/bash'), ('LC_NAME', 'pt_BR.UTF-8'), ('LESSCLOSE', '/usr/bin/lesspipe %s %s'), ('LC_MEASUREMENT', 'pt_BR.UTF-8'), ('LC_IDENTIFICATION', 'pt_BR.UTF-8'), ('PWD', '/home/edrom-mini/edromufu/src/movement/Ros2_change/build/urdf_robox'), ('LC_ALL', 'en_US.UTF-8'), ('SSH_CONNECTION', '192.168.1.7 51388 192.168.1.12 22'), ('XDG_DATA_DIRS', '/usr/share/gnome:/usr/local/share:/usr/share:/var/lib/snapd/desktop'), ('PYTHONPATH', '/opt/ros/humble/lib/python3.10/site-packages:/opt/ros/humble/local/lib/python3.10/dist-packages'), ('LC_NUMERIC', 'pt_BR.UTF-8'), ('LC_PAPER', 'pt_BR.UTF-8'), ('COLCON', '1'), ('CMAKE_PREFIX_PATH', '/opt/ros/humble')]), 'shell': False}
[3.823761] (-) TimerEvent: {}
[3.831828] (urdf_robox) StdoutLine: {'line': b'-- Install configuration: ""\n'}
[3.832034] (urdf_robox) StdoutLine: {'line': b'-- Up-to-date: /home/edrom-mini/edromufu/src/movement/Ros2_change/install/urdf_robox/share/urdf_robox/urdf\n'}
[3.832128] (urdf_robox) StdoutLine: {'line': b'-- Up-to-date: /home/edrom-mini/edromufu/src/movement/Ros2_change/install/urdf_robox/share/urdf_robox/urdf/urdf_robox.csv\n'}
[3.832211] (urdf_robox) StdoutLine: {'line': b'-- Up-to-date: /home/edrom-mini/edromufu/src/movement/Ros2_change/install/urdf_robox/share/urdf_robox/urdf/urdf_robox.urdf\n'}
[3.832302] (urdf_robox) StdoutLine: {'line': b'-- Up-to-date: /home/edrom-mini/edromufu/src/movement/Ros2_change/install/urdf_robox/share/urdf_robox/launch\n'}
[3.832384] (urdf_robox) StdoutLine: {'line': b'-- Up-to-date: /home/edrom-mini/edromufu/src/movement/Ros2_change/install/urdf_robox/share/urdf_robox/launch/rsp_sim.launch.py\n'}
[3.832459] (urdf_robox) StdoutLine: {'line': b'-- Up-to-date: /home/edrom-mini/edromufu/src/movement/Ros2_change/install/urdf_robox/share/urdf_robox/launch/gazebo.launch\n'}
[3.832533] (urdf_robox) StdoutLine: {'line': b'-- Up-to-date: /home/edrom-mini/edromufu/src/movement/Ros2_change/install/urdf_robox/share/urdf_robox/launch/rsp.launch.py\n'}
[3.832605] (urdf_robox) StdoutLine: {'line': b'-- Up-to-date: /home/edrom-mini/edromufu/src/movement/Ros2_change/install/urdf_robox/share/urdf_robox/launch/display.launch\n'}
[3.832678] (urdf_robox) StdoutLine: {'line': b'-- Up-to-date: /home/edrom-mini/edromufu/src/movement/Ros2_change/install/urdf_robox/share/urdf_robox/meshes\n'}
[3.832748] (urdf_robox) StdoutLine: {'line': b'-- Up-to-date: /home/edrom-mini/edromufu/src/movement/Ros2_change/install/urdf_robox/share/urdf_robox/meshes/RL_Link_1.STL\n'}
[3.832819] (urdf_robox) StdoutLine: {'line': b'-- Up-to-date: /home/edrom-mini/edromufu/src/movement/Ros2_change/install/urdf_robox/share/urdf_robox/meshes/RL_Link_3.2.STL\n'}
[3.832889] (urdf_robox) StdoutLine: {'line': b'-- Up-to-date: /home/edrom-mini/edromufu/src/movement/Ros2_change/install/urdf_robox/share/urdf_robox/meshes/LL_Link_3.1.STL\n'}
[3.832959] (urdf_robox) StdoutLine: {'line': b'-- Up-to-date: /home/edrom-mini/edromufu/src/movement/Ros2_change/install/urdf_robox/share/urdf_robox/meshes/RA_Link.STL\n'}
[3.833029] (urdf_robox) StdoutLine: {'line': b'-- Up-to-date: /home/edrom-mini/edromufu/src/movement/Ros2_change/install/urdf_robox/share/urdf_robox/meshes/RL_Link_4.3.STL\n'}
[3.833099] (urdf_robox) StdoutLine: {'line': b'-- Up-to-date: /home/edrom-mini/edromufu/src/movement/Ros2_change/install/urdf_robox/share/urdf_robox/meshes/LA_Link.STL\n'}
[3.833170] (urdf_robox) StdoutLine: {'line': b'-- Up-to-date: /home/edrom-mini/edromufu/src/movement/Ros2_change/install/urdf_robox/share/urdf_robox/meshes/RL_Link_2.1.STL\n'}
[3.833240] (urdf_robox) StdoutLine: {'line': b'-- Up-to-date: /home/edrom-mini/edromufu/src/movement/Ros2_change/install/urdf_robox/share/urdf_robox/meshes/RL_Link_5.1.STL\n'}
[3.833326] (urdf_robox) StdoutLine: {'line': b'-- Up-to-date: /home/edrom-mini/edromufu/src/movement/Ros2_change/install/urdf_robox/share/urdf_robox/meshes/LL_Link_5.2.STL\n'}
[3.833398] (urdf_robox) StdoutLine: {'line': b'-- Up-to-date: /home/edrom-mini/edromufu/src/movement/Ros2_change/install/urdf_robox/share/urdf_robox/meshes/RL_Link_5.3.STL\n'}
[3.833468] (urdf_robox) StdoutLine: {'line': b'-- Up-to-date: /home/edrom-mini/edromufu/src/movement/Ros2_change/install/urdf_robox/share/urdf_robox/meshes/RL_Link_2.2.STL\n'}
[3.833540] (urdf_robox) StdoutLine: {'line': b'-- Up-to-date: /home/edrom-mini/edromufu/src/movement/Ros2_change/install/urdf_robox/share/urdf_robox/meshes/RL_Link_3.1.STL\n'}
[3.833619] (urdf_robox) StdoutLine: {'line': b'-- Up-to-date: /home/edrom-mini/edromufu/src/movement/Ros2_change/install/urdf_robox/share/urdf_robox/meshes/RL_Link_3.3.STL\n'}
[3.833690] (urdf_robox) StdoutLine: {'line': b'-- Up-to-date: /home/edrom-mini/edromufu/src/movement/Ros2_change/install/urdf_robox/share/urdf_robox/meshes/RL_Link_2.3.STL\n'}
[3.833760] (urdf_robox) StdoutLine: {'line': b'-- Up-to-date: /home/edrom-mini/edromufu/src/movement/Ros2_change/install/urdf_robox/share/urdf_robox/meshes/LL_Link_4.3.STL\n'}
[3.833829] (urdf_robox) StdoutLine: {'line': b'-- Up-to-date: /home/edrom-mini/edromufu/src/movement/Ros2_change/install/urdf_robox/share/urdf_robox/meshes/LL_Link_4.2.STL\n'}
[3.833898] (urdf_robox) StdoutLine: {'line': b'-- Up-to-date: /home/edrom-mini/edromufu/src/movement/Ros2_change/install/urdf_robox/share/urdf_robox/meshes/LL_Link_2.1.STL\n'}
[3.833973] (urdf_robox) StdoutLine: {'line': b'-- Up-to-date: /home/edrom-mini/edromufu/src/movement/Ros2_change/install/urdf_robox/share/urdf_robox/meshes/LL_Link_4.1.STL\n'}
[3.834044] (urdf_robox) StdoutLine: {'line': b'-- Up-to-date: /home/edrom-mini/edromufu/src/movement/Ros2_change/install/urdf_robox/share/urdf_robox/meshes/LL_Link_6.STL\n'}
[3.834113] (urdf_robox) StdoutLine: {'line': b'-- Up-to-date: /home/edrom-mini/edromufu/src/movement/Ros2_change/install/urdf_robox/share/urdf_robox/meshes/RL_Link_4.1.STL\n'}
[3.834183] (urdf_robox) StdoutLine: {'line': b'-- Up-to-date: /home/edrom-mini/edromufu/src/movement/Ros2_change/install/urdf_robox/share/urdf_robox/meshes/LL_Link_3.2.STL\n'}
[3.834252] (urdf_robox) StdoutLine: {'line': b'-- Up-to-date: /home/edrom-mini/edromufu/src/movement/Ros2_change/install/urdf_robox/share/urdf_robox/meshes/LL_Link_5.1.STL\n'}
[3.834874] (urdf_robox) StdoutLine: {'line': b'-- Up-to-date: /home/edrom-mini/edromufu/src/movement/Ros2_change/install/urdf_robox/share/urdf_robox/meshes/LL_Link_1.STL\n'}
[3.834966] (urdf_robox) StdoutLine: {'line': b'-- Up-to-date: /home/edrom-mini/edromufu/src/movement/Ros2_change/install/urdf_robox/share/urdf_robox/meshes/LL_Link_2.3.STL\n'}
[3.835147] (urdf_robox) StdoutLine: {'line': b'-- Up-to-date: /home/edrom-mini/edromufu/src/movement/Ros2_change/install/urdf_robox/share/urdf_robox/meshes/RL_Link_6.STL\n'}
[3.835331] (urdf_robox) StdoutLine: {'line': b'-- Up-to-date: /home/edrom-mini/edromufu/src/movement/Ros2_change/install/urdf_robox/share/urdf_robox/meshes/RL_Link_4.2.STL\n'}
[3.835434] (urdf_robox) StdoutLine: {'line': b'-- Up-to-date: /home/edrom-mini/edromufu/src/movement/Ros2_change/install/urdf_robox/share/urdf_robox/meshes/Link_0.STL\n'}
[3.835639] (urdf_robox) StdoutLine: {'line': b'-- Up-to-date: /home/edrom-mini/edromufu/src/movement/Ros2_change/install/urdf_robox/share/urdf_robox/meshes/LL_Link_5.3.STL\n'}
[3.835722] (urdf_robox) StdoutLine: {'line': b'-- Up-to-date: /home/edrom-mini/edromufu/src/movement/Ros2_change/install/urdf_robox/share/urdf_robox/meshes/RL_Link_5.2.STL\n'}
[3.835822] (urdf_robox) StdoutLine: {'line': b'-- Up-to-date: /home/edrom-mini/edromufu/src/movement/Ros2_change/install/urdf_robox/share/urdf_robox/meshes/LL_Link_3.3.STL\n'}
[3.835900] (urdf_robox) StdoutLine: {'line': b'-- Up-to-date: /home/edrom-mini/edromufu/src/movement/Ros2_change/install/urdf_robox/share/urdf_robox/meshes/LL_Link_2.2.STL\n'}
[3.835974] (urdf_robox) StdoutLine: {'line': b'-- Up-to-date: /home/edrom-mini/edromufu/src/movement/Ros2_change/install/urdf_robox/share/urdf_robox/config\n'}
[3.836047] (urdf_robox) StdoutLine: {'line': b'-- Up-to-date: /home/edrom-mini/edromufu/src/movement/Ros2_change/install/urdf_robox/share/urdf_robox/config/joint_names_urdf_robox.yaml\n'}
[3.836119] (urdf_robox) StdoutLine: {'line': b'-- Up-to-date: /home/edrom-mini/edromufu/src/movement/Ros2_change/install/urdf_robox/share/urdf_robox/worlds\n'}
[3.836192] (urdf_robox) StdoutLine: {'line': b'-- Up-to-date: /home/edrom-mini/edromufu/src/movement/Ros2_change/install/urdf_robox/share/urdf_robox/worlds/test_world.world\n'}
[3.836283] (urdf_robox) StdoutLine: {'line': b'-- Up-to-date: /home/edrom-mini/edromufu/src/movement/Ros2_change/install/urdf_robox/share/ament_index/resource_index/package_run_dependencies/urdf_robox\n'}
[3.836370] (urdf_robox) StdoutLine: {'line': b'-- Installing: /home/edrom-mini/edromufu/src/movement/Ros2_change/install/urdf_robox/share/ament_index/resource_index/parent_prefix_path/urdf_robox\n'}
[3.836447] (urdf_robox) StdoutLine: {'line': b'-- Up-to-date: /home/edrom-mini/edromufu/src/movement/Ros2_change/install/urdf_robox/share/urdf_robox/environment/ament_prefix_path.sh\n'}
[3.836525] (urdf_robox) StdoutLine: {'line': b'-- Up-to-date: /home/edrom-mini/edromufu/src/movement/Ros2_change/install/urdf_robox/share/urdf_robox/environment/ament_prefix_path.dsv\n'}
[3.836603] (urdf_robox) StdoutLine: {'line': b'-- Up-to-date: /home/edrom-mini/edromufu/src/movement/Ros2_change/install/urdf_robox/share/urdf_robox/environment/path.sh\n'}
[3.836680] (urdf_robox) StdoutLine: {'line': b'-- Up-to-date: /home/edrom-mini/edromufu/src/movement/Ros2_change/install/urdf_robox/share/urdf_robox/environment/path.dsv\n'}
[3.836757] (urdf_robox) StdoutLine: {'line': b'-- Up-to-date: /home/edrom-mini/edromufu/src/movement/Ros2_change/install/urdf_robox/share/urdf_robox/local_setup.bash\n'}
[3.836838] (urdf_robox) StdoutLine: {'line': b'-- Installing: /home/edrom-mini/edromufu/src/movement/Ros2_change/install/urdf_robox/share/urdf_robox/local_setup.sh\n'}
[3.836922] (urdf_robox) StdoutLine: {'line': b'-- Up-to-date: /home/edrom-mini/edromufu/src/movement/Ros2_change/install/urdf_robox/share/urdf_robox/local_setup.zsh\n'}
[3.837006] (urdf_robox) StdoutLine: {'line': b'-- Up-to-date: /home/edrom-mini/edromufu/src/movement/Ros2_change/install/urdf_robox/share/urdf_robox/local_setup.dsv\n'}
[3.837093] (urdf_robox) StdoutLine: {'line': b'-- Installing: /home/edrom-mini/edromufu/src/movement/Ros2_change/install/urdf_robox/share/urdf_robox/package.dsv\n'}
[3.837182] (urdf_robox) StdoutLine: {'line': b'-- Up-to-date: /home/edrom-mini/edromufu/src/movement/Ros2_change/install/urdf_robox/share/ament_index/resource_index/packages/urdf_robox\n'}
[3.837296] (urdf_robox) StdoutLine: {'line': b'-- Up-to-date: /home/edrom-mini/edromufu/src/movement/Ros2_change/install/urdf_robox/share/urdf_robox/cmake/urdf_roboxConfig.cmake\n'}
[3.837395] (urdf_robox) StdoutLine: {'line': b'-- Up-to-date: /home/edrom-mini/edromufu/src/movement/Ros2_change/install/urdf_robox/share/urdf_robox/cmake/urdf_roboxConfig-version.cmake\n'}
[3.837478] (urdf_robox) StdoutLine: {'line': b'-- Up-to-date: /home/edrom-mini/edromufu/src/movement/Ros2_change/install/urdf_robox/share/urdf_robox/package.xml\n'}
[3.855435] (urdf_robox) CommandEnded: {'returncode': 0}
[3.920415] (movement_pages) StdoutLine: {'line': b'running egg_info\n'}
[3.920641] (movement_pages) StdoutLine: {'line': b'writing ../../build/movement_pages/movement_pages.egg-info/PKG-INFO\n'}
[3.920730] (movement_pages) StdoutLine: {'line': b'writing dependency_links to ../../build/movement_pages/movement_pages.egg-info/dependency_links.txt\n'}
[3.920809] (movement_pages) StdoutLine: {'line': b'writing entry points to ../../build/movement_pages/movement_pages.egg-info/entry_points.txt\n'}
[3.920884] (movement_pages) StdoutLine: {'line': b'writing requirements to ../../build/movement_pages/movement_pages.egg-info/requires.txt\n'}
[3.920958] (movement_pages) StdoutLine: {'line': b'writing top-level names to ../../build/movement_pages/movement_pages.egg-info/top_level.txt\n'}
[3.921266] (movement_pages) StdoutLine: {'line': b"reading manifest file '../../build/movement_pages/movement_pages.egg-info/SOURCES.txt'\n"}
[3.922671] (movement_pages) StdoutLine: {'line': b"writing manifest file '../../build/movement_pages/movement_pages.egg-info/SOURCES.txt'\n"}
[3.922869] (movement_pages) StdoutLine: {'line': b'running build\n'}
[3.922968] (movement_pages) StdoutLine: {'line': b'running build_py\n'}
[3.923824] (-) TimerEvent: {}
[3.924289] (movement_pages) StdoutLine: {'line': b'running install\n'}
[3.924705] (movement_pages) StdoutLine: {'line': b'running install_lib\n'}
[3.926625] (movement_pages) StdoutLine: {'line': b'running install_data\n'}
[3.926863] (movement_pages) StdoutLine: {'line': b'running install_egg_info\n'}
[3.929980] (movement_pages) StdoutLine: {'line': b"removing '/home/edrom-mini/edromufu/src/movement/Ros2_change/install/movement_pages/lib/python3.10/site-packages/movement_pages-0.0.0-py3.10.egg-info' (and everything under it)\n"}
[3.930340] (movement_pages) StdoutLine: {'line': b'Copying ../../build/movement_pages/movement_pages.egg-info to /home/edrom-mini/edromufu/src/movement/Ros2_change/install/movement_pages/lib/python3.10/site-packages/movement_pages-0.0.0-py3.10.egg-info\n'}
[3.931554] (movement_pages) StdoutLine: {'line': b'running install_scripts\n'}
[3.956390] (movement_pages) StdoutLine: {'line': b"writing list of installed files to '/home/edrom-mini/edromufu/src/movement/Ros2_change/build/movement_pages/install.log'\n"}
[3.996051] (urdf_robox) JobEnded: {'identifier': 'urdf_robox', 'rc': 0}
[3.997592] (movement_pages) CommandEnded: {'returncode': 0}
[4.004268] (movement_pages) JobEnded: {'identifier': 'movement_pages', 'rc': 0}
[4.005360] (movement_core) JobStarted: {'identifier': 'movement_core'}
[4.023949] (-) TimerEvent: {}
[4.124317] (-) TimerEvent: {}
[4.224619] (-) TimerEvent: {}
[4.277596] (u2d2_comm) Command: {'cmd': ['/usr/bin/python3', '-W', 'ignore:setup.py install is deprecated', 'setup.py', 'egg_info', '--egg-base', '../../build/u2d2_comm', 'build', '--build-base', '/home/edrom-mini/edromufu/src/movement/Ros2_change/build/u2d2_comm/build', 'install', '--record', '/home/edrom-mini/edromufu/src/movement/Ros2_change/build/u2d2_comm/install.log', '--single-version-externally-managed', 'install_data'], 'cwd': '/home/edrom-mini/edromufu/src/movement/Ros2_change/src/u2d2_comm', 'env': {'LESSOPEN': '| /usr/bin/lesspipe %s', 'USER': 'edrom-mini', 'SSH_CLIENT': '192.168.1.7 51388 22', 'LC_TIME': 'pt_BR.UTF-8', 'XDG_SESSION_TYPE': 'tty', 'SHLVL': '1', 'LD_LIBRARY_PATH': '/home/edrom-mini/edromufu/src/movement/Ros2_change/install/movement_utils/lib:/opt/ros/humble/opt/rviz_ogre_vendor/lib:/opt/ros/humble/lib/x86_64-linux-gnu:/opt/ros/humble/lib', 'MOTD_SHOWN': 'pam', 'HOME': '/home/edrom-mini', 'OLDPWD': '/home/edrom-mini/edromufu', 'SSH_TTY': '/dev/pts/0', 'ROS_PYTHON_VERSION': '3', 'LC_MONETARY': 'pt_BR.UTF-8', 'LC_CTYPE': 'pt_BR.UTF-8', 'DBUS_SESSION_BUS_ADDRESS': 'unix:path=/run/user/1000/bus', 'ROS_DISTRO': 'humble', 'LOGNAME': 'edrom-mini', '_': '/usr/bin/colcon', 'ROS_VERSION': '2', 'XDG_SESSION_CLASS': 'user', 'TERM': 'xterm-256color', 'XDG_SESSION_ID': '4', 'ROS_LOCALHOST_ONLY': '0', 'PATH': '/home/edrom-mini/.local/bin:/opt/ros/humble/bin:/usr/local/sbin:/usr/local/bin:/usr/sbin:/usr/bin:/sbin:/bin:/usr/games:/usr/local/games:/snap/bin', 'LC_ADDRESS': 'pt_BR.UTF-8', 'XDG_RUNTIME_DIR': '/run/user/1000', 'DISPLAY': 'localhost:10.0', 'LANG': 'en_US.UTF-8', 'LC_TELEPHONE': 'pt_BR.UTF-8', 'LS_COLORS': 'rs=0:di=01;34:ln=01;36:mh=00:pi=40;33:so=01;35:do=01;35:bd=40;33;01:cd=40;33;01:or=40;31;01:mi=00:su=37;41:sg=30;43:ca=30;41:tw=30;42:ow=34;42:st=37;44:ex=01;32:*.tar=01;31:*.tgz=01;31:*.arc=01;31:*.arj=01;31:*.taz=01;31:*.lha=01;31:*.lz4=01;31:*.lzh=01;31:*.lzma=01;31:*.tlz=01;31:*.txz=01;31:*.tzo=01;31:*.t7z=01;31:*.zip=01;31:*.z=01;31:*.dz=01;31:*.gz=01;31:*.lrz=01;31:*.lz=01;31:*.lzo=01;31:*.xz=01;31:*.zst=01;31:*.tzst=01;31:*.bz2=01;31:*.bz=01;31:*.tbz=01;31:*.tbz2=01;31:*.tz=01;31:*.deb=01;31:*.rpm=01;31:*.jar=01;31:*.war=01;31:*.ear=01;31:*.sar=01;31:*.rar=01;31:*.alz=01;31:*.ace=01;31:*.zoo=01;31:*.cpio=01;31:*.7z=01;31:*.rz=01;31:*.cab=01;31:*.wim=01;31:*.swm=01;31:*.dwm=01;31:*.esd=01;31:*.jpg=01;35:*.jpeg=01;35:*.mjpg=01;35:*.mjpeg=01;35:*.gif=01;35:*.bmp=01;35:*.pbm=01;35:*.pgm=01;35:*.ppm=01;35:*.tga=01;35:*.xbm=01;35:*.xpm=01;35:*.tif=01;35:*.tiff=01;35:*.png=01;35:*.svg=01;35:*.svgz=01;35:*.mng=01;35:*.pcx=01;35:*.mov=01;35:*.mpg=01;35:*.mpeg=01;35:*.m2v=01;35:*.mkv=01;35:*.webm=01;35:*.webp=01;35:*.ogm=01;35:*.mp4=01;35:*.m4v=01;35:*.mp4v=01;35:*.vob=01;35:*.qt=01;35:*.nuv=01;35:*.wmv=01;35:*.asf=01;35:*.rm=01;35:*.rmvb=01;35:*.flc=01;35:*.avi=01;35:*.fli=01;35:*.flv=01;35:*.gl=01;35:*.dl=01;35:*.xcf=01;35:*.xwd=01;35:*.yuv=01;35:*.cgm=01;35:*.emf=01;35:*.ogv=01;35:*.ogx=01;35:*.aac=00;36:*.au=00;36:*.flac=00;36:*.m4a=00;36:*.mid=00;36:*.midi=00;36:*.mka=00;36:*.mp3=00;36:*.mpc=00;36:*.ogg=00;36:*.ra=00;36:*.wav=00;36:*.oga=00;36:*.opus=00;36:*.spx=00;36:*.xspf=00;36:', 'AMENT_PREFIX_PATH': '/home/edrom-mini/edromufu/src/movement/Ros2_change/install/movement_utils:/opt/ros/humble', 'SHELL': '/bin/bash', 'LC_NAME': 'pt_BR.UTF-8', 'LESSCLOSE': '/usr/bin/lesspipe %s %s', 'LC_MEASUREMENT': 'pt_BR.UTF-8', 'LC_IDENTIFICATION': 'pt_BR.UTF-8', 'PWD': '/home/edrom-mini/edromufu/src/movement/Ros2_change/build/u2d2_comm', 'LC_ALL': 'en_US.UTF-8', 'SSH_CONNECTION': '192.168.1.7 51388 192.168.1.12 22', 'XDG_DATA_DIRS': '/usr/share/gnome:/usr/local/share:/usr/share:/var/lib/snapd/desktop', 'PYTHONPATH': '/home/edrom-mini/edromufu/src/movement/Ros2_change/build/u2d2_comm/prefix_override:/home/edrom-mini/edromufu/src/movement/Ros2_change/install/u2d2_comm/lib/python3.10/site-packages:/home/edrom-mini/edromufu/src/movement/Ros2_change/install/movement_utils/local/lib/python3.10/dist-packages:/opt/ros/humble/lib/python3.10/site-packages:/opt/ros/humble/local/lib/python3.10/dist-packages', 'LC_NUMERIC': 'pt_BR.UTF-8', 'LC_PAPER': 'pt_BR.UTF-8', 'COLCON': '1', 'CMAKE_PREFIX_PATH': '/home/edrom-mini/edromufu/src/movement/Ros2_change/install/movement_utils'}, 'shell': False}
[4.324821] (-) TimerEvent: {}
[4.425126] (-) TimerEvent: {}
[4.522441] (u2d2_comm) StdoutLine: {'line': b'running egg_info\n'}
[4.523196] (u2d2_comm) StdoutLine: {'line': b'writing ../../build/u2d2_comm/u2d2_comm.egg-info/PKG-INFO\n'}
[4.523633] (u2d2_comm) StdoutLine: {'line': b'writing dependency_links to ../../build/u2d2_comm/u2d2_comm.egg-info/dependency_links.txt\n'}
[4.523856] (u2d2_comm) StdoutLine: {'line': b'writing entry points to ../../build/u2d2_comm/u2d2_comm.egg-info/entry_points.txt\n'}
[4.524015] (u2d2_comm) StdoutLine: {'line': b'writing requirements to ../../build/u2d2_comm/u2d2_comm.egg-info/requires.txt\n'}
[4.524147] (u2d2_comm) StdoutLine: {'line': b'writing top-level names to ../../build/u2d2_comm/u2d2_comm.egg-info/top_level.txt\n'}
[4.525195] (-) TimerEvent: {}
[4.526039] (u2d2_comm) StdoutLine: {'line': b"reading manifest file '../../build/u2d2_comm/u2d2_comm.egg-info/SOURCES.txt'\n"}
[4.526536] (u2d2_comm) StdoutLine: {'line': b"adding license file 'LICENSE'\n"}
[4.527183] (u2d2_comm) StdoutLine: {'line': b"writing manifest file '../../build/u2d2_comm/u2d2_comm.egg-info/SOURCES.txt'\n"}
[4.527340] (u2d2_comm) StdoutLine: {'line': b'running build\n'}
[4.527430] (u2d2_comm) StdoutLine: {'line': b'running build_py\n'}
[4.528539] (u2d2_comm) StdoutLine: {'line': b'running install\n'}
[4.528898] (u2d2_comm) StdoutLine: {'line': b'running install_lib\n'}
[4.530320] (u2d2_comm) StdoutLine: {'line': b'running install_data\n'}
[4.530457] (u2d2_comm) StdoutLine: {'line': b'running install_egg_info\n'}
[4.533367] (u2d2_comm) StdoutLine: {'line': b"removing '/home/edrom-mini/edromufu/src/movement/Ros2_change/install/u2d2_comm/lib/python3.10/site-packages/u2d2_comm-0.0.0-py3.10.egg-info' (and everything under it)\n"}
[4.533689] (u2d2_comm) StdoutLine: {'line': b'Copying ../../build/u2d2_comm/u2d2_comm.egg-info to /home/edrom-mini/edromufu/src/movement/Ros2_change/install/u2d2_comm/lib/python3.10/site-packages/u2d2_comm-0.0.0-py3.10.egg-info\n'}
[4.534783] (u2d2_comm) StdoutLine: {'line': b'running install_scripts\n'}
[4.556370] (u2d2_comm) StdoutLine: {'line': b'Installing dynamixel_sdk_comm script to /home/edrom-mini/edromufu/src/movement/Ros2_change/install/u2d2_comm/lib/u2d2_comm\n'}
[4.556641] (u2d2_comm) StdoutLine: {'line': b'Installing dynamixel_sdk_test script to /home/edrom-mini/edromufu/src/movement/Ros2_change/install/u2d2_comm/lib/u2d2_comm\n'}
[4.556935] (u2d2_comm) StdoutLine: {'line': b"writing list of installed files to '/home/edrom-mini/edromufu/src/movement/Ros2_change/build/u2d2_comm/install.log'\n"}
[4.585951] (u2d2_comm) CommandEnded: {'returncode': 0}
[4.592137] (u2d2_comm) JobEnded: {'identifier': 'u2d2_comm', 'rc': 0}
[4.625370] (-) TimerEvent: {}
[4.632033] (movement_core) Command: {'cmd': ['/usr/bin/python3', '-W', 'ignore:setup.py install is deprecated', 'setup.py', 'egg_info', '--egg-base', '../../build/movement_core', 'build', '--build-base', '/home/edrom-mini/edromufu/src/movement/Ros2_change/build/movement_core/build', 'install', '--record', '/home/edrom-mini/edromufu/src/movement/Ros2_change/build/movement_core/install.log', '--single-version-externally-managed', 'install_data'], 'cwd': '/home/edrom-mini/edromufu/src/movement/Ros2_change/src/movement_core', 'env': {'LESSOPEN': '| /usr/bin/lesspipe %s', 'USER': 'edrom-mini', 'SSH_CLIENT': '192.168.1.7 51388 22', 'LC_TIME': 'pt_BR.UTF-8', 'XDG_SESSION_TYPE': 'tty', 'SHLVL': '1', 'LD_LIBRARY_PATH': '/home/edrom-mini/edromufu/src/movement/Ros2_change/install/movement_utils/lib:/opt/ros/humble/opt/rviz_ogre_vendor/lib:/opt/ros/humble/lib/x86_64-linux-gnu:/opt/ros/humble/lib', 'MOTD_SHOWN': 'pam', 'HOME': '/home/edrom-mini', 'OLDPWD': '/home/edrom-mini/edromufu', 'SSH_TTY': '/dev/pts/0', 'ROS_PYTHON_VERSION': '3', 'LC_MONETARY': 'pt_BR.UTF-8', 'LC_CTYPE': 'pt_BR.UTF-8', 'DBUS_SESSION_BUS_ADDRESS': 'unix:path=/run/user/1000/bus', 'ROS_DISTRO': 'humble', 'LOGNAME': 'edrom-mini', '_': '/usr/bin/colcon', 'ROS_VERSION': '2', 'XDG_SESSION_CLASS': 'user', 'TERM': 'xterm-256color', 'XDG_SESSION_ID': '4', 'ROS_LOCALHOST_ONLY': '0', 'PATH': '/home/edrom-mini/.local/bin:/opt/ros/humble/bin:/usr/local/sbin:/usr/local/bin:/usr/sbin:/usr/bin:/sbin:/bin:/usr/games:/usr/local/games:/snap/bin', 'LC_ADDRESS': 'pt_BR.UTF-8', 'XDG_RUNTIME_DIR': '/run/user/1000', 'DISPLAY': 'localhost:10.0', 'LANG': 'en_US.UTF-8', 'LC_TELEPHONE': 'pt_BR.UTF-8', 'LS_COLORS': 'rs=0:di=01;34:ln=01;36:mh=00:pi=40;33:so=01;35:do=01;35:bd=40;33;01:cd=40;33;01:or=40;31;01:mi=00:su=37;41:sg=30;43:ca=30;41:tw=30;42:ow=34;42:st=37;44:ex=01;32:*.tar=01;31:*.tgz=01;31:*.arc=01;31:*.arj=01;31:*.taz=01;31:*.lha=01;31:*.lz4=01;31:*.lzh=01;31:*.lzma=01;31:*.tlz=01;31:*.txz=01;31:*.tzo=01;31:*.t7z=01;31:*.zip=01;31:*.z=01;31:*.dz=01;31:*.gz=01;31:*.lrz=01;31:*.lz=01;31:*.lzo=01;31:*.xz=01;31:*.zst=01;31:*.tzst=01;31:*.bz2=01;31:*.bz=01;31:*.tbz=01;31:*.tbz2=01;31:*.tz=01;31:*.deb=01;31:*.rpm=01;31:*.jar=01;31:*.war=01;31:*.ear=01;31:*.sar=01;31:*.rar=01;31:*.alz=01;31:*.ace=01;31:*.zoo=01;31:*.cpio=01;31:*.7z=01;31:*.rz=01;31:*.cab=01;31:*.wim=01;31:*.swm=01;31:*.dwm=01;31:*.esd=01;31:*.jpg=01;35:*.jpeg=01;35:*.mjpg=01;35:*.mjpeg=01;35:*.gif=01;35:*.bmp=01;35:*.pbm=01;35:*.pgm=01;35:*.ppm=01;35:*.tga=01;35:*.xbm=01;35:*.xpm=01;35:*.tif=01;35:*.tiff=01;35:*.png=01;35:*.svg=01;35:*.svgz=01;35:*.mng=01;35:*.pcx=01;35:*.mov=01;35:*.mpg=01;35:*.mpeg=01;35:*.m2v=01;35:*.mkv=01;35:*.webm=01;35:*.webp=01;35:*.ogm=01;35:*.mp4=01;35:*.m4v=01;35:*.mp4v=01;35:*.vob=01;35:*.qt=01;35:*.nuv=01;35:*.wmv=01;35:*.asf=01;35:*.rm=01;35:*.rmvb=01;35:*.flc=01;35:*.avi=01;35:*.fli=01;35:*.flv=01;35:*.gl=01;35:*.dl=01;35:*.xcf=01;35:*.xwd=01;35:*.yuv=01;35:*.cgm=01;35:*.emf=01;35:*.ogv=01;35:*.ogx=01;35:*.aac=00;36:*.au=00;36:*.flac=00;36:*.m4a=00;36:*.mid=00;36:*.midi=00;36:*.mka=00;36:*.mp3=00;36:*.mpc=00;36:*.ogg=00;36:*.ra=00;36:*.wav=00;36:*.oga=00;36:*.opus=00;36:*.spx=00;36:*.xspf=00;36:', 'AMENT_PREFIX_PATH': '/home/edrom-mini/edromufu/src/movement/Ros2_change/install/movement_pages:/home/edrom-mini/edromufu/src/movement/Ros2_change/install/movement_functions:/home/edrom-mini/edromufu/src/movement/Ros2_change/install/humanoid_definition:/home/edrom-mini/edromufu/src/movement/Ros2_change/install/movement_utils:/home/edrom-mini/edromufu/src/movement/Ros2_change/install/kinematic_functions:/opt/ros/humble', 'SHELL': '/bin/bash', 'LC_NAME': 'pt_BR.UTF-8', 'LESSCLOSE': '/usr/bin/lesspipe %s %s', 'LC_MEASUREMENT': 'pt_BR.UTF-8', 'LC_IDENTIFICATION': 'pt_BR.UTF-8', 'PWD': '/home/edrom-mini/edromufu/src/movement/Ros2_change/build/movement_core', 'LC_ALL': 'en_US.UTF-8', 'SSH_CONNECTION': '192.168.1.7 51388 192.168.1.12 22', 'XDG_DATA_DIRS': '/usr/share/gnome:/usr/local/share:/usr/share:/var/lib/snapd/desktop', 'PYTHONPATH': '/home/edrom-mini/edromufu/src/movement/Ros2_change/build/movement_core/prefix_override:/home/edrom-mini/edromufu/src/movement/Ros2_change/install/movement_core/lib/python3.10/site-packages:/home/edrom-mini/edromufu/src/movement/Ros2_change/install/movement_pages/lib/python3.10/site-packages:/home/edrom-mini/edromufu/src/movement/Ros2_change/install/movement_functions/lib/python3.10/site-packages:/home/edrom-mini/edromufu/src/movement/Ros2_change/install/humanoid_definition/lib/python3.10/site-packages:/home/edrom-mini/edromufu/src/movement/Ros2_change/install/movement_utils/local/lib/python3.10/dist-packages:/home/edrom-mini/edromufu/src/movement/Ros2_change/install/kinematic_functions/lib/python3.10/site-packages:/opt/ros/humble/lib/python3.10/site-packages:/opt/ros/humble/local/lib/python3.10/dist-packages', 'LC_NUMERIC': 'pt_BR.UTF-8', 'LC_PAPER': 'pt_BR.UTF-8', 'COLCON': '1', 'CMAKE_PREFIX_PATH': '/home/edrom-mini/edromufu/src/movement/Ros2_change/install/movement_utils'}, 'shell': False}
[4.725655] (-) TimerEvent: {}
[4.826188] (-) TimerEvent: {}
[4.860529] (movement_core) StdoutLine: {'line': b'running egg_info\n'}
[4.861157] (movement_core) StdoutLine: {'line': b'writing ../../build/movement_core/movement_core.egg-info/PKG-INFO\n'}
[4.861689] (movement_core) StdoutLine: {'line': b'writing dependency_links to ../../build/movement_core/movement_core.egg-info/dependency_links.txt\n'}
[4.861905] (movement_core) StdoutLine: {'line': b'writing entry points to ../../build/movement_core/movement_core.egg-info/entry_points.txt\n'}
[4.862111] (movement_core) StdoutLine: {'line': b'writing requirements to ../../build/movement_core/movement_core.egg-info/requires.txt\n'}
[4.862221] (movement_core) StdoutLine: {'line': b'writing top-level names to ../../build/movement_core/movement_core.egg-info/top_level.txt\n'}
[4.863786] (movement_core) StdoutLine: {'line': b"reading manifest file '../../build/movement_core/movement_core.egg-info/SOURCES.txt'\n"}
[4.864891] (movement_core) StdoutLine: {'line': b"writing manifest file '../../build/movement_core/movement_core.egg-info/SOURCES.txt'\n"}
[4.865058] (movement_core) StdoutLine: {'line': b'running build\n'}
[4.865156] (movement_core) StdoutLine: {'line': b'running build_py\n'}
[4.866609] (movement_core) StdoutLine: {'line': b'running install\n'}
[4.866920] (movement_core) StdoutLine: {'line': b'running install_lib\n'}
[4.868201] (movement_core) StdoutLine: {'line': b'running install_data\n'}
[4.868354] (movement_core) StdoutLine: {'line': b'running install_egg_info\n'}
[4.870701] (movement_core) StdoutLine: {'line': b"removing '/home/edrom-mini/edromufu/src/movement/Ros2_change/install/movement_core/lib/python3.10/site-packages/movement_core-0.0.0-py3.10.egg-info' (and everything under it)\n"}
[4.870981] (movement_core) StdoutLine: {'line': b'Copying ../../build/movement_core/movement_core.egg-info to /home/edrom-mini/edromufu/src/movement/Ros2_change/install/movement_core/lib/python3.10/site-packages/movement_core-0.0.0-py3.10.egg-info\n'}
[4.872043] (movement_core) StdoutLine: {'line': b'running install_scripts\n'}
[4.890615] (movement_core) StdoutLine: {'line': b'Installing core script to /home/edrom-mini/edromufu/src/movement/Ros2_change/install/movement_core/lib/movement_core\n'}
[4.890889] (movement_core) StdoutLine: {'line': b'Installing core_head script to /home/edrom-mini/edromufu/src/movement/Ros2_change/install/movement_core/lib/movement_core\n'}
[4.891019] (movement_core) StdoutLine: {'line': b'Installing teste script to /home/edrom-mini/edromufu/src/movement/Ros2_change/install/movement_core/lib/movement_core\n'}
[4.891345] (movement_core) StdoutLine: {'line': b"writing list of installed files to '/home/edrom-mini/edromufu/src/movement/Ros2_change/build/movement_core/install.log'\n"}
[4.914467] (movement_core) CommandEnded: {'returncode': 0}
[4.919965] (movement_core) JobEnded: {'identifier': 'movement_core', 'rc': 0}
[4.920703] (-) EventReactorShutdown: {}
