[0.064s] DEBUG:colcon:Command line arguments: ['/usr/bin/colcon', 'build']
[0.064s] DEBUG:colcon:Parsed command line arguments: Namespace(log_base=None, log_level=None, verb_name='build', build_base='build', install_base='install', merge_install=False, symlink_install=False, test_result_base=None, continue_on_error=False, executor='parallel', parallel_workers=12, event_handlers=None, ignore_user_meta=False, metas=['./colcon.meta'], base_paths=['.'], packages_ignore=None, packages_ignore_regex=None, paths=None, packages_up_to=None, packages_up_to_regex=None, packages_above=None, packages_above_and_dependencies=None, packages_above_depth=None, packages_select_by_dep=None, packages_skip_by_dep=None, packages_skip_up_to=None, packages_select_build_failed=False, packages_skip_build_finished=False, packages_select_test_failures=False, packages_skip_test_passed=False, packages_select=None, packages_skip=None, packages_select_regex=None, packages_skip_regex=None, packages_start=None, packages_end=None, allow_overriding=[], cmake_args=None, cmake_target=None, cmake_target_skip_unavailable=False, cmake_clean_cache=False, cmake_clean_first=False, cmake_force_configure=False, ament_cmake_args=None, catkin_cmake_args=None, catkin_skip_building_tests=False, verb_parser=<colcon_defaults.argument_parser.defaults.DefaultArgumentsDecorator object at 0x7b2edcf43310>, verb_extension=<colcon_core.verb.build.BuildVerb object at 0x7b2edcf42d70>, main=<bound method BuildVerb.main of <colcon_core.verb.build.BuildVerb object at 0x7b2edcf42d70>>)
[0.168s] Level 1:colcon.colcon_core.package_discovery:discover_packages(colcon_meta) check parameters
[0.168s] Level 1:colcon.colcon_core.package_discovery:discover_packages(recursive) check parameters
[0.169s] Level 1:colcon.colcon_core.package_discovery:discover_packages(ignore) check parameters
[0.169s] Level 1:colcon.colcon_core.package_discovery:discover_packages(path) check parameters
[0.169s] Level 1:colcon.colcon_core.package_discovery:discover_packages(colcon_meta) discover
[0.169s] Level 1:colcon.colcon_core.package_discovery:discover_packages(recursive) discover
[0.169s] INFO:colcon.colcon_core.package_discovery:Crawling recursively for packages in '/home/paulo/edromufu/src/movement/Ros2_change'
[0.169s] Level 1:colcon.colcon_core.package_identification:_identify(.) by extensions ['ignore', 'ignore_ament_install']
[0.169s] Level 1:colcon.colcon_core.package_identification:_identify(.) by extension 'ignore'
[0.169s] Level 1:colcon.colcon_core.package_identification:_identify(.) by extension 'ignore_ament_install'
[0.169s] Level 1:colcon.colcon_core.package_identification:_identify(.) by extensions ['colcon_pkg']
[0.169s] Level 1:colcon.colcon_core.package_identification:_identify(.) by extension 'colcon_pkg'
[0.169s] Level 1:colcon.colcon_core.package_identification:_identify(.) by extensions ['colcon_meta']
[0.169s] Level 1:colcon.colcon_core.package_identification:_identify(.) by extension 'colcon_meta'
[0.169s] Level 1:colcon.colcon_core.package_identification:_identify(.) by extensions ['ros']
[0.169s] Level 1:colcon.colcon_core.package_identification:_identify(.) by extension 'ros'
[0.188s] Level 1:colcon.colcon_core.package_identification:_identify(.) by extensions ['cmake', 'python']
[0.188s] Level 1:colcon.colcon_core.package_identification:_identify(.) by extension 'cmake'
[0.188s] Level 1:colcon.colcon_core.package_identification:_identify(.) by extension 'python'
[0.188s] Level 1:colcon.colcon_core.package_identification:_identify(.) by extensions ['python_setup_py']
[0.188s] Level 1:colcon.colcon_core.package_identification:_identify(.) by extension 'python_setup_py'
[0.188s] Level 1:colcon.colcon_core.package_identification:_identify(build) by extensions ['ignore', 'ignore_ament_install']
[0.188s] Level 1:colcon.colcon_core.package_identification:_identify(build) by extension 'ignore'
[0.188s] Level 1:colcon.colcon_core.package_identification:_identify(build) ignored
[0.188s] Level 1:colcon.colcon_core.package_identification:_identify(install) by extensions ['ignore', 'ignore_ament_install']
[0.188s] Level 1:colcon.colcon_core.package_identification:_identify(install) by extension 'ignore'
[0.188s] Level 1:colcon.colcon_core.package_identification:_identify(install) ignored
[0.188s] Level 1:colcon.colcon_core.package_identification:_identify(log) by extensions ['ignore', 'ignore_ament_install']
[0.188s] Level 1:colcon.colcon_core.package_identification:_identify(log) by extension 'ignore'
[0.188s] Level 1:colcon.colcon_core.package_identification:_identify(log) ignored
[0.189s] Level 1:colcon.colcon_core.package_identification:_identify(src) by extensions ['ignore', 'ignore_ament_install']
[0.189s] Level 1:colcon.colcon_core.package_identification:_identify(src) by extension 'ignore'
[0.189s] Level 1:colcon.colcon_core.package_identification:_identify(src) by extension 'ignore_ament_install'
[0.189s] Level 1:colcon.colcon_core.package_identification:_identify(src) by extensions ['colcon_pkg']
[0.189s] Level 1:colcon.colcon_core.package_identification:_identify(src) by extension 'colcon_pkg'
[0.189s] Level 1:colcon.colcon_core.package_identification:_identify(src) by extensions ['colcon_meta']
[0.189s] Level 1:colcon.colcon_core.package_identification:_identify(src) by extension 'colcon_meta'
[0.189s] Level 1:colcon.colcon_core.package_identification:_identify(src) by extensions ['ros']
[0.189s] Level 1:colcon.colcon_core.package_identification:_identify(src) by extension 'ros'
[0.189s] Level 1:colcon.colcon_core.package_identification:_identify(src) by extensions ['cmake', 'python']
[0.189s] Level 1:colcon.colcon_core.package_identification:_identify(src) by extension 'cmake'
[0.189s] Level 1:colcon.colcon_core.package_identification:_identify(src) by extension 'python'
[0.189s] Level 1:colcon.colcon_core.package_identification:_identify(src) by extensions ['python_setup_py']
[0.189s] Level 1:colcon.colcon_core.package_identification:_identify(src) by extension 'python_setup_py'
[0.189s] Level 1:colcon.colcon_core.package_identification:_identify(src/erro_package) by extensions ['ignore', 'ignore_ament_install']
[0.189s] Level 1:colcon.colcon_core.package_identification:_identify(src/erro_package) by extension 'ignore'
[0.189s] Level 1:colcon.colcon_core.package_identification:_identify(src/erro_package) by extension 'ignore_ament_install'
[0.189s] Level 1:colcon.colcon_core.package_identification:_identify(src/erro_package) by extensions ['colcon_pkg']
[0.189s] Level 1:colcon.colcon_core.package_identification:_identify(src/erro_package) by extension 'colcon_pkg'
[0.189s] Level 1:colcon.colcon_core.package_identification:_identify(src/erro_package) by extensions ['colcon_meta']
[0.189s] Level 1:colcon.colcon_core.package_identification:_identify(src/erro_package) by extension 'colcon_meta'
[0.189s] Level 1:colcon.colcon_core.package_identification:_identify(src/erro_package) by extensions ['ros']
[0.189s] Level 1:colcon.colcon_core.package_identification:_identify(src/erro_package) by extension 'ros'
[0.190s] DEBUG:colcon.colcon_core.package_identification:Package 'src/erro_package' with type 'ros.ament_python' and name 'erro_package'
[0.190s] Level 1:colcon.colcon_core.package_identification:_identify(src/humanoid_definition) by extensions ['ignore', 'ignore_ament_install']
[0.191s] Level 1:colcon.colcon_core.package_identification:_identify(src/humanoid_definition) by extension 'ignore'
[0.191s] Level 1:colcon.colcon_core.package_identification:_identify(src/humanoid_definition) by extension 'ignore_ament_install'
[0.191s] Level 1:colcon.colcon_core.package_identification:_identify(src/humanoid_definition) by extensions ['colcon_pkg']
[0.191s] Level 1:colcon.colcon_core.package_identification:_identify(src/humanoid_definition) by extension 'colcon_pkg'
[0.191s] Level 1:colcon.colcon_core.package_identification:_identify(src/humanoid_definition) by extensions ['colcon_meta']
[0.191s] Level 1:colcon.colcon_core.package_identification:_identify(src/humanoid_definition) by extension 'colcon_meta'
[0.191s] Level 1:colcon.colcon_core.package_identification:_identify(src/humanoid_definition) by extensions ['ros']
[0.191s] Level 1:colcon.colcon_core.package_identification:_identify(src/humanoid_definition) by extension 'ros'
[0.191s] DEBUG:colcon.colcon_core.package_identification:Package 'src/humanoid_definition' with type 'ros.ament_python' and name 'humanoid_definition'
[0.191s] Level 1:colcon.colcon_core.package_identification:_identify(src/humanoid_visualization) by extensions ['ignore', 'ignore_ament_install']
[0.191s] Level 1:colcon.colcon_core.package_identification:_identify(src/humanoid_visualization) by extension 'ignore'
[0.191s] Level 1:colcon.colcon_core.package_identification:_identify(src/humanoid_visualization) by extension 'ignore_ament_install'
[0.191s] Level 1:colcon.colcon_core.package_identification:_identify(src/humanoid_visualization) by extensions ['colcon_pkg']
[0.191s] Level 1:colcon.colcon_core.package_identification:_identify(src/humanoid_visualization) by extension 'colcon_pkg'
[0.191s] Level 1:colcon.colcon_core.package_identification:_identify(src/humanoid_visualization) by extensions ['colcon_meta']
[0.191s] Level 1:colcon.colcon_core.package_identification:_identify(src/humanoid_visualization) by extension 'colcon_meta'
[0.191s] Level 1:colcon.colcon_core.package_identification:_identify(src/humanoid_visualization) by extensions ['ros']
[0.191s] Level 1:colcon.colcon_core.package_identification:_identify(src/humanoid_visualization) by extension 'ros'
[0.192s] DEBUG:colcon.colcon_core.package_identification:Package 'src/humanoid_visualization' with type 'ros.ament_cmake' and name 'humanoid_visualization'
[0.192s] Level 1:colcon.colcon_core.package_identification:_identify(src/kinematic_functions) by extensions ['ignore', 'ignore_ament_install']
[0.192s] Level 1:colcon.colcon_core.package_identification:_identify(src/kinematic_functions) by extension 'ignore'
[0.192s] Level 1:colcon.colcon_core.package_identification:_identify(src/kinematic_functions) by extension 'ignore_ament_install'
[0.192s] Level 1:colcon.colcon_core.package_identification:_identify(src/kinematic_functions) by extensions ['colcon_pkg']
[0.192s] Level 1:colcon.colcon_core.package_identification:_identify(src/kinematic_functions) by extension 'colcon_pkg'
[0.192s] Level 1:colcon.colcon_core.package_identification:_identify(src/kinematic_functions) by extensions ['colcon_meta']
[0.192s] Level 1:colcon.colcon_core.package_identification:_identify(src/kinematic_functions) by extension 'colcon_meta'
[0.192s] Level 1:colcon.colcon_core.package_identification:_identify(src/kinematic_functions) by extensions ['ros']
[0.192s] Level 1:colcon.colcon_core.package_identification:_identify(src/kinematic_functions) by extension 'ros'
[0.192s] DEBUG:colcon.colcon_core.package_identification:Package 'src/kinematic_functions' with type 'ros.ament_python' and name 'kinematic_functions'
[0.192s] Level 1:colcon.colcon_core.package_identification:_identify(src/matlab_codes) by extensions ['ignore', 'ignore_ament_install']
[0.192s] Level 1:colcon.colcon_core.package_identification:_identify(src/matlab_codes) by extension 'ignore'
[0.192s] Level 1:colcon.colcon_core.package_identification:_identify(src/matlab_codes) by extension 'ignore_ament_install'
[0.192s] Level 1:colcon.colcon_core.package_identification:_identify(src/matlab_codes) by extensions ['colcon_pkg']
[0.192s] Level 1:colcon.colcon_core.package_identification:_identify(src/matlab_codes) by extension 'colcon_pkg'
[0.192s] Level 1:colcon.colcon_core.package_identification:_identify(src/matlab_codes) by extensions ['colcon_meta']
[0.192s] Level 1:colcon.colcon_core.package_identification:_identify(src/matlab_codes) by extension 'colcon_meta'
[0.192s] Level 1:colcon.colcon_core.package_identification:_identify(src/matlab_codes) by extensions ['ros']
[0.192s] Level 1:colcon.colcon_core.package_identification:_identify(src/matlab_codes) by extension 'ros'
[0.192s] Level 1:colcon.colcon_core.package_identification:_identify(src/matlab_codes) by extensions ['cmake', 'python']
[0.192s] Level 1:colcon.colcon_core.package_identification:_identify(src/matlab_codes) by extension 'cmake'
[0.192s] Level 1:colcon.colcon_core.package_identification:_identify(src/matlab_codes) by extension 'python'
[0.192s] Level 1:colcon.colcon_core.package_identification:_identify(src/matlab_codes) by extensions ['python_setup_py']
[0.192s] Level 1:colcon.colcon_core.package_identification:_identify(src/matlab_codes) by extension 'python_setup_py'
[0.192s] Level 1:colcon.colcon_core.package_identification:_identify(src/micro_ros) by extensions ['ignore', 'ignore_ament_install']
[0.192s] Level 1:colcon.colcon_core.package_identification:_identify(src/micro_ros) by extension 'ignore'
[0.193s] Level 1:colcon.colcon_core.package_identification:_identify(src/micro_ros) by extension 'ignore_ament_install'
[0.193s] Level 1:colcon.colcon_core.package_identification:_identify(src/micro_ros) by extensions ['colcon_pkg']
[0.193s] Level 1:colcon.colcon_core.package_identification:_identify(src/micro_ros) by extension 'colcon_pkg'
[0.193s] Level 1:colcon.colcon_core.package_identification:_identify(src/micro_ros) by extensions ['colcon_meta']
[0.193s] Level 1:colcon.colcon_core.package_identification:_identify(src/micro_ros) by extension 'colcon_meta'
[0.193s] Level 1:colcon.colcon_core.package_identification:_identify(src/micro_ros) by extensions ['ros']
[0.193s] Level 1:colcon.colcon_core.package_identification:_identify(src/micro_ros) by extension 'ros'
[0.193s] Level 1:colcon.colcon_core.package_identification:_identify(src/micro_ros) by extensions ['cmake', 'python']
[0.193s] Level 1:colcon.colcon_core.package_identification:_identify(src/micro_ros) by extension 'cmake'
[0.193s] Level 1:colcon.colcon_core.package_identification:_identify(src/micro_ros) by extension 'python'
[0.193s] Level 1:colcon.colcon_core.package_identification:_identify(src/micro_ros) by extensions ['python_setup_py']
[0.193s] Level 1:colcon.colcon_core.package_identification:_identify(src/micro_ros) by extension 'python_setup_py'
[0.193s] Level 1:colcon.colcon_core.package_identification:_identify(src/micro_ros/Tinyxml2) by extensions ['ignore', 'ignore_ament_install']
[0.193s] Level 1:colcon.colcon_core.package_identification:_identify(src/micro_ros/Tinyxml2) by extension 'ignore'
[0.193s] Level 1:colcon.colcon_core.package_identification:_identify(src/micro_ros/Tinyxml2) by extension 'ignore_ament_install'
[0.193s] Level 1:colcon.colcon_core.package_identification:_identify(src/micro_ros/Tinyxml2) by extensions ['colcon_pkg']
[0.193s] Level 1:colcon.colcon_core.package_identification:_identify(src/micro_ros/Tinyxml2) by extension 'colcon_pkg'
[0.193s] Level 1:colcon.colcon_core.package_identification:_identify(src/micro_ros/Tinyxml2) by extensions ['colcon_meta']
[0.193s] Level 1:colcon.colcon_core.package_identification:_identify(src/micro_ros/Tinyxml2) by extension 'colcon_meta'
[0.193s] Level 1:colcon.colcon_core.package_identification:_identify(src/micro_ros/Tinyxml2) by extensions ['ros']
[0.193s] Level 1:colcon.colcon_core.package_identification:_identify(src/micro_ros/Tinyxml2) by extension 'ros'
[0.193s] Level 1:colcon.colcon_core.package_identification:_identify(src/micro_ros/Tinyxml2) by extensions ['cmake', 'python']
[0.193s] Level 1:colcon.colcon_core.package_identification:_identify(src/micro_ros/Tinyxml2) by extension 'cmake'
[0.193s] Level 1:colcon.colcon_core.package_identification:_identify(src/micro_ros/Tinyxml2) by extension 'python'
[0.193s] Level 1:colcon.colcon_core.package_identification:_identify(src/micro_ros/Tinyxml2) by extensions ['python_setup_py']
[0.193s] Level 1:colcon.colcon_core.package_identification:_identify(src/micro_ros/Tinyxml2) by extension 'python_setup_py'
[0.193s] Level 1:colcon.colcon_core.package_identification:_identify(src/micro_ros/uros) by extensions ['ignore', 'ignore_ament_install']
[0.193s] Level 1:colcon.colcon_core.package_identification:_identify(src/micro_ros/uros) by extension 'ignore'
[0.193s] Level 1:colcon.colcon_core.package_identification:_identify(src/micro_ros/uros) by extension 'ignore_ament_install'
[0.193s] Level 1:colcon.colcon_core.package_identification:_identify(src/micro_ros/uros) by extensions ['colcon_pkg']
[0.193s] Level 1:colcon.colcon_core.package_identification:_identify(src/micro_ros/uros) by extension 'colcon_pkg'
[0.193s] Level 1:colcon.colcon_core.package_identification:_identify(src/micro_ros/uros) by extensions ['colcon_meta']
[0.193s] Level 1:colcon.colcon_core.package_identification:_identify(src/micro_ros/uros) by extension 'colcon_meta'
[0.193s] Level 1:colcon.colcon_core.package_identification:_identify(src/micro_ros/uros) by extensions ['ros']
[0.193s] Level 1:colcon.colcon_core.package_identification:_identify(src/micro_ros/uros) by extension 'ros'
[0.193s] Level 1:colcon.colcon_core.package_identification:_identify(src/micro_ros/uros) by extensions ['cmake', 'python']
[0.193s] Level 1:colcon.colcon_core.package_identification:_identify(src/micro_ros/uros) by extension 'cmake'
[0.193s] Level 1:colcon.colcon_core.package_identification:_identify(src/micro_ros/uros) by extension 'python'
[0.193s] Level 1:colcon.colcon_core.package_identification:_identify(src/micro_ros/uros) by extensions ['python_setup_py']
[0.193s] Level 1:colcon.colcon_core.package_identification:_identify(src/micro_ros/uros) by extension 'python_setup_py'
[0.194s] Level 1:colcon.colcon_core.package_identification:_identify(src/micro_ros/uros/micro-ROS-Agent) by extensions ['ignore', 'ignore_ament_install']
[0.194s] Level 1:colcon.colcon_core.package_identification:_identify(src/micro_ros/uros/micro-ROS-Agent) by extension 'ignore'
[0.194s] Level 1:colcon.colcon_core.package_identification:_identify(src/micro_ros/uros/micro-ROS-Agent) by extension 'ignore_ament_install'
[0.194s] Level 1:colcon.colcon_core.package_identification:_identify(src/micro_ros/uros/micro-ROS-Agent) by extensions ['colcon_pkg']
[0.194s] Level 1:colcon.colcon_core.package_identification:_identify(src/micro_ros/uros/micro-ROS-Agent) by extension 'colcon_pkg'
[0.194s] Level 1:colcon.colcon_core.package_identification:_identify(src/micro_ros/uros/micro-ROS-Agent) by extensions ['colcon_meta']
[0.194s] Level 1:colcon.colcon_core.package_identification:_identify(src/micro_ros/uros/micro-ROS-Agent) by extension 'colcon_meta'
[0.194s] Level 1:colcon.colcon_core.package_identification:_identify(src/micro_ros/uros/micro-ROS-Agent) by extensions ['ros']
[0.194s] Level 1:colcon.colcon_core.package_identification:_identify(src/micro_ros/uros/micro-ROS-Agent) by extension 'ros'
[0.194s] Level 1:colcon.colcon_core.package_identification:_identify(src/micro_ros/uros/micro-ROS-Agent) by extensions ['cmake', 'python']
[0.194s] Level 1:colcon.colcon_core.package_identification:_identify(src/micro_ros/uros/micro-ROS-Agent) by extension 'cmake'
[0.194s] Level 1:colcon.colcon_core.package_identification:_identify(src/micro_ros/uros/micro-ROS-Agent) by extension 'python'
[0.194s] Level 1:colcon.colcon_core.package_identification:_identify(src/micro_ros/uros/micro-ROS-Agent) by extensions ['python_setup_py']
[0.194s] Level 1:colcon.colcon_core.package_identification:_identify(src/micro_ros/uros/micro-ROS-Agent) by extension 'python_setup_py'
[0.194s] Level 1:colcon.colcon_core.package_identification:_identify(src/micro_ros/uros/micro-ROS-Agent/micro_ros_agent) by extensions ['ignore', 'ignore_ament_install']
[0.194s] Level 1:colcon.colcon_core.package_identification:_identify(src/micro_ros/uros/micro-ROS-Agent/micro_ros_agent) by extension 'ignore'
[0.194s] Level 1:colcon.colcon_core.package_identification:_identify(src/micro_ros/uros/micro-ROS-Agent/micro_ros_agent) by extension 'ignore_ament_install'
[0.194s] Level 1:colcon.colcon_core.package_identification:_identify(src/micro_ros/uros/micro-ROS-Agent/micro_ros_agent) by extensions ['colcon_pkg']
[0.194s] Level 1:colcon.colcon_core.package_identification:_identify(src/micro_ros/uros/micro-ROS-Agent/micro_ros_agent) by extension 'colcon_pkg'
[0.194s] Level 1:colcon.colcon_core.package_identification:_identify(src/micro_ros/uros/micro-ROS-Agent/micro_ros_agent) by extensions ['colcon_meta']
[0.194s] Level 1:colcon.colcon_core.package_identification:_identify(src/micro_ros/uros/micro-ROS-Agent/micro_ros_agent) by extension 'colcon_meta'
[0.194s] Level 1:colcon.colcon_core.package_identification:_identify(src/micro_ros/uros/micro-ROS-Agent/micro_ros_agent) by extensions ['ros']
[0.194s] Level 1:colcon.colcon_core.package_identification:_identify(src/micro_ros/uros/micro-ROS-Agent/micro_ros_agent) by extension 'ros'
[0.195s] DEBUG:colcon.colcon_core.package_identification:Package 'src/micro_ros/uros/micro-ROS-Agent/micro_ros_agent' with type 'ros.ament_cmake' and name 'micro_ros_agent'
[0.195s] Level 1:colcon.colcon_core.package_identification:_identify(src/micro_ros/uros/micro-ROS-Agent/snap) by extensions ['ignore', 'ignore_ament_install']
[0.195s] Level 1:colcon.colcon_core.package_identification:_identify(src/micro_ros/uros/micro-ROS-Agent/snap) by extension 'ignore'
[0.195s] Level 1:colcon.colcon_core.package_identification:_identify(src/micro_ros/uros/micro-ROS-Agent/snap) by extension 'ignore_ament_install'
[0.195s] Level 1:colcon.colcon_core.package_identification:_identify(src/micro_ros/uros/micro-ROS-Agent/snap) by extensions ['colcon_pkg']
[0.195s] Level 1:colcon.colcon_core.package_identification:_identify(src/micro_ros/uros/micro-ROS-Agent/snap) by extension 'colcon_pkg'
[0.195s] Level 1:colcon.colcon_core.package_identification:_identify(src/micro_ros/uros/micro-ROS-Agent/snap) by extensions ['colcon_meta']
[0.195s] Level 1:colcon.colcon_core.package_identification:_identify(src/micro_ros/uros/micro-ROS-Agent/snap) by extension 'colcon_meta'
[0.195s] Level 1:colcon.colcon_core.package_identification:_identify(src/micro_ros/uros/micro-ROS-Agent/snap) by extensions ['ros']
[0.195s] Level 1:colcon.colcon_core.package_identification:_identify(src/micro_ros/uros/micro-ROS-Agent/snap) by extension 'ros'
[0.195s] Level 1:colcon.colcon_core.package_identification:_identify(src/micro_ros/uros/micro-ROS-Agent/snap) by extensions ['cmake', 'python']
[0.195s] Level 1:colcon.colcon_core.package_identification:_identify(src/micro_ros/uros/micro-ROS-Agent/snap) by extension 'cmake'
[0.195s] Level 1:colcon.colcon_core.package_identification:_identify(src/micro_ros/uros/micro-ROS-Agent/snap) by extension 'python'
[0.195s] Level 1:colcon.colcon_core.package_identification:_identify(src/micro_ros/uros/micro-ROS-Agent/snap) by extensions ['python_setup_py']
[0.195s] Level 1:colcon.colcon_core.package_identification:_identify(src/micro_ros/uros/micro-ROS-Agent/snap) by extension 'python_setup_py'
[0.195s] Level 1:colcon.colcon_core.package_identification:_identify(src/micro_ros/uros/micro-ROS-Agent/snap/hooks) by extensions ['ignore', 'ignore_ament_install']
[0.195s] Level 1:colcon.colcon_core.package_identification:_identify(src/micro_ros/uros/micro-ROS-Agent/snap/hooks) by extension 'ignore'
[0.195s] Level 1:colcon.colcon_core.package_identification:_identify(src/micro_ros/uros/micro-ROS-Agent/snap/hooks) by extension 'ignore_ament_install'
[0.195s] Level 1:colcon.colcon_core.package_identification:_identify(src/micro_ros/uros/micro-ROS-Agent/snap/hooks) by extensions ['colcon_pkg']
[0.195s] Level 1:colcon.colcon_core.package_identification:_identify(src/micro_ros/uros/micro-ROS-Agent/snap/hooks) by extension 'colcon_pkg'
[0.195s] Level 1:colcon.colcon_core.package_identification:_identify(src/micro_ros/uros/micro-ROS-Agent/snap/hooks) by extensions ['colcon_meta']
[0.195s] Level 1:colcon.colcon_core.package_identification:_identify(src/micro_ros/uros/micro-ROS-Agent/snap/hooks) by extension 'colcon_meta'
[0.195s] Level 1:colcon.colcon_core.package_identification:_identify(src/micro_ros/uros/micro-ROS-Agent/snap/hooks) by extensions ['ros']
[0.195s] Level 1:colcon.colcon_core.package_identification:_identify(src/micro_ros/uros/micro-ROS-Agent/snap/hooks) by extension 'ros'
[0.195s] Level 1:colcon.colcon_core.package_identification:_identify(src/micro_ros/uros/micro-ROS-Agent/snap/hooks) by extensions ['cmake', 'python']
[0.195s] Level 1:colcon.colcon_core.package_identification:_identify(src/micro_ros/uros/micro-ROS-Agent/snap/hooks) by extension 'cmake'
[0.195s] Level 1:colcon.colcon_core.package_identification:_identify(src/micro_ros/uros/micro-ROS-Agent/snap/hooks) by extension 'python'
[0.196s] Level 1:colcon.colcon_core.package_identification:_identify(src/micro_ros/uros/micro-ROS-Agent/snap/hooks) by extensions ['python_setup_py']
[0.196s] Level 1:colcon.colcon_core.package_identification:_identify(src/micro_ros/uros/micro-ROS-Agent/snap/hooks) by extension 'python_setup_py'
[0.196s] Level 1:colcon.colcon_core.package_identification:_identify(src/micro_ros/uros/micro-ROS-Agent/snap/local) by extensions ['ignore', 'ignore_ament_install']
[0.196s] Level 1:colcon.colcon_core.package_identification:_identify(src/micro_ros/uros/micro-ROS-Agent/snap/local) by extension 'ignore'
[0.196s] Level 1:colcon.colcon_core.package_identification:_identify(src/micro_ros/uros/micro-ROS-Agent/snap/local) by extension 'ignore_ament_install'
[0.196s] Level 1:colcon.colcon_core.package_identification:_identify(src/micro_ros/uros/micro-ROS-Agent/snap/local) by extensions ['colcon_pkg']
[0.196s] Level 1:colcon.colcon_core.package_identification:_identify(src/micro_ros/uros/micro-ROS-Agent/snap/local) by extension 'colcon_pkg'
[0.196s] Level 1:colcon.colcon_core.package_identification:_identify(src/micro_ros/uros/micro-ROS-Agent/snap/local) by extensions ['colcon_meta']
[0.196s] Level 1:colcon.colcon_core.package_identification:_identify(src/micro_ros/uros/micro-ROS-Agent/snap/local) by extension 'colcon_meta'
[0.196s] Level 1:colcon.colcon_core.package_identification:_identify(src/micro_ros/uros/micro-ROS-Agent/snap/local) by extensions ['ros']
[0.196s] Level 1:colcon.colcon_core.package_identification:_identify(src/micro_ros/uros/micro-ROS-Agent/snap/local) by extension 'ros'
[0.196s] Level 1:colcon.colcon_core.package_identification:_identify(src/micro_ros/uros/micro-ROS-Agent/snap/local) by extensions ['cmake', 'python']
[0.196s] Level 1:colcon.colcon_core.package_identification:_identify(src/micro_ros/uros/micro-ROS-Agent/snap/local) by extension 'cmake'
[0.196s] Level 1:colcon.colcon_core.package_identification:_identify(src/micro_ros/uros/micro-ROS-Agent/snap/local) by extension 'python'
[0.196s] Level 1:colcon.colcon_core.package_identification:_identify(src/micro_ros/uros/micro-ROS-Agent/snap/local) by extensions ['python_setup_py']
[0.196s] Level 1:colcon.colcon_core.package_identification:_identify(src/micro_ros/uros/micro-ROS-Agent/snap/local) by extension 'python_setup_py'
[0.196s] Level 1:colcon.colcon_core.package_identification:_identify(src/micro_ros/uros/micro_ros_msgs) by extensions ['ignore', 'ignore_ament_install']
[0.196s] Level 1:colcon.colcon_core.package_identification:_identify(src/micro_ros/uros/micro_ros_msgs) by extension 'ignore'
[0.196s] Level 1:colcon.colcon_core.package_identification:_identify(src/micro_ros/uros/micro_ros_msgs) by extension 'ignore_ament_install'
[0.196s] Level 1:colcon.colcon_core.package_identification:_identify(src/micro_ros/uros/micro_ros_msgs) by extensions ['colcon_pkg']
[0.196s] Level 1:colcon.colcon_core.package_identification:_identify(src/micro_ros/uros/micro_ros_msgs) by extension 'colcon_pkg'
[0.196s] Level 1:colcon.colcon_core.package_identification:_identify(src/micro_ros/uros/micro_ros_msgs) by extensions ['colcon_meta']
[0.196s] Level 1:colcon.colcon_core.package_identification:_identify(src/micro_ros/uros/micro_ros_msgs) by extension 'colcon_meta'
[0.196s] Level 1:colcon.colcon_core.package_identification:_identify(src/micro_ros/uros/micro_ros_msgs) by extensions ['ros']
[0.196s] Level 1:colcon.colcon_core.package_identification:_identify(src/micro_ros/uros/micro_ros_msgs) by extension 'ros'
[0.197s] DEBUG:colcon.colcon_core.package_identification:Package 'src/micro_ros/uros/micro_ros_msgs' with type 'ros.ament_cmake' and name 'micro_ros_msgs'
[0.197s] Level 1:colcon.colcon_core.package_identification:_identify(src/movement_core) by extensions ['ignore', 'ignore_ament_install']
[0.197s] Level 1:colcon.colcon_core.package_identification:_identify(src/movement_core) by extension 'ignore'
[0.197s] Level 1:colcon.colcon_core.package_identification:_identify(src/movement_core) by extension 'ignore_ament_install'
[0.197s] Level 1:colcon.colcon_core.package_identification:_identify(src/movement_core) by extensions ['colcon_pkg']
[0.197s] Level 1:colcon.colcon_core.package_identification:_identify(src/movement_core) by extension 'colcon_pkg'
[0.197s] Level 1:colcon.colcon_core.package_identification:_identify(src/movement_core) by extensions ['colcon_meta']
[0.197s] Level 1:colcon.colcon_core.package_identification:_identify(src/movement_core) by extension 'colcon_meta'
[0.197s] Level 1:colcon.colcon_core.package_identification:_identify(src/movement_core) by extensions ['ros']
[0.197s] Level 1:colcon.colcon_core.package_identification:_identify(src/movement_core) by extension 'ros'
[0.197s] DEBUG:colcon.colcon_core.package_identification:Package 'src/movement_core' with type 'ros.ament_python' and name 'movement_core'
[0.197s] Level 1:colcon.colcon_core.package_identification:_identify(src/movement_functions) by extensions ['ignore', 'ignore_ament_install']
[0.197s] Level 1:colcon.colcon_core.package_identification:_identify(src/movement_functions) by extension 'ignore'
[0.197s] Level 1:colcon.colcon_core.package_identification:_identify(src/movement_functions) by extension 'ignore_ament_install'
[0.198s] Level 1:colcon.colcon_core.package_identification:_identify(src/movement_functions) by extensions ['colcon_pkg']
[0.198s] Level 1:colcon.colcon_core.package_identification:_identify(src/movement_functions) by extension 'colcon_pkg'
[0.198s] Level 1:colcon.colcon_core.package_identification:_identify(src/movement_functions) by extensions ['colcon_meta']
[0.198s] Level 1:colcon.colcon_core.package_identification:_identify(src/movement_functions) by extension 'colcon_meta'
[0.198s] Level 1:colcon.colcon_core.package_identification:_identify(src/movement_functions) by extensions ['ros']
[0.198s] Level 1:colcon.colcon_core.package_identification:_identify(src/movement_functions) by extension 'ros'
[0.198s] DEBUG:colcon.colcon_core.package_identification:Package 'src/movement_functions' with type 'ros.ament_python' and name 'movement_functions'
[0.198s] Level 1:colcon.colcon_core.package_identification:_identify(src/movement_pages) by extensions ['ignore', 'ignore_ament_install']
[0.198s] Level 1:colcon.colcon_core.package_identification:_identify(src/movement_pages) by extension 'ignore'
[0.198s] Level 1:colcon.colcon_core.package_identification:_identify(src/movement_pages) by extension 'ignore_ament_install'
[0.198s] Level 1:colcon.colcon_core.package_identification:_identify(src/movement_pages) by extensions ['colcon_pkg']
[0.198s] Level 1:colcon.colcon_core.package_identification:_identify(src/movement_pages) by extension 'colcon_pkg'
[0.198s] Level 1:colcon.colcon_core.package_identification:_identify(src/movement_pages) by extensions ['colcon_meta']
[0.198s] Level 1:colcon.colcon_core.package_identification:_identify(src/movement_pages) by extension 'colcon_meta'
[0.198s] Level 1:colcon.colcon_core.package_identification:_identify(src/movement_pages) by extensions ['ros']
[0.198s] Level 1:colcon.colcon_core.package_identification:_identify(src/movement_pages) by extension 'ros'
[0.199s] DEBUG:colcon.colcon_core.package_identification:Package 'src/movement_pages' with type 'ros.ament_python' and name 'movement_pages'
[0.199s] Level 1:colcon.colcon_core.package_identification:_identify(src/movement_utils) by extensions ['ignore', 'ignore_ament_install']
[0.199s] Level 1:colcon.colcon_core.package_identification:_identify(src/movement_utils) by extension 'ignore'
[0.199s] Level 1:colcon.colcon_core.package_identification:_identify(src/movement_utils) by extension 'ignore_ament_install'
[0.199s] Level 1:colcon.colcon_core.package_identification:_identify(src/movement_utils) by extensions ['colcon_pkg']
[0.199s] Level 1:colcon.colcon_core.package_identification:_identify(src/movement_utils) by extension 'colcon_pkg'
[0.199s] Level 1:colcon.colcon_core.package_identification:_identify(src/movement_utils) by extensions ['colcon_meta']
[0.199s] Level 1:colcon.colcon_core.package_identification:_identify(src/movement_utils) by extension 'colcon_meta'
[0.199s] Level 1:colcon.colcon_core.package_identification:_identify(src/movement_utils) by extensions ['ros']
[0.199s] Level 1:colcon.colcon_core.package_identification:_identify(src/movement_utils) by extension 'ros'
[0.199s] DEBUG:colcon.colcon_core.package_identification:Package 'src/movement_utils' with type 'ros.ament_cmake' and name 'movement_utils'
[0.199s] Level 1:colcon.colcon_core.package_identification:_identify(src/tahara_pages) by extensions ['ignore', 'ignore_ament_install']
[0.199s] Level 1:colcon.colcon_core.package_identification:_identify(src/tahara_pages) by extension 'ignore'
[0.199s] Level 1:colcon.colcon_core.package_identification:_identify(src/tahara_pages) by extension 'ignore_ament_install'
[0.199s] Level 1:colcon.colcon_core.package_identification:_identify(src/tahara_pages) by extensions ['colcon_pkg']
[0.199s] Level 1:colcon.colcon_core.package_identification:_identify(src/tahara_pages) by extension 'colcon_pkg'
[0.200s] Level 1:colcon.colcon_core.package_identification:_identify(src/tahara_pages) by extensions ['colcon_meta']
[0.200s] Level 1:colcon.colcon_core.package_identification:_identify(src/tahara_pages) by extension 'colcon_meta'
[0.200s] Level 1:colcon.colcon_core.package_identification:_identify(src/tahara_pages) by extensions ['ros']
[0.200s] Level 1:colcon.colcon_core.package_identification:_identify(src/tahara_pages) by extension 'ros'
[0.200s] DEBUG:colcon.colcon_core.package_identification:Package 'src/tahara_pages' with type 'ros.ament_python' and name 'tahara_pages'
[0.200s] Level 1:colcon.colcon_core.package_identification:_identify(src/u2d2_comm) by extensions ['ignore', 'ignore_ament_install']
[0.200s] Level 1:colcon.colcon_core.package_identification:_identify(src/u2d2_comm) by extension 'ignore'
[0.200s] Level 1:colcon.colcon_core.package_identification:_identify(src/u2d2_comm) by extension 'ignore_ament_install'
[0.200s] Level 1:colcon.colcon_core.package_identification:_identify(src/u2d2_comm) by extensions ['colcon_pkg']
[0.200s] Level 1:colcon.colcon_core.package_identification:_identify(src/u2d2_comm) by extension 'colcon_pkg'
[0.200s] Level 1:colcon.colcon_core.package_identification:_identify(src/u2d2_comm) by extensions ['colcon_meta']
[0.200s] Level 1:colcon.colcon_core.package_identification:_identify(src/u2d2_comm) by extension 'colcon_meta'
[0.200s] Level 1:colcon.colcon_core.package_identification:_identify(src/u2d2_comm) by extensions ['ros']
[0.200s] Level 1:colcon.colcon_core.package_identification:_identify(src/u2d2_comm) by extension 'ros'
[0.201s] DEBUG:colcon.colcon_core.package_identification:Package 'src/u2d2_comm' with type 'ros.ament_python' and name 'u2d2_comm'
[0.201s] Level 1:colcon.colcon_core.package_identification:_identify(src/urdf_example) by extensions ['ignore', 'ignore_ament_install']
[0.201s] Level 1:colcon.colcon_core.package_identification:_identify(src/urdf_example) by extension 'ignore'
[0.201s] Level 1:colcon.colcon_core.package_identification:_identify(src/urdf_example) by extension 'ignore_ament_install'
[0.201s] Level 1:colcon.colcon_core.package_identification:_identify(src/urdf_example) by extensions ['colcon_pkg']
[0.201s] Level 1:colcon.colcon_core.package_identification:_identify(src/urdf_example) by extension 'colcon_pkg'
[0.201s] Level 1:colcon.colcon_core.package_identification:_identify(src/urdf_example) by extensions ['colcon_meta']
[0.201s] Level 1:colcon.colcon_core.package_identification:_identify(src/urdf_example) by extension 'colcon_meta'
[0.201s] Level 1:colcon.colcon_core.package_identification:_identify(src/urdf_example) by extensions ['ros']
[0.201s] Level 1:colcon.colcon_core.package_identification:_identify(src/urdf_example) by extension 'ros'
[0.201s] DEBUG:colcon.colcon_core.package_identification:Package 'src/urdf_example' with type 'ros.ament_cmake' and name 'urdf_example'
[0.201s] Level 1:colcon.colcon_core.package_identification:_identify(src/urdf_robox) by extensions ['ignore', 'ignore_ament_install']
[0.201s] Level 1:colcon.colcon_core.package_identification:_identify(src/urdf_robox) by extension 'ignore'
[0.201s] Level 1:colcon.colcon_core.package_identification:_identify(src/urdf_robox) by extension 'ignore_ament_install'
[0.201s] Level 1:colcon.colcon_core.package_identification:_identify(src/urdf_robox) by extensions ['colcon_pkg']
[0.201s] Level 1:colcon.colcon_core.package_identification:_identify(src/urdf_robox) by extension 'colcon_pkg'
[0.201s] Level 1:colcon.colcon_core.package_identification:_identify(src/urdf_robox) by extensions ['colcon_meta']
[0.201s] Level 1:colcon.colcon_core.package_identification:_identify(src/urdf_robox) by extension 'colcon_meta'
[0.201s] Level 1:colcon.colcon_core.package_identification:_identify(src/urdf_robox) by extensions ['ros']
[0.202s] Level 1:colcon.colcon_core.package_identification:_identify(src/urdf_robox) by extension 'ros'
[0.202s] DEBUG:colcon.colcon_core.package_identification:Package 'src/urdf_robox' with type 'ros.ament_cmake' and name 'urdf_robox'
[0.202s] Level 1:colcon.colcon_core.package_discovery:discover_packages(recursive) using defaults
[0.202s] Level 1:colcon.colcon_core.package_discovery:discover_packages(ignore) discover
[0.202s] Level 1:colcon.colcon_core.package_discovery:discover_packages(ignore) using defaults
[0.202s] Level 1:colcon.colcon_core.package_discovery:discover_packages(path) discover
[0.202s] Level 1:colcon.colcon_core.package_discovery:discover_packages(path) using defaults
[0.217s] Level 1:colcon.colcon_core.package_discovery:discover_packages(prefix_path) check parameters
[0.217s] Level 1:colcon.colcon_core.package_discovery:discover_packages(prefix_path) discover
[0.218s] DEBUG:colcon.colcon_installed_package_information.package_discovery:Found 15 installed packages in /home/paulo/edromufu/src/movement/Ros2_change/install
[0.219s] DEBUG:colcon.colcon_installed_package_information.package_discovery:Found 295 installed packages in /opt/ros/humble
[0.220s] Level 1:colcon.colcon_core.package_discovery:discover_packages(prefix_path) using defaults
[0.241s] Level 5:colcon.colcon_core.verb:set package 'erro_package' build argument 'cmake_args' from command line to 'None'
[0.242s] Level 5:colcon.colcon_core.verb:set package 'erro_package' build argument 'cmake_target' from command line to 'None'
[0.242s] Level 5:colcon.colcon_core.verb:set package 'erro_package' build argument 'cmake_target_skip_unavailable' from command line to 'False'
[0.242s] Level 5:colcon.colcon_core.verb:set package 'erro_package' build argument 'cmake_clean_cache' from command line to 'False'
[0.242s] Level 5:colcon.colcon_core.verb:set package 'erro_package' build argument 'cmake_clean_first' from command line to 'False'
[0.242s] Level 5:colcon.colcon_core.verb:set package 'erro_package' build argument 'cmake_force_configure' from command line to 'False'
[0.242s] Level 5:colcon.colcon_core.verb:set package 'erro_package' build argument 'ament_cmake_args' from command line to 'None'
[0.242s] Level 5:colcon.colcon_core.verb:set package 'erro_package' build argument 'catkin_cmake_args' from command line to 'None'
[0.242s] Level 5:colcon.colcon_core.verb:set package 'erro_package' build argument 'catkin_skip_building_tests' from command line to 'False'
[0.242s] DEBUG:colcon.colcon_core.verb:Building package 'erro_package' with the following arguments: {'ament_cmake_args': None, 'build_base': '/home/paulo/edromufu/src/movement/Ros2_change/build/erro_package', 'catkin_cmake_args': None, 'catkin_skip_building_tests': False, 'cmake_args': None, 'cmake_clean_cache': False, 'cmake_clean_first': False, 'cmake_force_configure': False, 'cmake_target': None, 'cmake_target_skip_unavailable': False, 'install_base': '/home/paulo/edromufu/src/movement/Ros2_change/install/erro_package', 'merge_install': False, 'path': '/home/paulo/edromufu/src/movement/Ros2_change/src/erro_package', 'symlink_install': False, 'test_result_base': None}
[0.242s] Level 5:colcon.colcon_core.verb:set package 'humanoid_visualization' build argument 'cmake_args' from command line to 'None'
[0.242s] Level 5:colcon.colcon_core.verb:set package 'humanoid_visualization' build argument 'cmake_target' from command line to 'None'
[0.242s] Level 5:colcon.colcon_core.verb:set package 'humanoid_visualization' build argument 'cmake_target_skip_unavailable' from command line to 'False'
[0.242s] Level 5:colcon.colcon_core.verb:set package 'humanoid_visualization' build argument 'cmake_clean_cache' from command line to 'False'
[0.242s] Level 5:colcon.colcon_core.verb:set package 'humanoid_visualization' build argument 'cmake_clean_first' from command line to 'False'
[0.242s] Level 5:colcon.colcon_core.verb:set package 'humanoid_visualization' build argument 'cmake_force_configure' from command line to 'False'
[0.242s] Level 5:colcon.colcon_core.verb:set package 'humanoid_visualization' build argument 'ament_cmake_args' from command line to 'None'
[0.242s] Level 5:colcon.colcon_core.verb:set package 'humanoid_visualization' build argument 'catkin_cmake_args' from command line to 'None'
[0.242s] Level 5:colcon.colcon_core.verb:set package 'humanoid_visualization' build argument 'catkin_skip_building_tests' from command line to 'False'
[0.242s] DEBUG:colcon.colcon_core.verb:Building package 'humanoid_visualization' with the following arguments: {'ament_cmake_args': None, 'build_base': '/home/paulo/edromufu/src/movement/Ros2_change/build/humanoid_visualization', 'catkin_cmake_args': None, 'catkin_skip_building_tests': False, 'cmake_args': None, 'cmake_clean_cache': False, 'cmake_clean_first': False, 'cmake_force_configure': False, 'cmake_target': None, 'cmake_target_skip_unavailable': False, 'install_base': '/home/paulo/edromufu/src/movement/Ros2_change/install/humanoid_visualization', 'merge_install': False, 'path': '/home/paulo/edromufu/src/movement/Ros2_change/src/humanoid_visualization', 'symlink_install': False, 'test_result_base': None}
[0.242s] Level 5:colcon.colcon_core.verb:set package 'kinematic_functions' build argument 'cmake_args' from command line to 'None'
[0.242s] Level 5:colcon.colcon_core.verb:set package 'kinematic_functions' build argument 'cmake_target' from command line to 'None'
[0.242s] Level 5:colcon.colcon_core.verb:set package 'kinematic_functions' build argument 'cmake_target_skip_unavailable' from command line to 'False'
[0.242s] Level 5:colcon.colcon_core.verb:set package 'kinematic_functions' build argument 'cmake_clean_cache' from command line to 'False'
[0.242s] Level 5:colcon.colcon_core.verb:set package 'kinematic_functions' build argument 'cmake_clean_first' from command line to 'False'
[0.242s] Level 5:colcon.colcon_core.verb:set package 'kinematic_functions' build argument 'cmake_force_configure' from command line to 'False'
[0.242s] Level 5:colcon.colcon_core.verb:set package 'kinematic_functions' build argument 'ament_cmake_args' from command line to 'None'
[0.242s] Level 5:colcon.colcon_core.verb:set package 'kinematic_functions' build argument 'catkin_cmake_args' from command line to 'None'
[0.242s] Level 5:colcon.colcon_core.verb:set package 'kinematic_functions' build argument 'catkin_skip_building_tests' from command line to 'False'
[0.242s] DEBUG:colcon.colcon_core.verb:Building package 'kinematic_functions' with the following arguments: {'ament_cmake_args': None, 'build_base': '/home/paulo/edromufu/src/movement/Ros2_change/build/kinematic_functions', 'catkin_cmake_args': None, 'catkin_skip_building_tests': False, 'cmake_args': None, 'cmake_clean_cache': False, 'cmake_clean_first': False, 'cmake_force_configure': False, 'cmake_target': None, 'cmake_target_skip_unavailable': False, 'install_base': '/home/paulo/edromufu/src/movement/Ros2_change/install/kinematic_functions', 'merge_install': False, 'path': '/home/paulo/edromufu/src/movement/Ros2_change/src/kinematic_functions', 'symlink_install': False, 'test_result_base': None}
[0.243s] Level 5:colcon.colcon_core.verb:set package 'micro_ros_msgs' build argument 'cmake_args' from command line to 'None'
[0.243s] Level 5:colcon.colcon_core.verb:set package 'micro_ros_msgs' build argument 'cmake_target' from command line to 'None'
[0.243s] Level 5:colcon.colcon_core.verb:set package 'micro_ros_msgs' build argument 'cmake_target_skip_unavailable' from command line to 'False'
[0.243s] Level 5:colcon.colcon_core.verb:set package 'micro_ros_msgs' build argument 'cmake_clean_cache' from command line to 'False'
[0.243s] Level 5:colcon.colcon_core.verb:set package 'micro_ros_msgs' build argument 'cmake_clean_first' from command line to 'False'
[0.243s] Level 5:colcon.colcon_core.verb:set package 'micro_ros_msgs' build argument 'cmake_force_configure' from command line to 'False'
[0.243s] Level 5:colcon.colcon_core.verb:set package 'micro_ros_msgs' build argument 'ament_cmake_args' from command line to 'None'
[0.243s] Level 5:colcon.colcon_core.verb:set package 'micro_ros_msgs' build argument 'catkin_cmake_args' from command line to 'None'
[0.243s] Level 5:colcon.colcon_core.verb:set package 'micro_ros_msgs' build argument 'catkin_skip_building_tests' from command line to 'False'
[0.243s] DEBUG:colcon.colcon_core.verb:Building package 'micro_ros_msgs' with the following arguments: {'ament_cmake_args': None, 'build_base': '/home/paulo/edromufu/src/movement/Ros2_change/build/micro_ros_msgs', 'catkin_cmake_args': None, 'catkin_skip_building_tests': False, 'cmake_args': None, 'cmake_clean_cache': False, 'cmake_clean_first': False, 'cmake_force_configure': False, 'cmake_target': None, 'cmake_target_skip_unavailable': False, 'install_base': '/home/paulo/edromufu/src/movement/Ros2_change/install/micro_ros_msgs', 'merge_install': False, 'path': '/home/paulo/edromufu/src/movement/Ros2_change/src/micro_ros/uros/micro_ros_msgs', 'symlink_install': False, 'test_result_base': None}
[0.243s] Level 5:colcon.colcon_core.verb:set package 'movement_utils' build argument 'cmake_args' from command line to 'None'
[0.243s] Level 5:colcon.colcon_core.verb:set package 'movement_utils' build argument 'cmake_target' from command line to 'None'
[0.243s] Level 5:colcon.colcon_core.verb:set package 'movement_utils' build argument 'cmake_target_skip_unavailable' from command line to 'False'
[0.243s] Level 5:colcon.colcon_core.verb:set package 'movement_utils' build argument 'cmake_clean_cache' from command line to 'False'
[0.243s] Level 5:colcon.colcon_core.verb:set package 'movement_utils' build argument 'cmake_clean_first' from command line to 'False'
[0.243s] Level 5:colcon.colcon_core.verb:set package 'movement_utils' build argument 'cmake_force_configure' from command line to 'False'
[0.243s] Level 5:colcon.colcon_core.verb:set package 'movement_utils' build argument 'ament_cmake_args' from command line to 'None'
[0.243s] Level 5:colcon.colcon_core.verb:set package 'movement_utils' build argument 'catkin_cmake_args' from command line to 'None'
[0.243s] Level 5:colcon.colcon_core.verb:set package 'movement_utils' build argument 'catkin_skip_building_tests' from command line to 'False'
[0.243s] DEBUG:colcon.colcon_core.verb:Building package 'movement_utils' with the following arguments: {'ament_cmake_args': None, 'build_base': '/home/paulo/edromufu/src/movement/Ros2_change/build/movement_utils', 'catkin_cmake_args': None, 'catkin_skip_building_tests': False, 'cmake_args': None, 'cmake_clean_cache': False, 'cmake_clean_first': False, 'cmake_force_configure': False, 'cmake_target': None, 'cmake_target_skip_unavailable': False, 'install_base': '/home/paulo/edromufu/src/movement/Ros2_change/install/movement_utils', 'merge_install': False, 'path': '/home/paulo/edromufu/src/movement/Ros2_change/src/movement_utils', 'symlink_install': False, 'test_result_base': None}
[0.243s] Level 5:colcon.colcon_core.verb:set package 'tahara_pages' build argument 'cmake_args' from command line to 'None'
[0.243s] Level 5:colcon.colcon_core.verb:set package 'tahara_pages' build argument 'cmake_target' from command line to 'None'
[0.243s] Level 5:colcon.colcon_core.verb:set package 'tahara_pages' build argument 'cmake_target_skip_unavailable' from command line to 'False'
[0.243s] Level 5:colcon.colcon_core.verb:set package 'tahara_pages' build argument 'cmake_clean_cache' from command line to 'False'
[0.243s] Level 5:colcon.colcon_core.verb:set package 'tahara_pages' build argument 'cmake_clean_first' from command line to 'False'
[0.243s] Level 5:colcon.colcon_core.verb:set package 'tahara_pages' build argument 'cmake_force_configure' from command line to 'False'
[0.243s] Level 5:colcon.colcon_core.verb:set package 'tahara_pages' build argument 'ament_cmake_args' from command line to 'None'
[0.243s] Level 5:colcon.colcon_core.verb:set package 'tahara_pages' build argument 'catkin_cmake_args' from command line to 'None'
[0.243s] Level 5:colcon.colcon_core.verb:set package 'tahara_pages' build argument 'catkin_skip_building_tests' from command line to 'False'
[0.243s] DEBUG:colcon.colcon_core.verb:Building package 'tahara_pages' with the following arguments: {'ament_cmake_args': None, 'build_base': '/home/paulo/edromufu/src/movement/Ros2_change/build/tahara_pages', 'catkin_cmake_args': None, 'catkin_skip_building_tests': False, 'cmake_args': None, 'cmake_clean_cache': False, 'cmake_clean_first': False, 'cmake_force_configure': False, 'cmake_target': None, 'cmake_target_skip_unavailable': False, 'install_base': '/home/paulo/edromufu/src/movement/Ros2_change/install/tahara_pages', 'merge_install': False, 'path': '/home/paulo/edromufu/src/movement/Ros2_change/src/tahara_pages', 'symlink_install': False, 'test_result_base': None}
[0.244s] Level 5:colcon.colcon_core.verb:set package 'urdf_example' build argument 'cmake_args' from command line to 'None'
[0.244s] Level 5:colcon.colcon_core.verb:set package 'urdf_example' build argument 'cmake_target' from command line to 'None'
[0.244s] Level 5:colcon.colcon_core.verb:set package 'urdf_example' build argument 'cmake_target_skip_unavailable' from command line to 'False'
[0.244s] Level 5:colcon.colcon_core.verb:set package 'urdf_example' build argument 'cmake_clean_cache' from command line to 'False'
[0.244s] Level 5:colcon.colcon_core.verb:set package 'urdf_example' build argument 'cmake_clean_first' from command line to 'False'
[0.244s] Level 5:colcon.colcon_core.verb:set package 'urdf_example' build argument 'cmake_force_configure' from command line to 'False'
[0.244s] Level 5:colcon.colcon_core.verb:set package 'urdf_example' build argument 'ament_cmake_args' from command line to 'None'
[0.244s] Level 5:colcon.colcon_core.verb:set package 'urdf_example' build argument 'catkin_cmake_args' from command line to 'None'
[0.244s] Level 5:colcon.colcon_core.verb:set package 'urdf_example' build argument 'catkin_skip_building_tests' from command line to 'False'
[0.244s] DEBUG:colcon.colcon_core.verb:Building package 'urdf_example' with the following arguments: {'ament_cmake_args': None, 'build_base': '/home/paulo/edromufu/src/movement/Ros2_change/build/urdf_example', 'catkin_cmake_args': None, 'catkin_skip_building_tests': False, 'cmake_args': None, 'cmake_clean_cache': False, 'cmake_clean_first': False, 'cmake_force_configure': False, 'cmake_target': None, 'cmake_target_skip_unavailable': False, 'install_base': '/home/paulo/edromufu/src/movement/Ros2_change/install/urdf_example', 'merge_install': False, 'path': '/home/paulo/edromufu/src/movement/Ros2_change/src/urdf_example', 'symlink_install': False, 'test_result_base': None}
[0.244s] Level 5:colcon.colcon_core.verb:set package 'urdf_robox' build argument 'cmake_args' from command line to 'None'
[0.244s] Level 5:colcon.colcon_core.verb:set package 'urdf_robox' build argument 'cmake_target' from command line to 'None'
[0.244s] Level 5:colcon.colcon_core.verb:set package 'urdf_robox' build argument 'cmake_target_skip_unavailable' from command line to 'False'
[0.244s] Level 5:colcon.colcon_core.verb:set package 'urdf_robox' build argument 'cmake_clean_cache' from command line to 'False'
[0.244s] Level 5:colcon.colcon_core.verb:set package 'urdf_robox' build argument 'cmake_clean_first' from command line to 'False'
[0.244s] Level 5:colcon.colcon_core.verb:set package 'urdf_robox' build argument 'cmake_force_configure' from command line to 'False'
[0.244s] Level 5:colcon.colcon_core.verb:set package 'urdf_robox' build argument 'ament_cmake_args' from command line to 'None'
[0.244s] Level 5:colcon.colcon_core.verb:set package 'urdf_robox' build argument 'catkin_cmake_args' from command line to 'None'
[0.244s] Level 5:colcon.colcon_core.verb:set package 'urdf_robox' build argument 'catkin_skip_building_tests' from command line to 'False'
[0.244s] DEBUG:colcon.colcon_core.verb:Building package 'urdf_robox' with the following arguments: {'ament_cmake_args': None, 'build_base': '/home/paulo/edromufu/src/movement/Ros2_change/build/urdf_robox', 'catkin_cmake_args': None, 'catkin_skip_building_tests': False, 'cmake_args': None, 'cmake_clean_cache': False, 'cmake_clean_first': False, 'cmake_force_configure': False, 'cmake_target': None, 'cmake_target_skip_unavailable': False, 'install_base': '/home/paulo/edromufu/src/movement/Ros2_change/install/urdf_robox', 'merge_install': False, 'path': '/home/paulo/edromufu/src/movement/Ros2_change/src/urdf_robox', 'symlink_install': False, 'test_result_base': None}
[0.244s] Level 5:colcon.colcon_core.verb:set package 'humanoid_definition' build argument 'cmake_args' from command line to 'None'
[0.244s] Level 5:colcon.colcon_core.verb:set package 'humanoid_definition' build argument 'cmake_target' from command line to 'None'
[0.244s] Level 5:colcon.colcon_core.verb:set package 'humanoid_definition' build argument 'cmake_target_skip_unavailable' from command line to 'False'
[0.244s] Level 5:colcon.colcon_core.verb:set package 'humanoid_definition' build argument 'cmake_clean_cache' from command line to 'False'
[0.244s] Level 5:colcon.colcon_core.verb:set package 'humanoid_definition' build argument 'cmake_clean_first' from command line to 'False'
[0.244s] Level 5:colcon.colcon_core.verb:set package 'humanoid_definition' build argument 'cmake_force_configure' from command line to 'False'
[0.244s] Level 5:colcon.colcon_core.verb:set package 'humanoid_definition' build argument 'ament_cmake_args' from command line to 'None'
[0.244s] Level 5:colcon.colcon_core.verb:set package 'humanoid_definition' build argument 'catkin_cmake_args' from command line to 'None'
[0.244s] Level 5:colcon.colcon_core.verb:set package 'humanoid_definition' build argument 'catkin_skip_building_tests' from command line to 'False'
[0.244s] DEBUG:colcon.colcon_core.verb:Building package 'humanoid_definition' with the following arguments: {'ament_cmake_args': None, 'build_base': '/home/paulo/edromufu/src/movement/Ros2_change/build/humanoid_definition', 'catkin_cmake_args': None, 'catkin_skip_building_tests': False, 'cmake_args': None, 'cmake_clean_cache': False, 'cmake_clean_first': False, 'cmake_force_configure': False, 'cmake_target': None, 'cmake_target_skip_unavailable': False, 'install_base': '/home/paulo/edromufu/src/movement/Ros2_change/install/humanoid_definition', 'merge_install': False, 'path': '/home/paulo/edromufu/src/movement/Ros2_change/src/humanoid_definition', 'symlink_install': False, 'test_result_base': None}
[0.244s] Level 5:colcon.colcon_core.verb:set package 'micro_ros_agent' build argument 'cmake_args' from command line to 'None'
[0.244s] Level 5:colcon.colcon_core.verb:set package 'micro_ros_agent' build argument 'cmake_target' from command line to 'None'
[0.244s] Level 5:colcon.colcon_core.verb:set package 'micro_ros_agent' build argument 'cmake_target_skip_unavailable' from command line to 'False'
[0.244s] Level 5:colcon.colcon_core.verb:set package 'micro_ros_agent' build argument 'cmake_clean_cache' from command line to 'False'
[0.244s] Level 5:colcon.colcon_core.verb:set package 'micro_ros_agent' build argument 'cmake_clean_first' from command line to 'False'
[0.244s] Level 5:colcon.colcon_core.verb:set package 'micro_ros_agent' build argument 'cmake_force_configure' from command line to 'False'
[0.245s] Level 5:colcon.colcon_core.verb:set package 'micro_ros_agent' build argument 'ament_cmake_args' from command line to 'None'
[0.245s] Level 5:colcon.colcon_core.verb:set package 'micro_ros_agent' build argument 'catkin_cmake_args' from command line to 'None'
[0.245s] Level 5:colcon.colcon_core.verb:set package 'micro_ros_agent' build argument 'catkin_skip_building_tests' from command line to 'False'
[0.245s] DEBUG:colcon.colcon_core.verb:Building package 'micro_ros_agent' with the following arguments: {'ament_cmake_args': None, 'build_base': '/home/paulo/edromufu/src/movement/Ros2_change/build/micro_ros_agent', 'catkin_cmake_args': None, 'catkin_skip_building_tests': False, 'cmake_args': None, 'cmake_clean_cache': False, 'cmake_clean_first': False, 'cmake_force_configure': False, 'cmake_target': None, 'cmake_target_skip_unavailable': False, 'install_base': '/home/paulo/edromufu/src/movement/Ros2_change/install/micro_ros_agent', 'merge_install': False, 'path': '/home/paulo/edromufu/src/movement/Ros2_change/src/micro_ros/uros/micro-ROS-Agent/micro_ros_agent', 'symlink_install': False, 'test_result_base': None}
[0.245s] Level 5:colcon.colcon_core.verb:set package 'movement_functions' build argument 'cmake_args' from command line to 'None'
[0.245s] Level 5:colcon.colcon_core.verb:set package 'movement_functions' build argument 'cmake_target' from command line to 'None'
[0.245s] Level 5:colcon.colcon_core.verb:set package 'movement_functions' build argument 'cmake_target_skip_unavailable' from command line to 'False'
[0.245s] Level 5:colcon.colcon_core.verb:set package 'movement_functions' build argument 'cmake_clean_cache' from command line to 'False'
[0.245s] Level 5:colcon.colcon_core.verb:set package 'movement_functions' build argument 'cmake_clean_first' from command line to 'False'
[0.245s] Level 5:colcon.colcon_core.verb:set package 'movement_functions' build argument 'cmake_force_configure' from command line to 'False'
[0.245s] Level 5:colcon.colcon_core.verb:set package 'movement_functions' build argument 'ament_cmake_args' from command line to 'None'
[0.245s] Level 5:colcon.colcon_core.verb:set package 'movement_functions' build argument 'catkin_cmake_args' from command line to 'None'
[0.245s] Level 5:colcon.colcon_core.verb:set package 'movement_functions' build argument 'catkin_skip_building_tests' from command line to 'False'
[0.245s] DEBUG:colcon.colcon_core.verb:Building package 'movement_functions' with the following arguments: {'ament_cmake_args': None, 'build_base': '/home/paulo/edromufu/src/movement/Ros2_change/build/movement_functions', 'catkin_cmake_args': None, 'catkin_skip_building_tests': False, 'cmake_args': None, 'cmake_clean_cache': False, 'cmake_clean_first': False, 'cmake_force_configure': False, 'cmake_target': None, 'cmake_target_skip_unavailable': False, 'install_base': '/home/paulo/edromufu/src/movement/Ros2_change/install/movement_functions', 'merge_install': False, 'path': '/home/paulo/edromufu/src/movement/Ros2_change/src/movement_functions', 'symlink_install': False, 'test_result_base': None}
[0.245s] Level 5:colcon.colcon_core.verb:set package 'movement_pages' build argument 'cmake_args' from command line to 'None'
[0.245s] Level 5:colcon.colcon_core.verb:set package 'movement_pages' build argument 'cmake_target' from command line to 'None'
[0.245s] Level 5:colcon.colcon_core.verb:set package 'movement_pages' build argument 'cmake_target_skip_unavailable' from command line to 'False'
[0.245s] Level 5:colcon.colcon_core.verb:set package 'movement_pages' build argument 'cmake_clean_cache' from command line to 'False'
[0.245s] Level 5:colcon.colcon_core.verb:set package 'movement_pages' build argument 'cmake_clean_first' from command line to 'False'
[0.245s] Level 5:colcon.colcon_core.verb:set package 'movement_pages' build argument 'cmake_force_configure' from command line to 'False'
[0.245s] Level 5:colcon.colcon_core.verb:set package 'movement_pages' build argument 'ament_cmake_args' from command line to 'None'
[0.245s] Level 5:colcon.colcon_core.verb:set package 'movement_pages' build argument 'catkin_cmake_args' from command line to 'None'
[0.245s] Level 5:colcon.colcon_core.verb:set package 'movement_pages' build argument 'catkin_skip_building_tests' from command line to 'False'
[0.245s] DEBUG:colcon.colcon_core.verb:Building package 'movement_pages' with the following arguments: {'ament_cmake_args': None, 'build_base': '/home/paulo/edromufu/src/movement/Ros2_change/build/movement_pages', 'catkin_cmake_args': None, 'catkin_skip_building_tests': False, 'cmake_args': None, 'cmake_clean_cache': False, 'cmake_clean_first': False, 'cmake_force_configure': False, 'cmake_target': None, 'cmake_target_skip_unavailable': False, 'install_base': '/home/paulo/edromufu/src/movement/Ros2_change/install/movement_pages', 'merge_install': False, 'path': '/home/paulo/edromufu/src/movement/Ros2_change/src/movement_pages', 'symlink_install': False, 'test_result_base': None}
[0.245s] Level 5:colcon.colcon_core.verb:set package 'u2d2_comm' build argument 'cmake_args' from command line to 'None'
[0.245s] Level 5:colcon.colcon_core.verb:set package 'u2d2_comm' build argument 'cmake_target' from command line to 'None'
[0.245s] Level 5:colcon.colcon_core.verb:set package 'u2d2_comm' build argument 'cmake_target_skip_unavailable' from command line to 'False'
[0.245s] Level 5:colcon.colcon_core.verb:set package 'u2d2_comm' build argument 'cmake_clean_cache' from command line to 'False'
[0.245s] Level 5:colcon.colcon_core.verb:set package 'u2d2_comm' build argument 'cmake_clean_first' from command line to 'False'
[0.245s] Level 5:colcon.colcon_core.verb:set package 'u2d2_comm' build argument 'cmake_force_configure' from command line to 'False'
[0.245s] Level 5:colcon.colcon_core.verb:set package 'u2d2_comm' build argument 'ament_cmake_args' from command line to 'None'
[0.245s] Level 5:colcon.colcon_core.verb:set package 'u2d2_comm' build argument 'catkin_cmake_args' from command line to 'None'
[0.245s] Level 5:colcon.colcon_core.verb:set package 'u2d2_comm' build argument 'catkin_skip_building_tests' from command line to 'False'
[0.245s] DEBUG:colcon.colcon_core.verb:Building package 'u2d2_comm' with the following arguments: {'ament_cmake_args': None, 'build_base': '/home/paulo/edromufu/src/movement/Ros2_change/build/u2d2_comm', 'catkin_cmake_args': None, 'catkin_skip_building_tests': False, 'cmake_args': None, 'cmake_clean_cache': False, 'cmake_clean_first': False, 'cmake_force_configure': False, 'cmake_target': None, 'cmake_target_skip_unavailable': False, 'install_base': '/home/paulo/edromufu/src/movement/Ros2_change/install/u2d2_comm', 'merge_install': False, 'path': '/home/paulo/edromufu/src/movement/Ros2_change/src/u2d2_comm', 'symlink_install': False, 'test_result_base': None}
[0.246s] Level 5:colcon.colcon_core.verb:set package 'movement_core' build argument 'cmake_args' from command line to 'None'
[0.246s] Level 5:colcon.colcon_core.verb:set package 'movement_core' build argument 'cmake_target' from command line to 'None'
[0.246s] Level 5:colcon.colcon_core.verb:set package 'movement_core' build argument 'cmake_target_skip_unavailable' from command line to 'False'
[0.246s] Level 5:colcon.colcon_core.verb:set package 'movement_core' build argument 'cmake_clean_cache' from command line to 'False'
[0.246s] Level 5:colcon.colcon_core.verb:set package 'movement_core' build argument 'cmake_clean_first' from command line to 'False'
[0.246s] Level 5:colcon.colcon_core.verb:set package 'movement_core' build argument 'cmake_force_configure' from command line to 'False'
[0.246s] Level 5:colcon.colcon_core.verb:set package 'movement_core' build argument 'ament_cmake_args' from command line to 'None'
[0.246s] Level 5:colcon.colcon_core.verb:set package 'movement_core' build argument 'catkin_cmake_args' from command line to 'None'
[0.246s] Level 5:colcon.colcon_core.verb:set package 'movement_core' build argument 'catkin_skip_building_tests' from command line to 'False'
[0.246s] DEBUG:colcon.colcon_core.verb:Building package 'movement_core' with the following arguments: {'ament_cmake_args': None, 'build_base': '/home/paulo/edromufu/src/movement/Ros2_change/build/movement_core', 'catkin_cmake_args': None, 'catkin_skip_building_tests': False, 'cmake_args': None, 'cmake_clean_cache': False, 'cmake_clean_first': False, 'cmake_force_configure': False, 'cmake_target': None, 'cmake_target_skip_unavailable': False, 'install_base': '/home/paulo/edromufu/src/movement/Ros2_change/install/movement_core', 'merge_install': False, 'path': '/home/paulo/edromufu/src/movement/Ros2_change/src/movement_core', 'symlink_install': False, 'test_result_base': None}
[0.246s] INFO:colcon.colcon_core.executor:Executing jobs using 'parallel' executor
[0.247s] DEBUG:colcon.colcon_parallel_executor.executor.parallel:run_until_complete
[0.247s] INFO:colcon.colcon_ros.task.ament_python.build:Building ROS package in '/home/paulo/edromufu/src/movement/Ros2_change/src/kinematic_functions' with build type 'ament_python'
[0.247s] Level 1:colcon.colcon_core.shell:create_environment_hook('kinematic_functions', 'ament_prefix_path')
[0.249s] INFO:colcon.colcon_core.plugin_system:Skipping extension 'colcon_core.shell.bat': Not used on non-Windows systems
[0.249s] INFO:colcon.colcon_core.shell:Creating environment hook '/home/paulo/edromufu/src/movement/Ros2_change/install/kinematic_functions/share/kinematic_functions/hook/ament_prefix_path.ps1'
[0.249s] INFO:colcon.colcon_core.shell:Creating environment descriptor '/home/paulo/edromufu/src/movement/Ros2_change/install/kinematic_functions/share/kinematic_functions/hook/ament_prefix_path.dsv'
[0.249s] INFO:colcon.colcon_core.shell:Creating environment hook '/home/paulo/edromufu/src/movement/Ros2_change/install/kinematic_functions/share/kinematic_functions/hook/ament_prefix_path.sh'
[0.250s] INFO:colcon.colcon_core.shell:Skip shell extension 'powershell' for command environment: Not usable outside of PowerShell
[0.250s] DEBUG:colcon.colcon_core.shell:Skip shell extension 'dsv' for command environment
[0.252s] INFO:colcon.colcon_ros.task.ament_cmake.build:Building ROS package in '/home/paulo/edromufu/src/movement/Ros2_change/src/movement_utils' with build type 'ament_cmake'
[0.252s] INFO:colcon.colcon_cmake.task.cmake.build:Building CMake package in '/home/paulo/edromufu/src/movement/Ros2_change/src/movement_utils'
[0.252s] INFO:colcon.colcon_core.shell:Skip shell extension 'powershell' for command environment: Not usable outside of PowerShell
[0.252s] DEBUG:colcon.colcon_core.shell:Skip shell extension 'dsv' for command environment
[0.254s] INFO:colcon.colcon_ros.task.ament_cmake.build:Building ROS package in '/home/paulo/edromufu/src/movement/Ros2_change/src/micro_ros/uros/micro_ros_msgs' with build type 'ament_cmake'
[0.255s] INFO:colcon.colcon_cmake.task.cmake.build:Building CMake package in '/home/paulo/edromufu/src/movement/Ros2_change/src/micro_ros/uros/micro_ros_msgs'
[0.255s] INFO:colcon.colcon_core.shell:Skip shell extension 'powershell' for command environment: Not usable outside of PowerShell
[0.255s] DEBUG:colcon.colcon_core.shell:Skip shell extension 'dsv' for command environment
[0.257s] INFO:colcon.colcon_ros.task.ament_python.build:Building ROS package in '/home/paulo/edromufu/src/movement/Ros2_change/src/erro_package' with build type 'ament_python'
[0.257s] Level 1:colcon.colcon_core.shell:create_environment_hook('erro_package', 'ament_prefix_path')
[0.257s] INFO:colcon.colcon_core.shell:Creating environment hook '/home/paulo/edromufu/src/movement/Ros2_change/install/erro_package/share/erro_package/hook/ament_prefix_path.ps1'
[0.257s] INFO:colcon.colcon_core.shell:Creating environment descriptor '/home/paulo/edromufu/src/movement/Ros2_change/install/erro_package/share/erro_package/hook/ament_prefix_path.dsv'
[0.257s] INFO:colcon.colcon_core.shell:Creating environment hook '/home/paulo/edromufu/src/movement/Ros2_change/install/erro_package/share/erro_package/hook/ament_prefix_path.sh'
[0.258s] INFO:colcon.colcon_core.shell:Skip shell extension 'powershell' for command environment: Not usable outside of PowerShell
[0.258s] DEBUG:colcon.colcon_core.shell:Skip shell extension 'dsv' for command environment
[0.260s] INFO:colcon.colcon_ros.task.ament_cmake.build:Building ROS package in '/home/paulo/edromufu/src/movement/Ros2_change/src/humanoid_visualization' with build type 'ament_cmake'
[0.260s] INFO:colcon.colcon_cmake.task.cmake.build:Building CMake package in '/home/paulo/edromufu/src/movement/Ros2_change/src/humanoid_visualization'
[0.260s] INFO:colcon.colcon_core.shell:Skip shell extension 'powershell' for command environment: Not usable outside of PowerShell
[0.260s] DEBUG:colcon.colcon_core.shell:Skip shell extension 'dsv' for command environment
[0.262s] INFO:colcon.colcon_ros.task.ament_python.build:Building ROS package in '/home/paulo/edromufu/src/movement/Ros2_change/src/tahara_pages' with build type 'ament_python'
[0.263s] Level 1:colcon.colcon_core.shell:create_environment_hook('tahara_pages', 'ament_prefix_path')
[0.263s] INFO:colcon.colcon_core.shell:Creating environment hook '/home/paulo/edromufu/src/movement/Ros2_change/install/tahara_pages/share/tahara_pages/hook/ament_prefix_path.ps1'
[0.263s] INFO:colcon.colcon_core.shell:Creating environment descriptor '/home/paulo/edromufu/src/movement/Ros2_change/install/tahara_pages/share/tahara_pages/hook/ament_prefix_path.dsv'
[0.263s] INFO:colcon.colcon_core.shell:Creating environment hook '/home/paulo/edromufu/src/movement/Ros2_change/install/tahara_pages/share/tahara_pages/hook/ament_prefix_path.sh'
[0.264s] INFO:colcon.colcon_core.shell:Skip shell extension 'powershell' for command environment: Not usable outside of PowerShell
[0.264s] DEBUG:colcon.colcon_core.shell:Skip shell extension 'dsv' for command environment
[0.266s] INFO:colcon.colcon_ros.task.ament_cmake.build:Building ROS package in '/home/paulo/edromufu/src/movement/Ros2_change/src/urdf_example' with build type 'ament_cmake'
[0.266s] INFO:colcon.colcon_cmake.task.cmake.build:Building CMake package in '/home/paulo/edromufu/src/movement/Ros2_change/src/urdf_example'
[0.266s] INFO:colcon.colcon_core.shell:Skip shell extension 'powershell' for command environment: Not usable outside of PowerShell
[0.266s] DEBUG:colcon.colcon_core.shell:Skip shell extension 'dsv' for command environment
[0.268s] INFO:colcon.colcon_ros.task.ament_cmake.build:Building ROS package in '/home/paulo/edromufu/src/movement/Ros2_change/src/urdf_robox' with build type 'ament_cmake'
[0.268s] INFO:colcon.colcon_cmake.task.cmake.build:Building CMake package in '/home/paulo/edromufu/src/movement/Ros2_change/src/urdf_robox'
[0.268s] INFO:colcon.colcon_core.shell:Skip shell extension 'powershell' for command environment: Not usable outside of PowerShell
[0.269s] DEBUG:colcon.colcon_core.shell:Skip shell extension 'dsv' for command environment
[0.441s] INFO:colcon.colcon_core.task.python.build:Building Python package in '/home/paulo/edromufu/src/movement/Ros2_change/src/kinematic_functions'
[0.441s] INFO:colcon.colcon_core.shell:Skip shell extension 'powershell' for command environment: Not usable outside of PowerShell
[0.441s] DEBUG:colcon.colcon_core.shell:Skip shell extension 'dsv' for command environment
[0.447s] DEBUG:colcon.colcon_core.event_handler.log_command:Invoking command in '/home/paulo/edromufu/src/movement/Ros2_change/build/movement_utils': CMAKE_PREFIX_PATH=${CMAKE_PREFIX_PATH}:/home/paulo/edromufu/src/movement/Ros2_change/install/u2d2_comm:/home/paulo/edromufu/src/movement/Ros2_change/install/tahara_pages:/home/paulo/edromufu/src/movement/Ros2_change/install/movement_core:/home/paulo/edromufu/src/movement/Ros2_change/install/movement_pages:/home/paulo/edromufu/src/movement/Ros2_change/install/movement_functions:/home/paulo/edromufu/src/movement/Ros2_change/install/humanoid_definition:/home/paulo/edromufu/src/movement/Ros2_change/install/kinematic_functions:/home/paulo/edromufu/src/movement/Ros2_change/install/erro_package:/home/paulo/edromufu/src/movement/Ros2_change/install/pot_package:/opt/ros/humble /usr/bin/cmake --build /home/paulo/edromufu/src/movement/Ros2_change/build/movement_utils -- -j12 -l12
[0.448s] DEBUG:colcon.colcon_core.event_handler.log_command:Invoking command in '/home/paulo/edromufu/src/movement/Ros2_change/build/micro_ros_msgs': CMAKE_PREFIX_PATH=${CMAKE_PREFIX_PATH}:/home/paulo/edromufu/src/movement/Ros2_change/install/u2d2_comm:/home/paulo/edromufu/src/movement/Ros2_change/install/tahara_pages:/home/paulo/edromufu/src/movement/Ros2_change/install/movement_core:/home/paulo/edromufu/src/movement/Ros2_change/install/movement_pages:/home/paulo/edromufu/src/movement/Ros2_change/install/movement_functions:/home/paulo/edromufu/src/movement/Ros2_change/install/humanoid_definition:/home/paulo/edromufu/src/movement/Ros2_change/install/kinematic_functions:/home/paulo/edromufu/src/movement/Ros2_change/install/erro_package:/home/paulo/edromufu/src/movement/Ros2_change/install/pot_package:/opt/ros/humble /usr/bin/cmake --build /home/paulo/edromufu/src/movement/Ros2_change/build/micro_ros_msgs -- -j12 -l12
[0.659s] INFO:colcon.colcon_core.task.python.build:Building Python package in '/home/paulo/edromufu/src/movement/Ros2_change/src/erro_package'
[0.660s] INFO:colcon.colcon_core.shell:Skip shell extension 'powershell' for command environment: Not usable outside of PowerShell
[0.660s] DEBUG:colcon.colcon_core.shell:Skip shell extension 'dsv' for command environment
[0.669s] DEBUG:colcon.colcon_core.event_handler.log_command:Invoking command in '/home/paulo/edromufu/src/movement/Ros2_change/build/humanoid_visualization': CMAKE_PREFIX_PATH=${CMAKE_PREFIX_PATH}:/home/paulo/edromufu/src/movement/Ros2_change/install/u2d2_comm:/home/paulo/edromufu/src/movement/Ros2_change/install/tahara_pages:/home/paulo/edromufu/src/movement/Ros2_change/install/movement_core:/home/paulo/edromufu/src/movement/Ros2_change/install/movement_pages:/home/paulo/edromufu/src/movement/Ros2_change/install/movement_functions:/home/paulo/edromufu/src/movement/Ros2_change/install/humanoid_definition:/home/paulo/edromufu/src/movement/Ros2_change/install/kinematic_functions:/home/paulo/edromufu/src/movement/Ros2_change/install/erro_package:/home/paulo/edromufu/src/movement/Ros2_change/install/pot_package:/opt/ros/humble /usr/bin/cmake --build /home/paulo/edromufu/src/movement/Ros2_change/build/humanoid_visualization -- -j12 -l12
[0.861s] INFO:colcon.colcon_core.task.python.build:Building Python package in '/home/paulo/edromufu/src/movement/Ros2_change/src/tahara_pages'
[0.861s] INFO:colcon.colcon_core.shell:Skip shell extension 'powershell' for command environment: Not usable outside of PowerShell
[0.861s] DEBUG:colcon.colcon_core.shell:Skip shell extension 'dsv' for command environment
[0.866s] DEBUG:colcon.colcon_core.event_handler.log_command:Invoking command in '/home/paulo/edromufu/src/movement/Ros2_change/build/urdf_example': CMAKE_PREFIX_PATH=${CMAKE_PREFIX_PATH}:/home/paulo/edromufu/src/movement/Ros2_change/install/u2d2_comm:/home/paulo/edromufu/src/movement/Ros2_change/install/tahara_pages:/home/paulo/edromufu/src/movement/Ros2_change/install/movement_core:/home/paulo/edromufu/src/movement/Ros2_change/install/movement_pages:/home/paulo/edromufu/src/movement/Ros2_change/install/movement_functions:/home/paulo/edromufu/src/movement/Ros2_change/install/humanoid_definition:/home/paulo/edromufu/src/movement/Ros2_change/install/kinematic_functions:/home/paulo/edromufu/src/movement/Ros2_change/install/erro_package:/home/paulo/edromufu/src/movement/Ros2_change/install/pot_package:/opt/ros/humble /usr/bin/cmake --build /home/paulo/edromufu/src/movement/Ros2_change/build/urdf_example -- -j12 -l12
[0.871s] DEBUG:colcon.colcon_core.event_handler.log_command:Invoking command in '/home/paulo/edromufu/src/movement/Ros2_change/build/urdf_robox': CMAKE_PREFIX_PATH=${CMAKE_PREFIX_PATH}:/home/paulo/edromufu/src/movement/Ros2_change/install/u2d2_comm:/home/paulo/edromufu/src/movement/Ros2_change/install/tahara_pages:/home/paulo/edromufu/src/movement/Ros2_change/install/movement_core:/home/paulo/edromufu/src/movement/Ros2_change/install/movement_pages:/home/paulo/edromufu/src/movement/Ros2_change/install/movement_functions:/home/paulo/edromufu/src/movement/Ros2_change/install/humanoid_definition:/home/paulo/edromufu/src/movement/Ros2_change/install/kinematic_functions:/home/paulo/edromufu/src/movement/Ros2_change/install/erro_package:/home/paulo/edromufu/src/movement/Ros2_change/install/pot_package:/opt/ros/humble /usr/bin/cmake --build /home/paulo/edromufu/src/movement/Ros2_change/build/urdf_robox -- -j12 -l12
[0.872s] DEBUG:colcon.colcon_core.event_handler.log_command:Invoked command in '/home/paulo/edromufu/src/movement/Ros2_change/build/humanoid_visualization' returned '0': CMAKE_PREFIX_PATH=${CMAKE_PREFIX_PATH}:/home/paulo/edromufu/src/movement/Ros2_change/install/u2d2_comm:/home/paulo/edromufu/src/movement/Ros2_change/install/tahara_pages:/home/paulo/edromufu/src/movement/Ros2_change/install/movement_core:/home/paulo/edromufu/src/movement/Ros2_change/install/movement_pages:/home/paulo/edromufu/src/movement/Ros2_change/install/movement_functions:/home/paulo/edromufu/src/movement/Ros2_change/install/humanoid_definition:/home/paulo/edromufu/src/movement/Ros2_change/install/kinematic_functions:/home/paulo/edromufu/src/movement/Ros2_change/install/erro_package:/home/paulo/edromufu/src/movement/Ros2_change/install/pot_package:/opt/ros/humble /usr/bin/cmake --build /home/paulo/edromufu/src/movement/Ros2_change/build/humanoid_visualization -- -j12 -l12
[0.873s] DEBUG:colcon.colcon_core.event_handler.log_command:Invoked command in '/home/paulo/edromufu/src/movement/Ros2_change/build/movement_utils' returned '0': CMAKE_PREFIX_PATH=${CMAKE_PREFIX_PATH}:/home/paulo/edromufu/src/movement/Ros2_change/install/u2d2_comm:/home/paulo/edromufu/src/movement/Ros2_change/install/tahara_pages:/home/paulo/edromufu/src/movement/Ros2_change/install/movement_core:/home/paulo/edromufu/src/movement/Ros2_change/install/movement_pages:/home/paulo/edromufu/src/movement/Ros2_change/install/movement_functions:/home/paulo/edromufu/src/movement/Ros2_change/install/humanoid_definition:/home/paulo/edromufu/src/movement/Ros2_change/install/kinematic_functions:/home/paulo/edromufu/src/movement/Ros2_change/install/erro_package:/home/paulo/edromufu/src/movement/Ros2_change/install/pot_package:/opt/ros/humble /usr/bin/cmake --build /home/paulo/edromufu/src/movement/Ros2_change/build/movement_utils -- -j12 -l12
[0.874s] DEBUG:colcon.colcon_core.event_handler.log_command:Invoked command in '/home/paulo/edromufu/src/movement/Ros2_change/build/micro_ros_msgs' returned '0': CMAKE_PREFIX_PATH=${CMAKE_PREFIX_PATH}:/home/paulo/edromufu/src/movement/Ros2_change/install/u2d2_comm:/home/paulo/edromufu/src/movement/Ros2_change/install/tahara_pages:/home/paulo/edromufu/src/movement/Ros2_change/install/movement_core:/home/paulo/edromufu/src/movement/Ros2_change/install/movement_pages:/home/paulo/edromufu/src/movement/Ros2_change/install/movement_functions:/home/paulo/edromufu/src/movement/Ros2_change/install/humanoid_definition:/home/paulo/edromufu/src/movement/Ros2_change/install/kinematic_functions:/home/paulo/edromufu/src/movement/Ros2_change/install/erro_package:/home/paulo/edromufu/src/movement/Ros2_change/install/pot_package:/opt/ros/humble /usr/bin/cmake --build /home/paulo/edromufu/src/movement/Ros2_change/build/micro_ros_msgs -- -j12 -l12
[0.900s] DEBUG:colcon.colcon_core.event_handler.log_command:Invoking command in '/home/paulo/edromufu/src/movement/Ros2_change/build/humanoid_visualization': CMAKE_PREFIX_PATH=${CMAKE_PREFIX_PATH}:/home/paulo/edromufu/src/movement/Ros2_change/install/u2d2_comm:/home/paulo/edromufu/src/movement/Ros2_change/install/tahara_pages:/home/paulo/edromufu/src/movement/Ros2_change/install/movement_core:/home/paulo/edromufu/src/movement/Ros2_change/install/movement_pages:/home/paulo/edromufu/src/movement/Ros2_change/install/movement_functions:/home/paulo/edromufu/src/movement/Ros2_change/install/humanoid_definition:/home/paulo/edromufu/src/movement/Ros2_change/install/kinematic_functions:/home/paulo/edromufu/src/movement/Ros2_change/install/erro_package:/home/paulo/edromufu/src/movement/Ros2_change/install/pot_package:/opt/ros/humble /usr/bin/cmake --install /home/paulo/edromufu/src/movement/Ros2_change/build/humanoid_visualization
[0.902s] DEBUG:colcon.colcon_core.event_handler.log_command:Invoked command in '/home/paulo/edromufu/src/movement/Ros2_change/build/urdf_example' returned '0': CMAKE_PREFIX_PATH=${CMAKE_PREFIX_PATH}:/home/paulo/edromufu/src/movement/Ros2_change/install/u2d2_comm:/home/paulo/edromufu/src/movement/Ros2_change/install/tahara_pages:/home/paulo/edromufu/src/movement/Ros2_change/install/movement_core:/home/paulo/edromufu/src/movement/Ros2_change/install/movement_pages:/home/paulo/edromufu/src/movement/Ros2_change/install/movement_functions:/home/paulo/edromufu/src/movement/Ros2_change/install/humanoid_definition:/home/paulo/edromufu/src/movement/Ros2_change/install/kinematic_functions:/home/paulo/edromufu/src/movement/Ros2_change/install/erro_package:/home/paulo/edromufu/src/movement/Ros2_change/install/pot_package:/opt/ros/humble /usr/bin/cmake --build /home/paulo/edromufu/src/movement/Ros2_change/build/urdf_example -- -j12 -l12
[0.903s] DEBUG:colcon.colcon_core.event_handler.log_command:Invoked command in '/home/paulo/edromufu/src/movement/Ros2_change/build/urdf_robox' returned '0': CMAKE_PREFIX_PATH=${CMAKE_PREFIX_PATH}:/home/paulo/edromufu/src/movement/Ros2_change/install/u2d2_comm:/home/paulo/edromufu/src/movement/Ros2_change/install/tahara_pages:/home/paulo/edromufu/src/movement/Ros2_change/install/movement_core:/home/paulo/edromufu/src/movement/Ros2_change/install/movement_pages:/home/paulo/edromufu/src/movement/Ros2_change/install/movement_functions:/home/paulo/edromufu/src/movement/Ros2_change/install/humanoid_definition:/home/paulo/edromufu/src/movement/Ros2_change/install/kinematic_functions:/home/paulo/edromufu/src/movement/Ros2_change/install/erro_package:/home/paulo/edromufu/src/movement/Ros2_change/install/pot_package:/opt/ros/humble /usr/bin/cmake --build /home/paulo/edromufu/src/movement/Ros2_change/build/urdf_robox -- -j12 -l12
[0.911s] Level 1:colcon.colcon_core.environment:create_environment_scripts_only(humanoid_visualization)
[0.911s] DEBUG:colcon.colcon_core.event_handler.log_command:Invoked command in '/home/paulo/edromufu/src/movement/Ros2_change/build/humanoid_visualization' returned '0': CMAKE_PREFIX_PATH=${CMAKE_PREFIX_PATH}:/home/paulo/edromufu/src/movement/Ros2_change/install/u2d2_comm:/home/paulo/edromufu/src/movement/Ros2_change/install/tahara_pages:/home/paulo/edromufu/src/movement/Ros2_change/install/movement_core:/home/paulo/edromufu/src/movement/Ros2_change/install/movement_pages:/home/paulo/edromufu/src/movement/Ros2_change/install/movement_functions:/home/paulo/edromufu/src/movement/Ros2_change/install/humanoid_definition:/home/paulo/edromufu/src/movement/Ros2_change/install/kinematic_functions:/home/paulo/edromufu/src/movement/Ros2_change/install/erro_package:/home/paulo/edromufu/src/movement/Ros2_change/install/pot_package:/opt/ros/humble /usr/bin/cmake --install /home/paulo/edromufu/src/movement/Ros2_change/build/humanoid_visualization
[0.913s] Level 1:colcon.colcon_core.environment:checking '/home/paulo/edromufu/src/movement/Ros2_change/install/humanoid_visualization' for CMake module files
[0.914s] Level 1:colcon.colcon_core.environment:checking '/home/paulo/edromufu/src/movement/Ros2_change/install/humanoid_visualization' for CMake config files
[0.914s] Level 1:colcon.colcon_core.shell:create_environment_hook('humanoid_visualization', 'cmake_prefix_path')
[0.915s] INFO:colcon.colcon_core.shell:Creating environment hook '/home/paulo/edromufu/src/movement/Ros2_change/install/humanoid_visualization/share/humanoid_visualization/hook/cmake_prefix_path.ps1'
[0.915s] INFO:colcon.colcon_core.shell:Creating environment descriptor '/home/paulo/edromufu/src/movement/Ros2_change/install/humanoid_visualization/share/humanoid_visualization/hook/cmake_prefix_path.dsv'
[0.916s] INFO:colcon.colcon_core.shell:Creating environment hook '/home/paulo/edromufu/src/movement/Ros2_change/install/humanoid_visualization/share/humanoid_visualization/hook/cmake_prefix_path.sh'
[0.917s] Level 1:colcon.colcon_core.environment:checking '/home/paulo/edromufu/src/movement/Ros2_change/install/humanoid_visualization/bin'
[0.917s] Level 1:colcon.colcon_core.environment:checking '/home/paulo/edromufu/src/movement/Ros2_change/install/humanoid_visualization/lib/pkgconfig/humanoid_visualization.pc'
[0.917s] Level 1:colcon.colcon_core.environment:checking '/home/paulo/edromufu/src/movement/Ros2_change/install/humanoid_visualization/lib/python3.10/site-packages'
[0.918s] Level 1:colcon.colcon_core.environment:checking '/home/paulo/edromufu/src/movement/Ros2_change/install/humanoid_visualization/bin'
[0.918s] INFO:colcon.colcon_core.shell:Creating package script '/home/paulo/edromufu/src/movement/Ros2_change/install/humanoid_visualization/share/humanoid_visualization/package.ps1'
[0.919s] INFO:colcon.colcon_core.shell:Creating package descriptor '/home/paulo/edromufu/src/movement/Ros2_change/install/humanoid_visualization/share/humanoid_visualization/package.dsv'
[0.920s] INFO:colcon.colcon_core.shell:Creating package script '/home/paulo/edromufu/src/movement/Ros2_change/install/humanoid_visualization/share/humanoid_visualization/package.sh'
[0.921s] INFO:colcon.colcon_core.shell:Creating package script '/home/paulo/edromufu/src/movement/Ros2_change/install/humanoid_visualization/share/humanoid_visualization/package.bash'
[0.922s] INFO:colcon.colcon_core.shell:Creating package script '/home/paulo/edromufu/src/movement/Ros2_change/install/humanoid_visualization/share/humanoid_visualization/package.zsh'
[0.923s] Level 1:colcon.colcon_core.environment:create_file_with_runtime_dependencies(/home/paulo/edromufu/src/movement/Ros2_change/install/humanoid_visualization/share/colcon-core/packages/humanoid_visualization)
[0.927s] DEBUG:colcon.colcon_core.event_handler.log_command:Invoking command in '/home/paulo/edromufu/src/movement/Ros2_change/build/urdf_example': CMAKE_PREFIX_PATH=${CMAKE_PREFIX_PATH}:/home/paulo/edromufu/src/movement/Ros2_change/install/u2d2_comm:/home/paulo/edromufu/src/movement/Ros2_change/install/tahara_pages:/home/paulo/edromufu/src/movement/Ros2_change/install/movement_core:/home/paulo/edromufu/src/movement/Ros2_change/install/movement_pages:/home/paulo/edromufu/src/movement/Ros2_change/install/movement_functions:/home/paulo/edromufu/src/movement/Ros2_change/install/humanoid_definition:/home/paulo/edromufu/src/movement/Ros2_change/install/kinematic_functions:/home/paulo/edromufu/src/movement/Ros2_change/install/erro_package:/home/paulo/edromufu/src/movement/Ros2_change/install/pot_package:/opt/ros/humble /usr/bin/cmake --install /home/paulo/edromufu/src/movement/Ros2_change/build/urdf_example
[0.929s] DEBUG:colcon.colcon_core.event_handler.log_command:Invoking command in '/home/paulo/edromufu/src/movement/Ros2_change/build/urdf_robox': CMAKE_PREFIX_PATH=${CMAKE_PREFIX_PATH}:/home/paulo/edromufu/src/movement/Ros2_change/install/u2d2_comm:/home/paulo/edromufu/src/movement/Ros2_change/install/tahara_pages:/home/paulo/edromufu/src/movement/Ros2_change/install/movement_core:/home/paulo/edromufu/src/movement/Ros2_change/install/movement_pages:/home/paulo/edromufu/src/movement/Ros2_change/install/movement_functions:/home/paulo/edromufu/src/movement/Ros2_change/install/humanoid_definition:/home/paulo/edromufu/src/movement/Ros2_change/install/kinematic_functions:/home/paulo/edromufu/src/movement/Ros2_change/install/erro_package:/home/paulo/edromufu/src/movement/Ros2_change/install/pot_package:/opt/ros/humble /usr/bin/cmake --install /home/paulo/edromufu/src/movement/Ros2_change/build/urdf_robox
[0.940s] Level 1:colcon.colcon_core.environment:create_environment_scripts_only(urdf_example)
[0.940s] Level 1:colcon.colcon_core.environment:checking '/home/paulo/edromufu/src/movement/Ros2_change/install/urdf_example' for CMake module files
[0.942s] Level 1:colcon.colcon_core.environment:checking '/home/paulo/edromufu/src/movement/Ros2_change/install/urdf_example' for CMake config files
[0.946s] Level 1:colcon.colcon_core.shell:create_environment_hook('urdf_example', 'cmake_prefix_path')
[0.947s] INFO:colcon.colcon_core.shell:Creating environment hook '/home/paulo/edromufu/src/movement/Ros2_change/install/urdf_example/share/urdf_example/hook/cmake_prefix_path.ps1'
[0.948s] INFO:colcon.colcon_core.shell:Creating environment descriptor '/home/paulo/edromufu/src/movement/Ros2_change/install/urdf_example/share/urdf_example/hook/cmake_prefix_path.dsv'
[0.948s] DEBUG:colcon.colcon_core.event_handler.log_command:Invoked command in '/home/paulo/edromufu/src/movement/Ros2_change/build/urdf_example' returned '0': CMAKE_PREFIX_PATH=${CMAKE_PREFIX_PATH}:/home/paulo/edromufu/src/movement/Ros2_change/install/u2d2_comm:/home/paulo/edromufu/src/movement/Ros2_change/install/tahara_pages:/home/paulo/edromufu/src/movement/Ros2_change/install/movement_core:/home/paulo/edromufu/src/movement/Ros2_change/install/movement_pages:/home/paulo/edromufu/src/movement/Ros2_change/install/movement_functions:/home/paulo/edromufu/src/movement/Ros2_change/install/humanoid_definition:/home/paulo/edromufu/src/movement/Ros2_change/install/kinematic_functions:/home/paulo/edromufu/src/movement/Ros2_change/install/erro_package:/home/paulo/edromufu/src/movement/Ros2_change/install/pot_package:/opt/ros/humble /usr/bin/cmake --install /home/paulo/edromufu/src/movement/Ros2_change/build/urdf_example
[0.949s] INFO:colcon.colcon_core.shell:Creating environment hook '/home/paulo/edromufu/src/movement/Ros2_change/install/urdf_example/share/urdf_example/hook/cmake_prefix_path.sh'
[0.949s] Level 1:colcon.colcon_core.environment:checking '/home/paulo/edromufu/src/movement/Ros2_change/install/urdf_example/bin'
[0.949s] Level 1:colcon.colcon_core.environment:checking '/home/paulo/edromufu/src/movement/Ros2_change/install/urdf_example/lib/pkgconfig/urdf_example.pc'
[0.950s] Level 1:colcon.colcon_core.environment:checking '/home/paulo/edromufu/src/movement/Ros2_change/install/urdf_example/lib/python3.10/site-packages'
[0.950s] Level 1:colcon.colcon_core.environment:checking '/home/paulo/edromufu/src/movement/Ros2_change/install/urdf_example/bin'
[0.950s] INFO:colcon.colcon_core.shell:Creating package script '/home/paulo/edromufu/src/movement/Ros2_change/install/urdf_example/share/urdf_example/package.ps1'
[0.951s] INFO:colcon.colcon_core.shell:Creating package descriptor '/home/paulo/edromufu/src/movement/Ros2_change/install/urdf_example/share/urdf_example/package.dsv'
[0.951s] INFO:colcon.colcon_core.shell:Creating package script '/home/paulo/edromufu/src/movement/Ros2_change/install/urdf_example/share/urdf_example/package.sh'
[0.952s] INFO:colcon.colcon_core.shell:Creating package script '/home/paulo/edromufu/src/movement/Ros2_change/install/urdf_example/share/urdf_example/package.bash'
[0.952s] INFO:colcon.colcon_core.shell:Creating package script '/home/paulo/edromufu/src/movement/Ros2_change/install/urdf_example/share/urdf_example/package.zsh'
[0.953s] Level 1:colcon.colcon_core.environment:create_file_with_runtime_dependencies(/home/paulo/edromufu/src/movement/Ros2_change/install/urdf_example/share/colcon-core/packages/urdf_example)
[0.954s] Level 1:colcon.colcon_core.environment:create_environment_scripts_only(urdf_robox)
[0.955s] Level 1:colcon.colcon_core.environment:checking '/home/paulo/edromufu/src/movement/Ros2_change/install/urdf_robox' for CMake module files
[0.955s] DEBUG:colcon.colcon_core.event_handler.log_command:Invoked command in '/home/paulo/edromufu/src/movement/Ros2_change/build/urdf_robox' returned '0': CMAKE_PREFIX_PATH=${CMAKE_PREFIX_PATH}:/home/paulo/edromufu/src/movement/Ros2_change/install/u2d2_comm:/home/paulo/edromufu/src/movement/Ros2_change/install/tahara_pages:/home/paulo/edromufu/src/movement/Ros2_change/install/movement_core:/home/paulo/edromufu/src/movement/Ros2_change/install/movement_pages:/home/paulo/edromufu/src/movement/Ros2_change/install/movement_functions:/home/paulo/edromufu/src/movement/Ros2_change/install/humanoid_definition:/home/paulo/edromufu/src/movement/Ros2_change/install/kinematic_functions:/home/paulo/edromufu/src/movement/Ros2_change/install/erro_package:/home/paulo/edromufu/src/movement/Ros2_change/install/pot_package:/opt/ros/humble /usr/bin/cmake --install /home/paulo/edromufu/src/movement/Ros2_change/build/urdf_robox
[0.956s] Level 1:colcon.colcon_core.environment:checking '/home/paulo/edromufu/src/movement/Ros2_change/install/urdf_robox' for CMake config files
[0.957s] Level 1:colcon.colcon_core.shell:create_environment_hook('urdf_robox', 'cmake_prefix_path')
[0.957s] INFO:colcon.colcon_core.shell:Creating environment hook '/home/paulo/edromufu/src/movement/Ros2_change/install/urdf_robox/share/urdf_robox/hook/cmake_prefix_path.ps1'
[0.958s] INFO:colcon.colcon_core.shell:Creating environment descriptor '/home/paulo/edromufu/src/movement/Ros2_change/install/urdf_robox/share/urdf_robox/hook/cmake_prefix_path.dsv'
[0.958s] INFO:colcon.colcon_core.shell:Creating environment hook '/home/paulo/edromufu/src/movement/Ros2_change/install/urdf_robox/share/urdf_robox/hook/cmake_prefix_path.sh'
[0.959s] Level 1:colcon.colcon_core.environment:checking '/home/paulo/edromufu/src/movement/Ros2_change/install/urdf_robox/bin'
[0.959s] Level 1:colcon.colcon_core.environment:checking '/home/paulo/edromufu/src/movement/Ros2_change/install/urdf_robox/lib/pkgconfig/urdf_robox.pc'
[0.959s] Level 1:colcon.colcon_core.environment:checking '/home/paulo/edromufu/src/movement/Ros2_change/install/urdf_robox/lib/python3.10/site-packages'
[0.960s] Level 1:colcon.colcon_core.environment:checking '/home/paulo/edromufu/src/movement/Ros2_change/install/urdf_robox/bin'
[0.960s] INFO:colcon.colcon_core.shell:Creating package script '/home/paulo/edromufu/src/movement/Ros2_change/install/urdf_robox/share/urdf_robox/package.ps1'
[0.961s] INFO:colcon.colcon_core.shell:Creating package descriptor '/home/paulo/edromufu/src/movement/Ros2_change/install/urdf_robox/share/urdf_robox/package.dsv'
[0.961s] INFO:colcon.colcon_core.shell:Creating package script '/home/paulo/edromufu/src/movement/Ros2_change/install/urdf_robox/share/urdf_robox/package.sh'
[0.962s] INFO:colcon.colcon_core.shell:Creating package script '/home/paulo/edromufu/src/movement/Ros2_change/install/urdf_robox/share/urdf_robox/package.bash'
[0.962s] INFO:colcon.colcon_core.shell:Creating package script '/home/paulo/edromufu/src/movement/Ros2_change/install/urdf_robox/share/urdf_robox/package.zsh'
[0.963s] Level 1:colcon.colcon_core.environment:create_file_with_runtime_dependencies(/home/paulo/edromufu/src/movement/Ros2_change/install/urdf_robox/share/colcon-core/packages/urdf_robox)
[0.965s] Level 1:colcon.colcon_core.environment:create_environment_scripts_only(humanoid_visualization)
[0.965s] Level 1:colcon.colcon_core.environment:checking '/home/paulo/edromufu/src/movement/Ros2_change/install/humanoid_visualization' for CMake module files
[0.966s] Level 1:colcon.colcon_core.environment:checking '/home/paulo/edromufu/src/movement/Ros2_change/install/humanoid_visualization' for CMake config files
[0.966s] Level 1:colcon.colcon_core.shell:create_environment_hook('humanoid_visualization', 'cmake_prefix_path')
[0.967s] INFO:colcon.colcon_core.shell:Creating environment hook '/home/paulo/edromufu/src/movement/Ros2_change/install/humanoid_visualization/share/humanoid_visualization/hook/cmake_prefix_path.ps1'
[0.968s] INFO:colcon.colcon_core.shell:Creating environment descriptor '/home/paulo/edromufu/src/movement/Ros2_change/install/humanoid_visualization/share/humanoid_visualization/hook/cmake_prefix_path.dsv'
[0.968s] INFO:colcon.colcon_core.shell:Creating environment hook '/home/paulo/edromufu/src/movement/Ros2_change/install/humanoid_visualization/share/humanoid_visualization/hook/cmake_prefix_path.sh'
[0.969s] Level 1:colcon.colcon_core.environment:checking '/home/paulo/edromufu/src/movement/Ros2_change/install/humanoid_visualization/bin'
[0.969s] Level 1:colcon.colcon_core.environment:checking '/home/paulo/edromufu/src/movement/Ros2_change/install/humanoid_visualization/lib/pkgconfig/humanoid_visualization.pc'
[0.969s] Level 1:colcon.colcon_core.environment:checking '/home/paulo/edromufu/src/movement/Ros2_change/install/humanoid_visualization/lib/python3.10/site-packages'
[0.970s] Level 1:colcon.colcon_core.environment:checking '/home/paulo/edromufu/src/movement/Ros2_change/install/humanoid_visualization/bin'
[0.970s] INFO:colcon.colcon_core.shell:Creating package script '/home/paulo/edromufu/src/movement/Ros2_change/install/humanoid_visualization/share/humanoid_visualization/package.ps1'
[0.971s] INFO:colcon.colcon_core.shell:Creating package descriptor '/home/paulo/edromufu/src/movement/Ros2_change/install/humanoid_visualization/share/humanoid_visualization/package.dsv'
[0.972s] INFO:colcon.colcon_core.shell:Creating package script '/home/paulo/edromufu/src/movement/Ros2_change/install/humanoid_visualization/share/humanoid_visualization/package.sh'
[0.973s] INFO:colcon.colcon_core.shell:Creating package script '/home/paulo/edromufu/src/movement/Ros2_change/install/humanoid_visualization/share/humanoid_visualization/package.bash'
[0.973s] INFO:colcon.colcon_core.shell:Creating package script '/home/paulo/edromufu/src/movement/Ros2_change/install/humanoid_visualization/share/humanoid_visualization/package.zsh'
[0.974s] Level 1:colcon.colcon_core.environment:create_file_with_runtime_dependencies(/home/paulo/edromufu/src/movement/Ros2_change/install/humanoid_visualization/share/colcon-core/packages/humanoid_visualization)
[0.977s] Level 1:colcon.colcon_core.environment:create_environment_scripts_only(urdf_example)
[0.977s] Level 1:colcon.colcon_core.environment:checking '/home/paulo/edromufu/src/movement/Ros2_change/install/urdf_example' for CMake module files
[0.979s] DEBUG:colcon.colcon_core.event_handler.log_command:Invoking command in '/home/paulo/edromufu/src/movement/Ros2_change/build/micro_ros_msgs': CMAKE_PREFIX_PATH=${CMAKE_PREFIX_PATH}:/home/paulo/edromufu/src/movement/Ros2_change/install/u2d2_comm:/home/paulo/edromufu/src/movement/Ros2_change/install/tahara_pages:/home/paulo/edromufu/src/movement/Ros2_change/install/movement_core:/home/paulo/edromufu/src/movement/Ros2_change/install/movement_pages:/home/paulo/edromufu/src/movement/Ros2_change/install/movement_functions:/home/paulo/edromufu/src/movement/Ros2_change/install/humanoid_definition:/home/paulo/edromufu/src/movement/Ros2_change/install/kinematic_functions:/home/paulo/edromufu/src/movement/Ros2_change/install/erro_package:/home/paulo/edromufu/src/movement/Ros2_change/install/pot_package:/opt/ros/humble /usr/bin/cmake --install /home/paulo/edromufu/src/movement/Ros2_change/build/micro_ros_msgs
[0.979s] Level 1:colcon.colcon_core.environment:checking '/home/paulo/edromufu/src/movement/Ros2_change/install/urdf_example' for CMake config files
[0.979s] Level 1:colcon.colcon_core.shell:create_environment_hook('urdf_example', 'cmake_prefix_path')
[0.980s] INFO:colcon.colcon_core.shell:Creating environment hook '/home/paulo/edromufu/src/movement/Ros2_change/install/urdf_example/share/urdf_example/hook/cmake_prefix_path.ps1'
[0.981s] INFO:colcon.colcon_core.shell:Creating environment descriptor '/home/paulo/edromufu/src/movement/Ros2_change/install/urdf_example/share/urdf_example/hook/cmake_prefix_path.dsv'
[0.981s] INFO:colcon.colcon_core.shell:Creating environment hook '/home/paulo/edromufu/src/movement/Ros2_change/install/urdf_example/share/urdf_example/hook/cmake_prefix_path.sh'
[0.982s] Level 1:colcon.colcon_core.environment:checking '/home/paulo/edromufu/src/movement/Ros2_change/install/urdf_example/bin'
[0.982s] Level 1:colcon.colcon_core.environment:checking '/home/paulo/edromufu/src/movement/Ros2_change/install/urdf_example/lib/pkgconfig/urdf_example.pc'
[0.983s] Level 1:colcon.colcon_core.environment:checking '/home/paulo/edromufu/src/movement/Ros2_change/install/urdf_example/lib/python3.10/site-packages'
[0.983s] Level 1:colcon.colcon_core.environment:checking '/home/paulo/edromufu/src/movement/Ros2_change/install/urdf_example/bin'
[0.983s] INFO:colcon.colcon_core.shell:Creating package script '/home/paulo/edromufu/src/movement/Ros2_change/install/urdf_example/share/urdf_example/package.ps1'
[0.984s] INFO:colcon.colcon_core.shell:Creating package descriptor '/home/paulo/edromufu/src/movement/Ros2_change/install/urdf_example/share/urdf_example/package.dsv'
[0.985s] INFO:colcon.colcon_core.shell:Creating package script '/home/paulo/edromufu/src/movement/Ros2_change/install/urdf_example/share/urdf_example/package.sh'
[0.985s] INFO:colcon.colcon_core.shell:Creating package script '/home/paulo/edromufu/src/movement/Ros2_change/install/urdf_example/share/urdf_example/package.bash'
[0.987s] INFO:colcon.colcon_core.shell:Creating package script '/home/paulo/edromufu/src/movement/Ros2_change/install/urdf_example/share/urdf_example/package.zsh'
[0.990s] Level 1:colcon.colcon_core.environment:create_file_with_runtime_dependencies(/home/paulo/edromufu/src/movement/Ros2_change/install/urdf_example/share/colcon-core/packages/urdf_example)
[0.992s] Level 1:colcon.colcon_core.environment:create_environment_scripts_only(urdf_robox)
[0.992s] Level 1:colcon.colcon_core.environment:checking '/home/paulo/edromufu/src/movement/Ros2_change/install/urdf_robox' for CMake module files
[0.994s] Level 1:colcon.colcon_core.environment:checking '/home/paulo/edromufu/src/movement/Ros2_change/install/urdf_robox' for CMake config files
[0.998s] Level 1:colcon.colcon_core.shell:create_environment_hook('urdf_robox', 'cmake_prefix_path')
[0.998s] INFO:colcon.colcon_core.shell:Creating environment hook '/home/paulo/edromufu/src/movement/Ros2_change/install/urdf_robox/share/urdf_robox/hook/cmake_prefix_path.ps1'
[0.999s] INFO:colcon.colcon_core.shell:Creating environment descriptor '/home/paulo/edromufu/src/movement/Ros2_change/install/urdf_robox/share/urdf_robox/hook/cmake_prefix_path.dsv'
[0.999s] INFO:colcon.colcon_core.shell:Creating environment hook '/home/paulo/edromufu/src/movement/Ros2_change/install/urdf_robox/share/urdf_robox/hook/cmake_prefix_path.sh'
[1.000s] Level 1:colcon.colcon_core.environment:checking '/home/paulo/edromufu/src/movement/Ros2_change/install/urdf_robox/bin'
[1.000s] Level 1:colcon.colcon_core.environment:checking '/home/paulo/edromufu/src/movement/Ros2_change/install/urdf_robox/lib/pkgconfig/urdf_robox.pc'
[1.000s] Level 1:colcon.colcon_core.environment:checking '/home/paulo/edromufu/src/movement/Ros2_change/install/urdf_robox/lib/python3.10/site-packages'
[1.000s] Level 1:colcon.colcon_core.environment:checking '/home/paulo/edromufu/src/movement/Ros2_change/install/urdf_robox/bin'
[1.001s] INFO:colcon.colcon_core.shell:Creating package script '/home/paulo/edromufu/src/movement/Ros2_change/install/urdf_robox/share/urdf_robox/package.ps1'
[1.001s] INFO:colcon.colcon_core.shell:Creating package descriptor '/home/paulo/edromufu/src/movement/Ros2_change/install/urdf_robox/share/urdf_robox/package.dsv'
[1.002s] INFO:colcon.colcon_core.shell:Creating package script '/home/paulo/edromufu/src/movement/Ros2_change/install/urdf_robox/share/urdf_robox/package.sh'
[1.003s] INFO:colcon.colcon_core.shell:Creating package script '/home/paulo/edromufu/src/movement/Ros2_change/install/urdf_robox/share/urdf_robox/package.bash'
[1.003s] INFO:colcon.colcon_core.shell:Creating package script '/home/paulo/edromufu/src/movement/Ros2_change/install/urdf_robox/share/urdf_robox/package.zsh'
[1.004s] Level 1:colcon.colcon_core.environment:create_file_with_runtime_dependencies(/home/paulo/edromufu/src/movement/Ros2_change/install/urdf_robox/share/colcon-core/packages/urdf_robox)
[1.037s] Level 1:colcon.colcon_core.environment:create_environment_scripts_only(micro_ros_msgs)
[1.038s] Level 1:colcon.colcon_core.environment:checking '/home/paulo/edromufu/src/movement/Ros2_change/install/micro_ros_msgs' for CMake module files
[1.038s] DEBUG:colcon.colcon_core.event_handler.log_command:Invoked command in '/home/paulo/edromufu/src/movement/Ros2_change/build/micro_ros_msgs' returned '0': CMAKE_PREFIX_PATH=${CMAKE_PREFIX_PATH}:/home/paulo/edromufu/src/movement/Ros2_change/install/u2d2_comm:/home/paulo/edromufu/src/movement/Ros2_change/install/tahara_pages:/home/paulo/edromufu/src/movement/Ros2_change/install/movement_core:/home/paulo/edromufu/src/movement/Ros2_change/install/movement_pages:/home/paulo/edromufu/src/movement/Ros2_change/install/movement_functions:/home/paulo/edromufu/src/movement/Ros2_change/install/humanoid_definition:/home/paulo/edromufu/src/movement/Ros2_change/install/kinematic_functions:/home/paulo/edromufu/src/movement/Ros2_change/install/erro_package:/home/paulo/edromufu/src/movement/Ros2_change/install/pot_package:/opt/ros/humble /usr/bin/cmake --install /home/paulo/edromufu/src/movement/Ros2_change/build/micro_ros_msgs
[1.039s] Level 1:colcon.colcon_core.environment:checking '/home/paulo/edromufu/src/movement/Ros2_change/install/micro_ros_msgs' for CMake config files
[1.039s] Level 1:colcon.colcon_core.shell:create_environment_hook('micro_ros_msgs', 'cmake_prefix_path')
[1.040s] INFO:colcon.colcon_core.shell:Creating environment hook '/home/paulo/edromufu/src/movement/Ros2_change/install/micro_ros_msgs/share/micro_ros_msgs/hook/cmake_prefix_path.ps1'
[1.040s] INFO:colcon.colcon_core.shell:Creating environment descriptor '/home/paulo/edromufu/src/movement/Ros2_change/install/micro_ros_msgs/share/micro_ros_msgs/hook/cmake_prefix_path.dsv'
[1.041s] INFO:colcon.colcon_core.shell:Creating environment hook '/home/paulo/edromufu/src/movement/Ros2_change/install/micro_ros_msgs/share/micro_ros_msgs/hook/cmake_prefix_path.sh'
[1.041s] Level 1:colcon.colcon_core.environment:checking '/home/paulo/edromufu/src/movement/Ros2_change/install/micro_ros_msgs/lib'
[1.042s] Level 1:colcon.colcon_core.shell:create_environment_hook('micro_ros_msgs', 'ld_library_path_lib')
[1.042s] INFO:colcon.colcon_core.shell:Creating environment hook '/home/paulo/edromufu/src/movement/Ros2_change/install/micro_ros_msgs/share/micro_ros_msgs/hook/ld_library_path_lib.ps1'
[1.042s] INFO:colcon.colcon_core.shell:Creating environment descriptor '/home/paulo/edromufu/src/movement/Ros2_change/install/micro_ros_msgs/share/micro_ros_msgs/hook/ld_library_path_lib.dsv'
[1.043s] INFO:colcon.colcon_core.shell:Creating environment hook '/home/paulo/edromufu/src/movement/Ros2_change/install/micro_ros_msgs/share/micro_ros_msgs/hook/ld_library_path_lib.sh'
[1.043s] Level 1:colcon.colcon_core.environment:checking '/home/paulo/edromufu/src/movement/Ros2_change/install/micro_ros_msgs/bin'
[1.044s] Level 1:colcon.colcon_core.environment:checking '/home/paulo/edromufu/src/movement/Ros2_change/install/micro_ros_msgs/lib/pkgconfig/micro_ros_msgs.pc'
[1.044s] Level 1:colcon.colcon_core.environment:checking '/home/paulo/edromufu/src/movement/Ros2_change/install/micro_ros_msgs/lib/python3.10/site-packages'
[1.044s] Level 1:colcon.colcon_core.environment:checking '/home/paulo/edromufu/src/movement/Ros2_change/install/micro_ros_msgs/bin'
[1.045s] INFO:colcon.colcon_core.shell:Creating package script '/home/paulo/edromufu/src/movement/Ros2_change/install/micro_ros_msgs/share/micro_ros_msgs/package.ps1'
[1.045s] INFO:colcon.colcon_core.shell:Creating package descriptor '/home/paulo/edromufu/src/movement/Ros2_change/install/micro_ros_msgs/share/micro_ros_msgs/package.dsv'
[1.046s] INFO:colcon.colcon_core.shell:Creating package script '/home/paulo/edromufu/src/movement/Ros2_change/install/micro_ros_msgs/share/micro_ros_msgs/package.sh'
[1.047s] INFO:colcon.colcon_core.shell:Creating package script '/home/paulo/edromufu/src/movement/Ros2_change/install/micro_ros_msgs/share/micro_ros_msgs/package.bash'
[1.047s] INFO:colcon.colcon_core.shell:Creating package script '/home/paulo/edromufu/src/movement/Ros2_change/install/micro_ros_msgs/share/micro_ros_msgs/package.zsh'
[1.048s] Level 1:colcon.colcon_core.environment:create_file_with_runtime_dependencies(/home/paulo/edromufu/src/movement/Ros2_change/install/micro_ros_msgs/share/colcon-core/packages/micro_ros_msgs)
[1.059s] DEBUG:colcon.colcon_core.event_handler.log_command:Invoking command in '/home/paulo/edromufu/src/movement/Ros2_change/build/movement_utils': CMAKE_PREFIX_PATH=${CMAKE_PREFIX_PATH}:/home/paulo/edromufu/src/movement/Ros2_change/install/u2d2_comm:/home/paulo/edromufu/src/movement/Ros2_change/install/tahara_pages:/home/paulo/edromufu/src/movement/Ros2_change/install/movement_core:/home/paulo/edromufu/src/movement/Ros2_change/install/movement_pages:/home/paulo/edromufu/src/movement/Ros2_change/install/movement_functions:/home/paulo/edromufu/src/movement/Ros2_change/install/humanoid_definition:/home/paulo/edromufu/src/movement/Ros2_change/install/kinematic_functions:/home/paulo/edromufu/src/movement/Ros2_change/install/erro_package:/home/paulo/edromufu/src/movement/Ros2_change/install/pot_package:/opt/ros/humble /usr/bin/cmake --install /home/paulo/edromufu/src/movement/Ros2_change/build/movement_utils
[1.135s] Level 1:colcon.colcon_core.environment:create_environment_scripts_only(micro_ros_msgs)
[1.135s] Level 1:colcon.colcon_core.environment:checking '/home/paulo/edromufu/src/movement/Ros2_change/install/micro_ros_msgs' for CMake module files
[1.136s] Level 1:colcon.colcon_core.environment:checking '/home/paulo/edromufu/src/movement/Ros2_change/install/micro_ros_msgs' for CMake config files
[1.139s] Level 1:colcon.colcon_core.shell:create_environment_hook('micro_ros_msgs', 'cmake_prefix_path')
[1.139s] INFO:colcon.colcon_core.shell:Creating environment hook '/home/paulo/edromufu/src/movement/Ros2_change/install/micro_ros_msgs/share/micro_ros_msgs/hook/cmake_prefix_path.ps1'
[1.140s] INFO:colcon.colcon_core.shell:Creating environment descriptor '/home/paulo/edromufu/src/movement/Ros2_change/install/micro_ros_msgs/share/micro_ros_msgs/hook/cmake_prefix_path.dsv'
[1.140s] INFO:colcon.colcon_core.shell:Creating environment hook '/home/paulo/edromufu/src/movement/Ros2_change/install/micro_ros_msgs/share/micro_ros_msgs/hook/cmake_prefix_path.sh'
[1.141s] Level 1:colcon.colcon_core.environment:checking '/home/paulo/edromufu/src/movement/Ros2_change/install/micro_ros_msgs/lib'
[1.141s] Level 1:colcon.colcon_core.shell:create_environment_hook('micro_ros_msgs', 'ld_library_path_lib')
[1.141s] INFO:colcon.colcon_core.shell:Creating environment hook '/home/paulo/edromufu/src/movement/Ros2_change/install/micro_ros_msgs/share/micro_ros_msgs/hook/ld_library_path_lib.ps1'
[1.142s] INFO:colcon.colcon_core.shell:Creating environment descriptor '/home/paulo/edromufu/src/movement/Ros2_change/install/micro_ros_msgs/share/micro_ros_msgs/hook/ld_library_path_lib.dsv'
[1.142s] INFO:colcon.colcon_core.shell:Creating environment hook '/home/paulo/edromufu/src/movement/Ros2_change/install/micro_ros_msgs/share/micro_ros_msgs/hook/ld_library_path_lib.sh'
[1.142s] Level 1:colcon.colcon_core.environment:checking '/home/paulo/edromufu/src/movement/Ros2_change/install/micro_ros_msgs/bin'
[1.142s] Level 1:colcon.colcon_core.environment:checking '/home/paulo/edromufu/src/movement/Ros2_change/install/micro_ros_msgs/lib/pkgconfig/micro_ros_msgs.pc'
[1.142s] Level 1:colcon.colcon_core.environment:checking '/home/paulo/edromufu/src/movement/Ros2_change/install/micro_ros_msgs/lib/python3.10/site-packages'
[1.142s] Level 1:colcon.colcon_core.environment:checking '/home/paulo/edromufu/src/movement/Ros2_change/install/micro_ros_msgs/bin'
[1.143s] INFO:colcon.colcon_core.shell:Creating package script '/home/paulo/edromufu/src/movement/Ros2_change/install/micro_ros_msgs/share/micro_ros_msgs/package.ps1'
[1.143s] INFO:colcon.colcon_core.shell:Creating package descriptor '/home/paulo/edromufu/src/movement/Ros2_change/install/micro_ros_msgs/share/micro_ros_msgs/package.dsv'
[1.143s] INFO:colcon.colcon_core.shell:Creating package script '/home/paulo/edromufu/src/movement/Ros2_change/install/micro_ros_msgs/share/micro_ros_msgs/package.sh'
[1.144s] INFO:colcon.colcon_core.shell:Creating package script '/home/paulo/edromufu/src/movement/Ros2_change/install/micro_ros_msgs/share/micro_ros_msgs/package.bash'
[1.144s] INFO:colcon.colcon_core.shell:Creating package script '/home/paulo/edromufu/src/movement/Ros2_change/install/micro_ros_msgs/share/micro_ros_msgs/package.zsh'
[1.144s] Level 1:colcon.colcon_core.environment:create_file_with_runtime_dependencies(/home/paulo/edromufu/src/movement/Ros2_change/install/micro_ros_msgs/share/colcon-core/packages/micro_ros_msgs)
[1.144s] INFO:colcon.colcon_ros.task.ament_cmake.build:Building ROS package in '/home/paulo/edromufu/src/movement/Ros2_change/src/micro_ros/uros/micro-ROS-Agent/micro_ros_agent' with build type 'ament_cmake'
[1.145s] INFO:colcon.colcon_cmake.task.cmake.build:Building CMake package in '/home/paulo/edromufu/src/movement/Ros2_change/src/micro_ros/uros/micro-ROS-Agent/micro_ros_agent'
[1.145s] INFO:colcon.colcon_core.shell:Skip shell extension 'powershell' for command environment: Not usable outside of PowerShell
[1.145s] DEBUG:colcon.colcon_core.shell:Skip shell extension 'dsv' for command environment
[1.148s] Level 1:colcon.colcon_core.environment:create_environment_scripts_only(movement_utils)
[1.148s] Level 1:colcon.colcon_core.environment:checking '/home/paulo/edromufu/src/movement/Ros2_change/install/movement_utils' for CMake module files
[1.149s] DEBUG:colcon.colcon_core.event_handler.log_command:Invoked command in '/home/paulo/edromufu/src/movement/Ros2_change/build/movement_utils' returned '0': CMAKE_PREFIX_PATH=${CMAKE_PREFIX_PATH}:/home/paulo/edromufu/src/movement/Ros2_change/install/u2d2_comm:/home/paulo/edromufu/src/movement/Ros2_change/install/tahara_pages:/home/paulo/edromufu/src/movement/Ros2_change/install/movement_core:/home/paulo/edromufu/src/movement/Ros2_change/install/movement_pages:/home/paulo/edromufu/src/movement/Ros2_change/install/movement_functions:/home/paulo/edromufu/src/movement/Ros2_change/install/humanoid_definition:/home/paulo/edromufu/src/movement/Ros2_change/install/kinematic_functions:/home/paulo/edromufu/src/movement/Ros2_change/install/erro_package:/home/paulo/edromufu/src/movement/Ros2_change/install/pot_package:/opt/ros/humble /usr/bin/cmake --install /home/paulo/edromufu/src/movement/Ros2_change/build/movement_utils
[1.149s] Level 1:colcon.colcon_core.environment:checking '/home/paulo/edromufu/src/movement/Ros2_change/install/movement_utils' for CMake config files
[1.150s] Level 1:colcon.colcon_core.shell:create_environment_hook('movement_utils', 'cmake_prefix_path')
[1.150s] INFO:colcon.colcon_core.shell:Creating environment hook '/home/paulo/edromufu/src/movement/Ros2_change/install/movement_utils/share/movement_utils/hook/cmake_prefix_path.ps1'
[1.150s] INFO:colcon.colcon_core.shell:Creating environment descriptor '/home/paulo/edromufu/src/movement/Ros2_change/install/movement_utils/share/movement_utils/hook/cmake_prefix_path.dsv'
[1.151s] INFO:colcon.colcon_core.shell:Creating environment hook '/home/paulo/edromufu/src/movement/Ros2_change/install/movement_utils/share/movement_utils/hook/cmake_prefix_path.sh'
[1.151s] Level 1:colcon.colcon_core.environment:checking '/home/paulo/edromufu/src/movement/Ros2_change/install/movement_utils/lib'
[1.151s] Level 1:colcon.colcon_core.shell:create_environment_hook('movement_utils', 'ld_library_path_lib')
[1.151s] INFO:colcon.colcon_core.shell:Creating environment hook '/home/paulo/edromufu/src/movement/Ros2_change/install/movement_utils/share/movement_utils/hook/ld_library_path_lib.ps1'
[1.151s] INFO:colcon.colcon_core.shell:Creating environment descriptor '/home/paulo/edromufu/src/movement/Ros2_change/install/movement_utils/share/movement_utils/hook/ld_library_path_lib.dsv'
[1.152s] INFO:colcon.colcon_core.shell:Creating environment hook '/home/paulo/edromufu/src/movement/Ros2_change/install/movement_utils/share/movement_utils/hook/ld_library_path_lib.sh'
[1.152s] Level 1:colcon.colcon_core.environment:checking '/home/paulo/edromufu/src/movement/Ros2_change/install/movement_utils/bin'
[1.152s] Level 1:colcon.colcon_core.environment:checking '/home/paulo/edromufu/src/movement/Ros2_change/install/movement_utils/lib/pkgconfig/movement_utils.pc'
[1.152s] Level 1:colcon.colcon_core.environment:checking '/home/paulo/edromufu/src/movement/Ros2_change/install/movement_utils/lib/python3.10/site-packages'
[1.152s] Level 1:colcon.colcon_core.environment:checking '/home/paulo/edromufu/src/movement/Ros2_change/install/movement_utils/bin'
[1.152s] INFO:colcon.colcon_core.shell:Creating package script '/home/paulo/edromufu/src/movement/Ros2_change/install/movement_utils/share/movement_utils/package.ps1'
[1.153s] INFO:colcon.colcon_core.shell:Creating package descriptor '/home/paulo/edromufu/src/movement/Ros2_change/install/movement_utils/share/movement_utils/package.dsv'
[1.153s] INFO:colcon.colcon_core.shell:Creating package script '/home/paulo/edromufu/src/movement/Ros2_change/install/movement_utils/share/movement_utils/package.sh'
[1.153s] INFO:colcon.colcon_core.shell:Creating package script '/home/paulo/edromufu/src/movement/Ros2_change/install/movement_utils/share/movement_utils/package.bash'
[1.153s] INFO:colcon.colcon_core.shell:Creating package script '/home/paulo/edromufu/src/movement/Ros2_change/install/movement_utils/share/movement_utils/package.zsh'
[1.153s] Level 1:colcon.colcon_core.environment:create_file_with_runtime_dependencies(/home/paulo/edromufu/src/movement/Ros2_change/install/movement_utils/share/colcon-core/packages/movement_utils)
[1.156s] DEBUG:colcon.colcon_core.event_handler.log_command:Invoking command in '/home/paulo/edromufu/src/movement/Ros2_change/build/micro_ros_agent': CMAKE_PREFIX_PATH=/home/paulo/edromufu/src/movement/Ros2_change/install/micro_ros_msgs:/home/paulo/edromufu/src/movement/Ros2_change/install/urdf_robox:/home/paulo/edromufu/src/movement/Ros2_change/install/urdf_example:/home/paulo/edromufu/src/movement/Ros2_change/install/movement_utils:/home/paulo/edromufu/src/movement/Ros2_change/install/humanoid_visualization:/home/paulo/edromufu/src/movement/Ros2_change/install/micro_ros_agent:/home/paulo/edromufu/src/movement/Ros2_change/install/u2d2_comm:/home/paulo/edromufu/src/movement/Ros2_change/install/tahara_pages:/home/paulo/edromufu/src/movement/Ros2_change/install/movement_core:/home/paulo/edromufu/src/movement/Ros2_change/install/movement_pages:/home/paulo/edromufu/src/movement/Ros2_change/install/movement_functions:/home/paulo/edromufu/src/movement/Ros2_change/install/humanoid_definition:/home/paulo/edromufu/src/movement/Ros2_change/install/kinematic_functions:/home/paulo/edromufu/src/movement/Ros2_change/install/erro_package:/home/paulo/edromufu/src/movement/Ros2_change/install/pot_package:/opt/ros/humble LD_LIBRARY_PATH=/home/paulo/edromufu/src/movement/Ros2_change/install/micro_ros_msgs/lib:/home/paulo/edromufu/src/movement/Ros2_change/install/movement_utils/lib:/home/paulo/edromufu/src/movement/Ros2_change/install/micro_ros_agent/lib:/usr/lib/x86_64-linux-gnu/gazebo-11/plugins:/opt/ros/humble/opt/rviz_ogre_vendor/lib:/opt/ros/humble/lib/x86_64-linux-gnu:/opt/ros/humble/lib /usr/bin/cmake --build /home/paulo/edromufu/src/movement/Ros2_change/build/micro_ros_agent -- -j12 -l12
[1.222s] DEBUG:colcon.colcon_core.event_handler.log_command:Invoking command in '/home/paulo/edromufu/src/movement/Ros2_change/src/erro_package': PYTHONPATH=/home/paulo/edromufu/src/movement/Ros2_change/build/erro_package/prefix_override:/usr/lib/python3/dist-packages/colcon_core/task/python/colcon_distutils_commands:/home/paulo/edromufu/src/movement/Ros2_change/install/erro_package/lib/python3.10/site-packages:${PYTHONPATH} /usr/bin/python3 -W ignore:setup.py install is deprecated setup.py egg_info --egg-base ../../build/erro_package build --build-base /home/paulo/edromufu/src/movement/Ros2_change/build/erro_package/build install --record /home/paulo/edromufu/src/movement/Ros2_change/build/erro_package/install.log --single-version-externally-managed install_data
[1.227s] DEBUG:colcon.colcon_core.event_handler.log_command:Invoked command in '/home/paulo/edromufu/src/movement/Ros2_change/build/micro_ros_agent' returned '0': CMAKE_PREFIX_PATH=/home/paulo/edromufu/src/movement/Ros2_change/install/micro_ros_msgs:/home/paulo/edromufu/src/movement/Ros2_change/install/urdf_robox:/home/paulo/edromufu/src/movement/Ros2_change/install/urdf_example:/home/paulo/edromufu/src/movement/Ros2_change/install/movement_utils:/home/paulo/edromufu/src/movement/Ros2_change/install/humanoid_visualization:/home/paulo/edromufu/src/movement/Ros2_change/install/micro_ros_agent:/home/paulo/edromufu/src/movement/Ros2_change/install/u2d2_comm:/home/paulo/edromufu/src/movement/Ros2_change/install/tahara_pages:/home/paulo/edromufu/src/movement/Ros2_change/install/movement_core:/home/paulo/edromufu/src/movement/Ros2_change/install/movement_pages:/home/paulo/edromufu/src/movement/Ros2_change/install/movement_functions:/home/paulo/edromufu/src/movement/Ros2_change/install/humanoid_definition:/home/paulo/edromufu/src/movement/Ros2_change/install/kinematic_functions:/home/paulo/edromufu/src/movement/Ros2_change/install/erro_package:/home/paulo/edromufu/src/movement/Ros2_change/install/pot_package:/opt/ros/humble LD_LIBRARY_PATH=/home/paulo/edromufu/src/movement/Ros2_change/install/micro_ros_msgs/lib:/home/paulo/edromufu/src/movement/Ros2_change/install/movement_utils/lib:/home/paulo/edromufu/src/movement/Ros2_change/install/micro_ros_agent/lib:/usr/lib/x86_64-linux-gnu/gazebo-11/plugins:/opt/ros/humble/opt/rviz_ogre_vendor/lib:/opt/ros/humble/lib/x86_64-linux-gnu:/opt/ros/humble/lib /usr/bin/cmake --build /home/paulo/edromufu/src/movement/Ros2_change/build/micro_ros_agent -- -j12 -l12
[1.236s] DEBUG:colcon.colcon_core.event_handler.log_command:Invoking command in '/home/paulo/edromufu/src/movement/Ros2_change/src/tahara_pages': PYTHONPATH=/home/paulo/edromufu/src/movement/Ros2_change/build/tahara_pages/prefix_override:/usr/lib/python3/dist-packages/colcon_core/task/python/colcon_distutils_commands:/home/paulo/edromufu/src/movement/Ros2_change/install/tahara_pages/lib/python3.10/site-packages:${PYTHONPATH} /usr/bin/python3 -W ignore:setup.py install is deprecated setup.py egg_info --egg-base ../../build/tahara_pages build --build-base /home/paulo/edromufu/src/movement/Ros2_change/build/tahara_pages/build install --record /home/paulo/edromufu/src/movement/Ros2_change/build/tahara_pages/install.log --single-version-externally-managed install_data
[1.249s] DEBUG:colcon.colcon_core.event_handler.log_command:Invoking command in '/home/paulo/edromufu/src/movement/Ros2_change/src/kinematic_functions': PYTHONPATH=/home/paulo/edromufu/src/movement/Ros2_change/build/kinematic_functions/prefix_override:/usr/lib/python3/dist-packages/colcon_core/task/python/colcon_distutils_commands:/home/paulo/edromufu/src/movement/Ros2_change/install/kinematic_functions/lib/python3.10/site-packages:${PYTHONPATH} /usr/bin/python3 -W ignore:setup.py install is deprecated setup.py egg_info --egg-base ../../build/kinematic_functions build --build-base /home/paulo/edromufu/src/movement/Ros2_change/build/kinematic_functions/build install --record /home/paulo/edromufu/src/movement/Ros2_change/build/kinematic_functions/install.log --single-version-externally-managed install_data
[1.258s] DEBUG:colcon.colcon_core.event_handler.log_command:Invoking command in '/home/paulo/edromufu/src/movement/Ros2_change/build/micro_ros_agent': CMAKE_PREFIX_PATH=/home/paulo/edromufu/src/movement/Ros2_change/install/micro_ros_msgs:/home/paulo/edromufu/src/movement/Ros2_change/install/urdf_robox:/home/paulo/edromufu/src/movement/Ros2_change/install/urdf_example:/home/paulo/edromufu/src/movement/Ros2_change/install/movement_utils:/home/paulo/edromufu/src/movement/Ros2_change/install/humanoid_visualization:/home/paulo/edromufu/src/movement/Ros2_change/install/micro_ros_agent:/home/paulo/edromufu/src/movement/Ros2_change/install/u2d2_comm:/home/paulo/edromufu/src/movement/Ros2_change/install/tahara_pages:/home/paulo/edromufu/src/movement/Ros2_change/install/movement_core:/home/paulo/edromufu/src/movement/Ros2_change/install/movement_pages:/home/paulo/edromufu/src/movement/Ros2_change/install/movement_functions:/home/paulo/edromufu/src/movement/Ros2_change/install/humanoid_definition:/home/paulo/edromufu/src/movement/Ros2_change/install/kinematic_functions:/home/paulo/edromufu/src/movement/Ros2_change/install/erro_package:/home/paulo/edromufu/src/movement/Ros2_change/install/pot_package:/opt/ros/humble LD_LIBRARY_PATH=/home/paulo/edromufu/src/movement/Ros2_change/install/micro_ros_msgs/lib:/home/paulo/edromufu/src/movement/Ros2_change/install/movement_utils/lib:/home/paulo/edromufu/src/movement/Ros2_change/install/micro_ros_agent/lib:/usr/lib/x86_64-linux-gnu/gazebo-11/plugins:/opt/ros/humble/opt/rviz_ogre_vendor/lib:/opt/ros/humble/lib/x86_64-linux-gnu:/opt/ros/humble/lib /usr/bin/cmake --install /home/paulo/edromufu/src/movement/Ros2_change/build/micro_ros_agent
[1.265s] Level 1:colcon.colcon_core.environment:create_environment_scripts_only(micro_ros_agent)
[1.266s] Level 1:colcon.colcon_core.environment:checking '/home/paulo/edromufu/src/movement/Ros2_change/install/micro_ros_agent' for CMake module files
[1.266s] DEBUG:colcon.colcon_core.event_handler.log_command:Invoked command in '/home/paulo/edromufu/src/movement/Ros2_change/build/micro_ros_agent' returned '0': CMAKE_PREFIX_PATH=/home/paulo/edromufu/src/movement/Ros2_change/install/micro_ros_msgs:/home/paulo/edromufu/src/movement/Ros2_change/install/urdf_robox:/home/paulo/edromufu/src/movement/Ros2_change/install/urdf_example:/home/paulo/edromufu/src/movement/Ros2_change/install/movement_utils:/home/paulo/edromufu/src/movement/Ros2_change/install/humanoid_visualization:/home/paulo/edromufu/src/movement/Ros2_change/install/micro_ros_agent:/home/paulo/edromufu/src/movement/Ros2_change/install/u2d2_comm:/home/paulo/edromufu/src/movement/Ros2_change/install/tahara_pages:/home/paulo/edromufu/src/movement/Ros2_change/install/movement_core:/home/paulo/edromufu/src/movement/Ros2_change/install/movement_pages:/home/paulo/edromufu/src/movement/Ros2_change/install/movement_functions:/home/paulo/edromufu/src/movement/Ros2_change/install/humanoid_definition:/home/paulo/edromufu/src/movement/Ros2_change/install/kinematic_functions:/home/paulo/edromufu/src/movement/Ros2_change/install/erro_package:/home/paulo/edromufu/src/movement/Ros2_change/install/pot_package:/opt/ros/humble LD_LIBRARY_PATH=/home/paulo/edromufu/src/movement/Ros2_change/install/micro_ros_msgs/lib:/home/paulo/edromufu/src/movement/Ros2_change/install/movement_utils/lib:/home/paulo/edromufu/src/movement/Ros2_change/install/micro_ros_agent/lib:/usr/lib/x86_64-linux-gnu/gazebo-11/plugins:/opt/ros/humble/opt/rviz_ogre_vendor/lib:/opt/ros/humble/lib/x86_64-linux-gnu:/opt/ros/humble/lib /usr/bin/cmake --install /home/paulo/edromufu/src/movement/Ros2_change/build/micro_ros_agent
[1.267s] Level 1:colcon.colcon_core.environment:checking '/home/paulo/edromufu/src/movement/Ros2_change/install/micro_ros_agent' for CMake config files
[1.268s] Level 1:colcon.colcon_core.shell:create_environment_hook('micro_ros_agent', 'cmake_prefix_path')
[1.268s] INFO:colcon.colcon_core.shell:Creating environment hook '/home/paulo/edromufu/src/movement/Ros2_change/install/micro_ros_agent/share/micro_ros_agent/hook/cmake_prefix_path.ps1'
[1.268s] INFO:colcon.colcon_core.shell:Creating environment descriptor '/home/paulo/edromufu/src/movement/Ros2_change/install/micro_ros_agent/share/micro_ros_agent/hook/cmake_prefix_path.dsv'
[1.269s] INFO:colcon.colcon_core.shell:Creating environment hook '/home/paulo/edromufu/src/movement/Ros2_change/install/micro_ros_agent/share/micro_ros_agent/hook/cmake_prefix_path.sh'
[1.269s] Level 1:colcon.colcon_core.environment:checking '/home/paulo/edromufu/src/movement/Ros2_change/install/micro_ros_agent/lib'
[1.270s] Level 1:colcon.colcon_core.shell:create_environment_hook('micro_ros_agent', 'ld_library_path_lib')
[1.270s] INFO:colcon.colcon_core.shell:Creating environment hook '/home/paulo/edromufu/src/movement/Ros2_change/install/micro_ros_agent/share/micro_ros_agent/hook/ld_library_path_lib.ps1'
[1.270s] INFO:colcon.colcon_core.shell:Creating environment descriptor '/home/paulo/edromufu/src/movement/Ros2_change/install/micro_ros_agent/share/micro_ros_agent/hook/ld_library_path_lib.dsv'
[1.270s] INFO:colcon.colcon_core.shell:Creating environment hook '/home/paulo/edromufu/src/movement/Ros2_change/install/micro_ros_agent/share/micro_ros_agent/hook/ld_library_path_lib.sh'
[1.270s] Level 1:colcon.colcon_core.environment:checking '/home/paulo/edromufu/src/movement/Ros2_change/install/micro_ros_agent/bin'
[1.270s] Level 1:colcon.colcon_core.environment:checking '/home/paulo/edromufu/src/movement/Ros2_change/install/micro_ros_agent/lib/pkgconfig/micro_ros_agent.pc'
[1.271s] Level 1:colcon.colcon_core.environment:checking '/home/paulo/edromufu/src/movement/Ros2_change/install/micro_ros_agent/lib/python3.10/site-packages'
[1.271s] Level 1:colcon.colcon_core.environment:checking '/home/paulo/edromufu/src/movement/Ros2_change/install/micro_ros_agent/bin'
[1.271s] INFO:colcon.colcon_core.shell:Creating package script '/home/paulo/edromufu/src/movement/Ros2_change/install/micro_ros_agent/share/micro_ros_agent/package.ps1'
[1.271s] INFO:colcon.colcon_core.shell:Creating package descriptor '/home/paulo/edromufu/src/movement/Ros2_change/install/micro_ros_agent/share/micro_ros_agent/package.dsv'
[1.272s] INFO:colcon.colcon_core.shell:Creating package script '/home/paulo/edromufu/src/movement/Ros2_change/install/micro_ros_agent/share/micro_ros_agent/package.sh'
[1.272s] INFO:colcon.colcon_core.shell:Creating package script '/home/paulo/edromufu/src/movement/Ros2_change/install/micro_ros_agent/share/micro_ros_agent/package.bash'
[1.272s] INFO:colcon.colcon_core.shell:Creating package script '/home/paulo/edromufu/src/movement/Ros2_change/install/micro_ros_agent/share/micro_ros_agent/package.zsh'
[1.272s] Level 1:colcon.colcon_core.environment:create_file_with_runtime_dependencies(/home/paulo/edromufu/src/movement/Ros2_change/install/micro_ros_agent/share/colcon-core/packages/micro_ros_agent)
[1.307s] Level 1:colcon.colcon_core.environment:create_environment_scripts_only(micro_ros_agent)
[1.308s] Level 1:colcon.colcon_core.environment:checking '/home/paulo/edromufu/src/movement/Ros2_change/install/micro_ros_agent' for CMake module files
[1.308s] Level 1:colcon.colcon_core.environment:checking '/home/paulo/edromufu/src/movement/Ros2_change/install/micro_ros_agent' for CMake config files
[1.309s] Level 1:colcon.colcon_core.shell:create_environment_hook('micro_ros_agent', 'cmake_prefix_path')
[1.310s] INFO:colcon.colcon_core.shell:Creating environment hook '/home/paulo/edromufu/src/movement/Ros2_change/install/micro_ros_agent/share/micro_ros_agent/hook/cmake_prefix_path.ps1'
[1.310s] INFO:colcon.colcon_core.shell:Creating environment descriptor '/home/paulo/edromufu/src/movement/Ros2_change/install/micro_ros_agent/share/micro_ros_agent/hook/cmake_prefix_path.dsv'
[1.311s] INFO:colcon.colcon_core.shell:Creating environment hook '/home/paulo/edromufu/src/movement/Ros2_change/install/micro_ros_agent/share/micro_ros_agent/hook/cmake_prefix_path.sh'
[1.311s] Level 1:colcon.colcon_core.environment:checking '/home/paulo/edromufu/src/movement/Ros2_change/install/micro_ros_agent/lib'
[1.311s] Level 1:colcon.colcon_core.shell:create_environment_hook('micro_ros_agent', 'ld_library_path_lib')
[1.312s] INFO:colcon.colcon_core.shell:Creating environment hook '/home/paulo/edromufu/src/movement/Ros2_change/install/micro_ros_agent/share/micro_ros_agent/hook/ld_library_path_lib.ps1'
[1.312s] INFO:colcon.colcon_core.shell:Creating environment descriptor '/home/paulo/edromufu/src/movement/Ros2_change/install/micro_ros_agent/share/micro_ros_agent/hook/ld_library_path_lib.dsv'
[1.313s] INFO:colcon.colcon_core.shell:Creating environment hook '/home/paulo/edromufu/src/movement/Ros2_change/install/micro_ros_agent/share/micro_ros_agent/hook/ld_library_path_lib.sh'
[1.313s] Level 1:colcon.colcon_core.environment:checking '/home/paulo/edromufu/src/movement/Ros2_change/install/micro_ros_agent/bin'
[1.313s] Level 1:colcon.colcon_core.environment:checking '/home/paulo/edromufu/src/movement/Ros2_change/install/micro_ros_agent/lib/pkgconfig/micro_ros_agent.pc'
[1.313s] Level 1:colcon.colcon_core.environment:checking '/home/paulo/edromufu/src/movement/Ros2_change/install/micro_ros_agent/lib/python3.10/site-packages'
[1.314s] Level 1:colcon.colcon_core.environment:checking '/home/paulo/edromufu/src/movement/Ros2_change/install/micro_ros_agent/bin'
[1.314s] INFO:colcon.colcon_core.shell:Creating package script '/home/paulo/edromufu/src/movement/Ros2_change/install/micro_ros_agent/share/micro_ros_agent/package.ps1'
[1.315s] INFO:colcon.colcon_core.shell:Creating package descriptor '/home/paulo/edromufu/src/movement/Ros2_change/install/micro_ros_agent/share/micro_ros_agent/package.dsv'
[1.315s] INFO:colcon.colcon_core.shell:Creating package script '/home/paulo/edromufu/src/movement/Ros2_change/install/micro_ros_agent/share/micro_ros_agent/package.sh'
[1.316s] INFO:colcon.colcon_core.shell:Creating package script '/home/paulo/edromufu/src/movement/Ros2_change/install/micro_ros_agent/share/micro_ros_agent/package.bash'
[1.317s] INFO:colcon.colcon_core.shell:Creating package script '/home/paulo/edromufu/src/movement/Ros2_change/install/micro_ros_agent/share/micro_ros_agent/package.zsh'
[1.317s] Level 1:colcon.colcon_core.environment:create_file_with_runtime_dependencies(/home/paulo/edromufu/src/movement/Ros2_change/install/micro_ros_agent/share/colcon-core/packages/micro_ros_agent)
[1.345s] Level 1:colcon.colcon_core.environment:create_environment_scripts_only(movement_utils)
[1.345s] Level 1:colcon.colcon_core.environment:checking '/home/paulo/edromufu/src/movement/Ros2_change/install/movement_utils' for CMake module files
[1.345s] Level 1:colcon.colcon_core.environment:checking '/home/paulo/edromufu/src/movement/Ros2_change/install/movement_utils' for CMake config files
[1.346s] Level 1:colcon.colcon_core.shell:create_environment_hook('movement_utils', 'cmake_prefix_path')
[1.346s] INFO:colcon.colcon_core.shell:Creating environment hook '/home/paulo/edromufu/src/movement/Ros2_change/install/movement_utils/share/movement_utils/hook/cmake_prefix_path.ps1'
[1.346s] INFO:colcon.colcon_core.shell:Creating environment descriptor '/home/paulo/edromufu/src/movement/Ros2_change/install/movement_utils/share/movement_utils/hook/cmake_prefix_path.dsv'
[1.347s] INFO:colcon.colcon_core.shell:Creating environment hook '/home/paulo/edromufu/src/movement/Ros2_change/install/movement_utils/share/movement_utils/hook/cmake_prefix_path.sh'
[1.347s] Level 1:colcon.colcon_core.environment:checking '/home/paulo/edromufu/src/movement/Ros2_change/install/movement_utils/lib'
[1.347s] Level 1:colcon.colcon_core.shell:create_environment_hook('movement_utils', 'ld_library_path_lib')
[1.348s] INFO:colcon.colcon_core.shell:Creating environment hook '/home/paulo/edromufu/src/movement/Ros2_change/install/movement_utils/share/movement_utils/hook/ld_library_path_lib.ps1'
[1.348s] INFO:colcon.colcon_core.shell:Creating environment descriptor '/home/paulo/edromufu/src/movement/Ros2_change/install/movement_utils/share/movement_utils/hook/ld_library_path_lib.dsv'
[1.348s] INFO:colcon.colcon_core.shell:Creating environment hook '/home/paulo/edromufu/src/movement/Ros2_change/install/movement_utils/share/movement_utils/hook/ld_library_path_lib.sh'
[1.349s] Level 1:colcon.colcon_core.environment:checking '/home/paulo/edromufu/src/movement/Ros2_change/install/movement_utils/bin'
[1.349s] Level 1:colcon.colcon_core.environment:checking '/home/paulo/edromufu/src/movement/Ros2_change/install/movement_utils/lib/pkgconfig/movement_utils.pc'
[1.349s] Level 1:colcon.colcon_core.environment:checking '/home/paulo/edromufu/src/movement/Ros2_change/install/movement_utils/lib/python3.10/site-packages'
[1.349s] Level 1:colcon.colcon_core.environment:checking '/home/paulo/edromufu/src/movement/Ros2_change/install/movement_utils/bin'
[1.350s] INFO:colcon.colcon_core.shell:Creating package script '/home/paulo/edromufu/src/movement/Ros2_change/install/movement_utils/share/movement_utils/package.ps1'
[1.350s] INFO:colcon.colcon_core.shell:Creating package descriptor '/home/paulo/edromufu/src/movement/Ros2_change/install/movement_utils/share/movement_utils/package.dsv'
[1.351s] INFO:colcon.colcon_core.shell:Creating package script '/home/paulo/edromufu/src/movement/Ros2_change/install/movement_utils/share/movement_utils/package.sh'
[1.351s] INFO:colcon.colcon_core.shell:Creating package script '/home/paulo/edromufu/src/movement/Ros2_change/install/movement_utils/share/movement_utils/package.bash'
[1.351s] INFO:colcon.colcon_core.shell:Creating package script '/home/paulo/edromufu/src/movement/Ros2_change/install/movement_utils/share/movement_utils/package.zsh'
[1.352s] Level 1:colcon.colcon_core.environment:create_file_with_runtime_dependencies(/home/paulo/edromufu/src/movement/Ros2_change/install/movement_utils/share/colcon-core/packages/movement_utils)
[1.352s] INFO:colcon.colcon_ros.task.ament_python.build:Building ROS package in '/home/paulo/edromufu/src/movement/Ros2_change/src/movement_pages' with build type 'ament_python'
[1.352s] Level 1:colcon.colcon_core.shell:create_environment_hook('movement_pages', 'ament_prefix_path')
[1.353s] INFO:colcon.colcon_core.shell:Creating environment hook '/home/paulo/edromufu/src/movement/Ros2_change/install/movement_pages/share/movement_pages/hook/ament_prefix_path.ps1'
[1.353s] INFO:colcon.colcon_core.shell:Creating environment descriptor '/home/paulo/edromufu/src/movement/Ros2_change/install/movement_pages/share/movement_pages/hook/ament_prefix_path.dsv'
[1.353s] INFO:colcon.colcon_core.shell:Creating environment hook '/home/paulo/edromufu/src/movement/Ros2_change/install/movement_pages/share/movement_pages/hook/ament_prefix_path.sh'
[1.354s] INFO:colcon.colcon_core.shell:Skip shell extension 'powershell' for command environment: Not usable outside of PowerShell
[1.354s] DEBUG:colcon.colcon_core.shell:Skip shell extension 'dsv' for command environment
[1.357s] INFO:colcon.colcon_ros.task.ament_python.build:Building ROS package in '/home/paulo/edromufu/src/movement/Ros2_change/src/u2d2_comm' with build type 'ament_python'
[1.357s] Level 1:colcon.colcon_core.shell:create_environment_hook('u2d2_comm', 'ament_prefix_path')
[1.357s] INFO:colcon.colcon_core.shell:Creating environment hook '/home/paulo/edromufu/src/movement/Ros2_change/install/u2d2_comm/share/u2d2_comm/hook/ament_prefix_path.ps1'
[1.358s] INFO:colcon.colcon_core.shell:Creating environment descriptor '/home/paulo/edromufu/src/movement/Ros2_change/install/u2d2_comm/share/u2d2_comm/hook/ament_prefix_path.dsv'
[1.358s] INFO:colcon.colcon_core.shell:Creating environment hook '/home/paulo/edromufu/src/movement/Ros2_change/install/u2d2_comm/share/u2d2_comm/hook/ament_prefix_path.sh'
[1.358s] INFO:colcon.colcon_core.shell:Skip shell extension 'powershell' for command environment: Not usable outside of PowerShell
[1.358s] DEBUG:colcon.colcon_core.shell:Skip shell extension 'dsv' for command environment
[1.557s] INFO:colcon.colcon_core.task.python.build:Building Python package in '/home/paulo/edromufu/src/movement/Ros2_change/src/movement_pages'
[1.557s] INFO:colcon.colcon_core.shell:Skip shell extension 'powershell' for command environment: Not usable outside of PowerShell
[1.557s] DEBUG:colcon.colcon_core.shell:Skip shell extension 'dsv' for command environment
[1.733s] INFO:colcon.colcon_core.task.python.build:Building Python package in '/home/paulo/edromufu/src/movement/Ros2_change/src/u2d2_comm'
[1.733s] INFO:colcon.colcon_core.shell:Skip shell extension 'powershell' for command environment: Not usable outside of PowerShell
[1.733s] DEBUG:colcon.colcon_core.shell:Skip shell extension 'dsv' for command environment
[1.737s] Level 1:colcon.colcon_core.environment:checking '/home/paulo/edromufu/src/movement/Ros2_change/install/kinematic_functions' for CMake module files
[1.737s] DEBUG:colcon.colcon_core.event_handler.log_command:Invoked command in '/home/paulo/edromufu/src/movement/Ros2_change/src/kinematic_functions' returned '0': PYTHONPATH=/home/paulo/edromufu/src/movement/Ros2_change/build/kinematic_functions/prefix_override:/usr/lib/python3/dist-packages/colcon_core/task/python/colcon_distutils_commands:/home/paulo/edromufu/src/movement/Ros2_change/install/kinematic_functions/lib/python3.10/site-packages:${PYTHONPATH} /usr/bin/python3 -W ignore:setup.py install is deprecated setup.py egg_info --egg-base ../../build/kinematic_functions build --build-base /home/paulo/edromufu/src/movement/Ros2_change/build/kinematic_functions/build install --record /home/paulo/edromufu/src/movement/Ros2_change/build/kinematic_functions/install.log --single-version-externally-managed install_data
[1.737s] Level 1:colcon.colcon_core.environment:checking '/home/paulo/edromufu/src/movement/Ros2_change/install/kinematic_functions' for CMake config files
[1.738s] Level 1:colcon.colcon_core.environment:checking '/home/paulo/edromufu/src/movement/Ros2_change/install/kinematic_functions/lib'
[1.738s] Level 1:colcon.colcon_core.environment:checking '/home/paulo/edromufu/src/movement/Ros2_change/install/kinematic_functions/bin'
[1.738s] Level 1:colcon.colcon_core.environment:checking '/home/paulo/edromufu/src/movement/Ros2_change/install/kinematic_functions/lib/pkgconfig/kinematic_functions.pc'
[1.738s] Level 1:colcon.colcon_core.environment:checking '/home/paulo/edromufu/src/movement/Ros2_change/install/kinematic_functions/lib/python3.10/site-packages'
[1.738s] Level 1:colcon.colcon_core.shell:create_environment_hook('kinematic_functions', 'pythonpath')
[1.738s] INFO:colcon.colcon_core.shell:Creating environment hook '/home/paulo/edromufu/src/movement/Ros2_change/install/kinematic_functions/share/kinematic_functions/hook/pythonpath.ps1'
[1.738s] INFO:colcon.colcon_core.shell:Creating environment descriptor '/home/paulo/edromufu/src/movement/Ros2_change/install/kinematic_functions/share/kinematic_functions/hook/pythonpath.dsv'
[1.739s] INFO:colcon.colcon_core.shell:Creating environment hook '/home/paulo/edromufu/src/movement/Ros2_change/install/kinematic_functions/share/kinematic_functions/hook/pythonpath.sh'
[1.739s] Level 1:colcon.colcon_core.environment:checking '/home/paulo/edromufu/src/movement/Ros2_change/install/kinematic_functions/bin'
[1.739s] Level 1:colcon.colcon_core.environment:create_environment_scripts_only(kinematic_functions)
[1.739s] INFO:colcon.colcon_core.shell:Creating package script '/home/paulo/edromufu/src/movement/Ros2_change/install/kinematic_functions/share/kinematic_functions/package.ps1'
[1.739s] INFO:colcon.colcon_core.shell:Creating package descriptor '/home/paulo/edromufu/src/movement/Ros2_change/install/kinematic_functions/share/kinematic_functions/package.dsv'
[1.740s] INFO:colcon.colcon_core.shell:Creating package script '/home/paulo/edromufu/src/movement/Ros2_change/install/kinematic_functions/share/kinematic_functions/package.sh'
[1.740s] INFO:colcon.colcon_core.shell:Creating package script '/home/paulo/edromufu/src/movement/Ros2_change/install/kinematic_functions/share/kinematic_functions/package.bash'
[1.740s] INFO:colcon.colcon_core.shell:Creating package script '/home/paulo/edromufu/src/movement/Ros2_change/install/kinematic_functions/share/kinematic_functions/package.zsh'
[1.740s] Level 1:colcon.colcon_core.environment:create_file_with_runtime_dependencies(/home/paulo/edromufu/src/movement/Ros2_change/install/kinematic_functions/share/colcon-core/packages/kinematic_functions)
[1.741s] Level 1:colcon.colcon_core.environment:checking '/home/paulo/edromufu/src/movement/Ros2_change/install/erro_package' for CMake module files
[1.741s] Level 1:colcon.colcon_core.environment:checking '/home/paulo/edromufu/src/movement/Ros2_change/install/erro_package' for CMake config files
[1.741s] DEBUG:colcon.colcon_core.event_handler.log_command:Invoked command in '/home/paulo/edromufu/src/movement/Ros2_change/src/erro_package' returned '0': PYTHONPATH=/home/paulo/edromufu/src/movement/Ros2_change/build/erro_package/prefix_override:/usr/lib/python3/dist-packages/colcon_core/task/python/colcon_distutils_commands:/home/paulo/edromufu/src/movement/Ros2_change/install/erro_package/lib/python3.10/site-packages:${PYTHONPATH} /usr/bin/python3 -W ignore:setup.py install is deprecated setup.py egg_info --egg-base ../../build/erro_package build --build-base /home/paulo/edromufu/src/movement/Ros2_change/build/erro_package/build install --record /home/paulo/edromufu/src/movement/Ros2_change/build/erro_package/install.log --single-version-externally-managed install_data
[1.742s] Level 1:colcon.colcon_core.environment:checking '/home/paulo/edromufu/src/movement/Ros2_change/install/erro_package/lib'
[1.742s] Level 1:colcon.colcon_core.environment:checking '/home/paulo/edromufu/src/movement/Ros2_change/install/erro_package/bin'
[1.742s] Level 1:colcon.colcon_core.environment:checking '/home/paulo/edromufu/src/movement/Ros2_change/install/erro_package/lib/pkgconfig/erro_package.pc'
[1.742s] Level 1:colcon.colcon_core.environment:checking '/home/paulo/edromufu/src/movement/Ros2_change/install/erro_package/lib/python3.10/site-packages'
[1.742s] Level 1:colcon.colcon_core.shell:create_environment_hook('erro_package', 'pythonpath')
[1.742s] INFO:colcon.colcon_core.shell:Creating environment hook '/home/paulo/edromufu/src/movement/Ros2_change/install/erro_package/share/erro_package/hook/pythonpath.ps1'
[1.742s] INFO:colcon.colcon_core.shell:Creating environment descriptor '/home/paulo/edromufu/src/movement/Ros2_change/install/erro_package/share/erro_package/hook/pythonpath.dsv'
[1.742s] INFO:colcon.colcon_core.shell:Creating environment hook '/home/paulo/edromufu/src/movement/Ros2_change/install/erro_package/share/erro_package/hook/pythonpath.sh'
[1.743s] Level 1:colcon.colcon_core.environment:checking '/home/paulo/edromufu/src/movement/Ros2_change/install/erro_package/bin'
[1.743s] Level 1:colcon.colcon_core.environment:create_environment_scripts_only(erro_package)
[1.743s] INFO:colcon.colcon_core.shell:Creating package script '/home/paulo/edromufu/src/movement/Ros2_change/install/erro_package/share/erro_package/package.ps1'
[1.743s] INFO:colcon.colcon_core.shell:Creating package descriptor '/home/paulo/edromufu/src/movement/Ros2_change/install/erro_package/share/erro_package/package.dsv'
[1.743s] INFO:colcon.colcon_core.shell:Creating package script '/home/paulo/edromufu/src/movement/Ros2_change/install/erro_package/share/erro_package/package.sh'
[1.743s] INFO:colcon.colcon_core.shell:Creating package script '/home/paulo/edromufu/src/movement/Ros2_change/install/erro_package/share/erro_package/package.bash'
[1.744s] INFO:colcon.colcon_core.shell:Creating package script '/home/paulo/edromufu/src/movement/Ros2_change/install/erro_package/share/erro_package/package.zsh'
[1.744s] Level 1:colcon.colcon_core.environment:create_file_with_runtime_dependencies(/home/paulo/edromufu/src/movement/Ros2_change/install/erro_package/share/colcon-core/packages/erro_package)
[1.744s] Level 1:colcon.colcon_core.environment:checking '/home/paulo/edromufu/src/movement/Ros2_change/install/tahara_pages' for CMake module files
[1.744s] Level 1:colcon.colcon_core.environment:checking '/home/paulo/edromufu/src/movement/Ros2_change/install/tahara_pages' for CMake config files
[1.745s] DEBUG:colcon.colcon_core.event_handler.log_command:Invoked command in '/home/paulo/edromufu/src/movement/Ros2_change/src/tahara_pages' returned '0': PYTHONPATH=/home/paulo/edromufu/src/movement/Ros2_change/build/tahara_pages/prefix_override:/usr/lib/python3/dist-packages/colcon_core/task/python/colcon_distutils_commands:/home/paulo/edromufu/src/movement/Ros2_change/install/tahara_pages/lib/python3.10/site-packages:${PYTHONPATH} /usr/bin/python3 -W ignore:setup.py install is deprecated setup.py egg_info --egg-base ../../build/tahara_pages build --build-base /home/paulo/edromufu/src/movement/Ros2_change/build/tahara_pages/build install --record /home/paulo/edromufu/src/movement/Ros2_change/build/tahara_pages/install.log --single-version-externally-managed install_data
[1.745s] Level 1:colcon.colcon_core.environment:checking '/home/paulo/edromufu/src/movement/Ros2_change/install/tahara_pages/lib'
[1.745s] Level 1:colcon.colcon_core.environment:checking '/home/paulo/edromufu/src/movement/Ros2_change/install/tahara_pages/bin'
[1.745s] Level 1:colcon.colcon_core.environment:checking '/home/paulo/edromufu/src/movement/Ros2_change/install/tahara_pages/lib/pkgconfig/tahara_pages.pc'
[1.745s] Level 1:colcon.colcon_core.environment:checking '/home/paulo/edromufu/src/movement/Ros2_change/install/tahara_pages/lib/python3.10/site-packages'
[1.745s] Level 1:colcon.colcon_core.shell:create_environment_hook('tahara_pages', 'pythonpath')
[1.745s] INFO:colcon.colcon_core.shell:Creating environment hook '/home/paulo/edromufu/src/movement/Ros2_change/install/tahara_pages/share/tahara_pages/hook/pythonpath.ps1'
[1.745s] INFO:colcon.colcon_core.shell:Creating environment descriptor '/home/paulo/edromufu/src/movement/Ros2_change/install/tahara_pages/share/tahara_pages/hook/pythonpath.dsv'
[1.746s] INFO:colcon.colcon_core.shell:Creating environment hook '/home/paulo/edromufu/src/movement/Ros2_change/install/tahara_pages/share/tahara_pages/hook/pythonpath.sh'
[1.746s] Level 1:colcon.colcon_core.environment:checking '/home/paulo/edromufu/src/movement/Ros2_change/install/tahara_pages/bin'
[1.746s] Level 1:colcon.colcon_core.environment:create_environment_scripts_only(tahara_pages)
[1.746s] INFO:colcon.colcon_core.shell:Creating package script '/home/paulo/edromufu/src/movement/Ros2_change/install/tahara_pages/share/tahara_pages/package.ps1'
[1.746s] INFO:colcon.colcon_core.shell:Creating package descriptor '/home/paulo/edromufu/src/movement/Ros2_change/install/tahara_pages/share/tahara_pages/package.dsv'
[1.747s] INFO:colcon.colcon_core.shell:Creating package script '/home/paulo/edromufu/src/movement/Ros2_change/install/tahara_pages/share/tahara_pages/package.sh'
[1.747s] INFO:colcon.colcon_core.shell:Creating package script '/home/paulo/edromufu/src/movement/Ros2_change/install/tahara_pages/share/tahara_pages/package.bash'
[1.747s] INFO:colcon.colcon_core.shell:Creating package script '/home/paulo/edromufu/src/movement/Ros2_change/install/tahara_pages/share/tahara_pages/package.zsh'
[1.747s] Level 1:colcon.colcon_core.environment:create_file_with_runtime_dependencies(/home/paulo/edromufu/src/movement/Ros2_change/install/tahara_pages/share/colcon-core/packages/tahara_pages)
[1.748s] INFO:colcon.colcon_ros.task.ament_python.build:Building ROS package in '/home/paulo/edromufu/src/movement/Ros2_change/src/humanoid_definition' with build type 'ament_python'
[1.748s] Level 1:colcon.colcon_core.shell:create_environment_hook('humanoid_definition', 'ament_prefix_path')
[1.748s] INFO:colcon.colcon_core.shell:Creating environment hook '/home/paulo/edromufu/src/movement/Ros2_change/install/humanoid_definition/share/humanoid_definition/hook/ament_prefix_path.ps1'
[1.748s] INFO:colcon.colcon_core.shell:Creating environment descriptor '/home/paulo/edromufu/src/movement/Ros2_change/install/humanoid_definition/share/humanoid_definition/hook/ament_prefix_path.dsv'
[1.748s] INFO:colcon.colcon_core.shell:Creating environment hook '/home/paulo/edromufu/src/movement/Ros2_change/install/humanoid_definition/share/humanoid_definition/hook/ament_prefix_path.sh'
[1.749s] INFO:colcon.colcon_core.shell:Skip shell extension 'powershell' for command environment: Not usable outside of PowerShell
[1.749s] DEBUG:colcon.colcon_core.shell:Skip shell extension 'dsv' for command environment
[1.751s] INFO:colcon.colcon_ros.task.ament_python.build:Building ROS package in '/home/paulo/edromufu/src/movement/Ros2_change/src/movement_functions' with build type 'ament_python'
[1.751s] Level 1:colcon.colcon_core.shell:create_environment_hook('movement_functions', 'ament_prefix_path')
[1.751s] INFO:colcon.colcon_core.shell:Creating environment hook '/home/paulo/edromufu/src/movement/Ros2_change/install/movement_functions/share/movement_functions/hook/ament_prefix_path.ps1'
[1.751s] INFO:colcon.colcon_core.shell:Creating environment descriptor '/home/paulo/edromufu/src/movement/Ros2_change/install/movement_functions/share/movement_functions/hook/ament_prefix_path.dsv'
[1.752s] INFO:colcon.colcon_core.shell:Creating environment hook '/home/paulo/edromufu/src/movement/Ros2_change/install/movement_functions/share/movement_functions/hook/ament_prefix_path.sh'
[1.752s] INFO:colcon.colcon_core.shell:Skip shell extension 'powershell' for command environment: Not usable outside of PowerShell
[1.752s] DEBUG:colcon.colcon_core.shell:Skip shell extension 'dsv' for command environment
[1.948s] INFO:colcon.colcon_core.task.python.build:Building Python package in '/home/paulo/edromufu/src/movement/Ros2_change/src/humanoid_definition'
[1.948s] INFO:colcon.colcon_core.shell:Skip shell extension 'powershell' for command environment: Not usable outside of PowerShell
[1.948s] DEBUG:colcon.colcon_core.shell:Skip shell extension 'dsv' for command environment
[2.136s] INFO:colcon.colcon_core.task.python.build:Building Python package in '/home/paulo/edromufu/src/movement/Ros2_change/src/movement_functions'
[2.137s] INFO:colcon.colcon_core.shell:Skip shell extension 'powershell' for command environment: Not usable outside of PowerShell
[2.137s] DEBUG:colcon.colcon_core.shell:Skip shell extension 'dsv' for command environment
[2.146s] DEBUG:colcon.colcon_core.event_handler.log_command:Invoking command in '/home/paulo/edromufu/src/movement/Ros2_change/src/u2d2_comm': CMAKE_PREFIX_PATH=/home/paulo/edromufu/src/movement/Ros2_change/install/movement_utils:/home/paulo/edromufu/src/movement/Ros2_change/install/urdf_robox:/home/paulo/edromufu/src/movement/Ros2_change/install/urdf_example:/home/paulo/edromufu/src/movement/Ros2_change/install/humanoid_visualization:/home/paulo/edromufu/src/movement/Ros2_change/install/micro_ros_agent:/home/paulo/edromufu/src/movement/Ros2_change/install/micro_ros_msgs PYTHONPATH=/home/paulo/edromufu/src/movement/Ros2_change/build/u2d2_comm/prefix_override:/usr/lib/python3/dist-packages/colcon_core/task/python/colcon_distutils_commands:/home/paulo/edromufu/src/movement/Ros2_change/install/u2d2_comm/lib/python3.10/site-packages:${PYTHONPATH} /usr/bin/python3 -W ignore:setup.py install is deprecated setup.py egg_info --egg-base ../../build/u2d2_comm build --build-base /home/paulo/edromufu/src/movement/Ros2_change/build/u2d2_comm/build install --record /home/paulo/edromufu/src/movement/Ros2_change/build/u2d2_comm/install.log --single-version-externally-managed install_data
[2.148s] DEBUG:colcon.colcon_core.event_handler.log_command:Invoking command in '/home/paulo/edromufu/src/movement/Ros2_change/src/movement_pages': CMAKE_PREFIX_PATH=/home/paulo/edromufu/src/movement/Ros2_change/install/movement_utils:/home/paulo/edromufu/src/movement/Ros2_change/install/urdf_robox:/home/paulo/edromufu/src/movement/Ros2_change/install/urdf_example:/home/paulo/edromufu/src/movement/Ros2_change/install/humanoid_visualization:/home/paulo/edromufu/src/movement/Ros2_change/install/micro_ros_agent:/home/paulo/edromufu/src/movement/Ros2_change/install/micro_ros_msgs PYTHONPATH=/home/paulo/edromufu/src/movement/Ros2_change/build/movement_pages/prefix_override:/usr/lib/python3/dist-packages/colcon_core/task/python/colcon_distutils_commands:/home/paulo/edromufu/src/movement/Ros2_change/install/movement_pages/lib/python3.10/site-packages:${PYTHONPATH} /usr/bin/python3 -W ignore:setup.py install is deprecated setup.py egg_info --egg-base ../../build/movement_pages build --build-base /home/paulo/edromufu/src/movement/Ros2_change/build/movement_pages/build install --record /home/paulo/edromufu/src/movement/Ros2_change/build/movement_pages/install.log --single-version-externally-managed install_data
[2.367s] Level 1:colcon.colcon_core.environment:checking '/home/paulo/edromufu/src/movement/Ros2_change/install/movement_pages' for CMake module files
[2.368s] DEBUG:colcon.colcon_core.event_handler.log_command:Invoked command in '/home/paulo/edromufu/src/movement/Ros2_change/src/movement_pages' returned '0': CMAKE_PREFIX_PATH=/home/paulo/edromufu/src/movement/Ros2_change/install/movement_utils:/home/paulo/edromufu/src/movement/Ros2_change/install/urdf_robox:/home/paulo/edromufu/src/movement/Ros2_change/install/urdf_example:/home/paulo/edromufu/src/movement/Ros2_change/install/humanoid_visualization:/home/paulo/edromufu/src/movement/Ros2_change/install/micro_ros_agent:/home/paulo/edromufu/src/movement/Ros2_change/install/micro_ros_msgs PYTHONPATH=/home/paulo/edromufu/src/movement/Ros2_change/build/movement_pages/prefix_override:/usr/lib/python3/dist-packages/colcon_core/task/python/colcon_distutils_commands:/home/paulo/edromufu/src/movement/Ros2_change/install/movement_pages/lib/python3.10/site-packages:${PYTHONPATH} /usr/bin/python3 -W ignore:setup.py install is deprecated setup.py egg_info --egg-base ../../build/movement_pages build --build-base /home/paulo/edromufu/src/movement/Ros2_change/build/movement_pages/build install --record /home/paulo/edromufu/src/movement/Ros2_change/build/movement_pages/install.log --single-version-externally-managed install_data
[2.368s] Level 1:colcon.colcon_core.environment:checking '/home/paulo/edromufu/src/movement/Ros2_change/install/movement_pages' for CMake config files
[2.368s] Level 1:colcon.colcon_core.environment:checking '/home/paulo/edromufu/src/movement/Ros2_change/install/movement_pages/lib'
[2.368s] Level 1:colcon.colcon_core.environment:checking '/home/paulo/edromufu/src/movement/Ros2_change/install/movement_pages/bin'
[2.368s] Level 1:colcon.colcon_core.environment:checking '/home/paulo/edromufu/src/movement/Ros2_change/install/movement_pages/lib/pkgconfig/movement_pages.pc'
[2.368s] Level 1:colcon.colcon_core.environment:checking '/home/paulo/edromufu/src/movement/Ros2_change/install/movement_pages/lib/python3.10/site-packages'
[2.368s] Level 1:colcon.colcon_core.shell:create_environment_hook('movement_pages', 'pythonpath')
[2.369s] INFO:colcon.colcon_core.shell:Creating environment hook '/home/paulo/edromufu/src/movement/Ros2_change/install/movement_pages/share/movement_pages/hook/pythonpath.ps1'
[2.369s] INFO:colcon.colcon_core.shell:Creating environment descriptor '/home/paulo/edromufu/src/movement/Ros2_change/install/movement_pages/share/movement_pages/hook/pythonpath.dsv'
[2.369s] INFO:colcon.colcon_core.shell:Creating environment hook '/home/paulo/edromufu/src/movement/Ros2_change/install/movement_pages/share/movement_pages/hook/pythonpath.sh'
[2.370s] Level 1:colcon.colcon_core.environment:checking '/home/paulo/edromufu/src/movement/Ros2_change/install/movement_pages/bin'
[2.370s] Level 1:colcon.colcon_core.environment:create_environment_scripts_only(movement_pages)
[2.370s] INFO:colcon.colcon_core.shell:Creating package script '/home/paulo/edromufu/src/movement/Ros2_change/install/movement_pages/share/movement_pages/package.ps1'
[2.370s] INFO:colcon.colcon_core.shell:Creating package descriptor '/home/paulo/edromufu/src/movement/Ros2_change/install/movement_pages/share/movement_pages/package.dsv'
[2.370s] INFO:colcon.colcon_core.shell:Creating package script '/home/paulo/edromufu/src/movement/Ros2_change/install/movement_pages/share/movement_pages/package.sh'
[2.371s] INFO:colcon.colcon_core.shell:Creating package script '/home/paulo/edromufu/src/movement/Ros2_change/install/movement_pages/share/movement_pages/package.bash'
[2.371s] INFO:colcon.colcon_core.shell:Creating package script '/home/paulo/edromufu/src/movement/Ros2_change/install/movement_pages/share/movement_pages/package.zsh'
[2.371s] Level 1:colcon.colcon_core.environment:create_file_with_runtime_dependencies(/home/paulo/edromufu/src/movement/Ros2_change/install/movement_pages/share/colcon-core/packages/movement_pages)
[2.404s] Level 1:colcon.colcon_core.environment:checking '/home/paulo/edromufu/src/movement/Ros2_change/install/u2d2_comm' for CMake module files
[2.405s] DEBUG:colcon.colcon_core.event_handler.log_command:Invoked command in '/home/paulo/edromufu/src/movement/Ros2_change/src/u2d2_comm' returned '0': CMAKE_PREFIX_PATH=/home/paulo/edromufu/src/movement/Ros2_change/install/movement_utils:/home/paulo/edromufu/src/movement/Ros2_change/install/urdf_robox:/home/paulo/edromufu/src/movement/Ros2_change/install/urdf_example:/home/paulo/edromufu/src/movement/Ros2_change/install/humanoid_visualization:/home/paulo/edromufu/src/movement/Ros2_change/install/micro_ros_agent:/home/paulo/edromufu/src/movement/Ros2_change/install/micro_ros_msgs PYTHONPATH=/home/paulo/edromufu/src/movement/Ros2_change/build/u2d2_comm/prefix_override:/usr/lib/python3/dist-packages/colcon_core/task/python/colcon_distutils_commands:/home/paulo/edromufu/src/movement/Ros2_change/install/u2d2_comm/lib/python3.10/site-packages:${PYTHONPATH} /usr/bin/python3 -W ignore:setup.py install is deprecated setup.py egg_info --egg-base ../../build/u2d2_comm build --build-base /home/paulo/edromufu/src/movement/Ros2_change/build/u2d2_comm/build install --record /home/paulo/edromufu/src/movement/Ros2_change/build/u2d2_comm/install.log --single-version-externally-managed install_data
[2.405s] Level 1:colcon.colcon_core.environment:checking '/home/paulo/edromufu/src/movement/Ros2_change/install/u2d2_comm' for CMake config files
[2.405s] Level 1:colcon.colcon_core.environment:checking '/home/paulo/edromufu/src/movement/Ros2_change/install/u2d2_comm/lib'
[2.405s] Level 1:colcon.colcon_core.environment:checking '/home/paulo/edromufu/src/movement/Ros2_change/install/u2d2_comm/bin'
[2.405s] Level 1:colcon.colcon_core.environment:checking '/home/paulo/edromufu/src/movement/Ros2_change/install/u2d2_comm/lib/pkgconfig/u2d2_comm.pc'
[2.405s] Level 1:colcon.colcon_core.environment:checking '/home/paulo/edromufu/src/movement/Ros2_change/install/u2d2_comm/lib/python3.10/site-packages'
[2.405s] Level 1:colcon.colcon_core.shell:create_environment_hook('u2d2_comm', 'pythonpath')
[2.406s] INFO:colcon.colcon_core.shell:Creating environment hook '/home/paulo/edromufu/src/movement/Ros2_change/install/u2d2_comm/share/u2d2_comm/hook/pythonpath.ps1'
[2.406s] INFO:colcon.colcon_core.shell:Creating environment descriptor '/home/paulo/edromufu/src/movement/Ros2_change/install/u2d2_comm/share/u2d2_comm/hook/pythonpath.dsv'
[2.406s] INFO:colcon.colcon_core.shell:Creating environment hook '/home/paulo/edromufu/src/movement/Ros2_change/install/u2d2_comm/share/u2d2_comm/hook/pythonpath.sh'
[2.407s] Level 1:colcon.colcon_core.environment:checking '/home/paulo/edromufu/src/movement/Ros2_change/install/u2d2_comm/bin'
[2.407s] Level 1:colcon.colcon_core.environment:create_environment_scripts_only(u2d2_comm)
[2.407s] INFO:colcon.colcon_core.shell:Creating package script '/home/paulo/edromufu/src/movement/Ros2_change/install/u2d2_comm/share/u2d2_comm/package.ps1'
[2.407s] INFO:colcon.colcon_core.shell:Creating package descriptor '/home/paulo/edromufu/src/movement/Ros2_change/install/u2d2_comm/share/u2d2_comm/package.dsv'
[2.407s] INFO:colcon.colcon_core.shell:Creating package script '/home/paulo/edromufu/src/movement/Ros2_change/install/u2d2_comm/share/u2d2_comm/package.sh'
[2.408s] INFO:colcon.colcon_core.shell:Creating package script '/home/paulo/edromufu/src/movement/Ros2_change/install/u2d2_comm/share/u2d2_comm/package.bash'
[2.408s] INFO:colcon.colcon_core.shell:Creating package script '/home/paulo/edromufu/src/movement/Ros2_change/install/u2d2_comm/share/u2d2_comm/package.zsh'
[2.408s] Level 1:colcon.colcon_core.environment:create_file_with_runtime_dependencies(/home/paulo/edromufu/src/movement/Ros2_change/install/u2d2_comm/share/colcon-core/packages/u2d2_comm)
[2.415s] DEBUG:colcon.colcon_core.event_handler.log_command:Invoking command in '/home/paulo/edromufu/src/movement/Ros2_change/src/humanoid_definition': AMENT_PREFIX_PATH=/home/paulo/edromufu/src/movement/Ros2_change/install/kinematic_functions:/home/paulo/edromufu/src/movement/Ros2_change/install/urdf_robox:/home/paulo/edromufu/src/movement/Ros2_change/install/urdf_example:/home/paulo/edromufu/src/movement/Ros2_change/install/u2d2_comm:/home/paulo/edromufu/src/movement/Ros2_change/install/tahara_pages:/home/paulo/edromufu/src/movement/Ros2_change/install/movement_core:/home/paulo/edromufu/src/movement/Ros2_change/install/movement_pages:/home/paulo/edromufu/src/movement/Ros2_change/install/movement_utils:/home/paulo/edromufu/src/movement/Ros2_change/install/movement_functions:/home/paulo/edromufu/src/movement/Ros2_change/install/humanoid_definition:/home/paulo/edromufu/src/movement/Ros2_change/install/humanoid_visualization:/home/paulo/edromufu/src/movement/Ros2_change/install/erro_package:/home/paulo/edromufu/src/movement/Ros2_change/install/pot_package:/home/paulo/edromufu/src/movement/Ros2_change/install/micro_ros_agent:/home/paulo/edromufu/src/movement/Ros2_change/install/micro_ros_msgs:/opt/ros/humble PYTHONPATH=/home/paulo/edromufu/src/movement/Ros2_change/build/humanoid_definition/prefix_override:/usr/lib/python3/dist-packages/colcon_core/task/python/colcon_distutils_commands:/home/paulo/edromufu/src/movement/Ros2_change/install/humanoid_definition/lib/python3.10/site-packages:/home/paulo/edromufu/src/movement/Ros2_change/install/kinematic_functions/lib/python3.10/site-packages:/home/paulo/edromufu/src/movement/Ros2_change/install/u2d2_comm/lib/python3.10/site-packages:/home/paulo/edromufu/src/movement/Ros2_change/install/tahara_pages/lib/python3.10/site-packages:/home/paulo/edromufu/src/movement/Ros2_change/install/movement_core/lib/python3.10/site-packages:/home/paulo/edromufu/src/movement/Ros2_change/install/movement_pages/lib/python3.10/site-packages:/home/paulo/edromufu/src/movement/Ros2_change/install/movement_utils/local/lib/python3.10/dist-packages:/home/paulo/edromufu/src/movement/Ros2_change/install/movement_functions/lib/python3.10/site-packages:/home/paulo/edromufu/src/movement/Ros2_change/install/humanoid_definition/lib/python3.10/site-packages:/home/paulo/edromufu/src/movement/Ros2_change/install/erro_package/lib/python3.10/site-packages:/home/paulo/edromufu/src/movement/Ros2_change/install/pot_package/lib/python3.10/site-packages:/home/paulo/edromufu/src/movement/Ros2_change/install/micro_ros_msgs/local/lib/python3.10/dist-packages:/opt/ros/humble/lib/python3.10/site-packages:/opt/ros/humble/local/lib/python3.10/dist-packages /usr/bin/python3 -W ignore:setup.py install is deprecated setup.py egg_info --egg-base ../../build/humanoid_definition build --build-base /home/paulo/edromufu/src/movement/Ros2_change/build/humanoid_definition/build install --record /home/paulo/edromufu/src/movement/Ros2_change/build/humanoid_definition/install.log --single-version-externally-managed install_data
[2.423s] DEBUG:colcon.colcon_core.event_handler.log_command:Invoking command in '/home/paulo/edromufu/src/movement/Ros2_change/src/movement_functions': AMENT_PREFIX_PATH=/home/paulo/edromufu/src/movement/Ros2_change/install/kinematic_functions:/home/paulo/edromufu/src/movement/Ros2_change/install/urdf_robox:/home/paulo/edromufu/src/movement/Ros2_change/install/urdf_example:/home/paulo/edromufu/src/movement/Ros2_change/install/u2d2_comm:/home/paulo/edromufu/src/movement/Ros2_change/install/tahara_pages:/home/paulo/edromufu/src/movement/Ros2_change/install/movement_core:/home/paulo/edromufu/src/movement/Ros2_change/install/movement_pages:/home/paulo/edromufu/src/movement/Ros2_change/install/movement_utils:/home/paulo/edromufu/src/movement/Ros2_change/install/movement_functions:/home/paulo/edromufu/src/movement/Ros2_change/install/humanoid_definition:/home/paulo/edromufu/src/movement/Ros2_change/install/humanoid_visualization:/home/paulo/edromufu/src/movement/Ros2_change/install/erro_package:/home/paulo/edromufu/src/movement/Ros2_change/install/pot_package:/home/paulo/edromufu/src/movement/Ros2_change/install/micro_ros_agent:/home/paulo/edromufu/src/movement/Ros2_change/install/micro_ros_msgs:/opt/ros/humble PYTHONPATH=/home/paulo/edromufu/src/movement/Ros2_change/build/movement_functions/prefix_override:/usr/lib/python3/dist-packages/colcon_core/task/python/colcon_distutils_commands:/home/paulo/edromufu/src/movement/Ros2_change/install/movement_functions/lib/python3.10/site-packages:/home/paulo/edromufu/src/movement/Ros2_change/install/kinematic_functions/lib/python3.10/site-packages:/home/paulo/edromufu/src/movement/Ros2_change/install/u2d2_comm/lib/python3.10/site-packages:/home/paulo/edromufu/src/movement/Ros2_change/install/tahara_pages/lib/python3.10/site-packages:/home/paulo/edromufu/src/movement/Ros2_change/install/movement_core/lib/python3.10/site-packages:/home/paulo/edromufu/src/movement/Ros2_change/install/movement_pages/lib/python3.10/site-packages:/home/paulo/edromufu/src/movement/Ros2_change/install/movement_utils/local/lib/python3.10/dist-packages:/home/paulo/edromufu/src/movement/Ros2_change/install/movement_functions/lib/python3.10/site-packages:/home/paulo/edromufu/src/movement/Ros2_change/install/humanoid_definition/lib/python3.10/site-packages:/home/paulo/edromufu/src/movement/Ros2_change/install/erro_package/lib/python3.10/site-packages:/home/paulo/edromufu/src/movement/Ros2_change/install/pot_package/lib/python3.10/site-packages:/home/paulo/edromufu/src/movement/Ros2_change/install/micro_ros_msgs/local/lib/python3.10/dist-packages:/opt/ros/humble/lib/python3.10/site-packages:/opt/ros/humble/local/lib/python3.10/dist-packages /usr/bin/python3 -W ignore:setup.py install is deprecated setup.py egg_info --egg-base ../../build/movement_functions build --build-base /home/paulo/edromufu/src/movement/Ros2_change/build/movement_functions/build install --record /home/paulo/edromufu/src/movement/Ros2_change/build/movement_functions/install.log --single-version-externally-managed install_data
[2.625s] Level 1:colcon.colcon_core.environment:checking '/home/paulo/edromufu/src/movement/Ros2_change/install/humanoid_definition' for CMake module files
[2.626s] DEBUG:colcon.colcon_core.event_handler.log_command:Invoked command in '/home/paulo/edromufu/src/movement/Ros2_change/src/humanoid_definition' returned '0': AMENT_PREFIX_PATH=/home/paulo/edromufu/src/movement/Ros2_change/install/kinematic_functions:/home/paulo/edromufu/src/movement/Ros2_change/install/urdf_robox:/home/paulo/edromufu/src/movement/Ros2_change/install/urdf_example:/home/paulo/edromufu/src/movement/Ros2_change/install/u2d2_comm:/home/paulo/edromufu/src/movement/Ros2_change/install/tahara_pages:/home/paulo/edromufu/src/movement/Ros2_change/install/movement_core:/home/paulo/edromufu/src/movement/Ros2_change/install/movement_pages:/home/paulo/edromufu/src/movement/Ros2_change/install/movement_utils:/home/paulo/edromufu/src/movement/Ros2_change/install/movement_functions:/home/paulo/edromufu/src/movement/Ros2_change/install/humanoid_definition:/home/paulo/edromufu/src/movement/Ros2_change/install/humanoid_visualization:/home/paulo/edromufu/src/movement/Ros2_change/install/erro_package:/home/paulo/edromufu/src/movement/Ros2_change/install/pot_package:/home/paulo/edromufu/src/movement/Ros2_change/install/micro_ros_agent:/home/paulo/edromufu/src/movement/Ros2_change/install/micro_ros_msgs:/opt/ros/humble PYTHONPATH=/home/paulo/edromufu/src/movement/Ros2_change/build/humanoid_definition/prefix_override:/usr/lib/python3/dist-packages/colcon_core/task/python/colcon_distutils_commands:/home/paulo/edromufu/src/movement/Ros2_change/install/humanoid_definition/lib/python3.10/site-packages:/home/paulo/edromufu/src/movement/Ros2_change/install/kinematic_functions/lib/python3.10/site-packages:/home/paulo/edromufu/src/movement/Ros2_change/install/u2d2_comm/lib/python3.10/site-packages:/home/paulo/edromufu/src/movement/Ros2_change/install/tahara_pages/lib/python3.10/site-packages:/home/paulo/edromufu/src/movement/Ros2_change/install/movement_core/lib/python3.10/site-packages:/home/paulo/edromufu/src/movement/Ros2_change/install/movement_pages/lib/python3.10/site-packages:/home/paulo/edromufu/src/movement/Ros2_change/install/movement_utils/local/lib/python3.10/dist-packages:/home/paulo/edromufu/src/movement/Ros2_change/install/movement_functions/lib/python3.10/site-packages:/home/paulo/edromufu/src/movement/Ros2_change/install/humanoid_definition/lib/python3.10/site-packages:/home/paulo/edromufu/src/movement/Ros2_change/install/erro_package/lib/python3.10/site-packages:/home/paulo/edromufu/src/movement/Ros2_change/install/pot_package/lib/python3.10/site-packages:/home/paulo/edromufu/src/movement/Ros2_change/install/micro_ros_msgs/local/lib/python3.10/dist-packages:/opt/ros/humble/lib/python3.10/site-packages:/opt/ros/humble/local/lib/python3.10/dist-packages /usr/bin/python3 -W ignore:setup.py install is deprecated setup.py egg_info --egg-base ../../build/humanoid_definition build --build-base /home/paulo/edromufu/src/movement/Ros2_change/build/humanoid_definition/build install --record /home/paulo/edromufu/src/movement/Ros2_change/build/humanoid_definition/install.log --single-version-externally-managed install_data
[2.626s] Level 1:colcon.colcon_core.environment:checking '/home/paulo/edromufu/src/movement/Ros2_change/install/humanoid_definition' for CMake config files
[2.626s] Level 1:colcon.colcon_core.environment:checking '/home/paulo/edromufu/src/movement/Ros2_change/install/humanoid_definition/lib'
[2.626s] Level 1:colcon.colcon_core.environment:checking '/home/paulo/edromufu/src/movement/Ros2_change/install/humanoid_definition/bin'
[2.626s] Level 1:colcon.colcon_core.environment:checking '/home/paulo/edromufu/src/movement/Ros2_change/install/humanoid_definition/lib/pkgconfig/humanoid_definition.pc'
[2.627s] Level 1:colcon.colcon_core.environment:checking '/home/paulo/edromufu/src/movement/Ros2_change/install/humanoid_definition/lib/python3.10/site-packages'
[2.627s] Level 1:colcon.colcon_core.shell:create_environment_hook('humanoid_definition', 'pythonpath')
[2.627s] INFO:colcon.colcon_core.shell:Creating environment hook '/home/paulo/edromufu/src/movement/Ros2_change/install/humanoid_definition/share/humanoid_definition/hook/pythonpath.ps1'
[2.627s] INFO:colcon.colcon_core.shell:Creating environment descriptor '/home/paulo/edromufu/src/movement/Ros2_change/install/humanoid_definition/share/humanoid_definition/hook/pythonpath.dsv'
[2.627s] INFO:colcon.colcon_core.shell:Creating environment hook '/home/paulo/edromufu/src/movement/Ros2_change/install/humanoid_definition/share/humanoid_definition/hook/pythonpath.sh'
[2.628s] Level 1:colcon.colcon_core.environment:checking '/home/paulo/edromufu/src/movement/Ros2_change/install/humanoid_definition/bin'
[2.628s] Level 1:colcon.colcon_core.environment:create_environment_scripts_only(humanoid_definition)
[2.628s] INFO:colcon.colcon_core.shell:Creating package script '/home/paulo/edromufu/src/movement/Ros2_change/install/humanoid_definition/share/humanoid_definition/package.ps1'
[2.628s] INFO:colcon.colcon_core.shell:Creating package descriptor '/home/paulo/edromufu/src/movement/Ros2_change/install/humanoid_definition/share/humanoid_definition/package.dsv'
[2.629s] INFO:colcon.colcon_core.shell:Creating package script '/home/paulo/edromufu/src/movement/Ros2_change/install/humanoid_definition/share/humanoid_definition/package.sh'
[2.629s] INFO:colcon.colcon_core.shell:Creating package script '/home/paulo/edromufu/src/movement/Ros2_change/install/humanoid_definition/share/humanoid_definition/package.bash'
[2.629s] INFO:colcon.colcon_core.shell:Creating package script '/home/paulo/edromufu/src/movement/Ros2_change/install/humanoid_definition/share/humanoid_definition/package.zsh'
[2.630s] Level 1:colcon.colcon_core.environment:create_file_with_runtime_dependencies(/home/paulo/edromufu/src/movement/Ros2_change/install/humanoid_definition/share/colcon-core/packages/humanoid_definition)
[2.638s] Level 1:colcon.colcon_core.environment:checking '/home/paulo/edromufu/src/movement/Ros2_change/install/movement_functions' for CMake module files
[2.638s] DEBUG:colcon.colcon_core.event_handler.log_command:Invoked command in '/home/paulo/edromufu/src/movement/Ros2_change/src/movement_functions' returned '0': AMENT_PREFIX_PATH=/home/paulo/edromufu/src/movement/Ros2_change/install/kinematic_functions:/home/paulo/edromufu/src/movement/Ros2_change/install/urdf_robox:/home/paulo/edromufu/src/movement/Ros2_change/install/urdf_example:/home/paulo/edromufu/src/movement/Ros2_change/install/u2d2_comm:/home/paulo/edromufu/src/movement/Ros2_change/install/tahara_pages:/home/paulo/edromufu/src/movement/Ros2_change/install/movement_core:/home/paulo/edromufu/src/movement/Ros2_change/install/movement_pages:/home/paulo/edromufu/src/movement/Ros2_change/install/movement_utils:/home/paulo/edromufu/src/movement/Ros2_change/install/movement_functions:/home/paulo/edromufu/src/movement/Ros2_change/install/humanoid_definition:/home/paulo/edromufu/src/movement/Ros2_change/install/humanoid_visualization:/home/paulo/edromufu/src/movement/Ros2_change/install/erro_package:/home/paulo/edromufu/src/movement/Ros2_change/install/pot_package:/home/paulo/edromufu/src/movement/Ros2_change/install/micro_ros_agent:/home/paulo/edromufu/src/movement/Ros2_change/install/micro_ros_msgs:/opt/ros/humble PYTHONPATH=/home/paulo/edromufu/src/movement/Ros2_change/build/movement_functions/prefix_override:/usr/lib/python3/dist-packages/colcon_core/task/python/colcon_distutils_commands:/home/paulo/edromufu/src/movement/Ros2_change/install/movement_functions/lib/python3.10/site-packages:/home/paulo/edromufu/src/movement/Ros2_change/install/kinematic_functions/lib/python3.10/site-packages:/home/paulo/edromufu/src/movement/Ros2_change/install/u2d2_comm/lib/python3.10/site-packages:/home/paulo/edromufu/src/movement/Ros2_change/install/tahara_pages/lib/python3.10/site-packages:/home/paulo/edromufu/src/movement/Ros2_change/install/movement_core/lib/python3.10/site-packages:/home/paulo/edromufu/src/movement/Ros2_change/install/movement_pages/lib/python3.10/site-packages:/home/paulo/edromufu/src/movement/Ros2_change/install/movement_utils/local/lib/python3.10/dist-packages:/home/paulo/edromufu/src/movement/Ros2_change/install/movement_functions/lib/python3.10/site-packages:/home/paulo/edromufu/src/movement/Ros2_change/install/humanoid_definition/lib/python3.10/site-packages:/home/paulo/edromufu/src/movement/Ros2_change/install/erro_package/lib/python3.10/site-packages:/home/paulo/edromufu/src/movement/Ros2_change/install/pot_package/lib/python3.10/site-packages:/home/paulo/edromufu/src/movement/Ros2_change/install/micro_ros_msgs/local/lib/python3.10/dist-packages:/opt/ros/humble/lib/python3.10/site-packages:/opt/ros/humble/local/lib/python3.10/dist-packages /usr/bin/python3 -W ignore:setup.py install is deprecated setup.py egg_info --egg-base ../../build/movement_functions build --build-base /home/paulo/edromufu/src/movement/Ros2_change/build/movement_functions/build install --record /home/paulo/edromufu/src/movement/Ros2_change/build/movement_functions/install.log --single-version-externally-managed install_data
[2.638s] Level 1:colcon.colcon_core.environment:checking '/home/paulo/edromufu/src/movement/Ros2_change/install/movement_functions' for CMake config files
[2.638s] Level 1:colcon.colcon_core.environment:checking '/home/paulo/edromufu/src/movement/Ros2_change/install/movement_functions/lib'
[2.638s] Level 1:colcon.colcon_core.environment:checking '/home/paulo/edromufu/src/movement/Ros2_change/install/movement_functions/bin'
[2.639s] Level 1:colcon.colcon_core.environment:checking '/home/paulo/edromufu/src/movement/Ros2_change/install/movement_functions/lib/pkgconfig/movement_functions.pc'
[2.639s] Level 1:colcon.colcon_core.environment:checking '/home/paulo/edromufu/src/movement/Ros2_change/install/movement_functions/lib/python3.10/site-packages'
[2.639s] Level 1:colcon.colcon_core.shell:create_environment_hook('movement_functions', 'pythonpath')
[2.639s] INFO:colcon.colcon_core.shell:Creating environment hook '/home/paulo/edromufu/src/movement/Ros2_change/install/movement_functions/share/movement_functions/hook/pythonpath.ps1'
[2.639s] INFO:colcon.colcon_core.shell:Creating environment descriptor '/home/paulo/edromufu/src/movement/Ros2_change/install/movement_functions/share/movement_functions/hook/pythonpath.dsv'
[2.639s] INFO:colcon.colcon_core.shell:Creating environment hook '/home/paulo/edromufu/src/movement/Ros2_change/install/movement_functions/share/movement_functions/hook/pythonpath.sh'
[2.640s] Level 1:colcon.colcon_core.environment:checking '/home/paulo/edromufu/src/movement/Ros2_change/install/movement_functions/bin'
[2.640s] Level 1:colcon.colcon_core.environment:create_environment_scripts_only(movement_functions)
[2.640s] INFO:colcon.colcon_core.shell:Creating package script '/home/paulo/edromufu/src/movement/Ros2_change/install/movement_functions/share/movement_functions/package.ps1'
[2.640s] INFO:colcon.colcon_core.shell:Creating package descriptor '/home/paulo/edromufu/src/movement/Ros2_change/install/movement_functions/share/movement_functions/package.dsv'
[2.640s] INFO:colcon.colcon_core.shell:Creating package script '/home/paulo/edromufu/src/movement/Ros2_change/install/movement_functions/share/movement_functions/package.sh'
[2.641s] INFO:colcon.colcon_core.shell:Creating package script '/home/paulo/edromufu/src/movement/Ros2_change/install/movement_functions/share/movement_functions/package.bash'
[2.641s] INFO:colcon.colcon_core.shell:Creating package script '/home/paulo/edromufu/src/movement/Ros2_change/install/movement_functions/share/movement_functions/package.zsh'
[2.641s] Level 1:colcon.colcon_core.environment:create_file_with_runtime_dependencies(/home/paulo/edromufu/src/movement/Ros2_change/install/movement_functions/share/colcon-core/packages/movement_functions)
[2.641s] INFO:colcon.colcon_ros.task.ament_python.build:Building ROS package in '/home/paulo/edromufu/src/movement/Ros2_change/src/movement_core' with build type 'ament_python'
[2.641s] Level 1:colcon.colcon_core.shell:create_environment_hook('movement_core', 'ament_prefix_path')
[2.641s] INFO:colcon.colcon_core.shell:Creating environment hook '/home/paulo/edromufu/src/movement/Ros2_change/install/movement_core/share/movement_core/hook/ament_prefix_path.ps1'
[2.642s] INFO:colcon.colcon_core.shell:Creating environment descriptor '/home/paulo/edromufu/src/movement/Ros2_change/install/movement_core/share/movement_core/hook/ament_prefix_path.dsv'
[2.642s] INFO:colcon.colcon_core.shell:Creating environment hook '/home/paulo/edromufu/src/movement/Ros2_change/install/movement_core/share/movement_core/hook/ament_prefix_path.sh'
[2.642s] INFO:colcon.colcon_core.shell:Skip shell extension 'powershell' for command environment: Not usable outside of PowerShell
[2.642s] DEBUG:colcon.colcon_core.shell:Skip shell extension 'dsv' for command environment
[2.825s] INFO:colcon.colcon_core.task.python.build:Building Python package in '/home/paulo/edromufu/src/movement/Ros2_change/src/movement_core'
[2.825s] INFO:colcon.colcon_core.shell:Skip shell extension 'powershell' for command environment: Not usable outside of PowerShell
[2.826s] DEBUG:colcon.colcon_core.shell:Skip shell extension 'dsv' for command environment
[3.065s] DEBUG:colcon.colcon_core.event_handler.log_command:Invoking command in '/home/paulo/edromufu/src/movement/Ros2_change/src/movement_core': AMENT_PREFIX_PATH=/home/paulo/edromufu/src/movement/Ros2_change/install/movement_pages:/home/paulo/edromufu/src/movement/Ros2_change/install/movement_functions:/home/paulo/edromufu/src/movement/Ros2_change/install/humanoid_definition:/home/paulo/edromufu/src/movement/Ros2_change/install/kinematic_functions:/home/paulo/edromufu/src/movement/Ros2_change/install/urdf_robox:/home/paulo/edromufu/src/movement/Ros2_change/install/urdf_example:/home/paulo/edromufu/src/movement/Ros2_change/install/u2d2_comm:/home/paulo/edromufu/src/movement/Ros2_change/install/tahara_pages:/home/paulo/edromufu/src/movement/Ros2_change/install/movement_core:/home/paulo/edromufu/src/movement/Ros2_change/install/movement_utils:/home/paulo/edromufu/src/movement/Ros2_change/install/humanoid_visualization:/home/paulo/edromufu/src/movement/Ros2_change/install/erro_package:/home/paulo/edromufu/src/movement/Ros2_change/install/pot_package:/home/paulo/edromufu/src/movement/Ros2_change/install/micro_ros_agent:/home/paulo/edromufu/src/movement/Ros2_change/install/micro_ros_msgs:/opt/ros/humble CMAKE_PREFIX_PATH=/home/paulo/edromufu/src/movement/Ros2_change/install/movement_utils:/home/paulo/edromufu/src/movement/Ros2_change/install/urdf_robox:/home/paulo/edromufu/src/movement/Ros2_change/install/urdf_example:/home/paulo/edromufu/src/movement/Ros2_change/install/humanoid_visualization:/home/paulo/edromufu/src/movement/Ros2_change/install/micro_ros_agent:/home/paulo/edromufu/src/movement/Ros2_change/install/micro_ros_msgs PYTHONPATH=/home/paulo/edromufu/src/movement/Ros2_change/build/movement_core/prefix_override:/usr/lib/python3/dist-packages/colcon_core/task/python/colcon_distutils_commands:/home/paulo/edromufu/src/movement/Ros2_change/install/movement_core/lib/python3.10/site-packages:/home/paulo/edromufu/src/movement/Ros2_change/install/movement_pages/lib/python3.10/site-packages:/home/paulo/edromufu/src/movement/Ros2_change/install/movement_functions/lib/python3.10/site-packages:/home/paulo/edromufu/src/movement/Ros2_change/install/humanoid_definition/lib/python3.10/site-packages:/home/paulo/edromufu/src/movement/Ros2_change/install/kinematic_functions/lib/python3.10/site-packages:/home/paulo/edromufu/src/movement/Ros2_change/install/u2d2_comm/lib/python3.10/site-packages:/home/paulo/edromufu/src/movement/Ros2_change/install/tahara_pages/lib/python3.10/site-packages:/home/paulo/edromufu/src/movement/Ros2_change/install/movement_core/lib/python3.10/site-packages:/home/paulo/edromufu/src/movement/Ros2_change/install/movement_utils/local/lib/python3.10/dist-packages:/home/paulo/edromufu/src/movement/Ros2_change/install/erro_package/lib/python3.10/site-packages:/home/paulo/edromufu/src/movement/Ros2_change/install/pot_package/lib/python3.10/site-packages:/home/paulo/edromufu/src/movement/Ros2_change/install/micro_ros_msgs/local/lib/python3.10/dist-packages:/opt/ros/humble/lib/python3.10/site-packages:/opt/ros/humble/local/lib/python3.10/dist-packages /usr/bin/python3 -W ignore:setup.py install is deprecated setup.py egg_info --egg-base ../../build/movement_core build --build-base /home/paulo/edromufu/src/movement/Ros2_change/build/movement_core/build install --record /home/paulo/edromufu/src/movement/Ros2_change/build/movement_core/install.log --single-version-externally-managed install_data
[3.261s] Level 1:colcon.colcon_core.environment:checking '/home/paulo/edromufu/src/movement/Ros2_change/install/movement_core' for CMake module files
[3.261s] DEBUG:colcon.colcon_core.event_handler.log_command:Invoked command in '/home/paulo/edromufu/src/movement/Ros2_change/src/movement_core' returned '0': AMENT_PREFIX_PATH=/home/paulo/edromufu/src/movement/Ros2_change/install/movement_pages:/home/paulo/edromufu/src/movement/Ros2_change/install/movement_functions:/home/paulo/edromufu/src/movement/Ros2_change/install/humanoid_definition:/home/paulo/edromufu/src/movement/Ros2_change/install/kinematic_functions:/home/paulo/edromufu/src/movement/Ros2_change/install/urdf_robox:/home/paulo/edromufu/src/movement/Ros2_change/install/urdf_example:/home/paulo/edromufu/src/movement/Ros2_change/install/u2d2_comm:/home/paulo/edromufu/src/movement/Ros2_change/install/tahara_pages:/home/paulo/edromufu/src/movement/Ros2_change/install/movement_core:/home/paulo/edromufu/src/movement/Ros2_change/install/movement_utils:/home/paulo/edromufu/src/movement/Ros2_change/install/humanoid_visualization:/home/paulo/edromufu/src/movement/Ros2_change/install/erro_package:/home/paulo/edromufu/src/movement/Ros2_change/install/pot_package:/home/paulo/edromufu/src/movement/Ros2_change/install/micro_ros_agent:/home/paulo/edromufu/src/movement/Ros2_change/install/micro_ros_msgs:/opt/ros/humble CMAKE_PREFIX_PATH=/home/paulo/edromufu/src/movement/Ros2_change/install/movement_utils:/home/paulo/edromufu/src/movement/Ros2_change/install/urdf_robox:/home/paulo/edromufu/src/movement/Ros2_change/install/urdf_example:/home/paulo/edromufu/src/movement/Ros2_change/install/humanoid_visualization:/home/paulo/edromufu/src/movement/Ros2_change/install/micro_ros_agent:/home/paulo/edromufu/src/movement/Ros2_change/install/micro_ros_msgs PYTHONPATH=/home/paulo/edromufu/src/movement/Ros2_change/build/movement_core/prefix_override:/usr/lib/python3/dist-packages/colcon_core/task/python/colcon_distutils_commands:/home/paulo/edromufu/src/movement/Ros2_change/install/movement_core/lib/python3.10/site-packages:/home/paulo/edromufu/src/movement/Ros2_change/install/movement_pages/lib/python3.10/site-packages:/home/paulo/edromufu/src/movement/Ros2_change/install/movement_functions/lib/python3.10/site-packages:/home/paulo/edromufu/src/movement/Ros2_change/install/humanoid_definition/lib/python3.10/site-packages:/home/paulo/edromufu/src/movement/Ros2_change/install/kinematic_functions/lib/python3.10/site-packages:/home/paulo/edromufu/src/movement/Ros2_change/install/u2d2_comm/lib/python3.10/site-packages:/home/paulo/edromufu/src/movement/Ros2_change/install/tahara_pages/lib/python3.10/site-packages:/home/paulo/edromufu/src/movement/Ros2_change/install/movement_core/lib/python3.10/site-packages:/home/paulo/edromufu/src/movement/Ros2_change/install/movement_utils/local/lib/python3.10/dist-packages:/home/paulo/edromufu/src/movement/Ros2_change/install/erro_package/lib/python3.10/site-packages:/home/paulo/edromufu/src/movement/Ros2_change/install/pot_package/lib/python3.10/site-packages:/home/paulo/edromufu/src/movement/Ros2_change/install/micro_ros_msgs/local/lib/python3.10/dist-packages:/opt/ros/humble/lib/python3.10/site-packages:/opt/ros/humble/local/lib/python3.10/dist-packages /usr/bin/python3 -W ignore:setup.py install is deprecated setup.py egg_info --egg-base ../../build/movement_core build --build-base /home/paulo/edromufu/src/movement/Ros2_change/build/movement_core/build install --record /home/paulo/edromufu/src/movement/Ros2_change/build/movement_core/install.log --single-version-externally-managed install_data
[3.261s] Level 1:colcon.colcon_core.environment:checking '/home/paulo/edromufu/src/movement/Ros2_change/install/movement_core' for CMake config files
[3.262s] Level 1:colcon.colcon_core.environment:checking '/home/paulo/edromufu/src/movement/Ros2_change/install/movement_core/lib'
[3.262s] Level 1:colcon.colcon_core.environment:checking '/home/paulo/edromufu/src/movement/Ros2_change/install/movement_core/bin'
[3.262s] Level 1:colcon.colcon_core.environment:checking '/home/paulo/edromufu/src/movement/Ros2_change/install/movement_core/lib/pkgconfig/movement_core.pc'
[3.262s] Level 1:colcon.colcon_core.environment:checking '/home/paulo/edromufu/src/movement/Ros2_change/install/movement_core/lib/python3.10/site-packages'
[3.262s] Level 1:colcon.colcon_core.shell:create_environment_hook('movement_core', 'pythonpath')
[3.262s] INFO:colcon.colcon_core.shell:Creating environment hook '/home/paulo/edromufu/src/movement/Ros2_change/install/movement_core/share/movement_core/hook/pythonpath.ps1'
[3.263s] INFO:colcon.colcon_core.shell:Creating environment descriptor '/home/paulo/edromufu/src/movement/Ros2_change/install/movement_core/share/movement_core/hook/pythonpath.dsv'
[3.263s] INFO:colcon.colcon_core.shell:Creating environment hook '/home/paulo/edromufu/src/movement/Ros2_change/install/movement_core/share/movement_core/hook/pythonpath.sh'
[3.264s] Level 1:colcon.colcon_core.environment:checking '/home/paulo/edromufu/src/movement/Ros2_change/install/movement_core/bin'
[3.264s] Level 1:colcon.colcon_core.environment:create_environment_scripts_only(movement_core)
[3.264s] INFO:colcon.colcon_core.shell:Creating package script '/home/paulo/edromufu/src/movement/Ros2_change/install/movement_core/share/movement_core/package.ps1'
[3.265s] INFO:colcon.colcon_core.shell:Creating package descriptor '/home/paulo/edromufu/src/movement/Ros2_change/install/movement_core/share/movement_core/package.dsv'
[3.265s] INFO:colcon.colcon_core.shell:Creating package script '/home/paulo/edromufu/src/movement/Ros2_change/install/movement_core/share/movement_core/package.sh'
[3.265s] INFO:colcon.colcon_core.shell:Creating package script '/home/paulo/edromufu/src/movement/Ros2_change/install/movement_core/share/movement_core/package.bash'
[3.266s] INFO:colcon.colcon_core.shell:Creating package script '/home/paulo/edromufu/src/movement/Ros2_change/install/movement_core/share/movement_core/package.zsh'
[3.266s] Level 1:colcon.colcon_core.environment:create_file_with_runtime_dependencies(/home/paulo/edromufu/src/movement/Ros2_change/install/movement_core/share/colcon-core/packages/movement_core)
[3.266s] DEBUG:colcon.colcon_parallel_executor.executor.parallel:closing loop
[3.266s] DEBUG:colcon.colcon_parallel_executor.executor.parallel:loop closed
[3.266s] DEBUG:colcon.colcon_parallel_executor.executor.parallel:run_until_complete finished with '0'
[3.266s] DEBUG:colcon.colcon_core.event_reactor:joining thread
[3.270s] INFO:colcon.colcon_core.plugin_system:Skipping extension 'colcon_notification.desktop_notification.terminal_notifier': Not used on non-Darwin systems
[3.270s] INFO:colcon.colcon_core.plugin_system:Skipping extension 'colcon_notification.desktop_notification.win32': Not used on non-Windows systems
[3.270s] INFO:colcon.colcon_notification.desktop_notification:Sending desktop notification using 'notify2'
[3.277s] DEBUG:colcon.colcon_core.event_reactor:joined thread
[3.277s] INFO:colcon.colcon_core.shell:Creating prefix script '/home/paulo/edromufu/src/movement/Ros2_change/install/local_setup.ps1'
[3.278s] INFO:colcon.colcon_core.shell:Creating prefix util module '/home/paulo/edromufu/src/movement/Ros2_change/install/_local_setup_util_ps1.py'
[3.279s] INFO:colcon.colcon_core.shell:Creating prefix chain script '/home/paulo/edromufu/src/movement/Ros2_change/install/setup.ps1'
[3.279s] INFO:colcon.colcon_core.shell:Creating prefix script '/home/paulo/edromufu/src/movement/Ros2_change/install/local_setup.sh'
[3.280s] INFO:colcon.colcon_core.shell:Creating prefix util module '/home/paulo/edromufu/src/movement/Ros2_change/install/_local_setup_util_sh.py'
[3.280s] INFO:colcon.colcon_core.shell:Creating prefix chain script '/home/paulo/edromufu/src/movement/Ros2_change/install/setup.sh'
[3.281s] INFO:colcon.colcon_core.shell:Creating prefix script '/home/paulo/edromufu/src/movement/Ros2_change/install/local_setup.bash'
[3.282s] INFO:colcon.colcon_core.shell:Creating prefix chain script '/home/paulo/edromufu/src/movement/Ros2_change/install/setup.bash'
[3.283s] INFO:colcon.colcon_core.shell:Creating prefix script '/home/paulo/edromufu/src/movement/Ros2_change/install/local_setup.zsh'
[3.283s] INFO:colcon.colcon_core.shell:Creating prefix chain script '/home/paulo/edromufu/src/movement/Ros2_change/install/setup.zsh'
