[0.000000] (-) TimerEvent: {}
[0.000444] (movement_utils) JobQueued: {'identifier': 'movement_utils', 'dependencies': OrderedDict()}
[0.000648] (movement_utils) JobStarted: {'identifier': 'movement_utils'}
[0.010547] (movement_utils) JobProgress: {'identifier': 'movement_utils', 'progress': 'cmake'}
[0.010740] (movement_utils) Command: {'cmd': ['/usr/bin/cmake', '/home/pedrohperes/edromufu/src/movement/Ros2_change/src/movement_utils', '-DCMAKE_INSTALL_PREFIX=/home/pedrohperes/edromufu/src/movement/Ros2_change/src/movement_utils/install/movement_utils'], 'cwd': '/home/pedrohperes/edromufu/src/movement/Ros2_change/src/movement_utils/build/movement_utils', 'env': OrderedDict([('LESSOPEN', '| /usr/bin/lesspipe %s'), ('LANGUAGE', 'en_US'), ('USER', 'pedrohperes'), ('LC_TIME', 'pt_BR.UTF-8'), ('XDG_SEAT', 'seat0'), ('XDG_SESSION_TYPE', 'x11'), ('SHLVL', '1'), ('LD_LIBRARY_PATH', '/home/pedrohperes/edromufu/src/movement/Ros2_change/install/movement_utils/lib:/home/pedrohperes/edromufu/src/movement/Ros2_change/install/micro_ros_agent/lib:/home/pedrohperes/edromufu/src/movement/Ros2_change/install/micro_ros_msgs/lib:/opt/ros/humble/opt/rviz_ogre_vendor/lib:/opt/ros/humble/lib/x86_64-linux-gnu:/opt/ros/humble/lib'), ('HOME', '/home/pedrohperes'), ('OLDPWD', '/home/pedrohperes/edromufu/src/movement/Ros2_change/src'), ('DESKTOP_SESSION', 'cinnamon'), ('ROS_PYTHON_VERSION', '3'), ('GTK_MODULES', 'gail:atk-bridge'), ('XDG_SEAT_PATH', '/org/freedesktop/DisplayManager/Seat0'), ('LC_MONETARY', 'pt_BR.UTF-8'), ('LC_CTYPE', 'pt_BR.UTF-8'), ('DBUS_SESSION_BUS_ADDRESS', 'unix:path=/run/user/1000/bus'), ('COLORTERM', 'truecolor'), ('_colcon_cd_root', '/opt/ros/humble/'), ('COLCON_PREFIX_PATH', '/home/pedrohperes/edromufu/src/movement/Ros2_change/install:/home/pedrohperes/edromufu/install'), ('ROS_DISTRO', 'humble'), ('GTK_IM_MODULE', 'ibus'), ('LOGNAME', 'pedrohperes'), ('DESKTOP_AUTOSTART_ID', '10cfa676dd7a8af83173400866976641700000017820013'), ('_', '/usr/bin/colcon'), ('ROS_VERSION', '2'), ('XDG_SESSION_CLASS', 'user'), ('TERM', 'xterm-256color'), ('GTK_OVERLAY_SCROLLING', '0'), ('XDG_SESSION_ID', 'c2'), ('GNOME_DESKTOP_SESSION_ID', 'this-is-deprecated'), ('ROS_LOCALHOST_ONLY', '0'), ('PATH', '/opt/ros/humble/bin:/home/pedrohperes/.local/bin:/usr/local/sbin:/usr/local/bin:/usr/sbin:/usr/bin:/sbin:/bin:/usr/games:/usr/local/games:/snap/bin:/home/pedrohperes/Flutter/flutter/bin'), ('SESSION_MANAGER', 'local/PeresNitro5:@/tmp/.ICE-unix/1782,unix/PeresNitro5:/tmp/.ICE-unix/1782'), ('GDM_LANG', 'en_US'), ('GTK3_MODULES', 'xapp-gtk3-module'), ('XDG_SESSION_PATH', '/org/freedesktop/DisplayManager/Session0'), ('LC_ADDRESS', 'pt_BR.UTF-8'), ('GNOME_TERMINAL_SCREEN', '/org/gnome/Terminal/screen/2c5a1014_9494_4c7d_b01d_37e1cf9e0454'), ('XDG_RUNTIME_DIR', '/run/user/1000'), ('DISPLAY', ':0'), ('LANG', 'en_US.UTF-8'), ('XDG_CURRENT_DESKTOP', 'X-Cinnamon'), ('LC_TELEPHONE', 'pt_BR.UTF-8'), ('XMODIFIERS', '@im=ibus'), ('XDG_SESSION_DESKTOP', 'cinnamon'), ('XAUTHORITY', '/home/pedrohperes/.Xauthority'), ('LS_COLORS', 'rs=0:di=01;34:ln=01;36:mh=00:pi=40;33:so=01;35:do=01;35:bd=40;33;01:cd=40;33;01:or=40;31;01:mi=00:su=37;41:sg=30;43:ca=30;41:tw=30;42:ow=34;42:st=37;44:ex=01;32:*.tar=01;31:*.tgz=01;31:*.arc=01;31:*.arj=01;31:*.taz=01;31:*.lha=01;31:*.lz4=01;31:*.lzh=01;31:*.lzma=01;31:*.tlz=01;31:*.txz=01;31:*.tzo=01;31:*.t7z=01;31:*.zip=01;31:*.z=01;31:*.dz=01;31:*.gz=01;31:*.lrz=01;31:*.lz=01;31:*.lzo=01;31:*.xz=01;31:*.zst=01;31:*.tzst=01;31:*.bz2=01;31:*.bz=01;31:*.tbz=01;31:*.tbz2=01;31:*.tz=01;31:*.deb=01;31:*.rpm=01;31:*.jar=01;31:*.war=01;31:*.ear=01;31:*.sar=01;31:*.rar=01;31:*.alz=01;31:*.ace=01;31:*.zoo=01;31:*.cpio=01;31:*.7z=01;31:*.rz=01;31:*.cab=01;31:*.wim=01;31:*.swm=01;31:*.dwm=01;31:*.esd=01;31:*.jpg=01;35:*.jpeg=01;35:*.mjpg=01;35:*.mjpeg=01;35:*.gif=01;35:*.bmp=01;35:*.pbm=01;35:*.pgm=01;35:*.ppm=01;35:*.tga=01;35:*.xbm=01;35:*.xpm=01;35:*.tif=01;35:*.tiff=01;35:*.png=01;35:*.svg=01;35:*.svgz=01;35:*.mng=01;35:*.pcx=01;35:*.mov=01;35:*.mpg=01;35:*.mpeg=01;35:*.m2v=01;35:*.mkv=01;35:*.webm=01;35:*.webp=01;35:*.ogm=01;35:*.mp4=01;35:*.m4v=01;35:*.mp4v=01;35:*.vob=01;35:*.qt=01;35:*.nuv=01;35:*.wmv=01;35:*.asf=01;35:*.rm=01;35:*.rmvb=01;35:*.flc=01;35:*.avi=01;35:*.fli=01;35:*.flv=01;35:*.gl=01;35:*.dl=01;35:*.xcf=01;35:*.xwd=01;35:*.yuv=01;35:*.cgm=01;35:*.emf=01;35:*.ogv=01;35:*.ogx=01;35:*.aac=00;36:*.au=00;36:*.flac=00;36:*.m4a=00;36:*.mid=00;36:*.midi=00;36:*.mka=00;36:*.mp3=00;36:*.mpc=00;36:*.ogg=00;36:*.ra=00;36:*.wav=00;36:*.oga=00;36:*.opus=00;36:*.spx=00;36:*.xspf=00;36:'), ('GNOME_TERMINAL_SERVICE', ':1.95'), ('SSH_AUTH_SOCK', '/run/user/1000/keyring/ssh'), ('XDG_GREETER_DATA_DIR', '/var/lib/lightdm-data/pedrohperes'), ('AMENT_PREFIX_PATH', '/home/pedrohperes/edromufu/src/movement/Ros2_change/install/urdf_robox:/home/pedrohperes/edromufu/src/movement/Ros2_change/install/urdf_example:/home/pedrohperes/edromufu/src/movement/Ros2_change/install/u2d2_comm:/home/pedrohperes/edromufu/src/movement/Ros2_change/install/tahara_pages:/home/pedrohperes/edromufu/src/movement/Ros2_change/install/pot_package:/home/pedrohperes/edromufu/src/movement/Ros2_change/install/movement_core:/home/pedrohperes/edromufu/src/movement/Ros2_change/install/movement_pages:/home/pedrohperes/edromufu/src/movement/Ros2_change/install/movement_utils:/home/pedrohperes/edromufu/src/movement/Ros2_change/install/movement_functions:/home/pedrohperes/edromufu/src/movement/Ros2_change/install/micro_ros_agent:/home/pedrohperes/edromufu/src/movement/Ros2_change/install/micro_ros_msgs:/home/pedrohperes/edromufu/src/movement/Ros2_change/install/humanoid_definition:/home/pedrohperes/edromufu/src/movement/Ros2_change/install/kinematic_functions:/home/pedrohperes/edromufu/src/movement/Ros2_change/install/humanoid_visualization:/home/pedrohperes/edromufu/src/movement/Ros2_change/install/erro_package:/opt/ros/humble'), ('SHELL', '/bin/bash'), ('LC_NAME', 'pt_BR.UTF-8'), ('QT_ACCESSIBILITY', '1'), ('GDMSESSION', 'cinnamon'), ('WEBOTS_HOME', '/usr/local/webots'), ('LESSCLOSE', '/usr/bin/lesspipe %s %s'), ('LC_MEASUREMENT', 'pt_BR.UTF-8'), ('GPG_AGENT_INFO', '/run/user/1000/gnupg/S.gpg-agent:0:1'), ('LC_IDENTIFICATION', 'pt_BR.UTF-8'), ('QT_IM_MODULE', 'ibus'), ('XDG_VTNR', '7'), ('PWD', '/home/pedrohperes/edromufu/src/movement/Ros2_change/src/movement_utils/build/movement_utils'), ('LC_ALL', 'en_US.UTF-8'), ('XDG_CONFIG_DIRS', '/etc/xdg/xdg-cinnamon:/etc/xdg'), ('CLUTTER_IM_MODULE', 'ibus'), ('XDG_DATA_DIRS', '/usr/share/gnome:/usr/share/cinnamon:/usr/share/gnome:/usr/local/share:/usr/share:/var/lib/snapd/desktop'), ('PYTHONPATH', '/home/pedrohperes/edromufu/src/movement/Ros2_change/install/u2d2_comm/lib/python3.10/site-packages:/home/pedrohperes/edromufu/src/movement/Ros2_change/install/tahara_pages/lib/python3.10/site-packages:/home/pedrohperes/edromufu/src/movement/Ros2_change/install/pot_package/lib/python3.10/site-packages:/home/pedrohperes/edromufu/src/movement/Ros2_change/install/movement_core/lib/python3.10/site-packages:/home/pedrohperes/edromufu/src/movement/Ros2_change/install/movement_pages/lib/python3.10/site-packages:/home/pedrohperes/edromufu/src/movement/Ros2_change/install/movement_utils/local/lib/python3.10/dist-packages:/home/pedrohperes/edromufu/src/movement/Ros2_change/install/movement_functions/lib/python3.10/site-packages:/home/pedrohperes/edromufu/src/movement/Ros2_change/install/micro_ros_msgs/local/lib/python3.10/dist-packages:/home/pedrohperes/edromufu/src/movement/Ros2_change/install/humanoid_definition/lib/python3.10/site-packages:/home/pedrohperes/edromufu/src/movement/Ros2_change/install/kinematic_functions/lib/python3.10/site-packages:/home/pedrohperes/edromufu/src/movement/Ros2_change/install/erro_package/lib/python3.10/site-packages:/opt/ros/humble/lib/python3.10/site-packages:/opt/ros/humble/local/lib/python3.10/dist-packages'), ('LC_NUMERIC', 'pt_BR.UTF-8'), ('LC_PAPER', 'pt_BR.UTF-8'), ('COLCON', '1'), ('VTE_VERSION', '6800'), ('CMAKE_PREFIX_PATH', '/home/pedrohperes/edromufu/src/movement/Ros2_change/install/urdf_robox:/home/pedrohperes/edromufu/src/movement/Ros2_change/install/urdf_example:/home/pedrohperes/edromufu/src/movement/Ros2_change/install/movement_utils:/home/pedrohperes/edromufu/src/movement/Ros2_change/install/micro_ros_agent:/home/pedrohperes/edromufu/src/movement/Ros2_change/install/micro_ros_msgs:/home/pedrohperes/edromufu/src/movement/Ros2_change/install/humanoid_visualization:/home/pedrohperes/edromufu/src/movement/Ros2_change/install/u2d2_comm:/home/pedrohperes/edromufu/src/movement/Ros2_change/install/tahara_pages:/home/pedrohperes/edromufu/src/movement/Ros2_change/install/pot_package:/home/pedrohperes/edromufu/src/movement/Ros2_change/install/movement_core:/home/pedrohperes/edromufu/src/movement/Ros2_change/install/movement_pages:/home/pedrohperes/edromufu/src/movement/Ros2_change/install/movement_functions:/home/pedrohperes/edromufu/src/movement/Ros2_change/install/humanoid_definition:/home/pedrohperes/edromufu/src/movement/Ros2_change/install/kinematic_functions:/home/pedrohperes/edromufu/src/movement/Ros2_change/install/erro_package:/opt/ros/humble')]), 'shell': False}
[0.100113] (-) TimerEvent: {}
[0.130888] (movement_utils) StdoutLine: {'line': b'-- The C compiler identification is GNU 11.4.0\n'}
[0.200262] (-) TimerEvent: {}
[0.242223] (movement_utils) StdoutLine: {'line': b'-- The CXX compiler identification is GNU 11.4.0\n'}
[0.252686] (movement_utils) StdoutLine: {'line': b'-- Detecting C compiler ABI info\n'}
[0.300353] (-) TimerEvent: {}
[0.320885] (movement_utils) StdoutLine: {'line': b'-- Detecting C compiler ABI info - done\n'}
[0.329104] (movement_utils) StdoutLine: {'line': b'-- Check for working C compiler: /usr/bin/cc - skipped\n'}
[0.329538] (movement_utils) StdoutLine: {'line': b'-- Detecting C compile features\n'}
[0.330285] (movement_utils) StdoutLine: {'line': b'-- Detecting C compile features - done\n'}
[0.334541] (movement_utils) StdoutLine: {'line': b'-- Detecting CXX compiler ABI info\n'}
[0.400478] (-) TimerEvent: {}
[0.408139] (movement_utils) StdoutLine: {'line': b'-- Detecting CXX compiler ABI info - done\n'}
[0.416264] (movement_utils) StdoutLine: {'line': b'-- Check for working CXX compiler: /usr/bin/c++ - skipped\n'}
[0.416616] (movement_utils) StdoutLine: {'line': b'-- Detecting CXX compile features\n'}
[0.417150] (movement_utils) StdoutLine: {'line': b'-- Detecting CXX compile features - done\n'}
[0.421011] (movement_utils) StdoutLine: {'line': b'-- Found ament_cmake: 1.3.8 (/opt/ros/humble/share/ament_cmake/cmake)\n'}
[0.500598] (-) TimerEvent: {}
[0.581816] (movement_utils) StdoutLine: {'line': b'-- Found Python3: /usr/bin/python3 (found version "3.10.12") found components: Interpreter \n'}
[0.600724] (-) TimerEvent: {}
[0.690956] (movement_utils) StdoutLine: {'line': b'-- Found rosidl_default_generators: 1.2.0 (/opt/ros/humble/share/rosidl_default_generators/cmake)\n'}
[0.697646] (movement_utils) StdoutLine: {'line': b'-- Using all available rosidl_typesupport_c: rosidl_typesupport_fastrtps_c;rosidl_typesupport_introspection_c\n'}
[0.700797] (-) TimerEvent: {}
[0.707714] (movement_utils) StdoutLine: {'line': b'-- Found rosidl_adapter: 3.1.5 (/opt/ros/humble/share/rosidl_adapter/cmake)\n'}
[0.764695] (movement_utils) StdoutLine: {'line': b'-- Using all available rosidl_typesupport_cpp: rosidl_typesupport_fastrtps_cpp;rosidl_typesupport_introspection_cpp\n'}
[0.800923] (-) TimerEvent: {}
[0.814515] (movement_utils) StdoutLine: {'line': b'-- Found std_msgs: 4.2.3 (/opt/ros/humble/share/std_msgs/cmake)\n'}
[0.884217] (movement_utils) StdoutLine: {'line': b'-- Found ament_lint_auto: 0.12.10 (/opt/ros/humble/share/ament_lint_auto/cmake)\n'}
[0.900962] (-) TimerEvent: {}
[1.001250] (-) TimerEvent: {}
[1.101485] (-) TimerEvent: {}
[1.201684] (-) TimerEvent: {}
[1.228390] (movement_utils) StdoutLine: {'line': b'-- Found ament_cmake_ros: 0.10.0 (/opt/ros/humble/share/ament_cmake_ros/cmake)\n'}
[1.301803] (-) TimerEvent: {}
[1.402065] (-) TimerEvent: {}
[1.450157] (movement_utils) StdoutLine: {'line': b'-- Using all available rosidl_typesupport_c: rosidl_typesupport_fastrtps_c;rosidl_typesupport_introspection_c\n'}
[1.502180] (-) TimerEvent: {}
[1.602419] (-) TimerEvent: {}
[1.702618] (-) TimerEvent: {}
[1.733099] (movement_utils) StdoutLine: {'line': b'-- Using all available rosidl_typesupport_cpp: rosidl_typesupport_fastrtps_cpp;rosidl_typesupport_introspection_cpp\n'}
[1.757700] (movement_utils) StdoutLine: {'line': b'-- Found PythonInterp: /usr/bin/python3 (found suitable version "3.10.12", minimum required is "3.6") \n'}
[1.760117] (movement_utils) StdoutLine: {'line': b'-- Found python_cmake_module: 0.10.0 (/opt/ros/humble/share/python_cmake_module/cmake)\n'}
[1.788125] (movement_utils) StdoutLine: {'line': b'-- Found PythonLibs: /usr/lib/x86_64-linux-gnu/libpython3.10.so (found suitable version "3.10.12", minimum required is "3.5") \n'}
[1.788252] (movement_utils) StdoutLine: {'line': b'-- Using PYTHON_EXECUTABLE: /usr/bin/python3\n'}
[1.788318] (movement_utils) StdoutLine: {'line': b'-- Using PYTHON_INCLUDE_DIRS: /usr/include/python3.10\n'}
[1.788372] (movement_utils) StdoutLine: {'line': b'-- Using PYTHON_LIBRARIES: /usr/lib/x86_64-linux-gnu/libpython3.10.so\n'}
[1.802711] (-) TimerEvent: {}
[1.810970] (movement_utils) StdoutLine: {'line': b'-- Found PythonExtra: .so  \n'}
[1.875014] (movement_utils) StdoutLine: {'line': b"-- Added test 'cppcheck' to perform static code analysis on C / C++ code\n"}
[1.875827] (movement_utils) StdoutLine: {'line': b'-- Configured cppcheck include dirs: $<BUILD_INTERFACE:/home/pedrohperes/edromufu/src/movement/Ros2_change/src/movement_utils/build/movement_utils/rosidl_generator_c>;$<BUILD_INTERFACE:/home/pedrohperes/edromufu/src/movement/Ros2_change/src/movement_utils/build/movement_utils/rosidl_typesupport_fastrtps_c>;$<BUILD_INTERFACE:/home/pedrohperes/edromufu/src/movement/Ros2_change/src/movement_utils/build/movement_utils/rosidl_typesupport_introspection_c>;$<BUILD_INTERFACE:/home/pedrohperes/edromufu/src/movement/Ros2_change/src/movement_utils/build/movement_utils/rosidl_generator_cpp>;$<BUILD_INTERFACE:/home/pedrohperes/edromufu/src/movement/Ros2_change/src/movement_utils/build/movement_utils/rosidl_typesupport_fastrtps_cpp>;$<BUILD_INTERFACE:/home/pedrohperes/edromufu/src/movement/Ros2_change/src/movement_utils/build/movement_utils/rosidl_typesupport_introspection_cpp>;/home/pedrohperes/edromufu/src/movement/Ros2_change/src/movement_utils/build/movement_utils/rosidl_generator_c;/home/pedrohperes/edromufu/src/movement/Ros2_change/src/movement_utils/build/movement_utils/rosidl_generator_py\n'}
[1.875930] (movement_utils) StdoutLine: {'line': b'-- Configured cppcheck exclude dirs and/or files: \n'}
[1.877306] (movement_utils) StdoutLine: {'line': b"-- Added test 'flake8' to check Python code syntax and style conventions\n"}
[1.879442] (movement_utils) StdoutLine: {'line': b"-- Added test 'lint_cmake' to check CMake code style\n"}
[1.880963] (movement_utils) StdoutLine: {'line': b"-- Added test 'pep257' to check Python code against some of the docstring style conventions in PEP 257\n"}
[1.887277] (movement_utils) StdoutLine: {'line': b"-- Added test 'uncrustify' to check C / C++ code style\n"}
[1.887365] (movement_utils) StdoutLine: {'line': b'-- Configured uncrustify additional arguments: \n'}
[1.888725] (movement_utils) StdoutLine: {'line': b"-- Added test 'xmllint' to check XML markup files\n"}
[1.894784] (movement_utils) StdoutLine: {'line': b'-- Configuring done\n'}
[1.902808] (-) TimerEvent: {}
[1.939533] (movement_utils) StdoutLine: {'line': b'-- Generating done\n'}
[1.942042] (movement_utils) StdoutLine: {'line': b'-- Build files have been written to: /home/pedrohperes/edromufu/src/movement/Ros2_change/src/movement_utils/build/movement_utils\n'}
[1.947437] (movement_utils) CommandEnded: {'returncode': 0}
[1.949124] (movement_utils) JobProgress: {'identifier': 'movement_utils', 'progress': 'build'}
[1.949152] (movement_utils) Command: {'cmd': ['/usr/bin/cmake', '--build', '/home/pedrohperes/edromufu/src/movement/Ros2_change/src/movement_utils/build/movement_utils', '--', '-j12', '-l12'], 'cwd': '/home/pedrohperes/edromufu/src/movement/Ros2_change/src/movement_utils/build/movement_utils', 'env': OrderedDict([('LESSOPEN', '| /usr/bin/lesspipe %s'), ('LANGUAGE', 'en_US'), ('USER', 'pedrohperes'), ('LC_TIME', 'pt_BR.UTF-8'), ('XDG_SEAT', 'seat0'), ('XDG_SESSION_TYPE', 'x11'), ('SHLVL', '1'), ('LD_LIBRARY_PATH', '/home/pedrohperes/edromufu/src/movement/Ros2_change/install/movement_utils/lib:/home/pedrohperes/edromufu/src/movement/Ros2_change/install/micro_ros_agent/lib:/home/pedrohperes/edromufu/src/movement/Ros2_change/install/micro_ros_msgs/lib:/opt/ros/humble/opt/rviz_ogre_vendor/lib:/opt/ros/humble/lib/x86_64-linux-gnu:/opt/ros/humble/lib'), ('HOME', '/home/pedrohperes'), ('OLDPWD', '/home/pedrohperes/edromufu/src/movement/Ros2_change/src'), ('DESKTOP_SESSION', 'cinnamon'), ('ROS_PYTHON_VERSION', '3'), ('GTK_MODULES', 'gail:atk-bridge'), ('XDG_SEAT_PATH', '/org/freedesktop/DisplayManager/Seat0'), ('LC_MONETARY', 'pt_BR.UTF-8'), ('LC_CTYPE', 'pt_BR.UTF-8'), ('DBUS_SESSION_BUS_ADDRESS', 'unix:path=/run/user/1000/bus'), ('COLORTERM', 'truecolor'), ('_colcon_cd_root', '/opt/ros/humble/'), ('COLCON_PREFIX_PATH', '/home/pedrohperes/edromufu/src/movement/Ros2_change/install:/home/pedrohperes/edromufu/install'), ('ROS_DISTRO', 'humble'), ('GTK_IM_MODULE', 'ibus'), ('LOGNAME', 'pedrohperes'), ('DESKTOP_AUTOSTART_ID', '10cfa676dd7a8af83173400866976641700000017820013'), ('_', '/usr/bin/colcon'), ('ROS_VERSION', '2'), ('XDG_SESSION_CLASS', 'user'), ('TERM', 'xterm-256color'), ('GTK_OVERLAY_SCROLLING', '0'), ('XDG_SESSION_ID', 'c2'), ('GNOME_DESKTOP_SESSION_ID', 'this-is-deprecated'), ('ROS_LOCALHOST_ONLY', '0'), ('PATH', '/opt/ros/humble/bin:/home/pedrohperes/.local/bin:/usr/local/sbin:/usr/local/bin:/usr/sbin:/usr/bin:/sbin:/bin:/usr/games:/usr/local/games:/snap/bin:/home/pedrohperes/Flutter/flutter/bin'), ('SESSION_MANAGER', 'local/PeresNitro5:@/tmp/.ICE-unix/1782,unix/PeresNitro5:/tmp/.ICE-unix/1782'), ('GDM_LANG', 'en_US'), ('GTK3_MODULES', 'xapp-gtk3-module'), ('XDG_SESSION_PATH', '/org/freedesktop/DisplayManager/Session0'), ('LC_ADDRESS', 'pt_BR.UTF-8'), ('GNOME_TERMINAL_SCREEN', '/org/gnome/Terminal/screen/2c5a1014_9494_4c7d_b01d_37e1cf9e0454'), ('XDG_RUNTIME_DIR', '/run/user/1000'), ('DISPLAY', ':0'), ('LANG', 'en_US.UTF-8'), ('XDG_CURRENT_DESKTOP', 'X-Cinnamon'), ('LC_TELEPHONE', 'pt_BR.UTF-8'), ('XMODIFIERS', '@im=ibus'), ('XDG_SESSION_DESKTOP', 'cinnamon'), ('XAUTHORITY', '/home/pedrohperes/.Xauthority'), ('LS_COLORS', 'rs=0:di=01;34:ln=01;36:mh=00:pi=40;33:so=01;35:do=01;35:bd=40;33;01:cd=40;33;01:or=40;31;01:mi=00:su=37;41:sg=30;43:ca=30;41:tw=30;42:ow=34;42:st=37;44:ex=01;32:*.tar=01;31:*.tgz=01;31:*.arc=01;31:*.arj=01;31:*.taz=01;31:*.lha=01;31:*.lz4=01;31:*.lzh=01;31:*.lzma=01;31:*.tlz=01;31:*.txz=01;31:*.tzo=01;31:*.t7z=01;31:*.zip=01;31:*.z=01;31:*.dz=01;31:*.gz=01;31:*.lrz=01;31:*.lz=01;31:*.lzo=01;31:*.xz=01;31:*.zst=01;31:*.tzst=01;31:*.bz2=01;31:*.bz=01;31:*.tbz=01;31:*.tbz2=01;31:*.tz=01;31:*.deb=01;31:*.rpm=01;31:*.jar=01;31:*.war=01;31:*.ear=01;31:*.sar=01;31:*.rar=01;31:*.alz=01;31:*.ace=01;31:*.zoo=01;31:*.cpio=01;31:*.7z=01;31:*.rz=01;31:*.cab=01;31:*.wim=01;31:*.swm=01;31:*.dwm=01;31:*.esd=01;31:*.jpg=01;35:*.jpeg=01;35:*.mjpg=01;35:*.mjpeg=01;35:*.gif=01;35:*.bmp=01;35:*.pbm=01;35:*.pgm=01;35:*.ppm=01;35:*.tga=01;35:*.xbm=01;35:*.xpm=01;35:*.tif=01;35:*.tiff=01;35:*.png=01;35:*.svg=01;35:*.svgz=01;35:*.mng=01;35:*.pcx=01;35:*.mov=01;35:*.mpg=01;35:*.mpeg=01;35:*.m2v=01;35:*.mkv=01;35:*.webm=01;35:*.webp=01;35:*.ogm=01;35:*.mp4=01;35:*.m4v=01;35:*.mp4v=01;35:*.vob=01;35:*.qt=01;35:*.nuv=01;35:*.wmv=01;35:*.asf=01;35:*.rm=01;35:*.rmvb=01;35:*.flc=01;35:*.avi=01;35:*.fli=01;35:*.flv=01;35:*.gl=01;35:*.dl=01;35:*.xcf=01;35:*.xwd=01;35:*.yuv=01;35:*.cgm=01;35:*.emf=01;35:*.ogv=01;35:*.ogx=01;35:*.aac=00;36:*.au=00;36:*.flac=00;36:*.m4a=00;36:*.mid=00;36:*.midi=00;36:*.mka=00;36:*.mp3=00;36:*.mpc=00;36:*.ogg=00;36:*.ra=00;36:*.wav=00;36:*.oga=00;36:*.opus=00;36:*.spx=00;36:*.xspf=00;36:'), ('GNOME_TERMINAL_SERVICE', ':1.95'), ('SSH_AUTH_SOCK', '/run/user/1000/keyring/ssh'), ('XDG_GREETER_DATA_DIR', '/var/lib/lightdm-data/pedrohperes'), ('AMENT_PREFIX_PATH', '/home/pedrohperes/edromufu/src/movement/Ros2_change/install/urdf_robox:/home/pedrohperes/edromufu/src/movement/Ros2_change/install/urdf_example:/home/pedrohperes/edromufu/src/movement/Ros2_change/install/u2d2_comm:/home/pedrohperes/edromufu/src/movement/Ros2_change/install/tahara_pages:/home/pedrohperes/edromufu/src/movement/Ros2_change/install/pot_package:/home/pedrohperes/edromufu/src/movement/Ros2_change/install/movement_core:/home/pedrohperes/edromufu/src/movement/Ros2_change/install/movement_pages:/home/pedrohperes/edromufu/src/movement/Ros2_change/install/movement_utils:/home/pedrohperes/edromufu/src/movement/Ros2_change/install/movement_functions:/home/pedrohperes/edromufu/src/movement/Ros2_change/install/micro_ros_agent:/home/pedrohperes/edromufu/src/movement/Ros2_change/install/micro_ros_msgs:/home/pedrohperes/edromufu/src/movement/Ros2_change/install/humanoid_definition:/home/pedrohperes/edromufu/src/movement/Ros2_change/install/kinematic_functions:/home/pedrohperes/edromufu/src/movement/Ros2_change/install/humanoid_visualization:/home/pedrohperes/edromufu/src/movement/Ros2_change/install/erro_package:/opt/ros/humble'), ('SHELL', '/bin/bash'), ('LC_NAME', 'pt_BR.UTF-8'), ('QT_ACCESSIBILITY', '1'), ('GDMSESSION', 'cinnamon'), ('WEBOTS_HOME', '/usr/local/webots'), ('LESSCLOSE', '/usr/bin/lesspipe %s %s'), ('LC_MEASUREMENT', 'pt_BR.UTF-8'), ('GPG_AGENT_INFO', '/run/user/1000/gnupg/S.gpg-agent:0:1'), ('LC_IDENTIFICATION', 'pt_BR.UTF-8'), ('QT_IM_MODULE', 'ibus'), ('XDG_VTNR', '7'), ('PWD', '/home/pedrohperes/edromufu/src/movement/Ros2_change/src/movement_utils/build/movement_utils'), ('LC_ALL', 'en_US.UTF-8'), ('XDG_CONFIG_DIRS', '/etc/xdg/xdg-cinnamon:/etc/xdg'), ('CLUTTER_IM_MODULE', 'ibus'), ('XDG_DATA_DIRS', '/usr/share/gnome:/usr/share/cinnamon:/usr/share/gnome:/usr/local/share:/usr/share:/var/lib/snapd/desktop'), ('PYTHONPATH', '/home/pedrohperes/edromufu/src/movement/Ros2_change/install/u2d2_comm/lib/python3.10/site-packages:/home/pedrohperes/edromufu/src/movement/Ros2_change/install/tahara_pages/lib/python3.10/site-packages:/home/pedrohperes/edromufu/src/movement/Ros2_change/install/pot_package/lib/python3.10/site-packages:/home/pedrohperes/edromufu/src/movement/Ros2_change/install/movement_core/lib/python3.10/site-packages:/home/pedrohperes/edromufu/src/movement/Ros2_change/install/movement_pages/lib/python3.10/site-packages:/home/pedrohperes/edromufu/src/movement/Ros2_change/install/movement_utils/local/lib/python3.10/dist-packages:/home/pedrohperes/edromufu/src/movement/Ros2_change/install/movement_functions/lib/python3.10/site-packages:/home/pedrohperes/edromufu/src/movement/Ros2_change/install/micro_ros_msgs/local/lib/python3.10/dist-packages:/home/pedrohperes/edromufu/src/movement/Ros2_change/install/humanoid_definition/lib/python3.10/site-packages:/home/pedrohperes/edromufu/src/movement/Ros2_change/install/kinematic_functions/lib/python3.10/site-packages:/home/pedrohperes/edromufu/src/movement/Ros2_change/install/erro_package/lib/python3.10/site-packages:/opt/ros/humble/lib/python3.10/site-packages:/opt/ros/humble/local/lib/python3.10/dist-packages'), ('LC_NUMERIC', 'pt_BR.UTF-8'), ('LC_PAPER', 'pt_BR.UTF-8'), ('COLCON', '1'), ('VTE_VERSION', '6800'), ('CMAKE_PREFIX_PATH', '/home/pedrohperes/edromufu/src/movement/Ros2_change/install/urdf_robox:/home/pedrohperes/edromufu/src/movement/Ros2_change/install/urdf_example:/home/pedrohperes/edromufu/src/movement/Ros2_change/install/movement_utils:/home/pedrohperes/edromufu/src/movement/Ros2_change/install/micro_ros_agent:/home/pedrohperes/edromufu/src/movement/Ros2_change/install/micro_ros_msgs:/home/pedrohperes/edromufu/src/movement/Ros2_change/install/humanoid_visualization:/home/pedrohperes/edromufu/src/movement/Ros2_change/install/u2d2_comm:/home/pedrohperes/edromufu/src/movement/Ros2_change/install/tahara_pages:/home/pedrohperes/edromufu/src/movement/Ros2_change/install/pot_package:/home/pedrohperes/edromufu/src/movement/Ros2_change/install/movement_core:/home/pedrohperes/edromufu/src/movement/Ros2_change/install/movement_pages:/home/pedrohperes/edromufu/src/movement/Ros2_change/install/movement_functions:/home/pedrohperes/edromufu/src/movement/Ros2_change/install/humanoid_definition:/home/pedrohperes/edromufu/src/movement/Ros2_change/install/kinematic_functions:/home/pedrohperes/edromufu/src/movement/Ros2_change/install/erro_package:/opt/ros/humble')]), 'shell': False}
[1.981201] (movement_utils) StdoutLine: {'line': b'[  1%] \x1b[34m\x1b[1mGenerating C code for ROS interfaces\x1b[0m\n'}
[1.989453] (movement_utils) StdoutLine: {'line': b'[  2%] \x1b[34m\x1b[1mGenerating C++ code for ROS interfaces\x1b[0m\n'}
[1.995264] (movement_utils) StdoutLine: {'line': b'[  2%] Built target ament_cmake_python_copy_movement_utils\n'}
[2.002933] (-) TimerEvent: {}
[2.103155] (-) TimerEvent: {}
[2.203363] (-) TimerEvent: {}
[2.275180] (movement_utils) StdoutLine: {'line': b'running egg_info\n'}
[2.275696] (movement_utils) StdoutLine: {'line': b'creating movement_utils.egg-info\n'}
[2.275899] (movement_utils) StdoutLine: {'line': b'writing movement_utils.egg-info/PKG-INFO\n'}
[2.276023] (movement_utils) StdoutLine: {'line': b'writing dependency_links to movement_utils.egg-info/dependency_links.txt\n'}
[2.276152] (movement_utils) StdoutLine: {'line': b'writing top-level names to movement_utils.egg-info/top_level.txt\n'}
[2.276370] (movement_utils) StdoutLine: {'line': b"writing manifest file 'movement_utils.egg-info/SOURCES.txt'\n"}
[2.278720] (movement_utils) StdoutLine: {'line': b"reading manifest file 'movement_utils.egg-info/SOURCES.txt'\n"}
[2.279177] (movement_utils) StdoutLine: {'line': b"writing manifest file 'movement_utils.egg-info/SOURCES.txt'\n"}
[2.299859] (movement_utils) StdoutLine: {'line': b'[  2%] Built target ament_cmake_python_build_movement_utils_egg\n'}
[2.303430] (-) TimerEvent: {}
[2.403637] (-) TimerEvent: {}
[2.503882] (-) TimerEvent: {}
[2.604119] (-) TimerEvent: {}
[2.705675] (-) TimerEvent: {}
[2.739779] (movement_utils) StdoutLine: {'line': b'[  2%] Built target movement_utils__cpp\n'}
[2.751349] (movement_utils) StdoutLine: {'line': b'[  5%] \x1b[34m\x1b[1mGenerating C++ type support dispatch for ROS interfaces\x1b[0m\n'}
[2.751526] (movement_utils) StdoutLine: {'line': b'[  5%] \x1b[34m\x1b[1mGenerating C++ introspection for ROS interfaces\x1b[0m\n'}
[2.751611] (movement_utils) StdoutLine: {'line': b'[  5%] \x1b[34m\x1b[1mGenerating C++ type support for eProsima Fast-RTPS\x1b[0m\n'}
[2.805761] (-) TimerEvent: {}
[2.824303] (movement_utils) StdoutLine: {'line': b'[  9%] \x1b[32mBuilding C object CMakeFiles/movement_utils__rosidl_generator_c.dir/rosidl_generator_c/movement_utils/srv/detail/enable_torque__functions.c.o\x1b[0m\n'}
[2.824517] (movement_utils) StdoutLine: {'line': b'[  9%] \x1b[32mBuilding C object CMakeFiles/movement_utils__rosidl_generator_c.dir/rosidl_generator_c/movement_utils/srv/detail/body_feedback__functions.c.o\x1b[0m\n'}
[2.824637] (movement_utils) StdoutLine: {'line': b'[ 10%] \x1b[32mBuilding C object CMakeFiles/movement_utils__rosidl_generator_c.dir/rosidl_generator_c/movement_utils/msg/detail/body_motors_data__functions.c.o\x1b[0m\n'}
[2.824744] (movement_utils) StdoutLine: {'line': b'[ 10%] \x1b[32mBuilding C object CMakeFiles/movement_utils__rosidl_generator_c.dir/rosidl_generator_c/movement_utils/msg/detail/head_motors_data__functions.c.o\x1b[0m\n'}
[2.824852] (movement_utils) StdoutLine: {'line': b'[ 10%] \x1b[32mBuilding C object CMakeFiles/movement_utils__rosidl_generator_c.dir/rosidl_generator_c/movement_utils/srv/detail/gait__functions.c.o\x1b[0m\n'}
[2.825045] (movement_utils) StdoutLine: {'line': b'[ 11%] \x1b[32mBuilding C object CMakeFiles/movement_utils__rosidl_generator_c.dir/rosidl_generator_c/movement_utils/srv/detail/head_feedback__functions.c.o\x1b[0m\n'}
[2.825173] (movement_utils) StdoutLine: {'line': b'[ 12%] \x1b[32mBuilding C object CMakeFiles/movement_utils__rosidl_generator_c.dir/rosidl_generator_c/movement_utils/srv/detail/rotate__functions.c.o\x1b[0m\n'}
[2.825768] (movement_utils) StdoutLine: {'line': b'[ 14%] \x1b[32mBuilding C object CMakeFiles/movement_utils__rosidl_generator_c.dir/rosidl_generator_c/movement_utils/srv/detail/page__functions.c.o\x1b[0m\n'}
[2.825894] (movement_utils) StdoutLine: {'line': b'[ 14%] \x1b[32mBuilding C object CMakeFiles/movement_utils__rosidl_generator_c.dir/rosidl_generator_c/movement_utils/srv/detail/walk_forward__functions.c.o\x1b[0m\n'}
[2.905888] (-) TimerEvent: {}
[2.913282] (movement_utils) StdoutLine: {'line': b'[ 15%] \x1b[32m\x1b[1mLinking C shared library libmovement_utils__rosidl_generator_c.so\x1b[0m\n'}
[2.948498] (movement_utils) StdoutLine: {'line': b'[ 15%] Built target movement_utils__rosidl_generator_c\n'}
[2.956975] (movement_utils) StdoutLine: {'line': b'[ 18%] \x1b[34m\x1b[1mGenerating C type support for eProsima Fast-RTPS\x1b[0m\n'}
[2.957188] (movement_utils) StdoutLine: {'line': b'[ 18%] \x1b[34m\x1b[1mGenerating C introspection for ROS interfaces\x1b[0m\n'}
[2.957291] (movement_utils) StdoutLine: {'line': b'[ 18%] \x1b[34m\x1b[1mGenerating C type support dispatch for ROS interfaces\x1b[0m\n'}
[3.005968] (-) TimerEvent: {}
[3.106262] (-) TimerEvent: {}
[3.206524] (-) TimerEvent: {}
[3.279049] (movement_utils) StdoutLine: {'line': b'[ 23%] \x1b[32mBuilding CXX object CMakeFiles/movement_utils__rosidl_typesupport_cpp.dir/rosidl_typesupport_cpp/movement_utils/msg/body_motors_data__type_support.cpp.o\x1b[0m\n'}
[3.279301] (movement_utils) StdoutLine: {'line': b'[ 23%] \x1b[32mBuilding CXX object CMakeFiles/movement_utils__rosidl_typesupport_cpp.dir/rosidl_typesupport_cpp/movement_utils/srv/enable_torque__type_support.cpp.o\x1b[0m\n'}
[3.279408] (movement_utils) StdoutLine: {'line': b'[ 23%] \x1b[32mBuilding CXX object CMakeFiles/movement_utils__rosidl_typesupport_cpp.dir/rosidl_typesupport_cpp/movement_utils/msg/head_motors_data__type_support.cpp.o\x1b[0m\n'}
[3.279505] (movement_utils) StdoutLine: {'line': b'[ 24%] \x1b[32mBuilding CXX object CMakeFiles/movement_utils__rosidl_typesupport_cpp.dir/rosidl_typesupport_cpp/movement_utils/srv/head_feedback__type_support.cpp.o\x1b[0m\n'}
[3.279603] (movement_utils) StdoutLine: {'line': b'[ 23%] \x1b[32mBuilding CXX object CMakeFiles/movement_utils__rosidl_typesupport_cpp.dir/rosidl_typesupport_cpp/movement_utils/srv/body_feedback__type_support.cpp.o\x1b[0m\n'}
[3.279696] (movement_utils) StdoutLine: {'line': b'[ 26%] \x1b[32mBuilding CXX object CMakeFiles/movement_utils__rosidl_typesupport_cpp.dir/rosidl_typesupport_cpp/movement_utils/srv/gait__type_support.cpp.o\x1b[0m\n'}
[3.279788] (movement_utils) StdoutLine: {'line': b'[ 26%] \x1b[32mBuilding CXX object CMakeFiles/movement_utils__rosidl_typesupport_cpp.dir/rosidl_typesupport_cpp/movement_utils/srv/page__type_support.cpp.o\x1b[0m\n'}
[3.308905] (-) TimerEvent: {}
[3.411975] (-) TimerEvent: {}
[3.512275] (-) TimerEvent: {}
[3.560046] (movement_utils) StdoutLine: {'line': b'[ 27%] \x1b[32mBuilding CXX object CMakeFiles/movement_utils__rosidl_typesupport_c.dir/rosidl_typesupport_c/movement_utils/msg/body_motors_data__type_support.cpp.o\x1b[0m\n'}
[3.600586] (movement_utils) StdoutLine: {'line': b'[ 28%] \x1b[32mBuilding CXX object CMakeFiles/movement_utils__rosidl_typesupport_c.dir/rosidl_typesupport_c/movement_utils/msg/head_motors_data__type_support.cpp.o\x1b[0m\n'}
[3.612377] (-) TimerEvent: {}
[3.624929] (movement_utils) StdoutLine: {'line': b'[ 29%] \x1b[32mBuilding CXX object CMakeFiles/movement_utils__rosidl_typesupport_introspection_cpp.dir/rosidl_typesupport_introspection_cpp/movement_utils/msg/detail/body_motors_data__type_support.cpp.o\x1b[0m\n'}
[3.642401] (movement_utils) StdoutLine: {'line': b'[ 30%] \x1b[32mBuilding CXX object CMakeFiles/movement_utils__rosidl_typesupport_c.dir/rosidl_typesupport_c/movement_utils/srv/body_feedback__type_support.cpp.o\x1b[0m\n'}
[3.685264] (movement_utils) StdoutLine: {'line': b'[ 31%] \x1b[32mBuilding CXX object CMakeFiles/movement_utils__rosidl_typesupport_c.dir/rosidl_typesupport_c/movement_utils/srv/enable_torque__type_support.cpp.o\x1b[0m\n'}
[3.707511] (movement_utils) StdoutLine: {'line': b'[ 32%] \x1b[32mBuilding CXX object CMakeFiles/movement_utils__rosidl_typesupport_c.dir/rosidl_typesupport_c/movement_utils/srv/gait__type_support.cpp.o\x1b[0m\n'}
[3.707774] (movement_utils) StdoutLine: {'line': b'[ 33%] \x1b[32mBuilding CXX object CMakeFiles/movement_utils__rosidl_typesupport_cpp.dir/rosidl_typesupport_cpp/movement_utils/srv/rotate__type_support.cpp.o\x1b[0m\n'}
[3.712467] (-) TimerEvent: {}
[3.715082] (movement_utils) StdoutLine: {'line': b'[ 34%] \x1b[32mBuilding CXX object CMakeFiles/movement_utils__rosidl_typesupport_introspection_cpp.dir/rosidl_typesupport_introspection_cpp/movement_utils/msg/detail/head_motors_data__type_support.cpp.o\x1b[0m\n'}
[3.719353] (movement_utils) StdoutLine: {'line': b'[ 35%] \x1b[32mBuilding CXX object CMakeFiles/movement_utils__rosidl_typesupport_introspection_cpp.dir/rosidl_typesupport_introspection_cpp/movement_utils/srv/detail/body_feedback__type_support.cpp.o\x1b[0m\n'}
[3.720167] (movement_utils) StdoutLine: {'line': b'[ 36%] \x1b[32mBuilding CXX object CMakeFiles/movement_utils__rosidl_typesupport_introspection_cpp.dir/rosidl_typesupport_introspection_cpp/movement_utils/srv/detail/enable_torque__type_support.cpp.o\x1b[0m\n'}
[3.723950] (movement_utils) StdoutLine: {'line': b'[ 38%] \x1b[32mBuilding CXX object CMakeFiles/movement_utils__rosidl_typesupport_introspection_cpp.dir/rosidl_typesupport_introspection_cpp/movement_utils/srv/detail/gait__type_support.cpp.o\x1b[0m\n'}
[3.724790] (movement_utils) StdoutLine: {'line': b'[ 38%] \x1b[32mBuilding CXX object CMakeFiles/movement_utils__rosidl_typesupport_cpp.dir/rosidl_typesupport_cpp/movement_utils/srv/walk_forward__type_support.cpp.o\x1b[0m\n'}
[3.741096] (movement_utils) StdoutLine: {'line': b'[ 40%] \x1b[32mBuilding CXX object CMakeFiles/movement_utils__rosidl_typesupport_introspection_cpp.dir/rosidl_typesupport_introspection_cpp/movement_utils/srv/detail/head_feedback__type_support.cpp.o\x1b[0m\n'}
[3.752125] (movement_utils) StdoutLine: {'line': b'[ 41%] \x1b[32mBuilding CXX object CMakeFiles/movement_utils__rosidl_typesupport_c.dir/rosidl_typesupport_c/movement_utils/srv/head_feedback__type_support.cpp.o\x1b[0m\n'}
[3.791733] (movement_utils) StdoutLine: {'line': b'[ 42%] \x1b[32mBuilding CXX object CMakeFiles/movement_utils__rosidl_typesupport_c.dir/rosidl_typesupport_c/movement_utils/srv/page__type_support.cpp.o\x1b[0m\n'}
[3.812569] (-) TimerEvent: {}
[3.837043] (movement_utils) StdoutLine: {'line': b'[ 43%] \x1b[32mBuilding CXX object CMakeFiles/movement_utils__rosidl_typesupport_c.dir/rosidl_typesupport_c/movement_utils/srv/rotate__type_support.cpp.o\x1b[0m\n'}
[3.849678] (movement_utils) StdoutLine: {'line': b'[ 44%] \x1b[32mBuilding CXX object CMakeFiles/movement_utils__rosidl_typesupport_fastrtps_cpp.dir/rosidl_typesupport_fastrtps_cpp/movement_utils/msg/detail/dds_fastrtps/body_motors_data__type_support.cpp.o\x1b[0m\n'}
[3.877763] (movement_utils) StdoutLine: {'line': b'[ 45%] \x1b[32mBuilding CXX object CMakeFiles/movement_utils__rosidl_typesupport_c.dir/rosidl_typesupport_c/movement_utils/srv/walk_forward__type_support.cpp.o\x1b[0m\n'}
[3.912685] (-) TimerEvent: {}
[3.922456] (movement_utils) StdoutLine: {'line': b'[ 46%] \x1b[32m\x1b[1mLinking CXX shared library libmovement_utils__rosidl_typesupport_c.so\x1b[0m\n'}
[3.981983] (movement_utils) StdoutLine: {'line': b'[ 46%] Built target movement_utils__rosidl_typesupport_c\n'}
[3.995380] (movement_utils) StdoutLine: {'line': b'[ 47%] \x1b[32mBuilding CXX object CMakeFiles/movement_utils__rosidl_typesupport_fastrtps_cpp.dir/rosidl_typesupport_fastrtps_cpp/movement_utils/msg/detail/dds_fastrtps/head_motors_data__type_support.cpp.o\x1b[0m\n'}
[4.012794] (-) TimerEvent: {}
[4.026641] (movement_utils) StdoutLine: {'line': b'[ 48%] \x1b[32mBuilding C object CMakeFiles/movement_utils__rosidl_typesupport_introspection_c.dir/rosidl_typesupport_introspection_c/movement_utils/msg/detail/body_motors_data__type_support.c.o\x1b[0m\n'}
[4.058480] (movement_utils) StdoutLine: {'line': b'[ 49%] \x1b[32mBuilding CXX object CMakeFiles/movement_utils__rosidl_typesupport_fastrtps_c.dir/rosidl_typesupport_fastrtps_c/movement_utils/msg/detail/body_motors_data__type_support_c.cpp.o\x1b[0m\n'}
[4.080992] (movement_utils) StdoutLine: {'line': b'[ 50%] \x1b[32mBuilding C object CMakeFiles/movement_utils__rosidl_typesupport_introspection_c.dir/rosidl_typesupport_introspection_c/movement_utils/msg/detail/head_motors_data__type_support.c.o\x1b[0m\n'}
[4.112910] (-) TimerEvent: {}
[4.118352] (movement_utils) StdoutLine: {'line': b'[ 51%] \x1b[32mBuilding CXX object CMakeFiles/movement_utils__rosidl_typesupport_fastrtps_cpp.dir/rosidl_typesupport_fastrtps_cpp/movement_utils/srv/detail/dds_fastrtps/body_feedback__type_support.cpp.o\x1b[0m\n'}
[4.130979] (movement_utils) StdoutLine: {'line': b'[ 52%] \x1b[32mBuilding C object CMakeFiles/movement_utils__rosidl_typesupport_introspection_c.dir/rosidl_typesupport_introspection_c/movement_utils/srv/detail/body_feedback__type_support.c.o\x1b[0m\n'}
[4.140552] (movement_utils) StdoutLine: {'line': b'[ 53%] \x1b[32m\x1b[1mLinking CXX shared library libmovement_utils__rosidl_typesupport_cpp.so\x1b[0m\n'}
[4.181728] (movement_utils) StdoutLine: {'line': b'[ 54%] \x1b[32mBuilding C object CMakeFiles/movement_utils__rosidl_typesupport_introspection_c.dir/rosidl_typesupport_introspection_c/movement_utils/srv/detail/enable_torque__type_support.c.o\x1b[0m\n'}
[4.203629] (movement_utils) StdoutLine: {'line': b'[ 54%] Built target movement_utils__rosidl_typesupport_cpp\n'}
[4.212986] (-) TimerEvent: {}
[4.216785] (movement_utils) StdoutLine: {'line': b'[ 55%] \x1b[32mBuilding CXX object CMakeFiles/movement_utils__rosidl_typesupport_fastrtps_cpp.dir/rosidl_typesupport_fastrtps_cpp/movement_utils/srv/detail/dds_fastrtps/enable_torque__type_support.cpp.o\x1b[0m\n'}
[4.239230] (movement_utils) StdoutLine: {'line': b'[ 56%] \x1b[32mBuilding CXX object CMakeFiles/movement_utils__rosidl_typesupport_fastrtps_c.dir/rosidl_typesupport_fastrtps_c/movement_utils/msg/detail/head_motors_data__type_support_c.cpp.o\x1b[0m\n'}
[4.239460] (movement_utils) StdoutLine: {'line': b'[ 57%] \x1b[32mBuilding C object CMakeFiles/movement_utils__rosidl_typesupport_introspection_c.dir/rosidl_typesupport_introspection_c/movement_utils/srv/detail/gait__type_support.c.o\x1b[0m\n'}
[4.291815] (movement_utils) StdoutLine: {'line': b'[ 58%] \x1b[32mBuilding C object CMakeFiles/movement_utils__rosidl_typesupport_introspection_c.dir/rosidl_typesupport_introspection_c/movement_utils/srv/detail/head_feedback__type_support.c.o\x1b[0m\n'}
[4.302897] (movement_utils) StdoutLine: {'line': b'[ 60%] \x1b[32mBuilding C object CMakeFiles/movement_utils__rosidl_typesupport_introspection_c.dir/rosidl_typesupport_introspection_c/movement_utils/srv/detail/page__type_support.c.o\x1b[0m\n'}
[4.309177] (movement_utils) StdoutLine: {'line': b'[ 61%] \x1b[32mBuilding CXX object CMakeFiles/movement_utils__rosidl_typesupport_fastrtps_c.dir/rosidl_typesupport_fastrtps_c/movement_utils/srv/detail/body_feedback__type_support_c.cpp.o\x1b[0m\n'}
[4.314126] (-) TimerEvent: {}
[4.315566] (movement_utils) StdoutLine: {'line': b'[ 62%] \x1b[32mBuilding CXX object CMakeFiles/movement_utils__rosidl_typesupport_fastrtps_c.dir/rosidl_typesupport_fastrtps_c/movement_utils/srv/detail/enable_torque__type_support_c.cpp.o\x1b[0m\n'}
[4.335735] (movement_utils) StdoutLine: {'line': b'[ 63%] \x1b[32mBuilding C object CMakeFiles/movement_utils__rosidl_typesupport_introspection_c.dir/rosidl_typesupport_introspection_c/movement_utils/srv/detail/rotate__type_support.c.o\x1b[0m\n'}
[4.346045] (movement_utils) StdoutLine: {'line': b'[ 64%] \x1b[32mBuilding CXX object CMakeFiles/movement_utils__rosidl_typesupport_introspection_cpp.dir/rosidl_typesupport_introspection_cpp/movement_utils/srv/detail/page__type_support.cpp.o\x1b[0m\n'}
[4.348440] (movement_utils) StdoutLine: {'line': b'[ 65%] \x1b[32mBuilding C object CMakeFiles/movement_utils__rosidl_typesupport_introspection_c.dir/rosidl_typesupport_introspection_c/movement_utils/srv/detail/walk_forward__type_support.c.o\x1b[0m\n'}
[4.353652] (movement_utils) StdoutLine: {'line': b'[ 66%] \x1b[32mBuilding CXX object CMakeFiles/movement_utils__rosidl_typesupport_fastrtps_cpp.dir/rosidl_typesupport_fastrtps_cpp/movement_utils/srv/detail/dds_fastrtps/gait__type_support.cpp.o\x1b[0m\n'}
[4.383831] (movement_utils) StdoutLine: {'line': b'[ 67%] \x1b[32mBuilding CXX object CMakeFiles/movement_utils__rosidl_typesupport_fastrtps_c.dir/rosidl_typesupport_fastrtps_c/movement_utils/srv/detail/gait__type_support_c.cpp.o\x1b[0m\n'}
[4.396301] (movement_utils) StdoutLine: {'line': b'[ 68%] \x1b[32m\x1b[1mLinking C shared library libmovement_utils__rosidl_typesupport_introspection_c.so\x1b[0m\n'}
[4.414235] (-) TimerEvent: {}
[4.440777] (movement_utils) StdoutLine: {'line': b'[ 68%] Built target movement_utils__rosidl_typesupport_introspection_c\n'}
[4.453671] (movement_utils) StdoutLine: {'line': b'[ 69%] \x1b[32mBuilding CXX object CMakeFiles/movement_utils__rosidl_typesupport_introspection_cpp.dir/rosidl_typesupport_introspection_cpp/movement_utils/srv/detail/rotate__type_support.cpp.o\x1b[0m\n'}
[4.468000] (movement_utils) StdoutLine: {'line': b'[ 70%] \x1b[32mBuilding CXX object CMakeFiles/movement_utils__rosidl_typesupport_fastrtps_c.dir/rosidl_typesupport_fastrtps_c/movement_utils/srv/detail/head_feedback__type_support_c.cpp.o\x1b[0m\n'}
[4.514344] (-) TimerEvent: {}
[4.564247] (movement_utils) StdoutLine: {'line': b'[ 71%] \x1b[32mBuilding CXX object CMakeFiles/movement_utils__rosidl_typesupport_introspection_cpp.dir/rosidl_typesupport_introspection_cpp/movement_utils/srv/detail/walk_forward__type_support.cpp.o\x1b[0m\n'}
[4.610577] (movement_utils) StdoutLine: {'line': b'[ 72%] \x1b[32mBuilding CXX object CMakeFiles/movement_utils__rosidl_typesupport_fastrtps_cpp.dir/rosidl_typesupport_fastrtps_cpp/movement_utils/srv/detail/dds_fastrtps/head_feedback__type_support.cpp.o\x1b[0m\n'}
[4.614455] (-) TimerEvent: {}
[4.714993] (-) TimerEvent: {}
[4.745982] (movement_utils) StdoutLine: {'line': b'[ 73%] \x1b[32mBuilding CXX object CMakeFiles/movement_utils__rosidl_typesupport_fastrtps_cpp.dir/rosidl_typesupport_fastrtps_cpp/movement_utils/srv/detail/dds_fastrtps/page__type_support.cpp.o\x1b[0m\n'}
[4.752164] (movement_utils) StdoutLine: {'line': b'[ 74%] \x1b[32mBuilding CXX object CMakeFiles/movement_utils__rosidl_typesupport_fastrtps_c.dir/rosidl_typesupport_fastrtps_c/movement_utils/srv/detail/page__type_support_c.cpp.o\x1b[0m\n'}
[4.815133] (-) TimerEvent: {}
[4.848874] (movement_utils) StdoutLine: {'line': b'[ 75%] \x1b[32mBuilding CXX object CMakeFiles/movement_utils__rosidl_typesupport_fastrtps_c.dir/rosidl_typesupport_fastrtps_c/movement_utils/srv/detail/rotate__type_support_c.cpp.o\x1b[0m\n'}
[4.849127] (movement_utils) StdoutLine: {'line': b'[ 76%] \x1b[32mBuilding CXX object CMakeFiles/movement_utils__rosidl_typesupport_fastrtps_c.dir/rosidl_typesupport_fastrtps_c/movement_utils/srv/detail/walk_forward__type_support_c.cpp.o\x1b[0m\n'}
[4.913387] (movement_utils) StdoutLine: {'line': b'[ 77%] \x1b[32mBuilding CXX object CMakeFiles/movement_utils__rosidl_typesupport_fastrtps_cpp.dir/rosidl_typesupport_fastrtps_cpp/movement_utils/srv/detail/dds_fastrtps/rotate__type_support.cpp.o\x1b[0m\n'}
[4.915226] (-) TimerEvent: {}
[4.941516] (movement_utils) StdoutLine: {'line': b'[ 78%] \x1b[32mBuilding CXX object CMakeFiles/movement_utils__rosidl_typesupport_fastrtps_cpp.dir/rosidl_typesupport_fastrtps_cpp/movement_utils/srv/detail/dds_fastrtps/walk_forward__type_support.cpp.o\x1b[0m\n'}
[5.015343] (-) TimerEvent: {}
[5.089017] (movement_utils) StdoutLine: {'line': b'[ 80%] \x1b[32m\x1b[1mLinking CXX shared library libmovement_utils__rosidl_typesupport_introspection_cpp.so\x1b[0m\n'}
[5.115468] (-) TimerEvent: {}
[5.169317] (movement_utils) StdoutLine: {'line': b'[ 80%] Built target movement_utils__rosidl_typesupport_introspection_cpp\n'}
[5.215561] (-) TimerEvent: {}
[5.282283] (movement_utils) StdoutLine: {'line': b'[ 81%] \x1b[32m\x1b[1mLinking CXX shared library libmovement_utils__rosidl_typesupport_fastrtps_c.so\x1b[0m\n'}
[5.315694] (-) TimerEvent: {}
[5.351638] (movement_utils) StdoutLine: {'line': b'[ 81%] Built target movement_utils__rosidl_typesupport_fastrtps_c\n'}
[5.415823] (-) TimerEvent: {}
[5.453803] (movement_utils) StdoutLine: {'line': b'[ 82%] \x1b[32m\x1b[1mLinking CXX shared library libmovement_utils__rosidl_typesupport_fastrtps_cpp.so\x1b[0m\n'}
[5.515938] (movement_utils) StdoutLine: {'line': b'[ 82%] Built target movement_utils__rosidl_typesupport_fastrtps_cpp\n'}
[5.516084] (-) TimerEvent: {}
[5.531442] (movement_utils) StdoutLine: {'line': b'[ 82%] Built target movement_utils\n'}
[5.548326] (movement_utils) StdoutLine: {'line': b'[ 83%] \x1b[34m\x1b[1mGenerating Python code for ROS interfaces\x1b[0m\n'}
[5.616207] (-) TimerEvent: {}
[5.716422] (-) TimerEvent: {}
[5.816659] (-) TimerEvent: {}
[5.916888] (-) TimerEvent: {}
[6.017101] (-) TimerEvent: {}
[6.117335] (-) TimerEvent: {}
[6.217565] (-) TimerEvent: {}
[6.317796] (-) TimerEvent: {}
[6.417997] (-) TimerEvent: {}
[6.518234] (-) TimerEvent: {}
[6.618466] (-) TimerEvent: {}
[6.718707] (-) TimerEvent: {}
[6.818949] (-) TimerEvent: {}
[6.866175] (movement_utils) StdoutLine: {'line': b'[ 83%] Built target movement_utils__py\n'}
[6.884378] (movement_utils) StdoutLine: {'line': b'[ 85%] \x1b[32mBuilding C object CMakeFiles/movement_utils__rosidl_generator_py.dir/rosidl_generator_py/movement_utils/srv/_body_feedback_s.c.o\x1b[0m\n'}
[6.884631] (movement_utils) StdoutLine: {'line': b'[ 85%] \x1b[32mBuilding C object CMakeFiles/movement_utils__rosidl_generator_py.dir/rosidl_generator_py/movement_utils/srv/_head_feedback_s.c.o\x1b[0m\n'}
[6.884744] (movement_utils) StdoutLine: {'line': b'[ 86%] \x1b[32mBuilding C object CMakeFiles/movement_utils__rosidl_generator_py.dir/rosidl_generator_py/movement_utils/srv/_rotate_s.c.o\x1b[0m\n'}
[6.885369] (movement_utils) StdoutLine: {'line': b'[ 87%] \x1b[32mBuilding C object CMakeFiles/movement_utils__rosidl_generator_py.dir/rosidl_generator_py/movement_utils/msg/_body_motors_data_s.c.o\x1b[0m\n'}
[6.885716] (movement_utils) StdoutLine: {'line': b'[ 88%] \x1b[32mBuilding C object CMakeFiles/movement_utils__rosidl_generator_py.dir/rosidl_generator_py/movement_utils/msg/_head_motors_data_s.c.o\x1b[0m\n'}
[6.885877] (movement_utils) StdoutLine: {'line': b'[ 89%] \x1b[32mBuilding C object CMakeFiles/movement_utils__rosidl_generator_py.dir/rosidl_generator_py/movement_utils/srv/_enable_torque_s.c.o\x1b[0m\n'}
[6.886518] (movement_utils) StdoutLine: {'line': b'[ 90%] \x1b[32mBuilding C object CMakeFiles/movement_utils__rosidl_generator_py.dir/rosidl_generator_py/movement_utils/srv/_gait_s.c.o\x1b[0m\n'}
[6.886991] (movement_utils) StdoutLine: {'line': b'[ 91%] \x1b[32mBuilding C object CMakeFiles/movement_utils__rosidl_generator_py.dir/rosidl_generator_py/movement_utils/srv/_page_s.c.o\x1b[0m\n'}
[6.887385] (movement_utils) StdoutLine: {'line': b'[ 92%] \x1b[32mBuilding C object CMakeFiles/movement_utils__rosidl_generator_py.dir/rosidl_generator_py/movement_utils/srv/_walk_forward_s.c.o\x1b[0m\n'}
[6.919066] (-) TimerEvent: {}
[7.019377] (-) TimerEvent: {}
[7.044633] (movement_utils) StdoutLine: {'line': b'[ 93%] \x1b[32m\x1b[1mLinking C shared library rosidl_generator_py/movement_utils/libmovement_utils__rosidl_generator_py.so\x1b[0m\n'}
[7.080437] (movement_utils) StdoutLine: {'line': b'[ 93%] Built target movement_utils__rosidl_generator_py\n'}
[7.096936] (movement_utils) StdoutLine: {'line': b'[ 96%] \x1b[32mBuilding C object CMakeFiles/movement_utils__rosidl_typesupport_c__pyext.dir/rosidl_generator_py/movement_utils/_movement_utils_s.ep.rosidl_typesupport_c.c.o\x1b[0m\n'}
[7.097088] (movement_utils) StdoutLine: {'line': b'[ 96%] \x1b[32mBuilding C object CMakeFiles/movement_utils__rosidl_typesupport_introspection_c__pyext.dir/rosidl_generator_py/movement_utils/_movement_utils_s.ep.rosidl_typesupport_introspection_c.c.o\x1b[0m\n'}
[7.097156] (movement_utils) StdoutLine: {'line': b'[ 96%] \x1b[32mBuilding C object CMakeFiles/movement_utils__rosidl_typesupport_fastrtps_c__pyext.dir/rosidl_generator_py/movement_utils/_movement_utils_s.ep.rosidl_typesupport_fastrtps_c.c.o\x1b[0m\n'}
[7.119579] (-) TimerEvent: {}
[7.220104] (-) TimerEvent: {}
[7.229233] (movement_utils) StdoutLine: {'line': b'[100%] \x1b[32m\x1b[1mLinking C shared library rosidl_generator_py/movement_utils/movement_utils_s__rosidl_typesupport_c.cpython-310-x86_64-linux-gnu.so\x1b[0m\n'}
[7.229381] (movement_utils) StdoutLine: {'line': b'[100%] \x1b[32m\x1b[1mLinking C shared library rosidl_generator_py/movement_utils/movement_utils_s__rosidl_typesupport_fastrtps_c.cpython-310-x86_64-linux-gnu.so\x1b[0m\n'}
[7.229461] (movement_utils) StdoutLine: {'line': b'[100%] \x1b[32m\x1b[1mLinking C shared library rosidl_generator_py/movement_utils/movement_utils_s__rosidl_typesupport_introspection_c.cpython-310-x86_64-linux-gnu.so\x1b[0m\n'}
[7.263445] (movement_utils) StdoutLine: {'line': b'[100%] Built target movement_utils__rosidl_typesupport_introspection_c__pyext\n'}
[7.263592] (movement_utils) StdoutLine: {'line': b'[100%] Built target movement_utils__rosidl_typesupport_fastrtps_c__pyext\n'}
[7.263660] (movement_utils) StdoutLine: {'line': b'[100%] Built target movement_utils__rosidl_typesupport_c__pyext\n'}
[7.273294] (movement_utils) CommandEnded: {'returncode': 0}
[7.320229] (-) TimerEvent: {}
[7.422334] (-) TimerEvent: {}
[7.459840] (movement_utils) JobProgress: {'identifier': 'movement_utils', 'progress': 'install'}
[7.470675] (movement_utils) Command: {'cmd': ['/usr/bin/cmake', '--install', '/home/pedrohperes/edromufu/src/movement/Ros2_change/src/movement_utils/build/movement_utils'], 'cwd': '/home/pedrohperes/edromufu/src/movement/Ros2_change/src/movement_utils/build/movement_utils', 'env': OrderedDict([('LESSOPEN', '| /usr/bin/lesspipe %s'), ('LANGUAGE', 'en_US'), ('USER', 'pedrohperes'), ('LC_TIME', 'pt_BR.UTF-8'), ('XDG_SEAT', 'seat0'), ('XDG_SESSION_TYPE', 'x11'), ('SHLVL', '1'), ('LD_LIBRARY_PATH', '/home/pedrohperes/edromufu/src/movement/Ros2_change/install/movement_utils/lib:/home/pedrohperes/edromufu/src/movement/Ros2_change/install/micro_ros_agent/lib:/home/pedrohperes/edromufu/src/movement/Ros2_change/install/micro_ros_msgs/lib:/opt/ros/humble/opt/rviz_ogre_vendor/lib:/opt/ros/humble/lib/x86_64-linux-gnu:/opt/ros/humble/lib'), ('HOME', '/home/pedrohperes'), ('OLDPWD', '/home/pedrohperes/edromufu/src/movement/Ros2_change/src'), ('DESKTOP_SESSION', 'cinnamon'), ('ROS_PYTHON_VERSION', '3'), ('GTK_MODULES', 'gail:atk-bridge'), ('XDG_SEAT_PATH', '/org/freedesktop/DisplayManager/Seat0'), ('LC_MONETARY', 'pt_BR.UTF-8'), ('LC_CTYPE', 'pt_BR.UTF-8'), ('DBUS_SESSION_BUS_ADDRESS', 'unix:path=/run/user/1000/bus'), ('COLORTERM', 'truecolor'), ('_colcon_cd_root', '/opt/ros/humble/'), ('COLCON_PREFIX_PATH', '/home/pedrohperes/edromufu/src/movement/Ros2_change/install:/home/pedrohperes/edromufu/install'), ('ROS_DISTRO', 'humble'), ('GTK_IM_MODULE', 'ibus'), ('LOGNAME', 'pedrohperes'), ('DESKTOP_AUTOSTART_ID', '10cfa676dd7a8af83173400866976641700000017820013'), ('_', '/usr/bin/colcon'), ('ROS_VERSION', '2'), ('XDG_SESSION_CLASS', 'user'), ('TERM', 'xterm-256color'), ('GTK_OVERLAY_SCROLLING', '0'), ('XDG_SESSION_ID', 'c2'), ('GNOME_DESKTOP_SESSION_ID', 'this-is-deprecated'), ('ROS_LOCALHOST_ONLY', '0'), ('PATH', '/opt/ros/humble/bin:/home/pedrohperes/.local/bin:/usr/local/sbin:/usr/local/bin:/usr/sbin:/usr/bin:/sbin:/bin:/usr/games:/usr/local/games:/snap/bin:/home/pedrohperes/Flutter/flutter/bin'), ('SESSION_MANAGER', 'local/PeresNitro5:@/tmp/.ICE-unix/1782,unix/PeresNitro5:/tmp/.ICE-unix/1782'), ('GDM_LANG', 'en_US'), ('GTK3_MODULES', 'xapp-gtk3-module'), ('XDG_SESSION_PATH', '/org/freedesktop/DisplayManager/Session0'), ('LC_ADDRESS', 'pt_BR.UTF-8'), ('GNOME_TERMINAL_SCREEN', '/org/gnome/Terminal/screen/2c5a1014_9494_4c7d_b01d_37e1cf9e0454'), ('XDG_RUNTIME_DIR', '/run/user/1000'), ('DISPLAY', ':0'), ('LANG', 'en_US.UTF-8'), ('XDG_CURRENT_DESKTOP', 'X-Cinnamon'), ('LC_TELEPHONE', 'pt_BR.UTF-8'), ('XMODIFIERS', '@im=ibus'), ('XDG_SESSION_DESKTOP', 'cinnamon'), ('XAUTHORITY', '/home/pedrohperes/.Xauthority'), ('LS_COLORS', 'rs=0:di=01;34:ln=01;36:mh=00:pi=40;33:so=01;35:do=01;35:bd=40;33;01:cd=40;33;01:or=40;31;01:mi=00:su=37;41:sg=30;43:ca=30;41:tw=30;42:ow=34;42:st=37;44:ex=01;32:*.tar=01;31:*.tgz=01;31:*.arc=01;31:*.arj=01;31:*.taz=01;31:*.lha=01;31:*.lz4=01;31:*.lzh=01;31:*.lzma=01;31:*.tlz=01;31:*.txz=01;31:*.tzo=01;31:*.t7z=01;31:*.zip=01;31:*.z=01;31:*.dz=01;31:*.gz=01;31:*.lrz=01;31:*.lz=01;31:*.lzo=01;31:*.xz=01;31:*.zst=01;31:*.tzst=01;31:*.bz2=01;31:*.bz=01;31:*.tbz=01;31:*.tbz2=01;31:*.tz=01;31:*.deb=01;31:*.rpm=01;31:*.jar=01;31:*.war=01;31:*.ear=01;31:*.sar=01;31:*.rar=01;31:*.alz=01;31:*.ace=01;31:*.zoo=01;31:*.cpio=01;31:*.7z=01;31:*.rz=01;31:*.cab=01;31:*.wim=01;31:*.swm=01;31:*.dwm=01;31:*.esd=01;31:*.jpg=01;35:*.jpeg=01;35:*.mjpg=01;35:*.mjpeg=01;35:*.gif=01;35:*.bmp=01;35:*.pbm=01;35:*.pgm=01;35:*.ppm=01;35:*.tga=01;35:*.xbm=01;35:*.xpm=01;35:*.tif=01;35:*.tiff=01;35:*.png=01;35:*.svg=01;35:*.svgz=01;35:*.mng=01;35:*.pcx=01;35:*.mov=01;35:*.mpg=01;35:*.mpeg=01;35:*.m2v=01;35:*.mkv=01;35:*.webm=01;35:*.webp=01;35:*.ogm=01;35:*.mp4=01;35:*.m4v=01;35:*.mp4v=01;35:*.vob=01;35:*.qt=01;35:*.nuv=01;35:*.wmv=01;35:*.asf=01;35:*.rm=01;35:*.rmvb=01;35:*.flc=01;35:*.avi=01;35:*.fli=01;35:*.flv=01;35:*.gl=01;35:*.dl=01;35:*.xcf=01;35:*.xwd=01;35:*.yuv=01;35:*.cgm=01;35:*.emf=01;35:*.ogv=01;35:*.ogx=01;35:*.aac=00;36:*.au=00;36:*.flac=00;36:*.m4a=00;36:*.mid=00;36:*.midi=00;36:*.mka=00;36:*.mp3=00;36:*.mpc=00;36:*.ogg=00;36:*.ra=00;36:*.wav=00;36:*.oga=00;36:*.opus=00;36:*.spx=00;36:*.xspf=00;36:'), ('GNOME_TERMINAL_SERVICE', ':1.95'), ('SSH_AUTH_SOCK', '/run/user/1000/keyring/ssh'), ('XDG_GREETER_DATA_DIR', '/var/lib/lightdm-data/pedrohperes'), ('AMENT_PREFIX_PATH', '/home/pedrohperes/edromufu/src/movement/Ros2_change/install/urdf_robox:/home/pedrohperes/edromufu/src/movement/Ros2_change/install/urdf_example:/home/pedrohperes/edromufu/src/movement/Ros2_change/install/u2d2_comm:/home/pedrohperes/edromufu/src/movement/Ros2_change/install/tahara_pages:/home/pedrohperes/edromufu/src/movement/Ros2_change/install/pot_package:/home/pedrohperes/edromufu/src/movement/Ros2_change/install/movement_core:/home/pedrohperes/edromufu/src/movement/Ros2_change/install/movement_pages:/home/pedrohperes/edromufu/src/movement/Ros2_change/install/movement_utils:/home/pedrohperes/edromufu/src/movement/Ros2_change/install/movement_functions:/home/pedrohperes/edromufu/src/movement/Ros2_change/install/micro_ros_agent:/home/pedrohperes/edromufu/src/movement/Ros2_change/install/micro_ros_msgs:/home/pedrohperes/edromufu/src/movement/Ros2_change/install/humanoid_definition:/home/pedrohperes/edromufu/src/movement/Ros2_change/install/kinematic_functions:/home/pedrohperes/edromufu/src/movement/Ros2_change/install/humanoid_visualization:/home/pedrohperes/edromufu/src/movement/Ros2_change/install/erro_package:/opt/ros/humble'), ('SHELL', '/bin/bash'), ('LC_NAME', 'pt_BR.UTF-8'), ('QT_ACCESSIBILITY', '1'), ('GDMSESSION', 'cinnamon'), ('WEBOTS_HOME', '/usr/local/webots'), ('LESSCLOSE', '/usr/bin/lesspipe %s %s'), ('LC_MEASUREMENT', 'pt_BR.UTF-8'), ('GPG_AGENT_INFO', '/run/user/1000/gnupg/S.gpg-agent:0:1'), ('LC_IDENTIFICATION', 'pt_BR.UTF-8'), ('QT_IM_MODULE', 'ibus'), ('XDG_VTNR', '7'), ('PWD', '/home/pedrohperes/edromufu/src/movement/Ros2_change/src/movement_utils/build/movement_utils'), ('LC_ALL', 'en_US.UTF-8'), ('XDG_CONFIG_DIRS', '/etc/xdg/xdg-cinnamon:/etc/xdg'), ('CLUTTER_IM_MODULE', 'ibus'), ('XDG_DATA_DIRS', '/usr/share/gnome:/usr/share/cinnamon:/usr/share/gnome:/usr/local/share:/usr/share:/var/lib/snapd/desktop'), ('PYTHONPATH', '/home/pedrohperes/edromufu/src/movement/Ros2_change/install/u2d2_comm/lib/python3.10/site-packages:/home/pedrohperes/edromufu/src/movement/Ros2_change/install/tahara_pages/lib/python3.10/site-packages:/home/pedrohperes/edromufu/src/movement/Ros2_change/install/pot_package/lib/python3.10/site-packages:/home/pedrohperes/edromufu/src/movement/Ros2_change/install/movement_core/lib/python3.10/site-packages:/home/pedrohperes/edromufu/src/movement/Ros2_change/install/movement_pages/lib/python3.10/site-packages:/home/pedrohperes/edromufu/src/movement/Ros2_change/install/movement_utils/local/lib/python3.10/dist-packages:/home/pedrohperes/edromufu/src/movement/Ros2_change/install/movement_functions/lib/python3.10/site-packages:/home/pedrohperes/edromufu/src/movement/Ros2_change/install/micro_ros_msgs/local/lib/python3.10/dist-packages:/home/pedrohperes/edromufu/src/movement/Ros2_change/install/humanoid_definition/lib/python3.10/site-packages:/home/pedrohperes/edromufu/src/movement/Ros2_change/install/kinematic_functions/lib/python3.10/site-packages:/home/pedrohperes/edromufu/src/movement/Ros2_change/install/erro_package/lib/python3.10/site-packages:/opt/ros/humble/lib/python3.10/site-packages:/opt/ros/humble/local/lib/python3.10/dist-packages'), ('LC_NUMERIC', 'pt_BR.UTF-8'), ('LC_PAPER', 'pt_BR.UTF-8'), ('COLCON', '1'), ('VTE_VERSION', '6800'), ('CMAKE_PREFIX_PATH', '/home/pedrohperes/edromufu/src/movement/Ros2_change/install/urdf_robox:/home/pedrohperes/edromufu/src/movement/Ros2_change/install/urdf_example:/home/pedrohperes/edromufu/src/movement/Ros2_change/install/movement_utils:/home/pedrohperes/edromufu/src/movement/Ros2_change/install/micro_ros_agent:/home/pedrohperes/edromufu/src/movement/Ros2_change/install/micro_ros_msgs:/home/pedrohperes/edromufu/src/movement/Ros2_change/install/humanoid_visualization:/home/pedrohperes/edromufu/src/movement/Ros2_change/install/u2d2_comm:/home/pedrohperes/edromufu/src/movement/Ros2_change/install/tahara_pages:/home/pedrohperes/edromufu/src/movement/Ros2_change/install/pot_package:/home/pedrohperes/edromufu/src/movement/Ros2_change/install/movement_core:/home/pedrohperes/edromufu/src/movement/Ros2_change/install/movement_pages:/home/pedrohperes/edromufu/src/movement/Ros2_change/install/movement_functions:/home/pedrohperes/edromufu/src/movement/Ros2_change/install/humanoid_definition:/home/pedrohperes/edromufu/src/movement/Ros2_change/install/kinematic_functions:/home/pedrohperes/edromufu/src/movement/Ros2_change/install/erro_package:/opt/ros/humble')]), 'shell': False}
[7.481821] (movement_utils) StdoutLine: {'line': b'-- Install configuration: ""\n'}
[7.482278] (movement_utils) StdoutLine: {'line': b'-- Installing: /home/pedrohperes/edromufu/src/movement/Ros2_change/src/movement_utils/install/movement_utils/share/ament_index/resource_index/rosidl_interfaces/movement_utils\n'}
[7.482472] (movement_utils) StdoutLine: {'line': b'-- Installing: /home/pedrohperes/edromufu/src/movement/Ros2_change/src/movement_utils/install/movement_utils/include/movement_utils/movement_utils\n'}
[7.482611] (movement_utils) StdoutLine: {'line': b'-- Installing: /home/pedrohperes/edromufu/src/movement/Ros2_change/src/movement_utils/install/movement_utils/include/movement_utils/movement_utils/srv\n'}
[7.482685] (movement_utils) StdoutLine: {'line': b'-- Installing: /home/pedrohperes/edromufu/src/movement/Ros2_change/src/movement_utils/install/movement_utils/include/movement_utils/movement_utils/srv/walk_forward.h\n'}
[7.482816] (movement_utils) StdoutLine: {'line': b'-- Installing: /home/pedrohperes/edromufu/src/movement/Ros2_change/src/movement_utils/install/movement_utils/include/movement_utils/movement_utils/srv/enable_torque.h\n'}
[7.482885] (movement_utils) StdoutLine: {'line': b'-- Installing: /home/pedrohperes/edromufu/src/movement/Ros2_change/src/movement_utils/install/movement_utils/include/movement_utils/movement_utils/srv/head_feedback.h\n'}
[7.482972] (movement_utils) StdoutLine: {'line': b'-- Installing: /home/pedrohperes/edromufu/src/movement/Ros2_change/src/movement_utils/install/movement_utils/include/movement_utils/movement_utils/srv/detail\n'}
[7.483082] (movement_utils) StdoutLine: {'line': b'-- Installing: /home/pedrohperes/edromufu/src/movement/Ros2_change/src/movement_utils/install/movement_utils/include/movement_utils/movement_utils/srv/detail/walk_forward__functions.c\n'}
[7.483187] (movement_utils) StdoutLine: {'line': b'-- Installing: /home/pedrohperes/edromufu/src/movement/Ros2_change/src/movement_utils/install/movement_utils/include/movement_utils/movement_utils/srv/detail/gait__struct.h\n'}
[7.483303] (movement_utils) StdoutLine: {'line': b'-- Installing: /home/pedrohperes/edromufu/src/movement/Ros2_change/src/movement_utils/install/movement_utils/include/movement_utils/movement_utils/srv/detail/body_feedback__functions.h\n'}
[7.483374] (movement_utils) StdoutLine: {'line': b'-- Installing: /home/pedrohperes/edromufu/src/movement/Ros2_change/src/movement_utils/install/movement_utils/include/movement_utils/movement_utils/srv/detail/head_feedback__functions.h\n'}
[7.483481] (movement_utils) StdoutLine: {'line': b'-- Installing: /home/pedrohperes/edromufu/src/movement/Ros2_change/src/movement_utils/install/movement_utils/include/movement_utils/movement_utils/srv/detail/rotate__struct.h\n'}
[7.483563] (movement_utils) StdoutLine: {'line': b'-- Installing: /home/pedrohperes/edromufu/src/movement/Ros2_change/src/movement_utils/install/movement_utils/include/movement_utils/movement_utils/srv/detail/body_feedback__struct.h\n'}
[7.483677] (movement_utils) StdoutLine: {'line': b'-- Installing: /home/pedrohperes/edromufu/src/movement/Ros2_change/src/movement_utils/install/movement_utils/include/movement_utils/movement_utils/srv/detail/gait__type_support.h\n'}
[7.483747] (movement_utils) StdoutLine: {'line': b'-- Installing: /home/pedrohperes/edromufu/src/movement/Ros2_change/src/movement_utils/install/movement_utils/include/movement_utils/movement_utils/srv/detail/enable_torque__functions.h\n'}
[7.483843] (movement_utils) StdoutLine: {'line': b'-- Installing: /home/pedrohperes/edromufu/src/movement/Ros2_change/src/movement_utils/install/movement_utils/include/movement_utils/movement_utils/srv/detail/walk_forward__type_support.h\n'}
[7.483949] (movement_utils) StdoutLine: {'line': b'-- Installing: /home/pedrohperes/edromufu/src/movement/Ros2_change/src/movement_utils/install/movement_utils/include/movement_utils/movement_utils/srv/detail/head_feedback__type_support.h\n'}
[7.484049] (movement_utils) StdoutLine: {'line': b'-- Installing: /home/pedrohperes/edromufu/src/movement/Ros2_change/src/movement_utils/install/movement_utils/include/movement_utils/movement_utils/srv/detail/page__functions.h\n'}
[7.484131] (movement_utils) StdoutLine: {'line': b'-- Installing: /home/pedrohperes/edromufu/src/movement/Ros2_change/src/movement_utils/install/movement_utils/include/movement_utils/movement_utils/srv/detail/walk_forward__functions.h\n'}
[7.484217] (movement_utils) StdoutLine: {'line': b'-- Installing: /home/pedrohperes/edromufu/src/movement/Ros2_change/src/movement_utils/install/movement_utils/include/movement_utils/movement_utils/srv/detail/page__type_support.h\n'}
[7.484318] (movement_utils) StdoutLine: {'line': b'-- Installing: /home/pedrohperes/edromufu/src/movement/Ros2_change/src/movement_utils/install/movement_utils/include/movement_utils/movement_utils/srv/detail/head_feedback__struct.h\n'}
[7.484418] (movement_utils) StdoutLine: {'line': b'-- Installing: /home/pedrohperes/edromufu/src/movement/Ros2_change/src/movement_utils/install/movement_utils/include/movement_utils/movement_utils/srv/detail/enable_torque__type_support.h\n'}
[7.484515] (movement_utils) StdoutLine: {'line': b'-- Installing: /home/pedrohperes/edromufu/src/movement/Ros2_change/src/movement_utils/install/movement_utils/include/movement_utils/movement_utils/srv/detail/gait__functions.c\n'}
[7.484631] (movement_utils) StdoutLine: {'line': b'-- Installing: /home/pedrohperes/edromufu/src/movement/Ros2_change/src/movement_utils/install/movement_utils/include/movement_utils/movement_utils/srv/detail/rotate__functions.c\n'}
[7.484751] (movement_utils) StdoutLine: {'line': b'-- Installing: /home/pedrohperes/edromufu/src/movement/Ros2_change/src/movement_utils/install/movement_utils/include/movement_utils/movement_utils/srv/detail/enable_torque__functions.c\n'}
[7.484871] (movement_utils) StdoutLine: {'line': b'-- Installing: /home/pedrohperes/edromufu/src/movement/Ros2_change/src/movement_utils/install/movement_utils/include/movement_utils/movement_utils/srv/detail/head_feedback__functions.c\n'}
[7.485287] (movement_utils) StdoutLine: {'line': b'-- Installing: /home/pedrohperes/edromufu/src/movement/Ros2_change/src/movement_utils/install/movement_utils/include/movement_utils/movement_utils/srv/detail/rotate__type_support.h\n'}
[7.485382] (movement_utils) StdoutLine: {'line': b'-- Installing: /home/pedrohperes/edromufu/src/movement/Ros2_change/src/movement_utils/install/movement_utils/include/movement_utils/movement_utils/srv/detail/page__struct.h\n'}
[7.485481] (movement_utils) StdoutLine: {'line': b'-- Installing: /home/pedrohperes/edromufu/src/movement/Ros2_change/src/movement_utils/install/movement_utils/include/movement_utils/movement_utils/srv/detail/walk_forward__struct.h\n'}
[7.485648] (movement_utils) StdoutLine: {'line': b'-- Installing: /home/pedrohperes/edromufu/src/movement/Ros2_change/src/movement_utils/install/movement_utils/include/movement_utils/movement_utils/srv/detail/rotate__functions.h\n'}
[7.485802] (movement_utils) StdoutLine: {'line': b'-- Installing: /home/pedrohperes/edromufu/src/movement/Ros2_change/src/movement_utils/install/movement_utils/include/movement_utils/movement_utils/srv/detail/gait__functions.h\n'}
[7.485968] (movement_utils) StdoutLine: {'line': b'-- Installing: /home/pedrohperes/edromufu/src/movement/Ros2_change/src/movement_utils/install/movement_utils/include/movement_utils/movement_utils/srv/detail/enable_torque__struct.h\n'}
[7.486048] (movement_utils) StdoutLine: {'line': b'-- Installing: /home/pedrohperes/edromufu/src/movement/Ros2_change/src/movement_utils/install/movement_utils/include/movement_utils/movement_utils/srv/detail/body_feedback__functions.c\n'}
[7.486141] (movement_utils) StdoutLine: {'line': b'-- Installing: /home/pedrohperes/edromufu/src/movement/Ros2_change/src/movement_utils/install/movement_utils/include/movement_utils/movement_utils/srv/detail/body_feedback__type_support.h\n'}
[7.486221] (movement_utils) StdoutLine: {'line': b'-- Installing: /home/pedrohperes/edromufu/src/movement/Ros2_change/src/movement_utils/install/movement_utils/include/movement_utils/movement_utils/srv/detail/page__functions.c\n'}
[7.486356] (movement_utils) StdoutLine: {'line': b'-- Installing: /home/pedrohperes/edromufu/src/movement/Ros2_change/src/movement_utils/install/movement_utils/include/movement_utils/movement_utils/srv/rotate.h\n'}
[7.486504] (movement_utils) StdoutLine: {'line': b'-- Installing: /home/pedrohperes/edromufu/src/movement/Ros2_change/src/movement_utils/install/movement_utils/include/movement_utils/movement_utils/srv/page.h\n'}
[7.486638] (movement_utils) StdoutLine: {'line': b'-- Installing: /home/pedrohperes/edromufu/src/movement/Ros2_change/src/movement_utils/install/movement_utils/include/movement_utils/movement_utils/srv/body_feedback.h\n'}
[7.486779] (movement_utils) StdoutLine: {'line': b'-- Installing: /home/pedrohperes/edromufu/src/movement/Ros2_change/src/movement_utils/install/movement_utils/include/movement_utils/movement_utils/srv/gait.h\n'}
[7.486884] (movement_utils) StdoutLine: {'line': b'-- Installing: /home/pedrohperes/edromufu/src/movement/Ros2_change/src/movement_utils/install/movement_utils/include/movement_utils/movement_utils/msg\n'}
[7.487028] (movement_utils) StdoutLine: {'line': b'-- Installing: /home/pedrohperes/edromufu/src/movement/Ros2_change/src/movement_utils/install/movement_utils/include/movement_utils/movement_utils/msg/head_motors_data.h\n'}
[7.487152] (movement_utils) StdoutLine: {'line': b'-- Installing: /home/pedrohperes/edromufu/src/movement/Ros2_change/src/movement_utils/install/movement_utils/include/movement_utils/movement_utils/msg/rosidl_generator_c__visibility_control.h\n'}
[7.487225] (movement_utils) StdoutLine: {'line': b'-- Installing: /home/pedrohperes/edromufu/src/movement/Ros2_change/src/movement_utils/install/movement_utils/include/movement_utils/movement_utils/msg/detail\n'}
[7.487324] (movement_utils) StdoutLine: {'line': b'-- Installing: /home/pedrohperes/edromufu/src/movement/Ros2_change/src/movement_utils/install/movement_utils/include/movement_utils/movement_utils/msg/detail/body_motors_data__struct.h\n'}
[7.487387] (movement_utils) StdoutLine: {'line': b'-- Installing: /home/pedrohperes/edromufu/src/movement/Ros2_change/src/movement_utils/install/movement_utils/include/movement_utils/movement_utils/msg/detail/body_motors_data__functions.h\n'}
[7.487451] (movement_utils) StdoutLine: {'line': b'-- Installing: /home/pedrohperes/edromufu/src/movement/Ros2_change/src/movement_utils/install/movement_utils/include/movement_utils/movement_utils/msg/detail/head_motors_data__struct.h\n'}
[7.487564] (movement_utils) StdoutLine: {'line': b'-- Installing: /home/pedrohperes/edromufu/src/movement/Ros2_change/src/movement_utils/install/movement_utils/include/movement_utils/movement_utils/msg/detail/head_motors_data__type_support.h\n'}
[7.487640] (movement_utils) StdoutLine: {'line': b'-- Installing: /home/pedrohperes/edromufu/src/movement/Ros2_change/src/movement_utils/install/movement_utils/include/movement_utils/movement_utils/msg/detail/body_motors_data__type_support.h\n'}
[7.487745] (movement_utils) StdoutLine: {'line': b'-- Installing: /home/pedrohperes/edromufu/src/movement/Ros2_change/src/movement_utils/install/movement_utils/include/movement_utils/movement_utils/msg/detail/body_motors_data__functions.c\n'}
[7.487806] (movement_utils) StdoutLine: {'line': b'-- Installing: /home/pedrohperes/edromufu/src/movement/Ros2_change/src/movement_utils/install/movement_utils/include/movement_utils/movement_utils/msg/detail/head_motors_data__functions.h\n'}
[7.487894] (movement_utils) StdoutLine: {'line': b'-- Installing: /home/pedrohperes/edromufu/src/movement/Ros2_change/src/movement_utils/install/movement_utils/include/movement_utils/movement_utils/msg/detail/head_motors_data__functions.c\n'}
[7.488029] (movement_utils) StdoutLine: {'line': b'-- Installing: /home/pedrohperes/edromufu/src/movement/Ros2_change/src/movement_utils/install/movement_utils/include/movement_utils/movement_utils/msg/body_motors_data.h\n'}
[7.488334] (movement_utils) StdoutLine: {'line': b'-- Installing: /home/pedrohperes/edromufu/src/movement/Ros2_change/src/movement_utils/install/movement_utils/share/movement_utils/environment/library_path.sh\n'}
[7.488518] (movement_utils) StdoutLine: {'line': b'-- Installing: /home/pedrohperes/edromufu/src/movement/Ros2_change/src/movement_utils/install/movement_utils/share/movement_utils/environment/library_path.dsv\n'}
[7.488781] (movement_utils) StdoutLine: {'line': b'-- Installing: /home/pedrohperes/edromufu/src/movement/Ros2_change/src/movement_utils/install/movement_utils/lib/libmovement_utils__rosidl_generator_c.so\n'}
[7.489279] (movement_utils) StdoutLine: {'line': b'-- Set runtime path of "/home/pedrohperes/edromufu/src/movement/Ros2_change/src/movement_utils/install/movement_utils/lib/libmovement_utils__rosidl_generator_c.so" to ""\n'}
[7.489606] (movement_utils) StdoutLine: {'line': b'-- Up-to-date: /home/pedrohperes/edromufu/src/movement/Ros2_change/src/movement_utils/install/movement_utils/include/movement_utils/movement_utils\n'}
[7.489761] (movement_utils) StdoutLine: {'line': b'-- Up-to-date: /home/pedrohperes/edromufu/src/movement/Ros2_change/src/movement_utils/install/movement_utils/include/movement_utils/movement_utils/srv\n'}
[7.489826] (movement_utils) StdoutLine: {'line': b'-- Up-to-date: /home/pedrohperes/edromufu/src/movement/Ros2_change/src/movement_utils/install/movement_utils/include/movement_utils/movement_utils/srv/detail\n'}
[7.489891] (movement_utils) StdoutLine: {'line': b'-- Installing: /home/pedrohperes/edromufu/src/movement/Ros2_change/src/movement_utils/install/movement_utils/include/movement_utils/movement_utils/srv/detail/gait__rosidl_typesupport_fastrtps_c.h\n'}
[7.489995] (movement_utils) StdoutLine: {'line': b'-- Installing: /home/pedrohperes/edromufu/src/movement/Ros2_change/src/movement_utils/install/movement_utils/include/movement_utils/movement_utils/srv/detail/walk_forward__rosidl_typesupport_fastrtps_c.h\n'}
[7.490075] (movement_utils) StdoutLine: {'line': b'-- Installing: /home/pedrohperes/edromufu/src/movement/Ros2_change/src/movement_utils/install/movement_utils/include/movement_utils/movement_utils/srv/detail/head_feedback__rosidl_typesupport_fastrtps_c.h\n'}
[7.490148] (movement_utils) StdoutLine: {'line': b'-- Installing: /home/pedrohperes/edromufu/src/movement/Ros2_change/src/movement_utils/install/movement_utils/include/movement_utils/movement_utils/srv/detail/enable_torque__rosidl_typesupport_fastrtps_c.h\n'}
[7.490216] (movement_utils) StdoutLine: {'line': b'-- Installing: /home/pedrohperes/edromufu/src/movement/Ros2_change/src/movement_utils/install/movement_utils/include/movement_utils/movement_utils/srv/detail/body_feedback__rosidl_typesupport_fastrtps_c.h\n'}
[7.490302] (movement_utils) StdoutLine: {'line': b'-- Installing: /home/pedrohperes/edromufu/src/movement/Ros2_change/src/movement_utils/install/movement_utils/include/movement_utils/movement_utils/srv/detail/page__rosidl_typesupport_fastrtps_c.h\n'}
[7.490368] (movement_utils) StdoutLine: {'line': b'-- Installing: /home/pedrohperes/edromufu/src/movement/Ros2_change/src/movement_utils/install/movement_utils/include/movement_utils/movement_utils/srv/detail/rotate__rosidl_typesupport_fastrtps_c.h\n'}
[7.490455] (movement_utils) StdoutLine: {'line': b'-- Up-to-date: /home/pedrohperes/edromufu/src/movement/Ros2_change/src/movement_utils/install/movement_utils/include/movement_utils/movement_utils/msg\n'}
[7.490555] (movement_utils) StdoutLine: {'line': b'-- Up-to-date: /home/pedrohperes/edromufu/src/movement/Ros2_change/src/movement_utils/install/movement_utils/include/movement_utils/movement_utils/msg/detail\n'}
[7.490621] (movement_utils) StdoutLine: {'line': b'-- Installing: /home/pedrohperes/edromufu/src/movement/Ros2_change/src/movement_utils/install/movement_utils/include/movement_utils/movement_utils/msg/detail/head_motors_data__rosidl_typesupport_fastrtps_c.h\n'}
[7.490700] (movement_utils) StdoutLine: {'line': b'-- Installing: /home/pedrohperes/edromufu/src/movement/Ros2_change/src/movement_utils/install/movement_utils/include/movement_utils/movement_utils/msg/detail/body_motors_data__rosidl_typesupport_fastrtps_c.h\n'}
[7.490804] (movement_utils) StdoutLine: {'line': b'-- Installing: /home/pedrohperes/edromufu/src/movement/Ros2_change/src/movement_utils/install/movement_utils/include/movement_utils/movement_utils/msg/rosidl_typesupport_fastrtps_c__visibility_control.h\n'}
[7.490889] (movement_utils) StdoutLine: {'line': b'-- Installing: /home/pedrohperes/edromufu/src/movement/Ros2_change/src/movement_utils/install/movement_utils/lib/libmovement_utils__rosidl_typesupport_fastrtps_c.so\n'}
[7.491335] (movement_utils) StdoutLine: {'line': b'-- Set runtime path of "/home/pedrohperes/edromufu/src/movement/Ros2_change/src/movement_utils/install/movement_utils/lib/libmovement_utils__rosidl_typesupport_fastrtps_c.so" to ""\n'}
[7.491452] (movement_utils) StdoutLine: {'line': b'-- Up-to-date: /home/pedrohperes/edromufu/src/movement/Ros2_change/src/movement_utils/install/movement_utils/include/movement_utils/movement_utils\n'}
[7.491553] (movement_utils) StdoutLine: {'line': b'-- Up-to-date: /home/pedrohperes/edromufu/src/movement/Ros2_change/src/movement_utils/install/movement_utils/include/movement_utils/movement_utils/srv\n'}
[7.491679] (movement_utils) StdoutLine: {'line': b'-- Up-to-date: /home/pedrohperes/edromufu/src/movement/Ros2_change/src/movement_utils/install/movement_utils/include/movement_utils/movement_utils/srv/detail\n'}
[7.491750] (movement_utils) StdoutLine: {'line': b'-- Installing: /home/pedrohperes/edromufu/src/movement/Ros2_change/src/movement_utils/install/movement_utils/include/movement_utils/movement_utils/srv/detail/enable_torque__rosidl_typesupport_introspection_c.h\n'}
[7.491853] (movement_utils) StdoutLine: {'line': b'-- Installing: /home/pedrohperes/edromufu/src/movement/Ros2_change/src/movement_utils/install/movement_utils/include/movement_utils/movement_utils/srv/detail/page__rosidl_typesupport_introspection_c.h\n'}
[7.491942] (movement_utils) StdoutLine: {'line': b'-- Installing: /home/pedrohperes/edromufu/src/movement/Ros2_change/src/movement_utils/install/movement_utils/include/movement_utils/movement_utils/srv/detail/gait__type_support.c\n'}
[7.492063] (movement_utils) StdoutLine: {'line': b'-- Installing: /home/pedrohperes/edromufu/src/movement/Ros2_change/src/movement_utils/install/movement_utils/include/movement_utils/movement_utils/srv/detail/gait__rosidl_typesupport_introspection_c.h\n'}
[7.492129] (movement_utils) StdoutLine: {'line': b'-- Installing: /home/pedrohperes/edromufu/src/movement/Ros2_change/src/movement_utils/install/movement_utils/include/movement_utils/movement_utils/srv/detail/walk_forward__rosidl_typesupport_introspection_c.h\n'}
[7.492223] (movement_utils) StdoutLine: {'line': b'-- Installing: /home/pedrohperes/edromufu/src/movement/Ros2_change/src/movement_utils/install/movement_utils/include/movement_utils/movement_utils/srv/detail/head_feedback__rosidl_typesupport_introspection_c.h\n'}
[7.492330] (movement_utils) StdoutLine: {'line': b'-- Installing: /home/pedrohperes/edromufu/src/movement/Ros2_change/src/movement_utils/install/movement_utils/include/movement_utils/movement_utils/srv/detail/rotate__rosidl_typesupport_introspection_c.h\n'}
[7.492493] (movement_utils) StdoutLine: {'line': b'-- Installing: /home/pedrohperes/edromufu/src/movement/Ros2_change/src/movement_utils/install/movement_utils/include/movement_utils/movement_utils/srv/detail/page__type_support.c\n'}
[7.492607] (movement_utils) StdoutLine: {'line': b'-- Installing: /home/pedrohperes/edromufu/src/movement/Ros2_change/src/movement_utils/install/movement_utils/include/movement_utils/movement_utils/srv/detail/rotate__type_support.c\n'}
[7.492750] (movement_utils) StdoutLine: {'line': b'-- Installing: /home/pedrohperes/edromufu/src/movement/Ros2_change/src/movement_utils/install/movement_utils/include/movement_utils/movement_utils/srv/detail/body_feedback__rosidl_typesupport_introspection_c.h\n'}
[7.492850] (movement_utils) StdoutLine: {'line': b'-- Installing: /home/pedrohperes/edromufu/src/movement/Ros2_change/src/movement_utils/install/movement_utils/include/movement_utils/movement_utils/srv/detail/body_feedback__type_support.c\n'}
[7.492954] (movement_utils) StdoutLine: {'line': b'-- Installing: /home/pedrohperes/edromufu/src/movement/Ros2_change/src/movement_utils/install/movement_utils/include/movement_utils/movement_utils/srv/detail/walk_forward__type_support.c\n'}
[7.493039] (movement_utils) StdoutLine: {'line': b'-- Installing: /home/pedrohperes/edromufu/src/movement/Ros2_change/src/movement_utils/install/movement_utils/include/movement_utils/movement_utils/srv/detail/enable_torque__type_support.c\n'}
[7.493153] (movement_utils) StdoutLine: {'line': b'-- Installing: /home/pedrohperes/edromufu/src/movement/Ros2_change/src/movement_utils/install/movement_utils/include/movement_utils/movement_utils/srv/detail/head_feedback__type_support.c\n'}
[7.493306] (movement_utils) StdoutLine: {'line': b'-- Up-to-date: /home/pedrohperes/edromufu/src/movement/Ros2_change/src/movement_utils/install/movement_utils/include/movement_utils/movement_utils/msg\n'}
[7.493439] (movement_utils) StdoutLine: {'line': b'-- Up-to-date: /home/pedrohperes/edromufu/src/movement/Ros2_change/src/movement_utils/install/movement_utils/include/movement_utils/movement_utils/msg/detail\n'}
[7.493576] (movement_utils) StdoutLine: {'line': b'-- Installing: /home/pedrohperes/edromufu/src/movement/Ros2_change/src/movement_utils/install/movement_utils/include/movement_utils/movement_utils/msg/detail/head_motors_data__rosidl_typesupport_introspection_c.h\n'}
[7.493714] (movement_utils) StdoutLine: {'line': b'-- Installing: /home/pedrohperes/edromufu/src/movement/Ros2_change/src/movement_utils/install/movement_utils/include/movement_utils/movement_utils/msg/detail/body_motors_data__rosidl_typesupport_introspection_c.h\n'}
[7.493810] (movement_utils) StdoutLine: {'line': b'-- Installing: /home/pedrohperes/edromufu/src/movement/Ros2_change/src/movement_utils/install/movement_utils/include/movement_utils/movement_utils/msg/detail/head_motors_data__type_support.c\n'}
[7.493922] (movement_utils) StdoutLine: {'line': b'-- Installing: /home/pedrohperes/edromufu/src/movement/Ros2_change/src/movement_utils/install/movement_utils/include/movement_utils/movement_utils/msg/detail/body_motors_data__type_support.c\n'}
[7.494065] (movement_utils) StdoutLine: {'line': b'-- Installing: /home/pedrohperes/edromufu/src/movement/Ros2_change/src/movement_utils/install/movement_utils/include/movement_utils/movement_utils/msg/rosidl_typesupport_introspection_c__visibility_control.h\n'}
[7.494164] (movement_utils) StdoutLine: {'line': b'-- Installing: /home/pedrohperes/edromufu/src/movement/Ros2_change/src/movement_utils/install/movement_utils/lib/libmovement_utils__rosidl_typesupport_introspection_c.so\n'}
[7.494350] (movement_utils) StdoutLine: {'line': b'-- Set runtime path of "/home/pedrohperes/edromufu/src/movement/Ros2_change/src/movement_utils/install/movement_utils/lib/libmovement_utils__rosidl_typesupport_introspection_c.so" to ""\n'}
[7.494446] (movement_utils) StdoutLine: {'line': b'-- Installing: /home/pedrohperes/edromufu/src/movement/Ros2_change/src/movement_utils/install/movement_utils/lib/libmovement_utils__rosidl_typesupport_c.so\n'}
[7.494746] (movement_utils) StdoutLine: {'line': b'-- Set runtime path of "/home/pedrohperes/edromufu/src/movement/Ros2_change/src/movement_utils/install/movement_utils/lib/libmovement_utils__rosidl_typesupport_c.so" to ""\n'}
[7.494839] (movement_utils) StdoutLine: {'line': b'-- Up-to-date: /home/pedrohperes/edromufu/src/movement/Ros2_change/src/movement_utils/install/movement_utils/include/movement_utils/movement_utils\n'}
[7.494981] (movement_utils) StdoutLine: {'line': b'-- Up-to-date: /home/pedrohperes/edromufu/src/movement/Ros2_change/src/movement_utils/install/movement_utils/include/movement_utils/movement_utils/srv\n'}
[7.495092] (movement_utils) StdoutLine: {'line': b'-- Installing: /home/pedrohperes/edromufu/src/movement/Ros2_change/src/movement_utils/install/movement_utils/include/movement_utils/movement_utils/srv/walk_forward.hpp\n'}
[7.495202] (movement_utils) StdoutLine: {'line': b'-- Installing: /home/pedrohperes/edromufu/src/movement/Ros2_change/src/movement_utils/install/movement_utils/include/movement_utils/movement_utils/srv/rotate.hpp\n'}
[7.495278] (movement_utils) StdoutLine: {'line': b'-- Up-to-date: /home/pedrohperes/edromufu/src/movement/Ros2_change/src/movement_utils/install/movement_utils/include/movement_utils/movement_utils/srv/detail\n'}
[7.495384] (movement_utils) StdoutLine: {'line': b'-- Installing: /home/pedrohperes/edromufu/src/movement/Ros2_change/src/movement_utils/install/movement_utils/include/movement_utils/movement_utils/srv/detail/body_feedback__builder.hpp\n'}
[7.495475] (movement_utils) StdoutLine: {'line': b'-- Installing: /home/pedrohperes/edromufu/src/movement/Ros2_change/src/movement_utils/install/movement_utils/include/movement_utils/movement_utils/srv/detail/head_feedback__traits.hpp\n'}
[7.495568] (movement_utils) StdoutLine: {'line': b'-- Installing: /home/pedrohperes/edromufu/src/movement/Ros2_change/src/movement_utils/install/movement_utils/include/movement_utils/movement_utils/srv/detail/page__builder.hpp\n'}
[7.495658] (movement_utils) StdoutLine: {'line': b'-- Installing: /home/pedrohperes/edromufu/src/movement/Ros2_change/src/movement_utils/install/movement_utils/include/movement_utils/movement_utils/srv/detail/head_feedback__struct.hpp\n'}
[7.495749] (movement_utils) StdoutLine: {'line': b'-- Installing: /home/pedrohperes/edromufu/src/movement/Ros2_change/src/movement_utils/install/movement_utils/include/movement_utils/movement_utils/srv/detail/gait__traits.hpp\n'}
[7.495861] (movement_utils) StdoutLine: {'line': b'-- Installing: /home/pedrohperes/edromufu/src/movement/Ros2_change/src/movement_utils/install/movement_utils/include/movement_utils/movement_utils/srv/detail/walk_forward__builder.hpp\n'}
[7.495985] (movement_utils) StdoutLine: {'line': b'-- Installing: /home/pedrohperes/edromufu/src/movement/Ros2_change/src/movement_utils/install/movement_utils/include/movement_utils/movement_utils/srv/detail/enable_torque__traits.hpp\n'}
[7.496104] (movement_utils) StdoutLine: {'line': b'-- Installing: /home/pedrohperes/edromufu/src/movement/Ros2_change/src/movement_utils/install/movement_utils/include/movement_utils/movement_utils/srv/detail/head_feedback__builder.hpp\n'}
[7.496214] (movement_utils) StdoutLine: {'line': b'-- Installing: /home/pedrohperes/edromufu/src/movement/Ros2_change/src/movement_utils/install/movement_utils/include/movement_utils/movement_utils/srv/detail/page__traits.hpp\n'}
[7.496354] (movement_utils) StdoutLine: {'line': b'-- Installing: /home/pedrohperes/edromufu/src/movement/Ros2_change/src/movement_utils/install/movement_utils/include/movement_utils/movement_utils/srv/detail/enable_torque__builder.hpp\n'}
[7.496507] (movement_utils) StdoutLine: {'line': b'-- Installing: /home/pedrohperes/edromufu/src/movement/Ros2_change/src/movement_utils/install/movement_utils/include/movement_utils/movement_utils/srv/detail/gait__builder.hpp\n'}
[7.496674] (movement_utils) StdoutLine: {'line': b'-- Installing: /home/pedrohperes/edromufu/src/movement/Ros2_change/src/movement_utils/install/movement_utils/include/movement_utils/movement_utils/srv/detail/body_feedback__traits.hpp\n'}
[7.496801] (movement_utils) StdoutLine: {'line': b'-- Installing: /home/pedrohperes/edromufu/src/movement/Ros2_change/src/movement_utils/install/movement_utils/include/movement_utils/movement_utils/srv/detail/body_feedback__struct.hpp\n'}
[7.497003] (movement_utils) StdoutLine: {'line': b'-- Installing: /home/pedrohperes/edromufu/src/movement/Ros2_change/src/movement_utils/install/movement_utils/include/movement_utils/movement_utils/srv/detail/rotate__builder.hpp\n'}
[7.497103] (movement_utils) StdoutLine: {'line': b'-- Installing: /home/pedrohperes/edromufu/src/movement/Ros2_change/src/movement_utils/install/movement_utils/include/movement_utils/movement_utils/srv/detail/page__struct.hpp\n'}
[7.497207] (movement_utils) StdoutLine: {'line': b'-- Installing: /home/pedrohperes/edromufu/src/movement/Ros2_change/src/movement_utils/install/movement_utils/include/movement_utils/movement_utils/srv/detail/walk_forward__struct.hpp\n'}
[7.497327] (movement_utils) StdoutLine: {'line': b'-- Installing: /home/pedrohperes/edromufu/src/movement/Ros2_change/src/movement_utils/install/movement_utils/include/movement_utils/movement_utils/srv/detail/rotate__struct.hpp\n'}
[7.497436] (movement_utils) StdoutLine: {'line': b'-- Installing: /home/pedrohperes/edromufu/src/movement/Ros2_change/src/movement_utils/install/movement_utils/include/movement_utils/movement_utils/srv/detail/rotate__traits.hpp\n'}
[7.497543] (movement_utils) StdoutLine: {'line': b'-- Installing: /home/pedrohperes/edromufu/src/movement/Ros2_change/src/movement_utils/install/movement_utils/include/movement_utils/movement_utils/srv/detail/gait__struct.hpp\n'}
[7.497652] (movement_utils) StdoutLine: {'line': b'-- Installing: /home/pedrohperes/edromufu/src/movement/Ros2_change/src/movement_utils/install/movement_utils/include/movement_utils/movement_utils/srv/detail/walk_forward__traits.hpp\n'}
[7.497777] (movement_utils) StdoutLine: {'line': b'-- Installing: /home/pedrohperes/edromufu/src/movement/Ros2_change/src/movement_utils/install/movement_utils/include/movement_utils/movement_utils/srv/detail/enable_torque__struct.hpp\n'}
[7.497909] (movement_utils) StdoutLine: {'line': b'-- Installing: /home/pedrohperes/edromufu/src/movement/Ros2_change/src/movement_utils/install/movement_utils/include/movement_utils/movement_utils/srv/body_feedback.hpp\n'}
[7.498043] (movement_utils) StdoutLine: {'line': b'-- Installing: /home/pedrohperes/edromufu/src/movement/Ros2_change/src/movement_utils/install/movement_utils/include/movement_utils/movement_utils/srv/gait.hpp\n'}
[7.498152] (movement_utils) StdoutLine: {'line': b'-- Installing: /home/pedrohperes/edromufu/src/movement/Ros2_change/src/movement_utils/install/movement_utils/include/movement_utils/movement_utils/srv/page.hpp\n'}
[7.498262] (movement_utils) StdoutLine: {'line': b'-- Installing: /home/pedrohperes/edromufu/src/movement/Ros2_change/src/movement_utils/install/movement_utils/include/movement_utils/movement_utils/srv/enable_torque.hpp\n'}
[7.498368] (movement_utils) StdoutLine: {'line': b'-- Installing: /home/pedrohperes/edromufu/src/movement/Ros2_change/src/movement_utils/install/movement_utils/include/movement_utils/movement_utils/srv/head_feedback.hpp\n'}
[7.498467] (movement_utils) StdoutLine: {'line': b'-- Up-to-date: /home/pedrohperes/edromufu/src/movement/Ros2_change/src/movement_utils/install/movement_utils/include/movement_utils/movement_utils/msg\n'}
[7.498561] (movement_utils) StdoutLine: {'line': b'-- Installing: /home/pedrohperes/edromufu/src/movement/Ros2_change/src/movement_utils/install/movement_utils/include/movement_utils/movement_utils/msg/body_motors_data.hpp\n'}
[7.498660] (movement_utils) StdoutLine: {'line': b'-- Installing: /home/pedrohperes/edromufu/src/movement/Ros2_change/src/movement_utils/install/movement_utils/include/movement_utils/movement_utils/msg/head_motors_data.hpp\n'}
[7.498749] (movement_utils) StdoutLine: {'line': b'-- Up-to-date: /home/pedrohperes/edromufu/src/movement/Ros2_change/src/movement_utils/install/movement_utils/include/movement_utils/movement_utils/msg/detail\n'}
[7.498845] (movement_utils) StdoutLine: {'line': b'-- Installing: /home/pedrohperes/edromufu/src/movement/Ros2_change/src/movement_utils/install/movement_utils/include/movement_utils/movement_utils/msg/detail/body_motors_data__traits.hpp\n'}
[7.498951] (movement_utils) StdoutLine: {'line': b'-- Installing: /home/pedrohperes/edromufu/src/movement/Ros2_change/src/movement_utils/install/movement_utils/include/movement_utils/movement_utils/msg/detail/head_motors_data__builder.hpp\n'}
[7.499044] (movement_utils) StdoutLine: {'line': b'-- Installing: /home/pedrohperes/edromufu/src/movement/Ros2_change/src/movement_utils/install/movement_utils/include/movement_utils/movement_utils/msg/detail/head_motors_data__struct.hpp\n'}
[7.499208] (movement_utils) StdoutLine: {'line': b'-- Installing: /home/pedrohperes/edromufu/src/movement/Ros2_change/src/movement_utils/install/movement_utils/include/movement_utils/movement_utils/msg/detail/head_motors_data__traits.hpp\n'}
[7.499338] (movement_utils) StdoutLine: {'line': b'-- Installing: /home/pedrohperes/edromufu/src/movement/Ros2_change/src/movement_utils/install/movement_utils/include/movement_utils/movement_utils/msg/detail/body_motors_data__builder.hpp\n'}
[7.499514] (movement_utils) StdoutLine: {'line': b'-- Installing: /home/pedrohperes/edromufu/src/movement/Ros2_change/src/movement_utils/install/movement_utils/include/movement_utils/movement_utils/msg/detail/body_motors_data__struct.hpp\n'}
[7.499663] (movement_utils) StdoutLine: {'line': b'-- Up-to-date: /home/pedrohperes/edromufu/src/movement/Ros2_change/src/movement_utils/install/movement_utils/include/movement_utils/movement_utils\n'}
[7.499800] (movement_utils) StdoutLine: {'line': b'-- Up-to-date: /home/pedrohperes/edromufu/src/movement/Ros2_change/src/movement_utils/install/movement_utils/include/movement_utils/movement_utils/srv\n'}
[7.499874] (movement_utils) StdoutLine: {'line': b'-- Up-to-date: /home/pedrohperes/edromufu/src/movement/Ros2_change/src/movement_utils/install/movement_utils/include/movement_utils/movement_utils/srv/detail\n'}
[7.499972] (movement_utils) StdoutLine: {'line': b'-- Installing: /home/pedrohperes/edromufu/src/movement/Ros2_change/src/movement_utils/install/movement_utils/include/movement_utils/movement_utils/srv/detail/gait__rosidl_typesupport_fastrtps_cpp.hpp\n'}
[7.500060] (movement_utils) StdoutLine: {'line': b'-- Installing: /home/pedrohperes/edromufu/src/movement/Ros2_change/src/movement_utils/install/movement_utils/include/movement_utils/movement_utils/srv/detail/dds_fastrtps\n'}
[7.500228] (movement_utils) StdoutLine: {'line': b'-- Installing: /home/pedrohperes/edromufu/src/movement/Ros2_change/src/movement_utils/install/movement_utils/include/movement_utils/movement_utils/srv/detail/walk_forward__rosidl_typesupport_fastrtps_cpp.hpp\n'}
[7.500359] (movement_utils) StdoutLine: {'line': b'-- Installing: /home/pedrohperes/edromufu/src/movement/Ros2_change/src/movement_utils/install/movement_utils/include/movement_utils/movement_utils/srv/detail/enable_torque__rosidl_typesupport_fastrtps_cpp.hpp\n'}
[7.500486] (movement_utils) StdoutLine: {'line': b'-- Installing: /home/pedrohperes/edromufu/src/movement/Ros2_change/src/movement_utils/install/movement_utils/include/movement_utils/movement_utils/srv/detail/page__rosidl_typesupport_fastrtps_cpp.hpp\n'}
[7.500635] (movement_utils) StdoutLine: {'line': b'-- Installing: /home/pedrohperes/edromufu/src/movement/Ros2_change/src/movement_utils/install/movement_utils/include/movement_utils/movement_utils/srv/detail/rotate__rosidl_typesupport_fastrtps_cpp.hpp\n'}
[7.500744] (movement_utils) StdoutLine: {'line': b'-- Installing: /home/pedrohperes/edromufu/src/movement/Ros2_change/src/movement_utils/install/movement_utils/include/movement_utils/movement_utils/srv/detail/body_feedback__rosidl_typesupport_fastrtps_cpp.hpp\n'}
[7.500871] (movement_utils) StdoutLine: {'line': b'-- Installing: /home/pedrohperes/edromufu/src/movement/Ros2_change/src/movement_utils/install/movement_utils/include/movement_utils/movement_utils/srv/detail/head_feedback__rosidl_typesupport_fastrtps_cpp.hpp\n'}
[7.501011] (movement_utils) StdoutLine: {'line': b'-- Up-to-date: /home/pedrohperes/edromufu/src/movement/Ros2_change/src/movement_utils/install/movement_utils/include/movement_utils/movement_utils/msg\n'}
[7.501134] (movement_utils) StdoutLine: {'line': b'-- Up-to-date: /home/pedrohperes/edromufu/src/movement/Ros2_change/src/movement_utils/install/movement_utils/include/movement_utils/movement_utils/msg/detail\n'}
[7.501204] (movement_utils) StdoutLine: {'line': b'-- Installing: /home/pedrohperes/edromufu/src/movement/Ros2_change/src/movement_utils/install/movement_utils/include/movement_utils/movement_utils/msg/detail/dds_fastrtps\n'}
[7.501271] (movement_utils) StdoutLine: {'line': b'-- Installing: /home/pedrohperes/edromufu/src/movement/Ros2_change/src/movement_utils/install/movement_utils/include/movement_utils/movement_utils/msg/detail/body_motors_data__rosidl_typesupport_fastrtps_cpp.hpp\n'}
[7.501337] (movement_utils) StdoutLine: {'line': b'-- Installing: /home/pedrohperes/edromufu/src/movement/Ros2_change/src/movement_utils/install/movement_utils/include/movement_utils/movement_utils/msg/detail/head_motors_data__rosidl_typesupport_fastrtps_cpp.hpp\n'}
[7.501436] (movement_utils) StdoutLine: {'line': b'-- Installing: /home/pedrohperes/edromufu/src/movement/Ros2_change/src/movement_utils/install/movement_utils/include/movement_utils/movement_utils/msg/rosidl_typesupport_fastrtps_cpp__visibility_control.h\n'}
[7.501500] (movement_utils) StdoutLine: {'line': b'-- Installing: /home/pedrohperes/edromufu/src/movement/Ros2_change/src/movement_utils/install/movement_utils/lib/libmovement_utils__rosidl_typesupport_fastrtps_cpp.so\n'}
[7.501735] (movement_utils) StdoutLine: {'line': b'-- Set runtime path of "/home/pedrohperes/edromufu/src/movement/Ros2_change/src/movement_utils/install/movement_utils/lib/libmovement_utils__rosidl_typesupport_fastrtps_cpp.so" to ""\n'}
[7.501850] (movement_utils) StdoutLine: {'line': b'-- Up-to-date: /home/pedrohperes/edromufu/src/movement/Ros2_change/src/movement_utils/install/movement_utils/include/movement_utils/movement_utils\n'}
[7.502000] (movement_utils) StdoutLine: {'line': b'-- Up-to-date: /home/pedrohperes/edromufu/src/movement/Ros2_change/src/movement_utils/install/movement_utils/include/movement_utils/movement_utils/srv\n'}
[7.502108] (movement_utils) StdoutLine: {'line': b'-- Up-to-date: /home/pedrohperes/edromufu/src/movement/Ros2_change/src/movement_utils/install/movement_utils/include/movement_utils/movement_utils/srv/detail\n'}
[7.502182] (movement_utils) StdoutLine: {'line': b'-- Installing: /home/pedrohperes/edromufu/src/movement/Ros2_change/src/movement_utils/install/movement_utils/include/movement_utils/movement_utils/srv/detail/gait__type_support.cpp\n'}
[7.502279] (movement_utils) StdoutLine: {'line': b'-- Installing: /home/pedrohperes/edromufu/src/movement/Ros2_change/src/movement_utils/install/movement_utils/include/movement_utils/movement_utils/srv/detail/body_feedback__rosidl_typesupport_introspection_cpp.hpp\n'}
[7.502375] (movement_utils) StdoutLine: {'line': b'-- Installing: /home/pedrohperes/edromufu/src/movement/Ros2_change/src/movement_utils/install/movement_utils/include/movement_utils/movement_utils/srv/detail/body_feedback__type_support.cpp\n'}
[7.502470] (movement_utils) StdoutLine: {'line': b'-- Installing: /home/pedrohperes/edromufu/src/movement/Ros2_change/src/movement_utils/install/movement_utils/include/movement_utils/movement_utils/srv/detail/head_feedback__type_support.cpp\n'}
[7.502580] (movement_utils) StdoutLine: {'line': b'-- Installing: /home/pedrohperes/edromufu/src/movement/Ros2_change/src/movement_utils/install/movement_utils/include/movement_utils/movement_utils/srv/detail/page__type_support.cpp\n'}
[7.502687] (movement_utils) StdoutLine: {'line': b'-- Installing: /home/pedrohperes/edromufu/src/movement/Ros2_change/src/movement_utils/install/movement_utils/include/movement_utils/movement_utils/srv/detail/walk_forward__rosidl_typesupport_introspection_cpp.hpp\n'}
[7.502798] (movement_utils) StdoutLine: {'line': b'-- Installing: /home/pedrohperes/edromufu/src/movement/Ros2_change/src/movement_utils/install/movement_utils/include/movement_utils/movement_utils/srv/detail/enable_torque__type_support.cpp\n'}
[7.502930] (movement_utils) StdoutLine: {'line': b'-- Installing: /home/pedrohperes/edromufu/src/movement/Ros2_change/src/movement_utils/install/movement_utils/include/movement_utils/movement_utils/srv/detail/walk_forward__type_support.cpp\n'}
[7.503055] (movement_utils) StdoutLine: {'line': b'-- Installing: /home/pedrohperes/edromufu/src/movement/Ros2_change/src/movement_utils/install/movement_utils/include/movement_utils/movement_utils/srv/detail/rotate__type_support.cpp\n'}
[7.503201] (movement_utils) StdoutLine: {'line': b'-- Installing: /home/pedrohperes/edromufu/src/movement/Ros2_change/src/movement_utils/install/movement_utils/include/movement_utils/movement_utils/srv/detail/rotate__rosidl_typesupport_introspection_cpp.hpp\n'}
[7.503337] (movement_utils) StdoutLine: {'line': b'-- Installing: /home/pedrohperes/edromufu/src/movement/Ros2_change/src/movement_utils/install/movement_utils/include/movement_utils/movement_utils/srv/detail/head_feedback__rosidl_typesupport_introspection_cpp.hpp\n'}
[7.503478] (movement_utils) StdoutLine: {'line': b'-- Installing: /home/pedrohperes/edromufu/src/movement/Ros2_change/src/movement_utils/install/movement_utils/include/movement_utils/movement_utils/srv/detail/gait__rosidl_typesupport_introspection_cpp.hpp\n'}
[7.503590] (movement_utils) StdoutLine: {'line': b'-- Installing: /home/pedrohperes/edromufu/src/movement/Ros2_change/src/movement_utils/install/movement_utils/include/movement_utils/movement_utils/srv/detail/page__rosidl_typesupport_introspection_cpp.hpp\n'}
[7.503724] (movement_utils) StdoutLine: {'line': b'-- Installing: /home/pedrohperes/edromufu/src/movement/Ros2_change/src/movement_utils/install/movement_utils/include/movement_utils/movement_utils/srv/detail/enable_torque__rosidl_typesupport_introspection_cpp.hpp\n'}
[7.503864] (movement_utils) StdoutLine: {'line': b'-- Up-to-date: /home/pedrohperes/edromufu/src/movement/Ros2_change/src/movement_utils/install/movement_utils/include/movement_utils/movement_utils/msg\n'}
[7.504014] (movement_utils) StdoutLine: {'line': b'-- Up-to-date: /home/pedrohperes/edromufu/src/movement/Ros2_change/src/movement_utils/install/movement_utils/include/movement_utils/movement_utils/msg/detail\n'}
[7.504104] (movement_utils) StdoutLine: {'line': b'-- Installing: /home/pedrohperes/edromufu/src/movement/Ros2_change/src/movement_utils/install/movement_utils/include/movement_utils/movement_utils/msg/detail/head_motors_data__rosidl_typesupport_introspection_cpp.hpp\n'}
[7.504193] (movement_utils) StdoutLine: {'line': b'-- Installing: /home/pedrohperes/edromufu/src/movement/Ros2_change/src/movement_utils/install/movement_utils/include/movement_utils/movement_utils/msg/detail/body_motors_data__type_support.cpp\n'}
[7.504278] (movement_utils) StdoutLine: {'line': b'-- Installing: /home/pedrohperes/edromufu/src/movement/Ros2_change/src/movement_utils/install/movement_utils/include/movement_utils/movement_utils/msg/detail/head_motors_data__type_support.cpp\n'}
[7.504368] (movement_utils) StdoutLine: {'line': b'-- Installing: /home/pedrohperes/edromufu/src/movement/Ros2_change/src/movement_utils/install/movement_utils/include/movement_utils/movement_utils/msg/detail/body_motors_data__rosidl_typesupport_introspection_cpp.hpp\n'}
[7.504531] (movement_utils) StdoutLine: {'line': b'-- Installing: /home/pedrohperes/edromufu/src/movement/Ros2_change/src/movement_utils/install/movement_utils/lib/libmovement_utils__rosidl_typesupport_introspection_cpp.so\n'}
[7.505058] (movement_utils) StdoutLine: {'line': b'-- Set runtime path of "/home/pedrohperes/edromufu/src/movement/Ros2_change/src/movement_utils/install/movement_utils/lib/libmovement_utils__rosidl_typesupport_introspection_cpp.so" to ""\n'}
[7.505203] (movement_utils) StdoutLine: {'line': b'-- Installing: /home/pedrohperes/edromufu/src/movement/Ros2_change/src/movement_utils/install/movement_utils/lib/libmovement_utils__rosidl_typesupport_cpp.so\n'}
[7.505586] (movement_utils) StdoutLine: {'line': b'-- Set runtime path of "/home/pedrohperes/edromufu/src/movement/Ros2_change/src/movement_utils/install/movement_utils/lib/libmovement_utils__rosidl_typesupport_cpp.so" to ""\n'}
[7.505678] (movement_utils) StdoutLine: {'line': b'-- Installing: /home/pedrohperes/edromufu/src/movement/Ros2_change/src/movement_utils/install/movement_utils/share/movement_utils/environment/pythonpath.sh\n'}
[7.505813] (movement_utils) StdoutLine: {'line': b'-- Installing: /home/pedrohperes/edromufu/src/movement/Ros2_change/src/movement_utils/install/movement_utils/share/movement_utils/environment/pythonpath.dsv\n'}
[7.505997] (movement_utils) StdoutLine: {'line': b'-- Installing: /home/pedrohperes/edromufu/src/movement/Ros2_change/src/movement_utils/install/movement_utils/local/lib/python3.10/dist-packages/movement_utils-0.0.0-py3.10.egg-info\n'}
[7.506254] (movement_utils) StdoutLine: {'line': b'-- Installing: /home/pedrohperes/edromufu/src/movement/Ros2_change/src/movement_utils/install/movement_utils/local/lib/python3.10/dist-packages/movement_utils-0.0.0-py3.10.egg-info/PKG-INFO\n'}
[7.506403] (movement_utils) StdoutLine: {'line': b'-- Installing: /home/pedrohperes/edromufu/src/movement/Ros2_change/src/movement_utils/install/movement_utils/local/lib/python3.10/dist-packages/movement_utils-0.0.0-py3.10.egg-info/top_level.txt\n'}
[7.506565] (movement_utils) StdoutLine: {'line': b'-- Installing: /home/pedrohperes/edromufu/src/movement/Ros2_change/src/movement_utils/install/movement_utils/local/lib/python3.10/dist-packages/movement_utils-0.0.0-py3.10.egg-info/dependency_links.txt\n'}
[7.506691] (movement_utils) StdoutLine: {'line': b'-- Installing: /home/pedrohperes/edromufu/src/movement/Ros2_change/src/movement_utils/install/movement_utils/local/lib/python3.10/dist-packages/movement_utils-0.0.0-py3.10.egg-info/SOURCES.txt\n'}
[7.506825] (movement_utils) StdoutLine: {'line': b'-- Installing: /home/pedrohperes/edromufu/src/movement/Ros2_change/src/movement_utils/install/movement_utils/local/lib/python3.10/dist-packages/movement_utils\n'}
[7.506925] (movement_utils) StdoutLine: {'line': b'-- Installing: /home/pedrohperes/edromufu/src/movement/Ros2_change/src/movement_utils/install/movement_utils/local/lib/python3.10/dist-packages/movement_utils/_movement_utils_s.ep.rosidl_typesupport_fastrtps_c.c\n'}
[7.507018] (movement_utils) StdoutLine: {'line': b'-- Installing: /home/pedrohperes/edromufu/src/movement/Ros2_change/src/movement_utils/install/movement_utils/local/lib/python3.10/dist-packages/movement_utils/__init__.py\n'}
[7.507127] (movement_utils) StdoutLine: {'line': b'-- Installing: /home/pedrohperes/edromufu/src/movement/Ros2_change/src/movement_utils/install/movement_utils/local/lib/python3.10/dist-packages/movement_utils/movement_utils_s__rosidl_typesupport_fastrtps_c.cpython-310-x86_64-linux-gnu.so\n'}
[7.507278] (movement_utils) StdoutLine: {'line': b'-- Installing: /home/pedrohperes/edromufu/src/movement/Ros2_change/src/movement_utils/install/movement_utils/local/lib/python3.10/dist-packages/movement_utils/_movement_utils_s.ep.rosidl_typesupport_introspection_c.c\n'}
[7.507461] (movement_utils) StdoutLine: {'line': b'-- Installing: /home/pedrohperes/edromufu/src/movement/Ros2_change/src/movement_utils/install/movement_utils/local/lib/python3.10/dist-packages/movement_utils/srv\n'}
[7.507600] (movement_utils) StdoutLine: {'line': b'-- Installing: /home/pedrohperes/edromufu/src/movement/Ros2_change/src/movement_utils/install/movement_utils/local/lib/python3.10/dist-packages/movement_utils/srv/_gait.py\n'}
[7.507741] (movement_utils) StdoutLine: {'line': b'-- Installing: /home/pedrohperes/edromufu/src/movement/Ros2_change/src/movement_utils/install/movement_utils/local/lib/python3.10/dist-packages/movement_utils/srv/_walk_forward.py\n'}
[7.507861] (movement_utils) StdoutLine: {'line': b'-- Installing: /home/pedrohperes/edromufu/src/movement/Ros2_change/src/movement_utils/install/movement_utils/local/lib/python3.10/dist-packages/movement_utils/srv/_page.py\n'}
[7.507985] (movement_utils) StdoutLine: {'line': b'-- Installing: /home/pedrohperes/edromufu/src/movement/Ros2_change/src/movement_utils/install/movement_utils/local/lib/python3.10/dist-packages/movement_utils/srv/_enable_torque.py\n'}
[7.508135] (movement_utils) StdoutLine: {'line': b'-- Installing: /home/pedrohperes/edromufu/src/movement/Ros2_change/src/movement_utils/install/movement_utils/local/lib/python3.10/dist-packages/movement_utils/srv/_body_feedback.py\n'}
[7.508249] (movement_utils) StdoutLine: {'line': b'-- Installing: /home/pedrohperes/edromufu/src/movement/Ros2_change/src/movement_utils/install/movement_utils/local/lib/python3.10/dist-packages/movement_utils/srv/_walk_forward_s.c\n'}
[7.508337] (movement_utils) StdoutLine: {'line': b'-- Installing: /home/pedrohperes/edromufu/src/movement/Ros2_change/src/movement_utils/install/movement_utils/local/lib/python3.10/dist-packages/movement_utils/srv/__init__.py\n'}
[7.508424] (movement_utils) StdoutLine: {'line': b'-- Installing: /home/pedrohperes/edromufu/src/movement/Ros2_change/src/movement_utils/install/movement_utils/local/lib/python3.10/dist-packages/movement_utils/srv/_rotate_s.c\n'}
[7.508503] (movement_utils) StdoutLine: {'line': b'-- Installing: /home/pedrohperes/edromufu/src/movement/Ros2_change/src/movement_utils/install/movement_utils/local/lib/python3.10/dist-packages/movement_utils/srv/_head_feedback_s.c\n'}
[7.508585] (movement_utils) StdoutLine: {'line': b'-- Installing: /home/pedrohperes/edromufu/src/movement/Ros2_change/src/movement_utils/install/movement_utils/local/lib/python3.10/dist-packages/movement_utils/srv/_head_feedback.py\n'}
[7.508692] (movement_utils) StdoutLine: {'line': b'-- Installing: /home/pedrohperes/edromufu/src/movement/Ros2_change/src/movement_utils/install/movement_utils/local/lib/python3.10/dist-packages/movement_utils/srv/_enable_torque_s.c\n'}
[7.508794] (movement_utils) StdoutLine: {'line': b'-- Installing: /home/pedrohperes/edromufu/src/movement/Ros2_change/src/movement_utils/install/movement_utils/local/lib/python3.10/dist-packages/movement_utils/srv/_gait_s.c\n'}
[7.508902] (movement_utils) StdoutLine: {'line': b'-- Installing: /home/pedrohperes/edromufu/src/movement/Ros2_change/src/movement_utils/install/movement_utils/local/lib/python3.10/dist-packages/movement_utils/srv/_page_s.c\n'}
[7.509051] (movement_utils) StdoutLine: {'line': b'-- Installing: /home/pedrohperes/edromufu/src/movement/Ros2_change/src/movement_utils/install/movement_utils/local/lib/python3.10/dist-packages/movement_utils/srv/_body_feedback_s.c\n'}
[7.509158] (movement_utils) StdoutLine: {'line': b'-- Installing: /home/pedrohperes/edromufu/src/movement/Ros2_change/src/movement_utils/install/movement_utils/local/lib/python3.10/dist-packages/movement_utils/srv/_rotate.py\n'}
[7.509269] (movement_utils) StdoutLine: {'line': b'-- Installing: /home/pedrohperes/edromufu/src/movement/Ros2_change/src/movement_utils/install/movement_utils/local/lib/python3.10/dist-packages/movement_utils/_movement_utils_s.ep.rosidl_typesupport_c.c\n'}
[7.509476] (movement_utils) StdoutLine: {'line': b'-- Installing: /home/pedrohperes/edromufu/src/movement/Ros2_change/src/movement_utils/install/movement_utils/local/lib/python3.10/dist-packages/movement_utils/movement_utils_s__rosidl_typesupport_c.cpython-310-x86_64-linux-gnu.so\n'}
[7.509684] (movement_utils) StdoutLine: {'line': b'-- Installing: /home/pedrohperes/edromufu/src/movement/Ros2_change/src/movement_utils/install/movement_utils/local/lib/python3.10/dist-packages/movement_utils/libmovement_utils__rosidl_generator_py.so\n'}
[7.509859] (movement_utils) StdoutLine: {'line': b'-- Installing: /home/pedrohperes/edromufu/src/movement/Ros2_change/src/movement_utils/install/movement_utils/local/lib/python3.10/dist-packages/movement_utils/msg\n'}
[7.509982] (movement_utils) StdoutLine: {'line': b'-- Installing: /home/pedrohperes/edromufu/src/movement/Ros2_change/src/movement_utils/install/movement_utils/local/lib/python3.10/dist-packages/movement_utils/msg/__init__.py\n'}
[7.510078] (movement_utils) StdoutLine: {'line': b'-- Installing: /home/pedrohperes/edromufu/src/movement/Ros2_change/src/movement_utils/install/movement_utils/local/lib/python3.10/dist-packages/movement_utils/msg/_head_motors_data.py\n'}
[7.510196] (movement_utils) StdoutLine: {'line': b'-- Installing: /home/pedrohperes/edromufu/src/movement/Ros2_change/src/movement_utils/install/movement_utils/local/lib/python3.10/dist-packages/movement_utils/msg/_body_motors_data.py\n'}
[7.510314] (movement_utils) StdoutLine: {'line': b'-- Installing: /home/pedrohperes/edromufu/src/movement/Ros2_change/src/movement_utils/install/movement_utils/local/lib/python3.10/dist-packages/movement_utils/msg/_head_motors_data_s.c\n'}
[7.510436] (movement_utils) StdoutLine: {'line': b'-- Installing: /home/pedrohperes/edromufu/src/movement/Ros2_change/src/movement_utils/install/movement_utils/local/lib/python3.10/dist-packages/movement_utils/msg/_body_motors_data_s.c\n'}
[7.510567] (movement_utils) StdoutLine: {'line': b'-- Installing: /home/pedrohperes/edromufu/src/movement/Ros2_change/src/movement_utils/install/movement_utils/local/lib/python3.10/dist-packages/movement_utils/movement_utils_s__rosidl_typesupport_introspection_c.cpython-310-x86_64-linux-gnu.so\n'}
[7.522410] (-) TimerEvent: {}
[7.563695] (movement_utils) StdoutLine: {'line': b"Listing '/home/pedrohperes/edromufu/src/movement/Ros2_change/src/movement_utils/install/movement_utils/local/lib/python3.10/dist-packages/movement_utils'...\n"}
[7.563826] (movement_utils) StdoutLine: {'line': b"Compiling '/home/pedrohperes/edromufu/src/movement/Ros2_change/src/movement_utils/install/movement_utils/local/lib/python3.10/dist-packages/movement_utils/__init__.py'...\n"}
[7.563902] (movement_utils) StdoutLine: {'line': b"Listing '/home/pedrohperes/edromufu/src/movement/Ros2_change/src/movement_utils/install/movement_utils/local/lib/python3.10/dist-packages/movement_utils/msg'...\n"}
[7.563974] (movement_utils) StdoutLine: {'line': b"Compiling '/home/pedrohperes/edromufu/src/movement/Ros2_change/src/movement_utils/install/movement_utils/local/lib/python3.10/dist-packages/movement_utils/msg/__init__.py'...\n"}
[7.564031] (movement_utils) StdoutLine: {'line': b"Compiling '/home/pedrohperes/edromufu/src/movement/Ros2_change/src/movement_utils/install/movement_utils/local/lib/python3.10/dist-packages/movement_utils/msg/_body_motors_data.py'...\n"}
[7.564086] (movement_utils) StdoutLine: {'line': b"Compiling '/home/pedrohperes/edromufu/src/movement/Ros2_change/src/movement_utils/install/movement_utils/local/lib/python3.10/dist-packages/movement_utils/msg/_head_motors_data.py'...\n"}
[7.564138] (movement_utils) StdoutLine: {'line': b"Listing '/home/pedrohperes/edromufu/src/movement/Ros2_change/src/movement_utils/install/movement_utils/local/lib/python3.10/dist-packages/movement_utils/srv'...\n"}
[7.564190] (movement_utils) StdoutLine: {'line': b"Compiling '/home/pedrohperes/edromufu/src/movement/Ros2_change/src/movement_utils/install/movement_utils/local/lib/python3.10/dist-packages/movement_utils/srv/__init__.py'...\n"}
[7.564242] (movement_utils) StdoutLine: {'line': b"Compiling '/home/pedrohperes/edromufu/src/movement/Ros2_change/src/movement_utils/install/movement_utils/local/lib/python3.10/dist-packages/movement_utils/srv/_body_feedback.py'...\n"}
[7.564294] (movement_utils) StdoutLine: {'line': b"Compiling '/home/pedrohperes/edromufu/src/movement/Ros2_change/src/movement_utils/install/movement_utils/local/lib/python3.10/dist-packages/movement_utils/srv/_enable_torque.py'...\n"}
[7.564350] (movement_utils) StdoutLine: {'line': b"Compiling '/home/pedrohperes/edromufu/src/movement/Ros2_change/src/movement_utils/install/movement_utils/local/lib/python3.10/dist-packages/movement_utils/srv/_gait.py'...\n"}
[7.564401] (movement_utils) StdoutLine: {'line': b"Compiling '/home/pedrohperes/edromufu/src/movement/Ros2_change/src/movement_utils/install/movement_utils/local/lib/python3.10/dist-packages/movement_utils/srv/_head_feedback.py'...\n"}
[7.564452] (movement_utils) StdoutLine: {'line': b"Compiling '/home/pedrohperes/edromufu/src/movement/Ros2_change/src/movement_utils/install/movement_utils/local/lib/python3.10/dist-packages/movement_utils/srv/_page.py'...\n"}
[7.564502] (movement_utils) StdoutLine: {'line': b"Compiling '/home/pedrohperes/edromufu/src/movement/Ros2_change/src/movement_utils/install/movement_utils/local/lib/python3.10/dist-packages/movement_utils/srv/_rotate.py'...\n"}
[7.564553] (movement_utils) StdoutLine: {'line': b"Compiling '/home/pedrohperes/edromufu/src/movement/Ros2_change/src/movement_utils/install/movement_utils/local/lib/python3.10/dist-packages/movement_utils/srv/_walk_forward.py'...\n"}
[7.567705] (movement_utils) StdoutLine: {'line': b'-- Installing: /home/pedrohperes/edromufu/src/movement/Ros2_change/src/movement_utils/install/movement_utils/local/lib/python3.10/dist-packages/movement_utils/movement_utils_s__rosidl_typesupport_fastrtps_c.cpython-310-x86_64-linux-gnu.so\n'}
[7.567947] (movement_utils) StdoutLine: {'line': b'-- Set runtime path of "/home/pedrohperes/edromufu/src/movement/Ros2_change/src/movement_utils/install/movement_utils/local/lib/python3.10/dist-packages/movement_utils/movement_utils_s__rosidl_typesupport_fastrtps_c.cpython-310-x86_64-linux-gnu.so" to ""\n'}
[7.568187] (movement_utils) StdoutLine: {'line': b'-- Installing: /home/pedrohperes/edromufu/src/movement/Ros2_change/src/movement_utils/install/movement_utils/local/lib/python3.10/dist-packages/movement_utils/movement_utils_s__rosidl_typesupport_introspection_c.cpython-310-x86_64-linux-gnu.so\n'}
[7.568463] (movement_utils) StdoutLine: {'line': b'-- Set runtime path of "/home/pedrohperes/edromufu/src/movement/Ros2_change/src/movement_utils/install/movement_utils/local/lib/python3.10/dist-packages/movement_utils/movement_utils_s__rosidl_typesupport_introspection_c.cpython-310-x86_64-linux-gnu.so" to ""\n'}
[7.568629] (movement_utils) StdoutLine: {'line': b'-- Installing: /home/pedrohperes/edromufu/src/movement/Ros2_change/src/movement_utils/install/movement_utils/local/lib/python3.10/dist-packages/movement_utils/movement_utils_s__rosidl_typesupport_c.cpython-310-x86_64-linux-gnu.so\n'}
[7.568830] (movement_utils) StdoutLine: {'line': b'-- Set runtime path of "/home/pedrohperes/edromufu/src/movement/Ros2_change/src/movement_utils/install/movement_utils/local/lib/python3.10/dist-packages/movement_utils/movement_utils_s__rosidl_typesupport_c.cpython-310-x86_64-linux-gnu.so" to ""\n'}
[7.568926] (movement_utils) StdoutLine: {'line': b'-- Installing: /home/pedrohperes/edromufu/src/movement/Ros2_change/src/movement_utils/install/movement_utils/lib/libmovement_utils__rosidl_generator_py.so\n'}
[7.569281] (movement_utils) StdoutLine: {'line': b'-- Set runtime path of "/home/pedrohperes/edromufu/src/movement/Ros2_change/src/movement_utils/install/movement_utils/lib/libmovement_utils__rosidl_generator_py.so" to ""\n'}
[7.569472] (movement_utils) StdoutLine: {'line': b'-- Installing: /home/pedrohperes/edromufu/src/movement/Ros2_change/src/movement_utils/install/movement_utils/share/movement_utils/msg/BodyMotorsData.idl\n'}
[7.569587] (movement_utils) StdoutLine: {'line': b'-- Installing: /home/pedrohperes/edromufu/src/movement/Ros2_change/src/movement_utils/install/movement_utils/share/movement_utils/msg/HeadMotorsData.idl\n'}
[7.569648] (movement_utils) StdoutLine: {'line': b'-- Installing: /home/pedrohperes/edromufu/src/movement/Ros2_change/src/movement_utils/install/movement_utils/share/movement_utils/srv/BodyFeedback.idl\n'}
[7.569723] (movement_utils) StdoutLine: {'line': b'-- Installing: /home/pedrohperes/edromufu/src/movement/Ros2_change/src/movement_utils/install/movement_utils/share/movement_utils/srv/EnableTorque.idl\n'}
[7.569803] (movement_utils) StdoutLine: {'line': b'-- Installing: /home/pedrohperes/edromufu/src/movement/Ros2_change/src/movement_utils/install/movement_utils/share/movement_utils/srv/Gait.idl\n'}
[7.569901] (movement_utils) StdoutLine: {'line': b'-- Installing: /home/pedrohperes/edromufu/src/movement/Ros2_change/src/movement_utils/install/movement_utils/share/movement_utils/srv/HeadFeedback.idl\n'}
[7.570058] (movement_utils) StdoutLine: {'line': b'-- Installing: /home/pedrohperes/edromufu/src/movement/Ros2_change/src/movement_utils/install/movement_utils/share/movement_utils/srv/Page.idl\n'}
[7.570214] (movement_utils) StdoutLine: {'line': b'-- Installing: /home/pedrohperes/edromufu/src/movement/Ros2_change/src/movement_utils/install/movement_utils/share/movement_utils/srv/Rotate.idl\n'}
[7.570288] (movement_utils) StdoutLine: {'line': b'-- Installing: /home/pedrohperes/edromufu/src/movement/Ros2_change/src/movement_utils/install/movement_utils/share/movement_utils/srv/WalkForward.idl\n'}
[7.570388] (movement_utils) StdoutLine: {'line': b'-- Installing: /home/pedrohperes/edromufu/src/movement/Ros2_change/src/movement_utils/install/movement_utils/share/movement_utils/msg/BodyMotorsData.msg\n'}
[7.570503] (movement_utils) StdoutLine: {'line': b'-- Installing: /home/pedrohperes/edromufu/src/movement/Ros2_change/src/movement_utils/install/movement_utils/share/movement_utils/msg/HeadMotorsData.msg\n'}
[7.570574] (movement_utils) StdoutLine: {'line': b'-- Installing: /home/pedrohperes/edromufu/src/movement/Ros2_change/src/movement_utils/install/movement_utils/share/movement_utils/srv/BodyFeedback.srv\n'}
[7.570693] (movement_utils) StdoutLine: {'line': b'-- Installing: /home/pedrohperes/edromufu/src/movement/Ros2_change/src/movement_utils/install/movement_utils/share/movement_utils/srv/BodyFeedback_Request.msg\n'}
[7.570908] (movement_utils) StdoutLine: {'line': b'-- Installing: /home/pedrohperes/edromufu/src/movement/Ros2_change/src/movement_utils/install/movement_utils/share/movement_utils/srv/BodyFeedback_Response.msg\n'}
[7.571029] (movement_utils) StdoutLine: {'line': b'-- Installing: /home/pedrohperes/edromufu/src/movement/Ros2_change/src/movement_utils/install/movement_utils/share/movement_utils/srv/EnableTorque.srv\n'}
[7.571125] (movement_utils) StdoutLine: {'line': b'-- Installing: /home/pedrohperes/edromufu/src/movement/Ros2_change/src/movement_utils/install/movement_utils/share/movement_utils/srv/EnableTorque_Request.msg\n'}
[7.571240] (movement_utils) StdoutLine: {'line': b'-- Installing: /home/pedrohperes/edromufu/src/movement/Ros2_change/src/movement_utils/install/movement_utils/share/movement_utils/srv/EnableTorque_Response.msg\n'}
[7.571321] (movement_utils) StdoutLine: {'line': b'-- Installing: /home/pedrohperes/edromufu/src/movement/Ros2_change/src/movement_utils/install/movement_utils/share/movement_utils/srv/Gait.srv\n'}
[7.571396] (movement_utils) StdoutLine: {'line': b'-- Installing: /home/pedrohperes/edromufu/src/movement/Ros2_change/src/movement_utils/install/movement_utils/share/movement_utils/srv/Gait_Request.msg\n'}
[7.571499] (movement_utils) StdoutLine: {'line': b'-- Installing: /home/pedrohperes/edromufu/src/movement/Ros2_change/src/movement_utils/install/movement_utils/share/movement_utils/srv/Gait_Response.msg\n'}
[7.571611] (movement_utils) StdoutLine: {'line': b'-- Installing: /home/pedrohperes/edromufu/src/movement/Ros2_change/src/movement_utils/install/movement_utils/share/movement_utils/srv/HeadFeedback.srv\n'}
[7.571724] (movement_utils) StdoutLine: {'line': b'-- Installing: /home/pedrohperes/edromufu/src/movement/Ros2_change/src/movement_utils/install/movement_utils/share/movement_utils/srv/HeadFeedback_Request.msg\n'}
[7.571843] (movement_utils) StdoutLine: {'line': b'-- Installing: /home/pedrohperes/edromufu/src/movement/Ros2_change/src/movement_utils/install/movement_utils/share/movement_utils/srv/HeadFeedback_Response.msg\n'}
[7.571963] (movement_utils) StdoutLine: {'line': b'-- Installing: /home/pedrohperes/edromufu/src/movement/Ros2_change/src/movement_utils/install/movement_utils/share/movement_utils/srv/Page.srv\n'}
[7.572080] (movement_utils) StdoutLine: {'line': b'-- Installing: /home/pedrohperes/edromufu/src/movement/Ros2_change/src/movement_utils/install/movement_utils/share/movement_utils/srv/Page_Request.msg\n'}
[7.572190] (movement_utils) StdoutLine: {'line': b'-- Installing: /home/pedrohperes/edromufu/src/movement/Ros2_change/src/movement_utils/install/movement_utils/share/movement_utils/srv/Page_Response.msg\n'}
[7.572307] (movement_utils) StdoutLine: {'line': b'-- Installing: /home/pedrohperes/edromufu/src/movement/Ros2_change/src/movement_utils/install/movement_utils/share/movement_utils/srv/Rotate.srv\n'}
[7.572419] (movement_utils) StdoutLine: {'line': b'-- Installing: /home/pedrohperes/edromufu/src/movement/Ros2_change/src/movement_utils/install/movement_utils/share/movement_utils/srv/Rotate_Request.msg\n'}
[7.572534] (movement_utils) StdoutLine: {'line': b'-- Installing: /home/pedrohperes/edromufu/src/movement/Ros2_change/src/movement_utils/install/movement_utils/share/movement_utils/srv/Rotate_Response.msg\n'}
[7.572655] (movement_utils) StdoutLine: {'line': b'-- Installing: /home/pedrohperes/edromufu/src/movement/Ros2_change/src/movement_utils/install/movement_utils/share/movement_utils/srv/WalkForward.srv\n'}
[7.572770] (movement_utils) StdoutLine: {'line': b'-- Installing: /home/pedrohperes/edromufu/src/movement/Ros2_change/src/movement_utils/install/movement_utils/share/movement_utils/srv/WalkForward_Request.msg\n'}
[7.572886] (movement_utils) StdoutLine: {'line': b'-- Installing: /home/pedrohperes/edromufu/src/movement/Ros2_change/src/movement_utils/install/movement_utils/share/movement_utils/srv/WalkForward_Response.msg\n'}
[7.573008] (movement_utils) StdoutLine: {'line': b'-- Installing: /home/pedrohperes/edromufu/src/movement/Ros2_change/src/movement_utils/install/movement_utils/share/movement_utils/launch\n'}
[7.573084] (movement_utils) StdoutLine: {'line': b'-- Installing: /home/pedrohperes/edromufu/src/movement/Ros2_change/src/movement_utils/install/movement_utils/share/movement_utils/launch/tahara_launch.py\n'}
[7.573154] (movement_utils) StdoutLine: {'line': b'-- Installing: /home/pedrohperes/edromufu/src/movement/Ros2_change/src/movement_utils/install/movement_utils/share/movement_utils/launch/movement_start.launch.py\n'}
[7.573226] (movement_utils) StdoutLine: {'line': b'-- Installing: /home/pedrohperes/edromufu/src/movement/Ros2_change/src/movement_utils/install/movement_utils/share/movement_utils/launch/__pycache__\n'}
[7.573299] (movement_utils) StdoutLine: {'line': b'-- Installing: /home/pedrohperes/edromufu/src/movement/Ros2_change/src/movement_utils/install/movement_utils/share/movement_utils/launch/__pycache__/tahara_launch.cpython-310.pyc\n'}
[7.573435] (movement_utils) StdoutLine: {'line': b'-- Installing: /home/pedrohperes/edromufu/src/movement/Ros2_change/src/movement_utils/install/movement_utils/share/ament_index/resource_index/package_run_dependencies/movement_utils\n'}
[7.573589] (movement_utils) StdoutLine: {'line': b'-- Installing: /home/pedrohperes/edromufu/src/movement/Ros2_change/src/movement_utils/install/movement_utils/share/ament_index/resource_index/parent_prefix_path/movement_utils\n'}
[7.573711] (movement_utils) StdoutLine: {'line': b'-- Installing: /home/pedrohperes/edromufu/src/movement/Ros2_change/src/movement_utils/install/movement_utils/share/movement_utils/environment/ament_prefix_path.sh\n'}
[7.573847] (movement_utils) StdoutLine: {'line': b'-- Installing: /home/pedrohperes/edromufu/src/movement/Ros2_change/src/movement_utils/install/movement_utils/share/movement_utils/environment/ament_prefix_path.dsv\n'}
[7.573962] (movement_utils) StdoutLine: {'line': b'-- Installing: /home/pedrohperes/edromufu/src/movement/Ros2_change/src/movement_utils/install/movement_utils/share/movement_utils/environment/path.sh\n'}
[7.574075] (movement_utils) StdoutLine: {'line': b'-- Installing: /home/pedrohperes/edromufu/src/movement/Ros2_change/src/movement_utils/install/movement_utils/share/movement_utils/environment/path.dsv\n'}
[7.574192] (movement_utils) StdoutLine: {'line': b'-- Installing: /home/pedrohperes/edromufu/src/movement/Ros2_change/src/movement_utils/install/movement_utils/share/movement_utils/local_setup.bash\n'}
[7.574309] (movement_utils) StdoutLine: {'line': b'-- Installing: /home/pedrohperes/edromufu/src/movement/Ros2_change/src/movement_utils/install/movement_utils/share/movement_utils/local_setup.sh\n'}
[7.574421] (movement_utils) StdoutLine: {'line': b'-- Installing: /home/pedrohperes/edromufu/src/movement/Ros2_change/src/movement_utils/install/movement_utils/share/movement_utils/local_setup.zsh\n'}
[7.574547] (movement_utils) StdoutLine: {'line': b'-- Installing: /home/pedrohperes/edromufu/src/movement/Ros2_change/src/movement_utils/install/movement_utils/share/movement_utils/local_setup.dsv\n'}
[7.574657] (movement_utils) StdoutLine: {'line': b'-- Installing: /home/pedrohperes/edromufu/src/movement/Ros2_change/src/movement_utils/install/movement_utils/share/movement_utils/package.dsv\n'}
[7.574804] (movement_utils) StdoutLine: {'line': b'-- Installing: /home/pedrohperes/edromufu/src/movement/Ros2_change/src/movement_utils/install/movement_utils/share/ament_index/resource_index/packages/movement_utils\n'}
[7.574972] (movement_utils) StdoutLine: {'line': b'-- Installing: /home/pedrohperes/edromufu/src/movement/Ros2_change/src/movement_utils/install/movement_utils/share/movement_utils/cmake/export_movement_utils__rosidl_generator_cExport.cmake\n'}
[7.575095] (movement_utils) StdoutLine: {'line': b'-- Installing: /home/pedrohperes/edromufu/src/movement/Ros2_change/src/movement_utils/install/movement_utils/share/movement_utils/cmake/export_movement_utils__rosidl_generator_cExport-noconfig.cmake\n'}
[7.575229] (movement_utils) StdoutLine: {'line': b'-- Installing: /home/pedrohperes/edromufu/src/movement/Ros2_change/src/movement_utils/install/movement_utils/share/movement_utils/cmake/export_movement_utils__rosidl_typesupport_fastrtps_cExport.cmake\n'}
[7.575358] (movement_utils) StdoutLine: {'line': b'-- Installing: /home/pedrohperes/edromufu/src/movement/Ros2_change/src/movement_utils/install/movement_utils/share/movement_utils/cmake/export_movement_utils__rosidl_typesupport_fastrtps_cExport-noconfig.cmake\n'}
[7.575490] (movement_utils) StdoutLine: {'line': b'-- Installing: /home/pedrohperes/edromufu/src/movement/Ros2_change/src/movement_utils/install/movement_utils/share/movement_utils/cmake/movement_utils__rosidl_typesupport_introspection_cExport.cmake\n'}
[7.575615] (movement_utils) StdoutLine: {'line': b'-- Installing: /home/pedrohperes/edromufu/src/movement/Ros2_change/src/movement_utils/install/movement_utils/share/movement_utils/cmake/movement_utils__rosidl_typesupport_introspection_cExport-noconfig.cmake\n'}
[7.575754] (movement_utils) StdoutLine: {'line': b'-- Installing: /home/pedrohperes/edromufu/src/movement/Ros2_change/src/movement_utils/install/movement_utils/share/movement_utils/cmake/movement_utils__rosidl_typesupport_cExport.cmake\n'}
[7.575877] (movement_utils) StdoutLine: {'line': b'-- Installing: /home/pedrohperes/edromufu/src/movement/Ros2_change/src/movement_utils/install/movement_utils/share/movement_utils/cmake/movement_utils__rosidl_typesupport_cExport-noconfig.cmake\n'}
[7.576008] (movement_utils) StdoutLine: {'line': b'-- Installing: /home/pedrohperes/edromufu/src/movement/Ros2_change/src/movement_utils/install/movement_utils/share/movement_utils/cmake/export_movement_utils__rosidl_generator_cppExport.cmake\n'}
[7.576138] (movement_utils) StdoutLine: {'line': b'-- Installing: /home/pedrohperes/edromufu/src/movement/Ros2_change/src/movement_utils/install/movement_utils/share/movement_utils/cmake/export_movement_utils__rosidl_typesupport_fastrtps_cppExport.cmake\n'}
[7.576264] (movement_utils) StdoutLine: {'line': b'-- Installing: /home/pedrohperes/edromufu/src/movement/Ros2_change/src/movement_utils/install/movement_utils/share/movement_utils/cmake/export_movement_utils__rosidl_typesupport_fastrtps_cppExport-noconfig.cmake\n'}
[7.576401] (movement_utils) StdoutLine: {'line': b'-- Installing: /home/pedrohperes/edromufu/src/movement/Ros2_change/src/movement_utils/install/movement_utils/share/movement_utils/cmake/movement_utils__rosidl_typesupport_introspection_cppExport.cmake\n'}
[7.576519] (movement_utils) StdoutLine: {'line': b'-- Installing: /home/pedrohperes/edromufu/src/movement/Ros2_change/src/movement_utils/install/movement_utils/share/movement_utils/cmake/movement_utils__rosidl_typesupport_introspection_cppExport-noconfig.cmake\n'}
[7.576652] (movement_utils) StdoutLine: {'line': b'-- Installing: /home/pedrohperes/edromufu/src/movement/Ros2_change/src/movement_utils/install/movement_utils/share/movement_utils/cmake/movement_utils__rosidl_typesupport_cppExport.cmake\n'}
[7.576779] (movement_utils) StdoutLine: {'line': b'-- Installing: /home/pedrohperes/edromufu/src/movement/Ros2_change/src/movement_utils/install/movement_utils/share/movement_utils/cmake/movement_utils__rosidl_typesupport_cppExport-noconfig.cmake\n'}
[7.576919] (movement_utils) StdoutLine: {'line': b'-- Installing: /home/pedrohperes/edromufu/src/movement/Ros2_change/src/movement_utils/install/movement_utils/share/movement_utils/cmake/export_movement_utils__rosidl_generator_pyExport.cmake\n'}
[7.577039] (movement_utils) StdoutLine: {'line': b'-- Installing: /home/pedrohperes/edromufu/src/movement/Ros2_change/src/movement_utils/install/movement_utils/share/movement_utils/cmake/export_movement_utils__rosidl_generator_pyExport-noconfig.cmake\n'}
[7.577165] (movement_utils) StdoutLine: {'line': b'-- Installing: /home/pedrohperes/edromufu/src/movement/Ros2_change/src/movement_utils/install/movement_utils/share/movement_utils/cmake/rosidl_cmake-extras.cmake\n'}
[7.577289] (movement_utils) StdoutLine: {'line': b'-- Installing: /home/pedrohperes/edromufu/src/movement/Ros2_change/src/movement_utils/install/movement_utils/share/movement_utils/cmake/ament_cmake_export_dependencies-extras.cmake\n'}
[7.577414] (movement_utils) StdoutLine: {'line': b'-- Installing: /home/pedrohperes/edromufu/src/movement/Ros2_change/src/movement_utils/install/movement_utils/share/movement_utils/cmake/ament_cmake_export_include_directories-extras.cmake\n'}
[7.577528] (movement_utils) StdoutLine: {'line': b'-- Installing: /home/pedrohperes/edromufu/src/movement/Ros2_change/src/movement_utils/install/movement_utils/share/movement_utils/cmake/ament_cmake_export_libraries-extras.cmake\n'}
[7.577649] (movement_utils) StdoutLine: {'line': b'-- Installing: /home/pedrohperes/edromufu/src/movement/Ros2_change/src/movement_utils/install/movement_utils/share/movement_utils/cmake/ament_cmake_export_targets-extras.cmake\n'}
[7.577771] (movement_utils) StdoutLine: {'line': b'-- Installing: /home/pedrohperes/edromufu/src/movement/Ros2_change/src/movement_utils/install/movement_utils/share/movement_utils/cmake/rosidl_cmake_export_typesupport_targets-extras.cmake\n'}
[7.577894] (movement_utils) StdoutLine: {'line': b'-- Installing: /home/pedrohperes/edromufu/src/movement/Ros2_change/src/movement_utils/install/movement_utils/share/movement_utils/cmake/rosidl_cmake_export_typesupport_libraries-extras.cmake\n'}
[7.578012] (movement_utils) StdoutLine: {'line': b'-- Installing: /home/pedrohperes/edromufu/src/movement/Ros2_change/src/movement_utils/install/movement_utils/share/movement_utils/cmake/movement_utilsConfig.cmake\n'}
[7.578099] (movement_utils) StdoutLine: {'line': b'-- Installing: /home/pedrohperes/edromufu/src/movement/Ros2_change/src/movement_utils/install/movement_utils/share/movement_utils/cmake/movement_utilsConfig-version.cmake\n'}
[7.578212] (movement_utils) StdoutLine: {'line': b'-- Installing: /home/pedrohperes/edromufu/src/movement/Ros2_change/src/movement_utils/install/movement_utils/share/movement_utils/package.xml\n'}
[7.580026] (movement_utils) CommandEnded: {'returncode': 0}
[7.622491] (-) TimerEvent: {}
[7.722738] (-) TimerEvent: {}
[7.753440] (movement_utils) JobEnded: {'identifier': 'movement_utils', 'rc': 0}
[7.753824] (-) EventReactorShutdown: {}
